incidentIdNbr,crashType,latitude,longitude,dateOfIncidentDate,severity,Mag,lightCondition
4939426,Bicyclist,33.416236,-82.070999,8/15/14 20:22,Injury,2,Dusk
6115610,Pedestrian,32.074406,-81.086562,2/12/17 18:30,Property Damaged Only,1,Dusk
4565661,Pedestrian,33.853525,-84.359666,9/7/13 6:06,Property Damaged Only,1,Dusk
6201505,Pedestrian,33.607146,-83.851649,4/20/17 19:22,Injury,2,Dusk
6212118,Pedestrian,33.3946,-85.11264,4/28/17 20:20,Injury,2,Dusk
6482748,Pedestrian,33.894777,-84.479907,11/15/17 18:08,Injury,2,Dusk
5259177,Bicyclist,33.763108,-84.352185,4/4/15 20:00,Injury,2,Dusk
4912825,Bicyclist,33.445143,-82.003158,7/20/14 20:12,Injury,2,Dusk
4921255,Pedestrian,33.747475,-84.333232,7/24/14 18:15,Property Damaged Only,1,Dusk
6428094,Pedestrian,33.588792,-84.469431,10/3/17 19:32,Property Damaged Only,1,Dusk
4900404,Pedestrian,33.78054,-84.369059,7/1/14 20:20,Injury,2,Dusk
5403227,Pedestrian & Bicyclist,31.183665,-81.377216,8/24/15 20:14,Injury,2,Dusk
6263705,Bicyclist,32.099851,-81.244872,6/5/17 19:06,Property Damaged Only,1,Dusk
6092664,Bicyclist,33.683421,-84.309636,1/24/17 18:25,Property Damaged Only,1,Dusk
4978636,Bicyclist,32.16242,-81.25063,9/6/14 19:29,Fatal,3,Dusk
6276850,Pedestrian,32.055514,-81.072031,6/15/17 20:37,Property Damaged Only,1,Dusk
5849088,Pedestrian,31.830778,-82.575366,7/20/16 20:57,Injury,2,Dusk
4916469,Pedestrian,33.472465,-84.350706,7/23/14 19:55,Injury,2,Dusk
6344818,Pedestrian,34.02465,-83.30268,8/6/17 18:15,Injury,2,Dusk
5448595,Bicyclist,32.015874,-80.84871,9/28/15 19:35,Property Damaged Only,1,Dusk
5144982,Bicyclist,34.503526,-83.531706,6/30/14 20:31,Injury,2,Dusk
5753906,Bicyclist,33.781519,-84.399169,3/29/16 19:05,Injury,2,Dusk
5933020,Bicyclist,34.035908,-84.446126,9/20/16 19:42,Injury,2,Dusk
5171581,Pedestrian,33.904122,-84.275949,1/24/15 18:02,Property Damaged Only,1,Dusk
4894171,Pedestrian,33.921194,-84.084906,6/25/14 17:00,Property Damaged Only,1,Dusk
4904667,Pedestrian,34.102329,-84.045494,4/12/14 19:59,Fatal,3,Dusk
5949742,Pedestrian,32.448269,-84.979616,10/8/16 19:33,Fatal,3,Dusk
5338718,Pedestrian,34.287925,-83.852455,6/27/15 20:34,Injury,2,Dusk
6460295,Pedestrian,34.288444,-83.81187,11/5/17 17:52,Injury,2,Dusk
4779606,Pedestrian,34.22934,-84.81832,4/2/14 20:32,Injury,2,Dusk
4709849,Pedestrian,31.27225,-82.31616,1/19/14 18:25,Injury,2,Dusk
6231031,Pedestrian,32.004085,-81.28107,5/11/17 19:21,Injury,2,Dusk
5102983,Pedestrian,33.787328,-84.329178,12/21/14 17:41,Injury,2,Dusk
4410138,Bicyclist,33.757915,-84.393603,4/5/13 20:10,Property Damaged Only,1,Dusk
4633076,Bicyclist,33.967451,-84.194677,10/31/13 18:12,Injury,2,Dusk
6259135,Bicyclist,31.157281,-81.492064,6/1/17 19:29,Injury,2,Dusk
5650381,Pedestrian,33.766842,-84.224376,2/26/16 6:53,Property Damaged Only,1,Dusk
5615867,Pedestrian,34.764954,-84.956627,12/24/15 18:05,Property Damaged Only,1,Dusk
5065261,Pedestrian,33.820644,-84.367622,11/23/14 18:14,Property Damaged Only,1,Dusk
6395864,Pedestrian,33.938861,-84.15103,9/3/17 20:20,Property Damaged Only,1,Dusk
5675335,Pedestrian,34.079994,-82.74976,3/7/16 19:04,Fatal,3,Dusk
5481296,Pedestrian,31.226561,-81.528101,10/20/15 18:32,Fatal,3,Dusk
4603492,Pedestrian,33.689236,-84.408209,10/5/13 21:00,Injury,2,Dusk
4736580,Pedestrian,33.631557,-83.97831,2/14/14 17:53,Injury,2,Dusk
5928171,Pedestrian,33.942975,-84.201682,9/16/16 19:36,Injury,2,Dusk
5806832,Pedestrian & Bicyclist,34.575924,-83.314103,12/27/14 17:25,Injury,2,Dusk
4563066,Bicyclist,33.60607,-85.08372,9/5/13 20:13,Property Damaged Only,1,Dusk
5004818,Pedestrian,32.066676,-81.091821,10/2/14 20:05,Property Damaged Only,1,Dusk
5368008,Pedestrian,33.75641,-84.190344,7/16/15 21:30,Property Damaged Only,1,Dusk
5304443,Pedestrian,33.938231,-84.025057,5/26/15 20:00,Property Damaged Only,1,Dusk
4862152,Pedestrian,31.69458,-83.647995,5/29/14 6:53,Fatal,3,Dusk
6409640,Pedestrian,33.70848,-84.74963,9/21/17 20:00,Fatal,3,Dusk
4378263,Pedestrian,34.032798,-84.341135,2/4/13 17:54,Injury,2,Dusk
5834233,Pedestrian,33.877235,-83.705917,7/1/16 21:59,Injury,2,Dusk
5370838,Bicyclist,34.034102,-84.345621,7/25/15 20:29,Property Damaged Only,1,Dusk
4316453,Pedestrian,33.753957,-84.269147,1/4/13 17:20,Property Damaged Only,1,Dusk
6198892,Pedestrian,31.98229,-81.151382,4/18/17 0:00,Property Damaged Only,1,Dusk
6527466,Pedestrian,31.210091,-81.502724,12/24/17 0:00,Injury,2,Dusk
5647426,Pedestrian,32.07004,-81.18564,2/23/16 18:44,Injury,2,Dusk
5237504,Pedestrian,32.800325,-83.647264,3/31/15 19:06,Injury,2,Dusk
5560760,Bicyclist,33.747394,-84.326291,12/15/15 17:02,Injury,2,Dusk
6268505,Pedestrian,33.882872,-84.479962,6/8/17 19:27,Property Damaged Only,1,Dusk
6498889,Pedestrian,33.45241,-82.48248,12/2/17 16:35,Injury,2,Dusk
5654940,Pedestrian,34.784386,-84.996952,1/9/16 17:39,Injury,2,Dusk
4789715,Bicyclist,33.918407,-84.93001,4/12/14 20:20,Injury,2,Dusk
4645774,Pedestrian,33.758386,-84.349225,11/12/13 6:59,Property Damaged Only,1,Dusk
4643536,Pedestrian,31.14417,-83.79451,10/31/13 19:06,Property Damaged Only,1,Dusk
4336034,Pedestrian,33.762163,-84.407777,1/21/13 16:55,Property Damaged Only,1,Dusk
6521030,Pedestrian,33.601505,-84.44616,12/19/17 17:55,Injury,2,Dusk
6423718,Pedestrian & Bicyclist,33.920915,-84.058783,10/6/17 18:51,Injury,2,Dusk
4628729,Bicyclist,32.064243,-81.09501,11/1/13 18:19,Injury,2,Dusk
6368989,Bicyclist,32.48267,-84.97431,8/27/17 7:30,Injury,2,Dusk
5118343,Pedestrian,32.470297,-84.993339,1/5/15 17:23,Property Damaged Only,1,Dusk
4472199,Pedestrian,33.96377,-83.401647,5/24/13 20:50,Property Damaged Only,1,Dusk
5725526,Pedestrian,33.7118,-84.35004,4/16/16 18:51,Fatal,3,Dusk
5728961,Pedestrian,33.76353,-84.42929,4/15/16 18:59,Fatal,3,Dusk
6008677,Bicyclist,31.759897,-81.35509,11/19/16 17:36,Injury,2,Dusk
5155964,Pedestrian,33.64137,-84.35274,9/26/14 16:33,Property Damaged Only,1,Dusk
6520354,Pedestrian,33.013058,-83.941208,12/16/17 18:12,Fatal,3,Dusk
5933479,Pedestrian,33.662085,-84.380352,9/21/16 20:00,Injury,2,Dusk
4561377,Pedestrian,33.900931,-84.476115,8/23/13 20:19,Injury,2,Dusk
5434989,Pedestrian,33.908939,-84.378715,6/2/15 5:47,Injury,2,Dusk
4486831,Pedestrian,33.938731,-84.507561,6/22/13 21:09,Injury,2,Dusk
4440533,Pedestrian & Bicyclist,33.09688,-83.23846,5/7/13 19:45,Injury,2,Dusk
5615768,Bicyclist,34.765953,-84.965505,12/15/15 16:23,Property Damaged Only,1,Daylight
5038286,Bicyclist,34.260459,-85.178705,11/3/14 9:53,Property Damaged Only,1,Daylight
5678452,Bicyclist,32.841141,-83.646925,3/17/16 14:06,Property Damaged Only,1,Daylight
5292075,Bicyclist,33.960039,-83.380899,5/18/15 9:45,Property Damaged Only,1,Daylight
4822339,Bicyclist,34.789252,-84.980773,3/21/14 11:46,Property Damaged Only,1,Daylight
6501910,Bicyclist,33.773053,-84.399109,9/15/17 7:59,Property Damaged Only,1,Daylight
5961887,Bicyclist,32.037847,-81.102331,10/18/16 15:44,Property Damaged Only,1,Daylight
5401195,Bicyclist,33.395747,-82.098245,8/21/15 15:40,Property Damaged Only,1,Daylight
5359485,Bicyclist,32.00063,-81.078853,7/17/15 8:36,Property Damaged Only,1,Daylight
5128306,Bicyclist,33.745518,-84.368165,1/12/15 7:20,Property Damaged Only,1,Daylight
6340970,Bicyclist,33.761387,-84.374276,8/4/17 10:00,Property Damaged Only,1,Daylight
4759291,Bicyclist,32.210727,-82.406279,3/9/14 19:29,Property Damaged Only,1,Daylight
4853274,Bicyclist,33.867686,-83.417825,5/20/14 0:00,Property Damaged Only,1,Daylight
4549577,Bicyclist,32.578247,-83.720405,8/22/13 18:49,Property Damaged Only,1,Daylight
5793978,Bicyclist,33.955421,-84.553107,6/9/16 15:55,Property Damaged Only,1,Daylight
5251346,Bicyclist,32.088039,-81.11299,4/13/15 18:35,Property Damaged Only,1,Daylight
4937082,Bicyclist,33.969357,-84.20796,8/10/14 10:15,Property Damaged Only,1,Daylight
4881951,Bicyclist,31.575271,-84.101841,6/18/14 20:02,Property Damaged Only,1,Daylight
5256915,Bicyclist,31.458226,-83.50257,4/18/15 9:22,Property Damaged Only,1,Daylight
4868552,Bicyclist,33.60279,-83.86033,5/29/14 12:44,Property Damaged Only,1,Daylight
5801409,Bicyclist,33.497391,-82.110899,6/9/16 17:40,Property Damaged Only,1,Daylight
5368465,Bicyclist,32.047024,-81.060776,7/24/15 16:00,Property Damaged Only,1,Daylight
4975345,Bicyclist,33.433845,-84.16897,8/12/14 12:31,Property Damaged Only,1,Daylight
5585922,Bicyclist,33.592786,-83.743684,7/25/13 14:23,Property Damaged Only,1,Daylight
5132115,Bicyclist,33.961126,-83.387923,1/16/15 8:36,Property Damaged Only,1,Daylight
6502465,Bicyclist,34.183035,-84.794582,11/13/17 12:45,Property Damaged Only,1,Daylight
4466342,Bicyclist,33.828641,-84.387439,5/26/13 9:15,Property Damaged Only,1,Daylight
4484560,Bicyclist,32.055687,-81.072998,6/22/13 17:05,Property Damaged Only,1,Daylight
5082114,Bicyclist,33.91442,-84.11388,12/7/14 15:27,Property Damaged Only,1,Daylight
5260560,Bicyclist,33.736807,-84.368146,4/13/15 12:56,Property Damaged Only,1,Daylight
4401785,Bicyclist,33.757822,-84.393505,3/29/13 18:55,Property Damaged Only,1,Daylight
4747986,Bicyclist,32.080215,-81.093887,3/2/14 14:50,Property Damaged Only,1,Daylight
6455558,Bicyclist,31.584588,-84.181013,10/31/17 16:23,Fatal,3,Daylight
6172436,Bicyclist,33.755491,-84.37438,3/30/17 18:08,Injury,2,Daylight
4618071,Bicyclist,33.82637,-84.03157,10/11/13 17:58,Injury,2,Daylight
5553589,Bicyclist,30.885153,-83.312733,12/15/15 12:33,Injury,2,Daylight
5332184,Bicyclist,33.74937,-84.368087,6/16/15 17:20,Injury,2,Daylight
5678941,Bicyclist,33.777636,-84.395747,11/12/15 11:05,Injury,2,Daylight
4426783,Bicyclist,33.397215,-82.08559,4/8/13 15:25,Injury,2,Daylight
6268145,Bicyclist,33.773101,-84.410435,6/6/17 14:56,Injury,2,Daylight
4627041,Bicyclist,33.957095,-83.373019,10/9/13 13:45,Injury,2,Daylight
4444956,Bicyclist,31.36904,-81.42824,5/13/13 17:32,Injury,2,Daylight
5223570,Bicyclist,33.59348,-85.181159,3/16/15 17:45,Injury,2,Daylight
5559133,Bicyclist,33.671184,-84.340781,12/18/15 13:51,Injury,2,Daylight
4905910,Bicyclist,33.844807,-84.33286,7/13/14 19:13,Injury,2,Daylight
5438290,Bicyclist,34.05422,-84.301049,8/24/15 11:57,Injury,2,Daylight
4416409,Bicyclist,33.575054,-84.358109,4/17/13 17:14,Injury,2,Daylight
6005700,Bicyclist,33.812541,-84.169054,11/17/16 14:38,Injury,2,Daylight
4867102,Bicyclist,33.9144,-84.135961,5/31/14 12:24,Injury,2,Daylight
4587302,Bicyclist,33.521704,-84.38681,9/30/13 16:47,Injury,2,Daylight
6244853,Bicyclist,33.08908,-84.444507,3/18/17 9:31,Injury,2,Daylight
4609468,Bicyclist,33.758395,-84.38463,10/14/13 11:53,Injury,2,Daylight
5535953,Bicyclist,33.773742,-84.391994,8/27/15 15:57,Injury,2,Daylight
5937974,Bicyclist,33.952716,-83.379804,9/28/16 12:50,Injury,2,Daylight
6501906,Bicyclist,33.777643,-84.395765,8/29/17 16:10,Injury,2,Daylight
5679660,Bicyclist,33.754417,-84.380262,3/16/16 14:15,Injury,2,Daylight
5456039,Bicyclist,33.76222,-84.386032,9/29/15 9:25,Injury,2,Daylight
4844853,Bicyclist,33.037152,-85.039687,5/13/14 13:05,Injury,2,Daylight
5468201,Bicyclist,34.156181,-83.728549,10/13/15 14:00,Injury,2,Daylight
5449980,Pedestrian,33.958541,-83.375548,9/30/15 12:26,Property Damaged Only,1,Daylight
5905885,Pedestrian,33.968132,-84.258173,8/14/16 16:15,Property Damaged Only,1,Daylight
5482956,Pedestrian,33.602762,-83.860327,10/24/15 18:15,Property Damaged Only,1,Daylight
4892632,Pedestrian,33.795794,-84.236099,6/29/14 11:39,Property Damaged Only,1,Daylight
4947033,Pedestrian,33.842141,-84.059818,8/21/14 9:53,Property Damaged Only,1,Daylight
4994074,Pedestrian,33.932161,-84.039706,9/19/14 16:43,Property Damaged Only,1,Daylight
4480569,Pedestrian,33.932939,-84.548158,6/16/13 7:04,Property Damaged Only,1,Daylight
5437623,Pedestrian,33.919089,-84.376596,8/17/15 6:00,Property Damaged Only,1,Daylight
5852193,Pedestrian,32.027146,-81.108515,7/27/16 10:34,Property Damaged Only,1,Daylight
6297506,Pedestrian,33.968483,-83.998181,6/29/17 18:46,Property Damaged Only,1,Daylight
5781117,Pedestrian,33.711244,-84.184079,6/2/16 17:15,Property Damaged Only,1,Daylight
5935007,Pedestrian,32.440904,-84.928114,9/26/16 17:23,Property Damaged Only,1,Daylight
4786327,Pedestrian,33.963429,-84.142547,4/5/14 12:45,Property Damaged Only,1,Daylight
4907097,Pedestrian,33.905276,-84.200025,7/11/14 13:46,Property Damaged Only,1,Daylight
4771719,Pedestrian,33.8744,-84.27025,3/25/14 13:39,Property Damaged Only,1,Daylight
5044178,Pedestrian,33.712246,-84.216998,11/9/14 7:42,Property Damaged Only,1,Daylight
4556507,Pedestrian,32.50344,-84.95143,8/30/13 10:25,Property Damaged Only,1,Daylight
5854298,Pedestrian,33.808108,-84.653908,6/24/16 15:46,Property Damaged Only,1,Daylight
5795614,Pedestrian,33.096449,-82.005329,6/11/16 18:02,Property Damaged Only,1,Daylight
5742716,Pedestrian,33.79127,-84.39361,5/3/16 8:15,Property Damaged Only,1,Daylight
6429866,Pedestrian,33.42364,-82.063587,10/16/17 14:03,Property Damaged Only,1,Daylight
6449641,Pedestrian,33.935013,-83.332606,10/29/17 17:02,Property Damaged Only,1,Daylight
5271970,Pedestrian,33.408786,-84.60102,4/28/15 11:33,Property Damaged Only,1,Daylight
4742051,Pedestrian,31.573804,-84.170651,2/24/14 7:56,Property Damaged Only,1,Daylight
5661704,Pedestrian,34.237566,-84.254364,2/23/16 8:03,Property Damaged Only,1,Daylight
4353646,Pedestrian,33.490314,-84.207109,2/7/13 8:00,Property Damaged Only,1,Daylight
5195718,Pedestrian,32.809303,-83.674076,2/24/15 0:00,Property Damaged Only,1,Daylight
4398460,Pedestrian,34.02341,-84.622,3/30/13 10:49,Property Damaged Only,1,Daylight
5713626,Pedestrian,33.83489,-84.38243,4/12/16 18:24,Property Damaged Only,1,Daylight
4950233,Pedestrian,33.593364,-84.480254,8/21/14 13:51,Property Damaged Only,1,Daylight
6422927,Pedestrian,31.575322,-84.15603,10/7/17 20:00,Property Damaged Only,1,Daylight
6079565,Pedestrian,34.089462,-84.627188,1/15/17 17:26,Property Damaged Only,1,Daylight
5653624,Pedestrian,34.105434,-84.249097,9/16/15 9:50,Property Damaged Only,1,Daylight
4657086,Pedestrian,33.791209,-84.285885,11/27/13 15:36,Property Damaged Only,1,Daylight
5101288,Pedestrian,33.869139,-84.042316,12/16/14 15:13,Property Damaged Only,1,Daylight
5881526,Pedestrian,32.045162,-81.086468,8/17/16 16:45,Property Damaged Only,1,Daylight
6205586,Pedestrian,33.554765,-84.363548,4/24/17 11:39,Property Damaged Only,1,Daylight
4397184,Pedestrian,33.722925,-84.167042,3/28/13 13:01,Property Damaged Only,1,Daylight
6081481,Pedestrian,33.586238,-83.947717,2/26/16 13:47,Property Damaged Only,1,Daylight
5769987,Pedestrian,32.427122,-84.949777,5/24/16 15:40,Property Damaged Only,1,Daylight
5289069,Pedestrian,31.995708,-81.112178,5/14/15 17:08,Property Damaged Only,1,Daylight
5233293,Pedestrian,33.750156,-84.268717,3/27/15 16:50,Property Damaged Only,1,Daylight
6163265,Pedestrian,34.26681,-85.204859,3/23/17 16:45,Property Damaged Only,1,Daylight
6067265,Pedestrian,33.102003,-83.247356,1/4/17 14:06,Property Damaged Only,1,Daylight
6485189,Pedestrian,33.691764,-84.088951,11/24/17 16:10,Property Damaged Only,1,Daylight
5219086,Pedestrian,33.941655,-84.109221,3/15/15 16:45,Property Damaged Only,1,Daylight
4544378,Pedestrian,32.041094,-81.063793,8/20/13 9:46,Property Damaged Only,1,Daylight
4787044,Pedestrian,32.105112,-81.15166,4/9/14 10:26,Property Damaged Only,1,Daylight
5841717,Pedestrian,33.938947,-84.19079,7/16/16 10:30,Property Damaged Only,1,Daylight
4925483,Pedestrian,33.844646,-84.256679,8/2/14 18:42,Property Damaged Only,1,Daylight
5327888,Pedestrian,32.004113,-80.846796,6/17/15 9:39,Property Damaged Only,1,Daylight
5708475,Pedestrian,32.104971,-81.151556,4/5/16 18:21,Property Damaged Only,1,Daylight
5626356,Pedestrian,33.857507,-84.343428,2/6/16 8:00,Property Damaged Only,1,Daylight
4471152,Pedestrian,34.028525,-84.645175,6/8/13 13:05,Property Damaged Only,1,Daylight
5739334,Pedestrian,34.010517,-84.566278,4/30/16 9:22,Property Damaged Only,1,Daylight
4972082,Pedestrian,33.8213,-84.194281,9/8/14 10:30,Property Damaged Only,1,Daylight
4724196,Pedestrian,32.458663,-84.940775,2/5/14 16:35,Property Damaged Only,1,Daylight
5867722,Pedestrian,31.365519,-81.945161,6/27/16 9:03,Property Damaged Only,1,Daylight
4687684,Pedestrian,32.052757,-81.136462,12/26/13 16:50,Property Damaged Only,1,Daylight
4560925,Pedestrian,31.58575,-84.22021,9/4/13 10:01,Property Damaged Only,1,Daylight
5578719,Pedestrian,33.839771,-84.507374,12/31/15 12:00,Property Damaged Only,1,Daylight
4451751,Pedestrian,33.699206,-84.44849,5/22/13 8:43,Property Damaged Only,1,Daylight
6245466,Pedestrian,34.76316,-84.971395,5/22/17 0:00,Property Damaged Only,1,Daylight
6417543,Pedestrian,34.250345,-85.165239,10/5/17 12:21,Property Damaged Only,1,Daylight
4851081,Pedestrian,33.953045,-84.236389,5/16/14 14:24,Property Damaged Only,1,Daylight
5387967,Pedestrian,33.943408,-84.535104,8/10/15 17:16,Property Damaged Only,1,Daylight
5554449,Pedestrian,33.396165,-82.045478,12/13/15 14:51,Fatal,3,Daylight
4714717,Pedestrian,33.765407,-84.38564,1/22/14 12:30,Fatal,3,Daylight
6048542,Pedestrian,33.95622,-84.418342,12/12/16 15:29,Fatal,3,Daylight
5491079,Pedestrian,33.895682,-84.304618,9/16/15 19:57,Fatal,3,Daylight
5141326,Pedestrian,33.684191,-84.407893,11/26/14 14:36,Fatal,3,Daylight
4954324,Pedestrian,34.102272,-83.43322,8/25/14 14:10,Fatal,3,Daylight
5506618,Pedestrian,33.726366,-84.018811,11/11/15 11:11,Injury,2,Daylight
5789563,Pedestrian,34.236783,-84.359239,6/9/16 17:32,Injury,2,Daylight
5674788,Pedestrian,33.83441,-84.331165,3/15/16 16:32,Injury,2,Daylight
6258292,Pedestrian,33.672197,-84.050479,5/31/17 8:40,Injury,2,Daylight
6401698,Pedestrian,33.854499,-84.223075,9/22/17 8:55,Injury,2,Daylight
4426838,Pedestrian,33.999849,-84.349467,4/10/13 18:45,Injury,2,Daylight
5278514,Pedestrian,33.475823,-82.00481,5/6/15 14:45,Injury,2,Daylight
4388992,Pedestrian,33.727412,-84.187003,3/21/13 8:23,Injury,2,Daylight
4428688,Pedestrian,34.458496,-83.097625,4/29/13 16:11,Injury,2,Daylight
5876389,Pedestrian,33.722534,-84.444793,8/14/16 8:48,Injury,2,Daylight
4525479,Pedestrian,33.689302,-84.550091,7/30/13 18:05,Injury,2,Daylight
4739209,Pedestrian,32.83789,-83.639604,2/5/14 17:00,Injury,2,Daylight
5794879,Pedestrian,33.827651,-84.329799,6/1/16 16:47,Injury,2,Daylight
6494959,Pedestrian,33.707279,-84.408024,11/30/17 15:50,Injury,2,Daylight
6120050,Pedestrian,33.069619,-85.028159,2/13/17 17:35,Injury,2,Daylight
5317360,Pedestrian,33.825729,-84.352686,6/3/15 12:41,Injury,2,Daylight
5467141,Pedestrian,32.296591,-83.486891,10/13/15 8:17,Injury,2,Daylight
6411562,Pedestrian,32.45135,-84.9396,9/30/17 16:10,Injury,2,Daylight
5653997,Pedestrian,33.712082,-84.39347,2/28/16 8:10,Injury,2,Daylight
4355100,Pedestrian,32.552864,-81.60073,2/12/13 13:35,Injury,2,Daylight
6163208,Pedestrian,34.065857,-84.56389,3/21/17 7:55,Injury,2,Daylight
4969112,Pedestrian,33.94611,-83.754145,9/4/13 9:09,Injury,2,Daylight
4766709,Pedestrian,33.764534,-84.396002,3/17/14 7:50,Injury,2,Daylight
5003460,Pedestrian,30.874674,-83.259997,10/1/14 18:40,Injury,2,Daylight
5449477,Pedestrian,33.736345,-82.73957,9/25/15 10:57,Injury,2,Daylight
5363095,Pedestrian,34.761423,-84.822062,7/18/15 12:00,Injury,2,Daylight
6524453,Pedestrian,32.715552,-83.669078,12/21/17 13:01,Injury,2,Daylight
4469518,Pedestrian,33.415081,-82.066932,5/19/13 19:56,Injury,2,Daylight
5176709,Pedestrian,33.867566,-84.837086,2/10/15 18:17,Injury,2,Daylight
6360583,Pedestrian,31.20173,-81.48373,8/20/17 9:49,Injury,2,Daylight
6129035,Pedestrian,31.587292,-84.159737,2/20/17 16:13,Injury,2,Daylight
5973104,Pedestrian,33.762585,-84.352996,10/23/16 13:20,Injury,2,Daylight
5230807,Pedestrian,32.533639,-82.83837,3/24/15 17:00,Injury,2,Daylight
5953286,Pedestrian,32.056757,-81.097768,10/11/16 15:22,Injury,2,Daylight
5475562,Pedestrian,34.082541,-84.655667,10/18/15 18:30,Injury,2,Daylight
6149843,Pedestrian,33.815022,-84.35303,3/10/17 17:28,Injury,2,Daylight
4781303,Pedestrian,32.07032,-81.095569,4/4/14 14:46,Injury,2,Daylight
4475344,Pedestrian,33.91364,-84.149996,6/8/13 16:07,Injury,2,Daylight
4318410,Pedestrian,33.91228,-84.476436,1/7/13 9:35,Injury,2,Daylight
4794636,Pedestrian,32.076555,-81.098781,4/17/14 9:41,Injury,2,Daylight
6335085,Pedestrian,32.803283,-83.707432,7/28/17 17:21,Injury,2,Daylight
5260465,Pedestrian,34.186929,-85.130589,4/21/15 19:26,Injury,2,Daylight
5709909,Pedestrian,33.716504,-84.274298,4/11/16 16:39,Injury,2,Daylight
5990608,Pedestrian,33.753784,-84.505628,11/2/16 19:10,Injury,2,Daylight
6020985,Pedestrian,33.482306,-81.994016,12/1/16 8:51,Injury,2,Daylight
5809436,Pedestrian,34.577428,-83.32844,6/20/16 19:08,Injury,2,Daylight
5462740,Pedestrian,31.05704,-81.420472,10/4/15 14:20,Injury,2,Daylight
5956493,Pedestrian,33.786664,-84.386388,10/13/16 16:12,Injury,2,Daylight
6264285,Pedestrian,32.511112,-81.83182,6/3/17 17:49,Injury,2,Daylight
5664051,Pedestrian,33.958686,-84.141694,2/28/16 17:15,Injury,2,Daylight
5211372,Pedestrian,33.80687,-84.241796,6/1/14 9:00,Injury,2,Daylight
6349970,Pedestrian,33.74167,-84.408216,7/23/17 17:29,Injury,2,Daylight
5793141,Pedestrian,34.016272,-83.707424,5/21/16 15:29,Injury,2,Daylight
5359099,Pedestrian,34.072579,-84.467105,7/16/15 19:33,Injury,2,Daylight
4980844,Pedestrian,32.04295,-81.06734,9/16/14 7:44,Injury,2,Daylight
5741832,Pedestrian,31.152706,-81.481858,5/4/16 8:28,Injury,2,Daylight
4825800,Pedestrian,30.830065,-83.988256,4/23/14 16:20,Injury,2,Daylight
6536275,Pedestrian,33.595168,-84.549739,12/14/17 18:01,Injury,2,Daylight
6193574,Pedestrian,32.05991,-81.10377,4/7/17 11:53,Injury,2,Daylight
6238403,Pedestrian,33.480268,-84.440712,4/9/17 19:36,Injury,2,Daylight
5005196,Pedestrian,33.71198,-84.271594,10/2/14 9:40,Injury,2,Daylight
5761778,Pedestrian,34.166279,-83.683328,5/16/16 11:45,Injury,2,Daylight
5675770,Pedestrian,32.567439,-83.591506,11/6/15 16:05,Injury,2,Daylight
5808458,Pedestrian,33.897311,-84.284289,6/20/16 14:58,Injury,2,Daylight
5643399,Pedestrian,30.790016,-83.27041,2/19/16 7:33,Injury,2,Daylight
6291173,Pedestrian,32.814182,-83.652294,6/28/17 16:55,Injury,2,Daylight
6163064,Pedestrian,33.796003,-84.230612,3/23/17 14:42,Injury,2,Daylight
4609423,Pedestrian,33.564662,-83.50612,10/12/13 16:36,Injury,2,Daylight
5433274,Pedestrian & Bicyclist,31.600525,-84.175855,5/22/15 16:45,Property Damaged Only,1,Daylight
4614549,Pedestrian & Bicyclist,33.87175,-84.33233,8/20/13 18:30,Injury,2,Daylight
4771607,Pedestrian & Bicyclist,34.011261,-85.256736,3/22/14 16:47,Injury,2,Daylight
6473843,Pedestrian & Bicyclist,33.944432,-83.377013,11/14/17 9:12,Injury,2,Daylight
6189322,Pedestrian & Bicyclist,33.531042,-84.361942,4/11/17 17:23,Injury,2,Daylight
4642719,Pedestrian & Bicyclist,32.54915,-82.88036,11/14/13 11:21,Injury,2,Daylight
4599040,Bicyclist,33.790081,-84.400638,9/29/13 11:06,Property Damaged Only,1,Daylight
4432721,Bicyclist,33.74914,-84.399817,4/30/13 19:00,Property Damaged Only,1,Daylight
5623823,Bicyclist,33.778816,-84.40981,2/2/16 12:56,Property Damaged Only,1,Daylight
4568849,Bicyclist,33.947591,-83.376469,8/29/13 10:46,Property Damaged Only,1,Daylight
5006914,Bicyclist,33.637531,-84.116924,10/4/14 17:26,Property Damaged Only,1,Daylight
5318282,Bicyclist,30.900239,-84.572156,5/11/15 17:00,Property Damaged Only,1,Daylight
5428204,Bicyclist,33.865708,-84.698451,9/17/15 10:10,Property Damaged Only,1,Daylight
5638891,Bicyclist,32.022818,-81.112853,2/16/16 7:29,Property Damaged Only,1,Daylight
5163024,Bicyclist,32.211559,-82.394749,10/30/14 7:59,Property Damaged Only,1,Daylight
5218682,Bicyclist,33.983317,-84.462505,3/15/15 18:28,Property Damaged Only,1,Daylight
4915486,Bicyclist,31.604904,-84.175825,7/22/14 17:32,Property Damaged Only,1,Daylight
6307848,Bicyclist,33.435828,-84.149078,7/12/17 11:26,Property Damaged Only,1,Daylight
6495116,Bicyclist,31.136326,-81.394772,11/29/17 15:16,Property Damaged Only,1,Daylight
6321028,Bicyclist,33.869166,-84.334339,7/21/17 19:04,Property Damaged Only,1,Daylight
4747145,Bicyclist,34.039549,-84.283163,2/21/14 8:37,Property Damaged Only,1,Daylight