incidentIdNbr,crashType,latitude,longitude,dateOfIncidentDate,severity,Mag,lightCondition
4488873,Bicyclist,30.838772,-83.969271,6/7/13 18:46,Property Damaged Only,1,Daylight
5726470,Bicyclist,32.058367,-81.091722,4/22/16 6:20,Property Damaged Only,1,Daylight
5719399,Bicyclist,31.21853,-84.187004,4/11/14 19:47,Property Damaged Only,1,Daylight
5977642,Bicyclist,32.4259,-84.948721,10/29/16 11:42,Property Damaged Only,1,Daylight
5126572,Bicyclist,31.963428,-83.794222,1/9/15 16:19,Property Damaged Only,1,Daylight
4877924,Bicyclist,32.000568,-81.07857,6/15/14 11:24,Property Damaged Only,1,Daylight
5904117,Bicyclist,33.319867,-84.28604,8/21/16 15:22,Property Damaged Only,1,Daylight
5222928,Bicyclist,33.786612,-84.207778,3/18/15 19:59,Property Damaged Only,1,Daylight
5876442,Bicyclist,33.786211,-84.407332,8/13/16 18:55,Property Damaged Only,1,Daylight
5261364,Bicyclist,33.849118,-84.578468,4/21/15 14:20,Property Damaged Only,1,Daylight
5851219,Bicyclist,32.045498,-81.075719,7/26/16 12:58,Property Damaged Only,1,Daylight
5379507,Bicyclist,33.773478,-84.364037,8/1/15 11:35,Property Damaged Only,1,Daylight
5377395,Bicyclist,33.994262,-83.408262,7/29/15 12:04,Injury,2,Daylight
6430829,Bicyclist,33.948476,-83.358585,10/13/17 16:52,Injury,2,Daylight
5754157,Bicyclist,32.724914,-83.684602,5/13/16 12:46,Injury,2,Daylight
5457659,Bicyclist,33.750442,-84.71279,8/27/15 7:01,Injury,2,Daylight
4889027,Bicyclist,32.844765,-83.690783,6/11/14 14:12,Injury,2,Daylight
5114045,Bicyclist,31.16379,-81.38687,12/2/14 14:40,Injury,2,Daylight
4495962,Bicyclist,33.454078,-84.10932,7/7/13 12:00,Injury,2,Daylight
6379991,Bicyclist,33.950995,-84.354012,9/2/17 18:53,Injury,2,Daylight
6244538,Bicyclist,33.60455,-84.64317,5/20/17 15:00,Injury,2,Daylight
5676662,Bicyclist,32.62059,-83.641538,3/6/16 12:46,Injury,2,Daylight
5701502,Bicyclist,32.07788,-81.099672,4/4/16 18:15,Injury,2,Daylight
5059900,Bicyclist,33.581176,-84.311379,11/21/14 16:38,Injury,2,Daylight
5865039,Bicyclist,31.573786,-84.167734,8/2/16 18:04,Injury,2,Daylight
5686883,Bicyclist,33.857968,-83.921386,3/18/16 15:30,Injury,2,Daylight
4539345,Bicyclist,33.769954,-84.349101,8/11/13 15:46,Injury,2,Daylight
4745720,Bicyclist,32.064232,-81.099911,2/27/14 10:32,Injury,2,Daylight
5179566,Bicyclist,33.844904,-84.441623,12/26/14 18:00,Injury,2,Daylight
5281900,Bicyclist,33.681343,-84.418641,5/5/15 19:22,Injury,2,Daylight
4471916,Bicyclist,33.509632,-84.404448,6/8/13 13:05,Injury,2,Daylight
4754783,Bicyclist,32.472043,-84.993092,3/8/14 13:15,Injury,2,Daylight
5537102,Bicyclist,34.512135,-83.527605,11/22/15 12:40,Injury,2,Daylight
5535934,Bicyclist,33.776871,-84.390396,7/31/15 8:53,Injury,2,Daylight
6503891,Bicyclist,32.920127,-84.33418,12/4/17 9:20,Injury,2,Daylight
5693010,Bicyclist,32.014083,-81.233055,3/28/16 11:57,Injury,2,Daylight
5592647,Bicyclist,30.860573,-83.280647,1/10/16 16:02,Injury,2,Daylight
5396511,Pedestrian,33.716132,-84.165588,8/19/15 6:30,Property Damaged Only,1,Daylight
5426732,Pedestrian,33.966447,-83.371366,9/16/15 11:28,Property Damaged Only,1,Daylight
4655378,Pedestrian,33.901458,-84.204949,11/24/13 14:16,Property Damaged Only,1,Daylight
5362579,Pedestrian,33.638334,-84.252546,7/20/15 7:30,Property Damaged Only,1,Daylight
5934580,Pedestrian,33.850147,-84.209416,8/19/16 22:30,Property Damaged Only,1,Daylight
6162296,Pedestrian,33.501495,-84.427681,2/6/17 15:31,Property Damaged Only,1,Daylight
4498557,Pedestrian,31.581549,-84.176211,7/10/13 9:45,Property Damaged Only,1,Daylight
5518971,Pedestrian,33.865241,-84.337088,11/21/15 23:27,Property Damaged Only,1,Daylight
5883929,Pedestrian,33.600136,-84.469482,7/29/16 18:10,Property Damaged Only,1,Daylight
4761689,Pedestrian,34.9658,-85.184913,2/13/14 10:15,Property Damaged Only,1,Daylight
5305476,Pedestrian,32.470452,-84.986186,5/27/15 17:25,Property Damaged Only,1,Daylight
4941601,Pedestrian,33.718283,-84.407862,8/11/14 15:53,Property Damaged Only,1,Daylight
6205828,Pedestrian,33.274936,-84.531763,4/19/17 10:30,Property Damaged Only,1,Daylight
5616474,Pedestrian,33.972069,-83.436868,1/29/16 7:53,Property Damaged Only,1,Daylight
5982862,Pedestrian,33.641794,-84.490548,11/1/16 16:59,Property Damaged Only,1,Daylight
5874044,Pedestrian,33.851687,-84.360844,8/11/16 18:13,Property Damaged Only,1,Daylight
6298036,Pedestrian,33.938984,-84.190774,7/1/17 19:09,Property Damaged Only,1,Daylight
5720041,Pedestrian,31.979694,-81.142572,4/19/16 17:20,Property Damaged Only,1,Daylight
4657766,Pedestrian,31.215172,-81.484679,10/1/13 11:18,Property Damaged Only,1,Daylight
4830645,Pedestrian,33.95582,-83.412357,4/28/14 18:38,Property Damaged Only,1,Daylight
5388633,Pedestrian,33.813004,-84.31992,8/13/15 12:53,Property Damaged Only,1,Daylight
4352233,Pedestrian,32.430355,-84.943085,2/12/13 16:50,Property Damaged Only,1,Daylight
6081964,Pedestrian,33.613172,-83.939791,10/22/16 17:03,Property Damaged Only,1,Daylight
5779197,Pedestrian,33.810906,-84.392062,3/8/16 8:50,Property Damaged Only,1,Daylight
5155842,Pedestrian,33.790402,-84.320945,2/2/15 10:00,Property Damaged Only,1,Daylight
6099911,Pedestrian,33.85058,-84.36197,1/30/17 19:33,Property Damaged Only,1,Daylight
4878670,Pedestrian,34.208139,-84.10028,5/26/14 0:00,Property Damaged Only,1,Daylight
5137350,Pedestrian,33.534867,-83.103724,1/8/15 13:36,Property Damaged Only,1,Daylight
6027385,Pedestrian,34.290098,-83.821736,7/24/15 7:50,Property Damaged Only,1,Daylight
5309486,Pedestrian,33.755508,-84.376597,5/29/15 14:30,Property Damaged Only,1,Daylight
4522546,Pedestrian,33.82598,-84.25582,7/27/13 14:45,Property Damaged Only,1,Daylight
6397021,Pedestrian,34.046505,-84.340886,9/15/17 17:07,Property Damaged Only,1,Daylight
6129224,Pedestrian,33.845978,-84.325327,2/21/17 15:09,Property Damaged Only,1,Daylight
4421371,Pedestrian,32.495256,-84.966632,4/22/13 10:45,Property Damaged Only,1,Daylight
4763438,Pedestrian,33.810329,-84.273449,3/17/14 13:35,Property Damaged Only,1,Daylight
6168475,Pedestrian,32.28483,84.56474,3/27/17 19:32,Property Damaged Only,1,Daylight
5684910,Pedestrian,30.85617,-83.953285,3/22/16 8:05,Property Damaged Only,1,Daylight
5651428,Pedestrian,32.814397,-83.658877,2/26/16 11:00,Property Damaged Only,1,Daylight
5050531,Pedestrian,33.878143,-84.378066,11/12/14 13:51,Property Damaged Only,1,Daylight
5307494,Pedestrian,32.426031,-84.946092,5/29/15 12:32,Property Damaged Only,1,Daylight
5180414,Pedestrian,33.844239,-84.371644,2/2/15 17:00,Property Damaged Only,1,Daylight
5185855,Pedestrian,33.781556,-84.407421,2/13/15 17:47,Property Damaged Only,1,Daylight
4540500,Pedestrian,33.870003,-84.290334,8/15/13 14:39,Property Damaged Only,1,Daylight
6314754,Pedestrian,32.832243,-83.635,7/19/17 13:23,Property Damaged Only,1,Daylight
4772608,Pedestrian,33.791694,-84.305839,3/26/14 13:45,Property Damaged Only,1,Daylight
4447951,Pedestrian,33.645662,-84.129709,5/18/13 13:37,Property Damaged Only,1,Daylight
4858753,Pedestrian,33.47572,-82.00201,5/23/14 15:02,Property Damaged Only,1,Daylight
6157145,Pedestrian,32.079387,-81.101109,3/20/17 13:06,Property Damaged Only,1,Daylight
5981484,Pedestrian,33.812321,-84.392278,10/31/16 16:32,Property Damaged Only,1,Daylight
5797536,Pedestrian,33.729888,-84.911773,6/16/16 7:51,Property Damaged Only,1,Daylight
5030963,Pedestrian,33.767266,-84.384089,10/17/14 17:42,Property Damaged Only,1,Daylight
5318820,Pedestrian,32.88527,-83.675801,6/9/15 17:00,Property Damaged Only,1,Daylight
6174511,Pedestrian,32.210195,-82.409633,4/1/17 11:17,Property Damaged Only,1,Daylight
5032637,Pedestrian,33.70733,-84.271329,10/28/14 13:02,Property Damaged Only,1,Daylight
5736031,Pedestrian,33.446335,-84.468215,4/29/16 15:45,Property Damaged Only,1,Daylight
4682376,Pedestrian,33.73886,-84.28804,12/20/13 10:00,Property Damaged Only,1,Daylight
6101705,Pedestrian,33.69276,-84.260479,2/1/17 16:15,Property Damaged Only,1,Daylight
5955187,Pedestrian,33.6399,-84.360077,10/12/16 16:35,Property Damaged Only,1,Daylight
5413724,Pedestrian,33.737002,-84.414076,9/1/15 10:11,Property Damaged Only,1,Daylight
6450630,Pedestrian,33.588916,-84.412816,10/30/17 7:44,Property Damaged Only,1,Daylight
5669909,Pedestrian,33.921579,-84.338956,2/15/16 10:50,Property Damaged Only,1,Daylight
6486369,Pedestrian,33.572651,-84.412595,11/21/17 11:05,Property Damaged Only,1,Daylight
5917327,Pedestrian,33.757318,-84.26406,9/13/16 11:00,Property Damaged Only,1,Daylight
5045498,Pedestrian,33.682382,-84.309062,11/10/14 7:31,Property Damaged Only,1,Daylight
5091806,Pedestrian,33.700965,-84.267361,12/12/14 17:09,Property Damaged Only,1,Daylight
4944921,Pedestrian,33.815706,-84.334796,8/20/14 12:51,Property Damaged Only,1,Daylight
4634863,Pedestrian,33.710468,-84.210826,11/8/13 13:53,Fatal,3,Daylight
5833458,Pedestrian,31.043059,-83.391623,6/1/16 17:20,Fatal,3,Daylight
5431663,Pedestrian,34.046504,-84.581176,9/9/15 7:53,Fatal,3,Daylight
6249540,Pedestrian,32.089009,-81.116722,5/25/17 17:22,Fatal,3,Daylight
6593866,Pedestrian,34.021631,-84.264163,9/29/17 9:54,Fatal,3,Daylight
4399197,Pedestrian,34.024309,-84.286003,3/17/13 7:30,Injury,2,Daylight
5172263,Pedestrian,33.456919,-82.193949,2/8/15 12:00,Injury,2,Daylight
4406062,Pedestrian,33.79513,-84.259125,4/6/13 12:00,Injury,2,Daylight
6297037,Pedestrian,32.749103,-84.20388,7/2/17 7:55,Injury,2,Daylight
5972141,Pedestrian,33.847551,-84.081074,10/24/16 14:00,Injury,2,Daylight
5438340,Pedestrian,33.90724,-84.352777,8/28/15 16:30,Injury,2,Daylight
5392009,Pedestrian,34.25359,-84.853282,8/14/15 18:15,Injury,2,Daylight
4627971,Pedestrian,33.815631,-84.068955,10/30/13 16:53,Injury,2,Daylight
4521408,Pedestrian,32.46064,-81.76822,7/26/13 12:10,Injury,2,Daylight
4953826,Pedestrian,34.170952,-84.786299,3/3/14 8:53,Injury,2,Daylight
5291699,Pedestrian,32.08032,-81.09727,5/18/15 8:48,Injury,2,Daylight
6076065,Pedestrian,33.831278,-83.995266,1/11/17 10:16,Injury,2,Daylight
5069137,Pedestrian,33.709811,-84.271855,12/1/14 13:40,Injury,2,Daylight
5419885,Pedestrian,33.745161,-84.383841,9/1/15 8:25,Injury,2,Daylight
5706111,Pedestrian,33.49568,-82.04743,4/2/16 16:12,Injury,2,Daylight
6339011,Pedestrian,33.926797,-84.379073,8/2/17 10:07,Injury,2,Daylight
6427898,Pedestrian,32.781369,-83.710539,10/13/17 18:13,Injury,2,Daylight
4403078,Pedestrian,33.687096,-84.175794,4/2/13 19:00,Injury,2,Daylight
5948468,Pedestrian,34.070648,-83.973696,10/7/16 10:20,Injury,2,Daylight
5601786,Pedestrian,34.033036,-84.579602,1/15/16 16:04,Injury,2,Daylight
4957072,Pedestrian,34.10851,-84.68112,8/26/14 16:10,Injury,2,Daylight
4496274,Pedestrian,33.769202,-84.352467,6/18/13 16:40,Injury,2,Daylight
5283267,Pedestrian,32.812633,-83.720041,5/9/15 16:00,Injury,2,Daylight
6399337,Pedestrian,31.252836,-81.500696,9/19/17 10:00,Injury,2,Daylight
5661842,Pedestrian,33.846412,-83.911824,3/4/16 15:58,Injury,2,Daylight
4712756,Pedestrian,33.57608,-83.18326,1/21/14 16:53,Injury,2,Daylight
6011611,Pedestrian,33.900098,-84.530826,11/20/16 14:44,Injury,2,Daylight
5972145,Pedestrian,33.480533,-81.990121,10/24/16 8:22,Injury,2,Daylight
4338186,Pedestrian,33.950213,-83.987731,1/25/13 12:24,Injury,2,Daylight
5009811,Pedestrian,33.722948,-84.166955,10/6/14 13:01,Injury,2,Daylight
4513433,Pedestrian,33.412508,-82.011334,5/8/13 19:45,Injury,2,Daylight
4494467,Pedestrian,33.692014,-84.349566,7/3/13 9:43,Injury,2,Daylight
5052023,Pedestrian,34.03418,-84.829337,11/6/14 16:26,Injury,2,Daylight
5155040,Pedestrian,33.718784,-84.828827,1/29/15 10:00,Injury,2,Daylight
5936880,Pedestrian,33.702619,-84.385159,9/24/16 12:27,Injury,2,Daylight
4622484,Pedestrian,32.825695,-83.65249,10/24/13 20:10,Injury,2,Daylight
6424220,Pedestrian,33.573668,-83.874204,10/3/17 11:49,Injury,2,Daylight
5126719,Pedestrian,33.634003,-84.533748,12/19/14 10:20,Injury,2,Daylight
5869338,Pedestrian,33.878363,-84.70383,8/8/16 17:30,Injury,2,Daylight
4948394,Pedestrian,33.590797,-84.368852,8/22/14 8:30,Injury,2,Daylight
6218063,Pedestrian,34.21837,-83.52317,4/30/17 14:03,Injury,2,Daylight
5830405,Pedestrian,34.510253,-83.529417,5/13/16 16:30,Injury,2,Daylight
5463011,Pedestrian,32.039991,-81.11133,10/9/15 16:14,Injury,2,Daylight
4893867,Pedestrian,33.919228,-84.46525,6/26/14 17:25,Injury,2,Daylight
6184737,Pedestrian,31.165302,-81.554818,4/8/17 15:13,Injury,2,Daylight
6413712,Pedestrian,33.908929,-84.37864,10/1/17 11:45,Injury,2,Daylight
6132742,Pedestrian,33.569082,-84.401073,2/23/17 17:43,Injury,2,Daylight
4749840,Pedestrian,33.693548,-84.518807,2/25/14 8:40,Injury,2,Daylight
4927811,Pedestrian,33.825684,-84.362531,8/4/14 9:15,Injury,2,Daylight
4848638,Pedestrian,33.818471,-84.22909,5/17/14 12:32,Injury,2,Daylight
5009618,Pedestrian,33.95905,-84.132336,10/7/14 11:09,Injury,2,Daylight
4880773,Pedestrian,31.554022,-84.159033,6/17/14 16:39,Injury,2,Daylight
5218785,Pedestrian,33.578753,-84.551533,3/16/15 19:05,Injury,2,Daylight
4866085,Pedestrian,33.673489,-84.448847,6/2/14 17:33,Injury,2,Daylight
5879762,Pedestrian,33.055472,-85.005593,8/16/16 18:25,Injury,2,Daylight
4753994,Pedestrian,33.781112,-83.70784,3/6/14 13:07,Injury,2,Daylight
5340613,Pedestrian,33.752057,-84.392164,6/25/15 12:50,Injury,2,Daylight
4628742,Pedestrian,30.694477,-83.26455,10/28/13 17:36,Injury,2,Daylight
4745765,Pedestrian,31.170193,-81.474469,2/26/14 12:10,Injury,2,Daylight
5774653,Pedestrian,31.996813,-81.116673,5/27/16 18:38,Injury,2,Daylight
4351305,Pedestrian,33.038728,-85.030021,2/11/13 16:28,Injury,2,Daylight
4364152,Pedestrian,33.534349,-84.420634,1/20/13 17:35,Injury,2,Daylight
6264403,Pedestrian,33.59349,-84.301947,6/4/17 14:38,Injury,2,Daylight
5051101,Pedestrian,33.929264,-84.22493,11/12/14 13:21,Injury,2,Daylight
4864333,Pedestrian,33.77482,-84.279492,5/31/14 16:50,Injury,2,Daylight
5881775,Pedestrian,33.7341,-84.349328,8/17/16 16:46,Injury,2,Daylight
5585691,Pedestrian & Bicyclist,33.538955,-84.009911,10/23/13 17:10,Property Damaged Only,1,Daylight
5437385,Pedestrian & Bicyclist,33.892293,-84.326136,8/10/15 15:23,Property Damaged Only,1,Daylight
5789822,Pedestrian & Bicyclist,34.017732,-84.02111,6/8/16 19:30,Property Damaged Only,1,Daylight
4972078,Pedestrian & Bicyclist,33.859542,-84.683457,9/9/14 18:00,Property Damaged Only,1,Daylight
6267824,Bicyclist,33.738224,-84.41308,6/3/17 12:40,Property Damaged Only,1,Daylight
4563967,Bicyclist,32.028848,-81.110842,9/8/13 14:48,Property Damaged Only,1,Daylight
4599661,Bicyclist,32.077081,-81.088986,10/7/13 16:19,Property Damaged Only,1,Daylight
6143069,Bicyclist,32.511991,-84.982961,3/8/17 13:10,Property Damaged Only,1,Daylight
5444550,Bicyclist,30.829145,-83.309037,9/27/15 11:34,Property Damaged Only,1,Daylight
5358015,Bicyclist,33.92764,-83.341514,6/30/15 17:02,Property Damaged Only,1,Daylight
4920128,Bicyclist,33.743523,-84.376438,7/20/14 15:25,Property Damaged Only,1,Daylight
4518761,Bicyclist,33.776255,-84.563242,7/19/13 15:00,Property Damaged Only,1,Daylight
5912525,Bicyclist,32.071981,-81.095796,9/10/16 16:40,Property Damaged Only,1,Daylight
4316317,Bicyclist,33.943895,-84.624388,1/3/13 14:15,Property Damaged Only,1,Daylight
4466163,Bicyclist,33.755361,-84.486266,5/24/13 13:00,Property Damaged Only,1,Daylight
5235556,Bicyclist,33.484521,-82.071549,3/30/15 12:15,Property Damaged Only,1,Daylight
5331043,Bicyclist,33.504209,-84.406407,6/21/15 14:03,Property Damaged Only,1,Daylight
6090751,Bicyclist,33.771198,-84.342476,1/13/17 7:52,Property Damaged Only,1,Daylight
5695117,Bicyclist,33.746601,-84.35909,3/29/16 16:50,Property Damaged Only,1,Daylight
6289489,Bicyclist,34.262248,-85.180433,6/27/17 13:19,Property Damaged Only,1,Daylight
6400987,Bicyclist,33.724419,-84.14906,9/21/17 15:45,Property Damaged Only,1,Daylight
6170392,Bicyclist,33.46078,-81.97906,3/29/17 16:34,Property Damaged Only,1,Daylight
5696841,Bicyclist,32.512821,-84.953815,4/1/16 10:40,Property Damaged Only,1,Daylight
5656922,Bicyclist,33.748278,-84.3681,2/29/16 17:20,Property Damaged Only,1,Daylight
5603858,Bicyclist,33.849459,-83.916906,12/19/15 8:02,Property Damaged Only,1,Daylight
4932408,Bicyclist,34.479136,-84.936805,8/9/14 13:18,Property Damaged Only,1,Daylight
4399227,Bicyclist,33.484249,-82.080958,3/14/13 6:53,Property Damaged Only,1,Daylight
4834578,Bicyclist,32.077071,-81.093855,5/2/14 18:36,Property Damaged Only,1,Daylight
4772962,Bicyclist,33.945106,-84.406323,3/21/14 13:43,Property Damaged Only,1,Daylight
5652069,Bicyclist,32.035273,-81.085985,2/27/16 12:00,Property Damaged Only,1,Daylight
4709008,Bicyclist,33.786736,-84.383198,1/11/14 15:58,Property Damaged Only,1,Daylight
5168098,Bicyclist,33.922324,-84.55014,2/3/15 17:00,Property Damaged Only,1,Daylight
4849655,Bicyclist,32.855522,-83.587091,5/5/14 16:41,Property Damaged Only,1,Daylight
4598002,Bicyclist,34.50073,-84.95079,10/4/13 17:21,Fatal,3,Daylight
4939105,Bicyclist,34.038328,-84.309357,8/14/14 9:12,Injury,2,Daylight
5114964,Bicyclist,32.593582,-82.34199,12/31/14 13:50,Injury,2,Daylight
5027268,Bicyclist,32.058754,-81.081175,10/23/14 10:52,Injury,2,Daylight
4505317,Bicyclist,33.913259,-84.143981,7/11/13 18:09,Injury,2,Daylight
5605965,Bicyclist,32.849195,-83.689325,1/20/16 16:45,Injury,2,Daylight
5854347,Bicyclist,33.510804,-84.467628,7/14/16 19:15,Injury,2,Daylight
5285866,Bicyclist,30.795816,-83.420837,5/11/15 12:40,Injury,2,Daylight
4636242,Bicyclist,33.468385,-82.067035,10/10/13 12:31,Injury,2,Daylight
5702704,Bicyclist,33.544424,-84.241802,4/5/16 14:18,Injury,2,Daylight
5942815,Bicyclist,31.597113,-84.175955,10/3/16 13:06,Injury,2,Daylight
5384616,Bicyclist,33.956896,-83.373908,8/8/15 7:48,Injury,2,Daylight
4509881,Bicyclist,33.844031,-84.500648,5/25/13 17:15,Injury,2,Daylight
4742949,Bicyclist,33.821792,-85.08309,2/23/14 18:27,Injury,2,Daylight
5461699,Bicyclist,32.068113,-81.099749,10/8/15 13:40,Injury,2,Daylight
4414155,Bicyclist,33.75341,-84.33965,4/9/13 9:34,Injury,2,Daylight
5682750,Bicyclist,33.848889,-84.365058,3/17/16 15:10,Injury,2,Daylight
5301927,Bicyclist,33.173448,-84.910871,5/17/15 12:22,Injury,2,Daylight
5747456,Bicyclist,33.787962,-84.279322,4/25/16 11:08,Injury,2,Daylight
4837824,Bicyclist,34.341785,-84.02003,5/3/14 7:55,Injury,2,Daylight
5439851,Bicyclist,34.051424,-84.499964,9/18/15 18:39,Injury,2,Daylight
4885871,Bicyclist,31.999278,-81.127387,6/23/14 14:31,Injury,2,Daylight
4548857,Bicyclist,33.963164,-84.138586,8/20/13 12:40,Injury,2,Daylight
5397454,Bicyclist,32.557121,-84.001198,8/4/15 17:30,Injury,2,Daylight
4477520,Bicyclist,33.8057,-84.218509,6/14/13 14:40,Injury,2,Daylight
4904067,Bicyclist,32.065825,-81.10268,7/10/14 13:23,Injury,2,Daylight
5843514,Bicyclist,33.758439,-84.349115,7/19/16 15:14,Injury,2,Daylight
5821685,Bicyclist,31.203202,-82.32024,6/21/16 13:23,Injury,2,Daylight
6525513,Bicyclist,31.56966,-83.56538,12/19/17 15:05,Injury,2,Daylight
5546964,Bicyclist,33.744237,-84.238586,12/12/15 16:27,Injury,2,Daylight
6313286,Bicyclist,30.704193,-84.20105,7/16/17 7:35,Injury,2,Daylight
4674310,Bicyclist,34.004544,-84.450387,12/11/13 8:13,Injury,2,Daylight
5733240,Bicyclist,31.159416,-81.388394,4/27/16 8:47,Injury,2,Daylight
5054941,Bicyclist,31.023929,-84.386803,11/12/14 16:20,Injury,2,Daylight
4529107,Bicyclist,33.966423,-84.41203,7/31/13 18:01,Injury,2,Daylight
6146845,Bicyclist,33.791493,-84.119752,3/11/17 8:47,Injury,2,Daylight
5120898,Bicyclist,33.997585,-84.304668,1/5/15 13:26,Injury,2,Daylight
5975502,Bicyclist,33.773764,-84.28491,9/9/16 17:03,Injury,2,Daylight
4447067,Bicyclist,32.522661,-84.906298,5/17/13 13:20,Injury,2,Daylight
5021724,Pedestrian,34.468722,-84.959808,10/19/14 15:05,Property Damaged Only,1,Daylight
4784216,Pedestrian,33.701337,-84.418278,3/31/14 8:00,Property Damaged Only,1,Daylight
6376438,Pedestrian,33.62614,-84.40594,9/1/17 7:55,Property Damaged Only,1,Daylight
6276181,Pedestrian,231.1388,143.5166,6/14/17 10:19,Property Damaged Only,1,Daylight
6018565,Pedestrian,34.105394,-82.859886,10/29/14 15:20,Property Damaged Only,1,Daylight
5584937,Pedestrian,33.73824,-84.412404,1/5/16 14:52,Property Damaged Only,1,Daylight
4429463,Pedestrian,33.942032,-83.371019,4/10/13 8:23,Property Damaged Only,1,Daylight
5316156,Pedestrian,33.56667,-84.293552,6/6/15 17:47,Property Damaged Only,1,Daylight
5002072,Pedestrian,33.819457,-84.231734,9/30/14 14:45,Property Damaged Only,1,Daylight
5301144,Pedestrian,33.584552,-85.13542,5/19/15 18:12,Property Damaged Only,1,Daylight
5892573,Pedestrian,33.796425,-84.36842,8/24/16 12:41,Property Damaged Only,1,Daylight
5379063,Pedestrian,33.741416,-84.34679,7/30/15 15:38,Property Damaged Only,1,Daylight
5175930,Pedestrian,34.06796,-84.808307,2/13/15 7:50,Property Damaged Only,1,Daylight
6297849,Pedestrian,31.075836,-83.19857,7/1/17 18:25,Property Damaged Only,1,Daylight
4680067,Pedestrian,33.958638,-83.412888,12/18/13 13:11,Property Damaged Only,1,Daylight
4600940,Pedestrian,33.636424,-84.359584,9/29/13 18:55,Property Damaged Only,1,Daylight
4645998,Pedestrian,33.77624,-84.24088,11/18/13 8:15,Property Damaged Only,1,Daylight
6475862,Pedestrian,32.4855,-84.98739,11/16/17 7:45,Property Damaged Only,1,Daylight
6348373,Pedestrian,33.91132,-84.113946,8/9/17 16:00,Property Damaged Only,1,Daylight
6109182,Pedestrian,34.04996,-84.596665,2/7/17 15:58,Property Damaged Only,1,Daylight
4349948,Pedestrian,33.82216,-84.575332,2/8/13 7:30,Property Damaged Only,1,Daylight
5311560,Pedestrian,33.895563,-84.055127,6/2/15 7:11,Property Damaged Only,1,Daylight
5921863,Pedestrian,33.756756,-84.363255,9/12/16 13:40,Property Damaged Only,1,Daylight
6138717,Pedestrian,32.826558,-83.716656,3/5/17 12:59,Property Damaged Only,1,Daylight
5252356,Pedestrian,34.083949,-83.926269,4/12/15 12:25,Property Damaged Only,1,Daylight
4728755,Pedestrian,32.061003,-81.101101,2/6/14 15:04,Property Damaged Only,1,Daylight
5641446,Pedestrian,33.69338,-84.174168,2/18/16 14:45,Property Damaged Only,1,Daylight
5860093,Pedestrian,32.806505,-83.722136,8/2/16 11:44,Property Damaged Only,1,Daylight
4844809,Pedestrian,32.013017,-80.960396,5/13/14 11:55,Property Damaged Only,1,Daylight
4777391,Pedestrian,33.804777,-84.393603,3/27/14 16:34,Property Damaged Only,1,Daylight
6480335,Pedestrian,33.920614,-84.086202,11/18/17 20:22,Property Damaged Only,1,Daylight
6298743,Pedestrian,33.760425,-84.372066,7/4/17 11:50,Property Damaged Only,1,Daylight
4520735,Pedestrian,32.061764,-81.09859,7/25/13 10:52,Property Damaged Only,1,Daylight
6023062,Pedestrian,32.436517,-84.940199,12/2/16 19:29,Property Damaged Only,1,Daylight
4621167,Pedestrian,33.688141,-84.310888,10/27/13 13:55,Property Damaged Only,1,Daylight
4980099,Pedestrian,34.027396,-84.650414,9/13/14 14:50,Property Damaged Only,1,Daylight
5722288,Pedestrian,33.914366,-84.187891,4/19/16 17:39,Property Damaged Only,1,Daylight
4535646,Pedestrian,31.96871,-81.14344,8/9/13 13:24,Property Damaged Only,1,Daylight
5434806,Pedestrian,34.050058,-84.273318,5/11/15 12:21,Property Damaged Only,1,Daylight
4703284,Pedestrian,33.709821,-84.271736,1/14/14 11:20,Property Damaged Only,1,Daylight
4973170,Pedestrian,33.844324,-84.055362,9/9/14 14:07,Property Damaged Only,1,Daylight
5692400,Pedestrian,33.683557,-84.409656,3/25/16 15:47,Property Damaged Only,1,Daylight
6099984,Pedestrian,33.763656,-84.207594,1/31/17 16:30,Property Damaged Only,1,Daylight
5536415,Pedestrian,33.307512,-84.757887,11/27/15 14:30,Property Damaged Only,1,Daylight
6406085,Pedestrian,33.968084,-84.212043,9/25/17 7:05,Property Damaged Only,1,Daylight
5017670,Pedestrian,33.753358,-84.383372,10/9/14 13:16,Property Damaged Only,1,Daylight
4776536,Pedestrian,31.57651,-84.153665,3/31/14 14:10,Property Damaged Only,1,Daylight
4319551,Pedestrian,33.750909,-84.393084,1/4/13 9:00,Property Damaged Only,1,Daylight
4493622,Pedestrian,33.75239,-84.27171,7/3/13 17:20,Property Damaged Only,1,Daylight
6426254,Pedestrian,33.908904,-84.351897,10/10/17 10:36,Property Damaged Only,1,Daylight