incidentIdNbr,crashType,latitude,longitude,dateOfIncidentDate,severity,Mag,lightCondition
6450224,Pedestrian,33.782869,-84.411638,10/13/17 12:30,Property Damaged Only,1,Daylight
5275968,Pedestrian,33.090495,-83.149898,4/24/15 13:29,Property Damaged Only,1,Daylight
6137322,Pedestrian,32.477434,-84.979451,3/3/17 13:00,Property Damaged Only,1,Daylight
6231826,Pedestrian,33.750551,-84.264303,5/13/17 12:58,Property Damaged Only,1,Daylight
4645598,Pedestrian,33.75136,-84.49052,11/7/13 11:45,Property Damaged Only,1,Daylight
4796237,Pedestrian,33.46599,-82.08584,4/18/14 18:09,Property Damaged Only,1,Daylight
4999248,Pedestrian,33.849232,-84.366333,9/12/14 8:24,Property Damaged Only,1,Daylight
4774883,Pedestrian,33.037626,-85.026235,3/28/14 18:49,Property Damaged Only,1,Daylight
6330319,Pedestrian,33.724838,-84.320607,7/23/17 19:45,Property Damaged Only,1,Daylight
4529574,Pedestrian,33.546835,-84.250304,8/3/13 15:37,Property Damaged Only,1,Daylight
4848299,Pedestrian,33.626297,-83.977311,4/25/14 16:05,Property Damaged Only,1,Daylight
6493884,Pedestrian,33.89628,-84.294045,10/16/17 12:03,Property Damaged Only,1,Daylight
5104802,Pedestrian,33.475682,-81.999704,12/23/14 13:40,Property Damaged Only,1,Daylight
5967007,Pedestrian,33.729336,-84.415863,10/19/16 18:08,Property Damaged Only,1,Daylight
5009634,Pedestrian,33.511379,-82.038109,10/7/14 12:50,Property Damaged Only,1,Daylight
5747663,Pedestrian,32.836345,-83.622096,5/9/16 10:00,Property Damaged Only,1,Daylight
4351153,Pedestrian,33.773811,-84.352466,2/8/13 17:40,Property Damaged Only,1,Daylight
5838536,Pedestrian,33.762398,-84.198709,7/17/16 10:46,Property Damaged Only,1,Daylight
4422999,Pedestrian,33.390913,-82.09475,4/2/13 8:09,Property Damaged Only,1,Daylight
6328396,Pedestrian,30.832532,-83.320949,7/27/17 10:47,Property Damaged Only,1,Daylight
5714398,Pedestrian,32.553712,-83.883762,9/1/15 13:05,Property Damaged Only,1,Daylight
6009631,Pedestrian,33.848965,-84.360134,11/20/16 10:50,Property Damaged Only,1,Daylight
5322114,Pedestrian,32.065141,-81.098249,6/12/15 9:08,Property Damaged Only,1,Daylight
5964321,Pedestrian,32.844052,-83.687972,10/19/16 16:30,Property Damaged Only,1,Daylight
5094538,Pedestrian,33.932625,-83.310676,12/14/14 14:02,Property Damaged Only,1,Daylight
4607994,Pedestrian,33.77809,-84.474637,9/13/13 15:55,Fatal,3,Daylight
5640181,Pedestrian,33.947289,-84.251463,2/12/16 12:42,Injury,2,Daylight
6449199,Pedestrian,33.354145,-81.984068,10/27/17 16:47,Injury,2,Daylight
4686695,Pedestrian,33.963134,-84.494054,12/24/13 15:40,Injury,2,Daylight
4451007,Pedestrian,33.582626,-84.605866,5/20/13 16:50,Injury,2,Daylight
5389183,Pedestrian,33.752403,-84.271686,8/13/15 8:00,Injury,2,Daylight
6195316,Pedestrian,32.65088,-83.66048,4/14/17 11:40,Injury,2,Daylight
5666675,Pedestrian,32.899525,-83.688577,3/8/16 17:42,Injury,2,Daylight
5839700,Pedestrian,34.110015,-84.542864,7/3/16 10:26,Injury,2,Daylight
6260842,Pedestrian,33.80061,-84.84574,6/2/17 17:40,Injury,2,Daylight
4734886,Pedestrian,34.2563,-83.46342,2/15/14 14:22,Injury,2,Daylight
5467029,Pedestrian,33.571302,-84.309428,10/12/15 9:35,Injury,2,Daylight
6318070,Pedestrian,34.064833,-84.212728,5/11/17 8:55,Injury,2,Daylight
6310979,Pedestrian,33.024744,-85.037964,7/16/17 15:16,Injury,2,Daylight
5461285,Pedestrian,33.758432,-84.349216,10/7/15 16:30,Injury,2,Daylight
6297644,Pedestrian,33.684574,-84.50631,6/13/17 13:15,Injury,2,Daylight
4862402,Pedestrian,33.681564,-84.175818,5/29/14 13:59,Injury,2,Daylight
4373209,Pedestrian,33.516792,-82.074773,2/13/13 15:17,Injury,2,Daylight
6182086,Pedestrian,33.772572,-84.380233,4/1/17 12:00,Injury,2,Daylight
5510016,Pedestrian,33.752519,-83.872364,11/10/15 15:31,Injury,2,Daylight
4967218,Pedestrian,33.817513,-84.314977,9/7/14 13:30,Injury,2,Daylight
5482078,Pedestrian,34.409526,-84.110527,10/24/15 16:35,Injury,2,Daylight
5806940,Pedestrian,34.569156,-83.325496,5/4/15 14:50,Injury,2,Daylight
4682027,Pedestrian,34.25645,-85.16824,12/19/13 10:59,Injury,2,Daylight
5812505,Pedestrian,33.920514,-83.344859,5/9/16 19:04,Injury,2,Daylight
6223910,Pedestrian,33.641027,-84.490912,5/8/17 17:00,Injury,2,Daylight
4740349,Pedestrian,33.989094,-84.507805,2/15/14 17:15,Injury,2,Daylight
4579975,Pedestrian,30.78678,-81.64643,3/28/13 12:22,Injury,2,Daylight
5872958,Pedestrian,33.8129,-84.363571,8/10/16 11:25,Injury,2,Daylight
5035155,Pedestrian,33.725006,-84.154105,10/30/14 17:38,Injury,2,Daylight
5865402,Pedestrian,33.951735,-84.769926,8/6/16 8:06,Injury,2,Daylight
5385036,Pedestrian,33.739526,-84.398317,8/4/15 14:20,Injury,2,Daylight
6301140,Pedestrian,34.256024,-84.467337,6/24/17 7:35,Injury,2,Daylight
4481467,Pedestrian,33.962963,-84.14217,6/17/13 11:19,Injury,2,Daylight
4752896,Pedestrian,33.487385,-84.207046,3/5/14 15:38,Injury,2,Daylight
4841316,Pedestrian,33.6827,-84.803,5/6/14 7:45,Injury,2,Daylight
4860780,Pedestrian,33.741845,-84.34725,5/19/14 12:29,Injury,2,Daylight
6290845,Pedestrian,33.469786,-82.060179,6/27/17 17:41,Injury,2,Daylight
5204158,Pedestrian,33.958771,-84.141671,2/28/15 17:17,Injury,2,Daylight
5924563,Pedestrian,34.288559,-84.199842,8/22/16 16:15,Injury,2,Daylight
4839539,Pedestrian,34.25487,-83.46516,5/6/14 15:34,Injury,2,Daylight
5492480,Pedestrian,33.304973,-83.684425,10/28/15 16:46,Injury,2,Daylight
6058400,Pedestrian,32.457628,-83.679025,12/27/16 16:31,Injury,2,Daylight
6344847,Pedestrian,33.473297,-85.29155,8/2/17 15:40,Injury,2,Daylight
4349980,Pedestrian,33.942591,-83.991058,2/9/13 17:25,Injury,2,Daylight
5789307,Pedestrian,30.825246,-83.981332,6/9/16 19:03,Injury,2,Daylight
6158894,Pedestrian,32.61827,-83.613071,3/21/17 11:03,Injury,2,Daylight
4570691,Pedestrian,34.071233,-83.984193,9/7/13 15:24,Injury,2,Daylight
4579683,Pedestrian,33.748386,-84.396872,9/21/13 9:20,Injury,2,Daylight
6048004,Pedestrian,33.903116,-84.487583,12/18/16 11:35,Injury,2,Daylight
4623471,Pedestrian,33.58294,-83.45855,9/5/13 19:45,Injury,2,Daylight
4675989,Pedestrian,32.87407,-83.70898,11/22/13 12:13,Injury,2,Daylight
4856651,Pedestrian,31.9999,-81.068781,5/23/14 11:57,Injury,2,Daylight
5316300,Pedestrian,31.448561,-83.196637,6/4/15 18:01,Injury,2,Daylight
4929491,Pedestrian,33.936682,-84.357707,8/3/14 11:46,Injury,2,Daylight
6271901,Pedestrian,33.681273,-84.407704,6/8/17 18:46,Injury,2,Daylight
4741128,Pedestrian,31.622546,-84.215344,2/23/14 12:41,Injury,2,Daylight
5568678,Pedestrian,33.753618,-84.295992,12/19/15 9:58,Injury,2,Daylight
5621344,Pedestrian,32.073721,-81.115532,2/2/16 16:53,Injury,2,Daylight
5692586,Pedestrian,32.802754,-83.650345,2/29/16 12:42,Injury,2,Daylight
6258924,Pedestrian,34.097782,-84.84679,5/29/17 16:48,Injury,2,Daylight
4512796,Pedestrian,32.103604,-81.149514,3/31/13 10:21,Injury,2,Daylight
5760273,Pedestrian,33.938714,-84.337976,5/10/16 15:41,Injury,2,Daylight
4604658,Pedestrian,33.911053,-84.596803,10/12/13 8:40,Injury,2,Daylight
6206955,Pedestrian,33.714495,-84.434147,4/22/17 22:08,Injury,2,Daylight
5955967,Pedestrian,34.695298,-85.290855,10/12/16 10:58,Injury,2,Daylight
5687858,Pedestrian,33.923619,-84.382713,3/23/16 12:18,Injury,2,Daylight
5978912,Pedestrian,33.76179,-84.508062,10/24/16 15:18,Injury,2,Daylight
6474567,Pedestrian,33.782887,-84.236556,10/31/17 17:51,Injury,2,Daylight
6394768,Pedestrian,33.861056,-84.329146,9/15/17 17:57,Injury,2,Daylight
6492193,Pedestrian,32.007897,-81.115314,11/30/17 10:11,Injury,2,Daylight
5119343,Pedestrian,33.943681,-84.300248,1/6/15 8:45,Injury,2,Daylight
5132770,Pedestrian,33.719755,-84.473749,1/13/15 9:20,Injury,2,Daylight
6424114,Pedestrian,34.007244,-84.403751,10/2/17 16:40,Injury,2,Daylight
6506504,Pedestrian,34.4443,-83.80108,12/8/17 7:16,Injury,2,Daylight
4336265,Pedestrian,33.572863,-84.367327,1/24/13 8:11,Injury,2,Daylight
4532530,Pedestrian,31.68544,-83.67138,7/31/13 14:13,Injury,2,Daylight
5841342,Pedestrian & Bicyclist,34.77525,-84.950838,6/27/16 17:54,Property Damaged Only,1,Daylight
5329958,Pedestrian & Bicyclist,31.76879,-84.441266,6/19/15 12:51,Property Damaged Only,1,Daylight
5947394,Pedestrian & Bicyclist,33.84216,-84.06004,10/2/16 11:13,Property Damaged Only,1,Daylight
5746204,Pedestrian & Bicyclist,33.567964,-84.488977,5/7/16 15:10,Injury,2,Daylight
4743166,Bicyclist,32.475436,-84.882837,2/24/14 17:45,Property Damaged Only,1,Daylight
4782832,Bicyclist,33.947766,-84.335519,4/5/14 9:44,Property Damaged Only,1,Daylight
5218810,Bicyclist,33.80856,-84.136902,3/15/15 17:04,Property Damaged Only,1,Daylight
5432015,Bicyclist,33.453924,-84.558005,8/19/15 8:10,Property Damaged Only,1,Daylight
4527333,Bicyclist,33.79101,-84.21689,8/1/13 19:29,Property Damaged Only,1,Daylight
4674800,Bicyclist,31.146375,-81.49451,12/12/13 14:20,Property Damaged Only,1,Daylight
5751377,Bicyclist,32.076059,-81.098967,5/11/16 13:19,Property Damaged Only,1,Daylight
6016882,Bicyclist,32.03944,-81.018939,11/28/16 13:57,Property Damaged Only,1,Daylight
4468862,Bicyclist,33.915668,-84.163063,6/3/13 7:42,Property Damaged Only,1,Daylight
5609909,Bicyclist,33.86478,-84.594601,1/20/16 14:47,Property Damaged Only,1,Daylight
4822534,Bicyclist,34.029269,-84.336263,4/21/14 18:17,Property Damaged Only,1,Daylight
4514033,Bicyclist,34.092826,-84.206828,6/12/13 14:30,Property Damaged Only,1,Daylight
5917457,Bicyclist,33.883957,-84.5144,8/30/16 19:30,Property Damaged Only,1,Daylight
6486210,Bicyclist,32.593993,-83.646084,11/24/17 10:32,Property Damaged Only,1,Daylight
5556051,Bicyclist,33.781515,-84.397715,12/14/15 9:17,Property Damaged Only,1,Daylight
5484666,Bicyclist,30.835898,-83.980007,10/26/15 7:56,Property Damaged Only,1,Daylight
5354626,Bicyclist,32.821753,-83.6745,7/13/15 15:25,Property Damaged Only,1,Daylight
4868507,Bicyclist,33.5557,-84.314073,6/4/14 11:10,Property Damaged Only,1,Daylight
5995555,Bicyclist,33.595279,-84.480191,11/11/16 18:44,Property Damaged Only,1,Daylight
4455089,Bicyclist,33.76346,-84.41375,4/30/13 9:48,Property Damaged Only,1,Daylight
5394731,Bicyclist,34.791407,-84.962067,7/30/15 20:08,Property Damaged Only,1,Daylight
6377244,Bicyclist,33.787756,-84.327523,8/30/17 8:25,Property Damaged Only,1,Daylight
5294437,Bicyclist,33.596817,-84.369898,10/12/13 16:02,Property Damaged Only,1,Daylight
6524702,Bicyclist,33.376668,-84.800256,12/20/17 8:30,Property Damaged Only,1,Daylight
5664455,Bicyclist,32.061887,-81.095892,3/7/16 12:17,Property Damaged Only,1,Daylight
6235463,Bicyclist,33.772349,-84.395706,1/13/17 13:00,Property Damaged Only,1,Daylight
4850297,Bicyclist,31.203939,-81.375886,3/9/14 17:58,Property Damaged Only,1,Daylight
4621514,Bicyclist,33.544001,-82.104738,9/30/13 7:19,Property Damaged Only,1,Daylight
4984216,Bicyclist,32.034935,-81.067493,9/15/14 13:00,Property Damaged Only,1,Daylight
4495589,Bicyclist,33.940758,-84.525478,7/4/13 16:50,Property Damaged Only,1,Daylight
4695971,Bicyclist,33.899532,-84.206992,1/3/14 17:10,Property Damaged Only,1,Daylight
5010647,Bicyclist,33.476209,-82.498887,9/30/14 15:29,Property Damaged Only,1,Daylight
6445536,Bicyclist,34.66921,-84.96314,10/24/17 18:32,Fatal,3,Daylight
6006776,Bicyclist,34.244624,-83.709681,11/18/16 10:12,Fatal,3,Daylight
4427129,Bicyclist,31.372192,-81.43433,4/23/13 18:25,Injury,2,Daylight
5851846,Bicyclist,33.786231,-84.406979,7/26/16 16:18,Injury,2,Daylight
4708974,Bicyclist,33.970277,-84.097234,1/18/14 14:09,Injury,2,Daylight
5771748,Bicyclist,31.230395,-82.332795,5/25/16 9:44,Injury,2,Daylight
5262683,Bicyclist,34.957521,-84.993416,4/16/15 10:41,Injury,2,Daylight
5001353,Bicyclist,30.898989,-84.570072,4/29/14 15:19,Injury,2,Daylight
4859746,Bicyclist,32.657727,-83.747179,5/7/14 15:00,Injury,2,Daylight
6509870,Bicyclist,32.434973,-81.757423,11/27/17 17:03,Injury,2,Daylight
5138045,Bicyclist,34.025955,-84.332295,1/21/15 11:44,Injury,2,Daylight
6356131,Bicyclist,33.76466,-84.391939,8/14/17 8:20,Injury,2,Daylight
4482955,Bicyclist,33.984214,-83.416824,6/18/13 14:44,Injury,2,Daylight
6174453,Bicyclist,32.627573,-83.612944,3/31/17 12:37,Injury,2,Daylight
4424975,Bicyclist,33.786613,-84.386951,4/18/13 7:52,Injury,2,Daylight
5380171,Bicyclist,33.799259,-84.407771,8/1/15 20:00,Injury,2,Daylight
4777113,Bicyclist,33.49641,-82.143132,3/15/14 17:47,Injury,2,Daylight
6273945,Bicyclist,32.063372,-81.101568,6/14/17 17:51,Injury,2,Daylight
5031505,Bicyclist,32.06506,-81.09139,10/27/14 16:18,Injury,2,Daylight
4995376,Bicyclist,33.570069,-83.849575,9/21/14 11:01,Injury,2,Daylight
5153919,Bicyclist,32.504723,-83.72705,2/1/15 15:32,Injury,2,Daylight
4933376,Bicyclist,31.62709,-84.11983,8/9/14 9:00,Injury,2,Daylight
5170778,Bicyclist,33.967225,-83.392671,2/6/15 15:00,Injury,2,Daylight
5325899,Bicyclist,31.199529,-82.340168,5/29/15 20:05,Injury,2,Daylight
6513551,Bicyclist,31.833083,-81.61193,12/14/17 8:10,Injury,2,Daylight
4858631,Bicyclist,33.802728,-84.155124,5/25/14 10:08,Injury,2,Daylight
4889439,Bicyclist,34.070566,-83.913202,6/23/14 14:31,Injury,2,Daylight
4878649,Bicyclist,30.85555,-83.260505,6/13/14 17:52,Injury,2,Daylight
5014531,Bicyclist,33.914801,-84.37552,10/11/14 19:30,Injury,2,Daylight
4940161,Bicyclist,31.1887,-81.36801,8/5/14 9:00,Injury,2,Daylight
4706440,Bicyclist,33.930852,-84.264874,1/17/14 9:49,Injury,2,Daylight
5368781,Bicyclist,34.024433,-85.261131,7/23/15 17:45,Injury,2,Daylight
4877916,Bicyclist,33.568344,-84.538465,6/14/14 16:02,Injury,2,Daylight
6231956,Bicyclist,32.220253,-82.411476,5/10/17 18:14,Injury,2,Daylight
5475907,Bicyclist,33.956083,-84.139865,10/16/15 17:46,Injury,2,Daylight
6469541,Bicyclist,31.978331,-81.259763,11/12/17 17:17,Injury,2,Daylight
4687484,Pedestrian,34.036578,-83.988423,12/24/13 13:55,Property Damaged Only,1,Daylight
4934153,Pedestrian,33.863259,-84.287584,8/11/14 9:00,Property Damaged Only,1,Daylight
4862678,Pedestrian,31.994144,-81.114281,5/29/14 19:49,Property Damaged Only,1,Daylight
5818578,Pedestrian,33.802729,-84.193195,6/30/16 12:50,Property Damaged Only,1,Daylight
5778940,Pedestrian,33.568038,-84.015745,5/31/16 20:06,Property Damaged Only,1,Daylight
5475175,Pedestrian,31.177892,-83.787049,9/19/15 8:12,Property Damaged Only,1,Daylight
5202084,Pedestrian,34.086195,-84.530864,2/1/15 17:19,Property Damaged Only,1,Daylight
5505069,Pedestrian,33.953278,-83.365279,11/9/15 9:30,Property Damaged Only,1,Daylight
5280478,Pedestrian,34.051032,-84.595055,5/7/15 9:05,Property Damaged Only,1,Daylight
4401125,Pedestrian,34.061248,-84.431742,3/31/13 13:17,Property Damaged Only,1,Daylight
6513824,Pedestrian,32.447619,-84.950564,12/7/17 16:00,Property Damaged Only,1,Daylight
5386650,Pedestrian,32.771338,-83.659364,8/11/15 15:53,Property Damaged Only,1,Daylight
4554493,Pedestrian,33.763589,-84.440736,8/23/13 13:20,Property Damaged Only,1,Daylight
5759693,Pedestrian,33.907779,-84.356,5/16/16 15:20,Property Damaged Only,1,Daylight
5258044,Pedestrian,33.901365,-84.272928,4/18/15 8:47,Property Damaged Only,1,Daylight
5653111,Pedestrian,30.826021,-83.279555,2/27/16 11:48,Property Damaged Only,1,Daylight
5139458,Pedestrian,33.858645,-84.34082,1/24/15 9:55,Property Damaged Only,1,Daylight
6363993,Pedestrian,33.953608,-83.393617,8/22/17 17:42,Property Damaged Only,1,Daylight
6202382,Pedestrian,33.990367,-84.629016,4/21/17 12:05,Property Damaged Only,1,Daylight
6181688,Pedestrian,34.959009,-83.761347,7/12/15 20:15,Property Damaged Only,1,Daylight
5473709,Pedestrian,33.89917,-84.135538,10/18/15 9:52,Property Damaged Only,1,Daylight
4690238,Pedestrian,33.63895,-84.44688,11/10/13 13:30,Property Damaged Only,1,Daylight
5127989,Pedestrian,33.869262,-84.334267,1/13/15 17:10,Property Damaged Only,1,Daylight
5285629,Pedestrian,33.941152,-84.245908,5/6/15 16:00,Property Damaged Only,1,Daylight
5126550,Pedestrian,33.771165,-84.371777,12/29/14 6:30,Property Damaged Only,1,Daylight
6285749,Pedestrian,22468.7125,14195.4,6/21/17 7:30,Property Damaged Only,1,Daylight
6455250,Pedestrian,32.070595,-81.098809,10/23/17 9:00,Property Damaged Only,1,Daylight
6537429,Pedestrian,31.184657,-81.48887,12/29/17 9:51,Property Damaged Only,1,Daylight
4470522,Pedestrian,32.431488,-84.906298,6/7/13 9:43,Property Damaged Only,1,Daylight
4860442,Pedestrian,34.8766,-84.30013,5/27/14 16:21,Property Damaged Only,1,Daylight
6095561,Pedestrian,32.045585,-81.109632,1/27/17 11:18,Property Damaged Only,1,Daylight
4787111,Pedestrian,33.676003,-84.420958,4/10/14 16:30,Property Damaged Only,1,Daylight
6042919,Pedestrian,33.73715,-84.229507,12/16/16 15:40,Property Damaged Only,1,Daylight
6350259,Pedestrian,32.041328,-81.068168,8/11/17 16:19,Property Damaged Only,1,Daylight
5441997,Pedestrian,33.542472,-84.358503,9/25/15 8:25,Property Damaged Only,1,Daylight
4519373,Pedestrian,32.47019,-84.94179,7/24/13 20:30,Property Damaged Only,1,Daylight
5868029,Pedestrian,31.65835,-81.913408,8/5/15 18:12,Property Damaged Only,1,Daylight
6341975,Pedestrian,33.738018,-84.259899,8/5/17 0:00,Property Damaged Only,1,Daylight
6334855,Pedestrian,34.038312,-84.319954,7/31/17 18:29,Property Damaged Only,1,Daylight
6396444,Pedestrian,33.706827,-84.374751,9/14/17 15:24,Property Damaged Only,1,Daylight
4390405,Pedestrian,33.930434,-84.356091,3/10/13 12:39,Property Damaged Only,1,Daylight
5738364,Pedestrian,33.895173,-84.21264,4/30/16 19:00,Property Damaged Only,1,Daylight
4474179,Pedestrian,33.57234,-84.462913,6/1/13 19:15,Property Damaged Only,1,Daylight
5925373,Pedestrian,32.068612,-81.10186,9/19/16 9:40,Property Damaged Only,1,Daylight
6307190,Pedestrian,34.036586,-84.578109,7/11/17 19:33,Property Damaged Only,1,Daylight
6297411,Pedestrian,33.71675,-84.349453,7/4/17 18:34,Property Damaged Only,1,Daylight
5096945,Pedestrian,34.04632,-84.580923,12/16/14 8:30,Property Damaged Only,1,Daylight
5410310,Pedestrian,33.78833,-84.387794,8/18/15 13:00,Property Damaged Only,1,Daylight
5072926,Pedestrian,34.265799,-85.201174,12/3/14 16:50,Property Damaged Only,1,Daylight
5112178,Pedestrian,33.504056,-84.371447,12/30/14 14:19,Property Damaged Only,1,Daylight
6506061,Pedestrian,33.692107,-84.091271,12/8/17 14:59,Property Damaged Only,1,Daylight
4427349,Pedestrian,33.818427,-84.222688,4/28/13 12:32,Property Damaged Only,1,Daylight
4505123,Pedestrian,33.247865,-84.262214,6/17/13 15:48,Property Damaged Only,1,Daylight
5937010,Pedestrian,33.766933,-84.253058,9/28/16 0:00,Property Damaged Only,1,Daylight
6447267,Pedestrian,32.057383,-81.120685,10/27/17 7:55,Property Damaged Only,1,Daylight
5049010,Pedestrian,32.433006,-81.78502,11/3/14 18:40,Property Damaged Only,1,Daylight
4552525,Pedestrian,33.544172,-84.367246,8/26/13 14:55,Property Damaged Only,1,Daylight
6056014,Pedestrian,32.088555,-81.125653,12/27/16 16:36,Property Damaged Only,1,Daylight
6271816,Pedestrian,33.750546,-84.273828,5/31/17 14:20,Property Damaged Only,1,Daylight
5507135,Pedestrian,33.811964,-84.279039,11/11/15 17:00,Property Damaged Only,1,Daylight
5580782,Pedestrian,33.444633,-82.247945,12/21/15 14:46,Property Damaged Only,1,Daylight
4356186,Pedestrian,32.053441,-81.108546,2/16/13 11:00,Property Damaged Only,1,Daylight
5986235,Pedestrian,33.710243,-84.208676,11/4/16 10:40,Property Damaged Only,1,Daylight
5021380,Pedestrian,33.563919,-84.321142,10/18/14 16:40,Property Damaged Only,1,Daylight
5860421,Pedestrian,33.887072,-83.926675,7/29/16 18:58,Property Damaged Only,1,Daylight
6356764,Pedestrian,33.759071,-84.136457,8/16/17 15:55,Property Damaged Only,1,Daylight
6072908,Pedestrian,34.073834,-84.56823,1/8/17 16:42,Property Damaged Only,1,Daylight
6402203,Pedestrian,33.71366,-84.27234,9/22/17 17:17,Property Damaged Only,1,Daylight
6127046,Pedestrian,34.023806,-84.329862,2/21/17 15:52,Property Damaged Only,1,Daylight
5356716,Pedestrian,34.022263,-84.325198,7/13/15 10:26,Property Damaged Only,1,Daylight
5887997,Pedestrian,33.951528,-84.550233,8/18/16 19:05,Property Damaged Only,1,Daylight
5436275,Pedestrian,33.983797,-84.350402,7/21/15 18:52,Property Damaged Only,1,Daylight
6367396,Pedestrian,33.79454,-84.226444,8/25/17 13:55,Property Damaged Only,1,Daylight
5341905,Pedestrian,32.448863,-84.962396,6/30/15 19:23,Property Damaged Only,1,Daylight
5783034,Pedestrian,33.351559,-82.06958,6/3/16 16:33,Property Damaged Only,1,Daylight
5460276,Pedestrian,33.907839,-84.108695,10/6/15 17:26,Property Damaged Only,1,Daylight
5852692,Pedestrian,31.674159,-84.067762,9/26/15 10:39,Property Damaged Only,1,Daylight
5062452,Pedestrian,33.740172,-84.346889,11/18/14 16:15,Property Damaged Only,1,Daylight
5936759,Pedestrian,33.589006,-84.548852,9/24/16 16:40,Property Damaged Only,1,Daylight
4794748,Pedestrian,33.681369,-84.424606,4/17/14 8:54,Property Damaged Only,1,Daylight
6095215,Pedestrian,33.942649,-83.341012,1/26/17 10:00,Property Damaged Only,1,Daylight
4952989,Pedestrian,32.080325,-81.097276,8/27/14 12:20,Property Damaged Only,1,Daylight
6410994,Pedestrian,33.73842,-84.7518,9/29/17 17:28,Fatal,3,Daylight
5830980,Pedestrian,34.187736,-83.59192,5/31/16 14:28,Fatal,3,Daylight
4686023,Pedestrian,31.52336,-82.82039,12/22/13 10:18,Fatal,3,Daylight
5310942,Pedestrian,33.743473,-84.5921,5/29/15 11:56,Fatal,3,Daylight
4792125,Pedestrian,33.910047,-84.174947,4/13/14 18:13,Fatal,3,Daylight
5756249,Pedestrian,33.044473,-83.232502,5/10/16 12:25,Fatal,3,Daylight
6176059,Pedestrian,33.760937,-84.506943,3/30/17 18:35,Fatal,3,Daylight
4578307,Pedestrian,33.898975,-84.211195,9/19/13 15:10,Injury,2,Daylight
5967078,Pedestrian,33.769919,-84.417415,10/20/16 16:54,Injury,2,Daylight
5921582,Pedestrian,33.518734,-82.06047,9/16/16 6:58,Injury,2,Daylight
4540514,Pedestrian,31.579906,-84.094683,8/15/13 17:24,Injury,2,Daylight
6202628,Pedestrian,33.710322,-84.250395,4/21/17 18:24,Injury,2,Daylight
6333352,Pedestrian,33.33502,-83.37136,7/27/17 18:01,Injury,2,Daylight
5979427,Pedestrian,33.953173,-84.548078,10/28/16 14:40,Injury,2,Daylight
4987089,Pedestrian,33.5934,-84.31631,9/19/14 8:30,Injury,2,Daylight
5375365,Pedestrian,33.968429,-84.059618,7/30/15 16:33,Injury,2,Daylight
5098889,Pedestrian,33.836998,-84.371101,12/17/14 8:18,Injury,2,Daylight
6108687,Pedestrian,32.09284,-81.149468,8/30/16 18:03,Injury,2,Daylight
5215251,Pedestrian,33.361062,-81.997112,3/11/15 15:49,Injury,2,Daylight
5425742,Pedestrian,33.699853,-84.497959,9/11/15 17:27,Injury,2,Daylight
5489514,Pedestrian,33.706178,-84.382099,10/23/15 14:54,Injury,2,Daylight
5780443,Pedestrian,33.730642,-84.357068,6/1/16 8:33,Injury,2,Daylight
6222079,Pedestrian,34.03454,-84.62943,5/7/17 15:04,Injury,2,Daylight
4780481,Pedestrian,33.47771,-82.00101,4/2/14 16:40,Injury,2,Daylight
5517049,Pedestrian,33.723842,-84.349403,11/19/15 15:30,Injury,2,Daylight
4370437,Pedestrian,33.77019,-84.46163,2/27/13 17:30,Injury,2,Daylight
5250425,Pedestrian,33.799813,-84.241528,4/12/15 14:38,Injury,2,Daylight
5131153,Pedestrian,32.03707,-81.215072,1/16/15 9:45,Injury,2,Daylight
5627091,Pedestrian,34.219465,-84.489203,1/11/16 15:45,Injury,2,Daylight
4529380,Pedestrian,34.00461,-84.04055,8/2/13 12:05,Injury,2,Daylight
6127263,Pedestrian,33.552633,-84.60681,2/22/17 13:39,Injury,2,Daylight
6347051,Pedestrian,33.698991,-84.378163,8/5/17 20:00,Injury,2,Daylight
4777751,Pedestrian,31.54873,-84.117726,4/1/14 10:23,Injury,2,Daylight
5649306,Pedestrian,33.927248,-84.351814,2/25/16 9:03,Injury,2,Daylight
5548164,Pedestrian,33.787098,-84.36736,12/6/15 17:03,Injury,2,Daylight
4705889,Pedestrian,33.772205,-84.249345,1/16/14 15:22,Injury,2,Daylight
6102249,Pedestrian,33.593228,-84.468297,1/28/17 10:15,Injury,2,Daylight
6394996,Pedestrian,33.961622,-83.375525,9/16/17 15:39,Injury,2,Daylight
5287653,Pedestrian,32.91661,-83.720438,5/13/15 18:39,Injury,2,Daylight
4834525,Pedestrian,33.582176,-84.376881,5/2/14 12:10,Injury,2,Daylight
5385715,Pedestrian,34.471483,-83.569281,8/7/15 12:15,Injury,2,Daylight
5232655,Pedestrian,33.753357,-84.41754,3/26/15 8:30,Injury,2,Daylight
5036296,Pedestrian,33.727109,-84.131739,10/31/14 18:40,Injury,2,Daylight
5497075,Pedestrian,33.781488,-84.38789,10/30/15 16:43,Injury,2,Daylight