incidentIdNbr,crashType,latitude,longitude,dateOfIncidentDate,severity,Mag,lightCondition
6141251,Pedestrian,33.378338,-82.094986,3/7/17 7:24,Injury,2,Daylight
6429822,Pedestrian,33.795136,-84.226663,10/16/17 16:30,Injury,2,Daylight
5397258,Pedestrian,34.552179,-84.935604,8/18/15 15:55,Injury,2,Daylight
6206605,Pedestrian,33.817726,-83.91416,4/21/17 13:20,Injury,2,Daylight
6004291,Pedestrian,33.753472,-84.349208,11/16/16 16:10,Injury,2,Daylight
4626472,Pedestrian,34.045743,-84.179437,9/14/13 18:12,Injury,2,Daylight
5166022,Pedestrian,31.560618,-84.161912,2/4/15 15:05,Injury,2,Daylight
6318420,Pedestrian,32.52641,-84.96447,7/21/17 15:21,Injury,2,Daylight
6254322,Pedestrian,33.643407,-84.014542,5/30/17 13:42,Injury,2,Daylight
4534838,Pedestrian,32.89092,-84.32091,8/4/13 16:23,Injury,2,Daylight
5872528,Pedestrian,33.7821,-84.279377,8/9/16 19:00,Injury,2,Daylight
5755609,Pedestrian,34.002011,-84.565494,5/12/16 9:18,Injury,2,Daylight
6230348,Pedestrian,30.853615,-83.328721,5/10/17 19:32,Injury,2,Daylight
5829840,Pedestrian,33.957684,-84.245573,7/4/16 17:20,Injury,2,Daylight
4393083,Pedestrian,30.845212,-83.275451,3/4/13 17:55,Injury,2,Daylight
4547443,Pedestrian,33.799926,-84.256677,8/22/13 19:34,Injury,2,Daylight
6176601,Pedestrian,33.41547,-84.02019,4/3/17 18:12,Injury,2,Daylight
4546597,Pedestrian,33.922317,-84.345495,8/21/13 15:30,Injury,2,Daylight
5399142,Pedestrian,33.092538,-83.237238,8/21/15 10:53,Injury,2,Daylight
4341857,Pedestrian,33.791307,-84.310245,2/1/13 8:06,Injury,2,Daylight
4779923,Pedestrian,33.81801,-84.387302,3/31/14 10:09,Injury,2,Daylight
4599239,Pedestrian,33.773448,-84.36416,9/23/13 12:38,Injury,2,Daylight
6203881,Pedestrian,33.47105,-83.81903,4/19/17 17:10,Injury,2,Daylight
6137904,Pedestrian,32.217317,-81.36847,3/3/17 7:34,Injury,2,Daylight
6449819,Pedestrian,33.817825,-84.349895,10/24/17 9:01,Injury,2,Daylight
5446902,Pedestrian,31.471663,-83.649218,9/28/15 20:02,Injury,2,Daylight
5531507,Pedestrian,34.261159,-84.029736,11/14/15 16:35,Injury,2,Daylight
5931021,Pedestrian,33.846774,-84.361756,9/19/16 14:34,Injury,2,Daylight
6422006,Pedestrian,33.916702,-84.84891,10/3/17 8:15,Injury,2,Daylight
6062474,Pedestrian,34.603913,-83.762822,12/28/16 11:48,Injury,2,Daylight
4524536,Pedestrian,34.461177,-84.42542,7/29/13 18:05,Injury,2,Daylight
6342571,Pedestrian,34.532512,-83.499,8/5/17 17:01,Injury,2,Daylight
4969853,Pedestrian,33.866422,-84.118493,9/5/14 7:17,Injury,2,Daylight
6397183,Pedestrian,33.762228,-84.386019,8/24/17 9:41,Injury,2,Daylight
4718447,Pedestrian,32.812687,-83.720422,1/6/14 15:52,Injury,2,Daylight
4922691,Pedestrian,31.186338,-82.31213,7/25/14 14:52,Injury,2,Daylight
5837917,Pedestrian,33.673389,-84.053774,7/13/16 20:30,Injury,2,Daylight
6398793,Pedestrian,33.840163,-84.255654,9/20/17 8:00,Injury,2,Daylight
6503122,Pedestrian,33.689067,-84.113179,12/6/17 15:15,Injury,2,Daylight
5246083,Pedestrian & Bicyclist,34.094764,-84.239388,4/6/15 8:22,Property Damaged Only,1,Daylight
6285744,Pedestrian & Bicyclist,33.871767,-84.33233,6/13/17 13:07,Injury,2,Daylight
4740070,Pedestrian & Bicyclist,33.80482,-84.135177,2/19/14 17:28,Injury,2,Daylight
6260147,Bicyclist,33.714995,-84.215695,5/9/17 17:30,Property Damaged Only,1,Daylight
5003812,Bicyclist,33.74669,-84.353484,10/1/14 7:40,Property Damaged Only,1,Daylight
5360498,Bicyclist,34.486158,-84.944491,7/18/15 12:16,Property Damaged Only,1,Daylight
4408383,Bicyclist,33.533709,-82.130295,3/21/13 9:51,Property Damaged Only,1,Daylight
5450873,Bicyclist,31.605572,-84.204229,7/7/15 18:17,Property Damaged Only,1,Daylight
5037484,Bicyclist,31.375373,-84.932079,11/2/14 9:45,Property Damaged Only,1,Daylight
4440570,Bicyclist,32.077516,-81.098463,5/11/13 17:26,Property Damaged Only,1,Daylight
4629593,Bicyclist,30.82763,-83.98431,11/2/13 17:36,Property Damaged Only,1,Daylight
4546374,Bicyclist,32.484405,-84.937497,8/21/13 15:55,Property Damaged Only,1,Daylight
5237840,Bicyclist,33.976748,-83.414447,3/31/15 18:13,Property Damaged Only,1,Daylight
5182441,Bicyclist,34.295503,-84.188816,1/25/15 13:22,Property Damaged Only,1,Daylight
6319455,Bicyclist,32.442185,-81.745697,6/13/17 11:23,Property Damaged Only,1,Daylight
6534078,Bicyclist,33.61444,-84.472752,12/15/17 12:14,Property Damaged Only,1,Daylight
5247937,Bicyclist,34.008196,-84.299623,4/9/15 8:35,Property Damaged Only,1,Daylight
5493766,Bicyclist,33.760016,-84.349424,10/21/15 16:20,Property Damaged Only,1,Daylight
4464191,Bicyclist,34.26649,-85.21952,6/1/13 13:08,Property Damaged Only,1,Daylight
6000348,Bicyclist,34.023846,-83.973852,11/14/16 8:42,Property Damaged Only,1,Daylight
5462775,Bicyclist,33.855834,-84.217568,8/15/15 14:06,Property Damaged Only,1,Daylight
5473301,Bicyclist,33.757609,-84.426602,9/19/15 9:00,Property Damaged Only,1,Daylight
4956426,Bicyclist,32.506945,-84.972944,8/29/14 10:20,Property Damaged Only,1,Daylight
6384892,Bicyclist,33.932856,-83.375719,9/6/17 17:00,Property Damaged Only,1,Daylight
5029538,Bicyclist,33.723402,-84.31853,10/1/14 18:57,Property Damaged Only,1,Daylight
5683794,Bicyclist,33.849326,-84.223136,3/20/16 17:00,Property Damaged Only,1,Daylight
4995379,Bicyclist,33.589518,-84.337356,9/24/14 17:48,Property Damaged Only,1,Daylight
5013365,Bicyclist,32.555993,-84.973108,10/10/14 11:05,Property Damaged Only,1,Daylight
4867948,Bicyclist,33.376446,-84.562124,5/21/14 15:49,Property Damaged Only,1,Daylight
5678930,Bicyclist,33.781511,-84.399171,12/11/15 8:39,Property Damaged Only,1,Daylight
4453217,Bicyclist,32.97726,-82.81304,4/13/13 14:49,Property Damaged Only,1,Daylight
5693868,Bicyclist,33.876733,-84.325532,3/29/16 17:21,Property Damaged Only,1,Daylight
6262478,Bicyclist,33.621424,-84.365797,5/20/17 8:06,Property Damaged Only,1,Daylight
6109824,Bicyclist,31.644521,-81.924955,1/4/17 17:06,Property Damaged Only,1,Daylight
5362933,Bicyclist,33.845079,-84.368948,7/17/15 19:11,Property Damaged Only,1,Daylight
5798292,Bicyclist,34.223986,-84.498266,5/23/16 13:51,Injury,2,Daylight
5384900,Bicyclist,33.576028,-83.889676,8/2/15 14:31,Injury,2,Daylight
5853400,Bicyclist,33.932346,-84.478718,7/26/16 8:33,Injury,2,Daylight
4440657,Bicyclist,32.027392,-81.072355,5/11/13 18:23,Injury,2,Daylight
4688006,Bicyclist,34.027087,-84.098517,11/10/13 16:57,Injury,2,Daylight
4887900,Bicyclist,32.036136,-81.112778,6/24/14 15:03,Injury,2,Daylight
4867956,Bicyclist,33.385104,-84.550248,5/25/14 10:33,Injury,2,Daylight
6342781,Bicyclist,33.912874,-84.546544,8/5/17 17:49,Injury,2,Daylight
6090507,Bicyclist,33.902479,-84.123127,1/20/17 15:47,Injury,2,Daylight
5157395,Bicyclist,34.420588,-84.115756,9/28/14 9:57,Injury,2,Daylight
5547738,Bicyclist,34.383647,-83.682519,12/13/15 15:07,Injury,2,Daylight
6078658,Bicyclist,34.237723,-85.167306,1/14/17 14:10,Injury,2,Daylight
5342185,Bicyclist,32.40732,-81.781645,6/29/15 13:55,Injury,2,Daylight
6194692,Bicyclist,30.726379,-83.524229,4/11/17 12:45,Injury,2,Daylight
4668602,Bicyclist,32.414657,-84.959145,12/9/13 16:50,Injury,2,Daylight
5930273,Bicyclist,31.207043,-82.333082,9/21/16 13:32,Injury,2,Daylight
4744474,Bicyclist,31.48707,-82.82474,2/22/14 17:45,Injury,2,Daylight
6150046,Bicyclist,34.001033,-83.910854,3/8/17 16:41,Injury,2,Daylight
5308920,Bicyclist,33.302457,-82.053063,5/31/15 14:35,Injury,2,Daylight
5756285,Bicyclist,31.81313,-81.605831,5/15/16 15:13,Injury,2,Daylight
6228724,Bicyclist,33.777157,-84.395444,11/16/16 12:03,Injury,2,Daylight
6034391,Bicyclist,31.203677,-81.50598,12/2/16 15:23,Injury,2,Daylight
5039104,Bicyclist,32.05904,-81.09689,11/3/14 13:42,Injury,2,Daylight
4980017,Bicyclist,34.03812,-84.358874,9/13/14 13:32,Injury,2,Daylight
5271192,Bicyclist,33.513276,-82.103319,4/8/15 14:32,Injury,2,Daylight
6103348,Bicyclist,33.544979,-84.244786,2/2/17 17:24,Injury,2,Daylight
4555289,Bicyclist,34.083639,-84.280662,8/28/13 16:16,Injury,2,Daylight
5764554,Bicyclist,32.867351,-83.559001,5/20/16 18:59,Injury,2,Daylight
6343592,Bicyclist,34.885468,-85.270764,7/25/17 15:50,Injury,2,Daylight
5557556,Bicyclist,34.279992,-83.83146,12/16/15 8:08,Injury,2,Daylight
6238340,Bicyclist,235.752,145.7746,5/14/17 18:19,Injury,2,Daylight
5790593,Bicyclist,32.079978,-81.087711,6/11/16 13:01,Injury,2,Daylight
4392520,Bicyclist,32.010072,-80.958877,3/24/13 18:14,Injury,2,Daylight
5673762,Bicyclist,34.198626,-84.140642,3/11/16 14:55,Injury,2,Daylight
5978989,Bicyclist,31.133825,-81.583066,10/24/16 17:14,Injury,2,Daylight
5828809,Bicyclist,33.949105,-83.397327,7/11/16 18:03,Injury,2,Daylight
4872841,Bicyclist,33.402302,-84.5723,6/8/14 12:08,Injury,2,Daylight
4724640,Bicyclist,34.094999,-84.520364,2/5/14 13:10,Injury,2,Daylight
5346667,Bicyclist,33.704345,-84.464649,6/28/15 16:13,Injury,2,Daylight
4694336,Pedestrian,34.2667,-85.204253,1/3/14 15:15,Property Damaged Only,1,Daylight
5404937,Pedestrian,33.905333,-84.200049,8/22/15 11:25,Property Damaged Only,1,Daylight
5207137,Pedestrian,33.866774,-84.476572,3/5/15 12:50,Property Damaged Only,1,Daylight
6391743,Pedestrian,33.819467,-84.388549,9/10/17 16:28,Property Damaged Only,1,Daylight
5020270,Pedestrian,33.822816,-84.38326,9/12/14 8:00,Property Damaged Only,1,Daylight
6245141,Pedestrian,231.5411,140.8708,5/20/17 17:43,Property Damaged Only,1,Daylight
5523745,Pedestrian,33.805636,-84.393905,11/25/15 10:54,Property Damaged Only,1,Daylight
5152235,Pedestrian,32.049084,-81.117123,1/30/15 15:25,Property Damaged Only,1,Daylight
5536043,Pedestrian,33.781519,-84.39917,9/14/15 16:30,Property Damaged Only,1,Daylight
5752341,Pedestrian,33.889954,-84.475681,4/27/16 17:40,Property Damaged Only,1,Daylight
5693883,Pedestrian,33.092061,-83.239852,3/29/16 18:17,Property Damaged Only,1,Daylight
6042906,Pedestrian,33.42155,-82.064548,12/16/16 12:43,Property Damaged Only,1,Daylight
6248138,Pedestrian,33.555951,-84.370279,5/24/17 16:52,Property Damaged Only,1,Daylight
4423763,Pedestrian,33.825923,-84.33305,4/24/13 10:00,Property Damaged Only,1,Daylight
4607916,Pedestrian,33.901041,-84.475229,10/15/13 12:17,Property Damaged Only,1,Daylight
5895016,Pedestrian,33.867655,-84.54507,8/26/16 4:59,Property Damaged Only,1,Daylight
4995411,Pedestrian,33.871774,-84.332314,9/23/14 11:10,Property Damaged Only,1,Daylight
6162043,Pedestrian,33.681326,-84.412086,3/18/17 17:43,Property Damaged Only,1,Daylight
6169319,Pedestrian,32.622666,-83.641532,3/27/17 14:46,Property Damaged Only,1,Daylight
5838652,Pedestrian,33.645675,-84.014061,7/12/16 19:05,Property Damaged Only,1,Daylight
6237555,Pedestrian,32.486732,-84.96428,5/17/17 15:45,Property Damaged Only,1,Daylight
5034543,Pedestrian,31.16789,-81.493013,10/29/14 16:20,Property Damaged Only,1,Daylight
6116208,Pedestrian,32.434021,-84.911525,2/13/17 7:25,Property Damaged Only,1,Daylight
5537837,Pedestrian,32.468564,-84.892381,12/4/15 15:03,Property Damaged Only,1,Daylight
6477860,Pedestrian,33.998278,-84.708603,11/17/17 8:35,Property Damaged Only,1,Daylight
6212828,Pedestrian,33.570598,-84.412789,4/26/17 10:58,Property Damaged Only,1,Daylight
4354682,Pedestrian,33.80618,-84.2407,2/14/13 17:30,Property Damaged Only,1,Daylight
4978222,Pedestrian,33.455129,-82.01294,9/13/14 18:16,Property Damaged Only,1,Daylight
4572138,Pedestrian,33.959953,-83.373344,9/16/13 20:16,Property Damaged Only,1,Daylight
5787630,Pedestrian,32.840992,-83.685662,6/8/16 14:31,Property Damaged Only,1,Daylight
5098981,Pedestrian,33.718561,-84.215353,12/17/14 11:15,Property Damaged Only,1,Daylight
4631632,Pedestrian,33.91096,-84.26245,11/5/13 9:10,Property Damaged Only,1,Daylight
6038997,Pedestrian,31.217625,-82.362936,12/7/16 14:39,Property Damaged Only,1,Daylight
6298591,Pedestrian,31.633613,-84.171337,4/2/17 19:03,Property Damaged Only,1,Daylight
4467500,Pedestrian,33.575342,-84.412294,6/3/13 14:07,Property Damaged Only,1,Daylight
6206758,Pedestrian,32.048155,-81.11432,4/25/17 0:00,Property Damaged Only,1,Daylight
6075694,Pedestrian,33.827656,-84.329807,9/24/16 11:40,Property Damaged Only,1,Daylight
6093171,Pedestrian,33.932313,-83.310899,1/23/17 11:21,Property Damaged Only,1,Daylight
6525994,Pedestrian,33.878826,-84.532587,12/20/17 16:09,Property Damaged Only,1,Daylight
6567045,Pedestrian,33.74121,-84.4021,11/16/17 18:07,Property Damaged Only,1,Daylight
4939391,Pedestrian,33.295116,-83.967354,11/12/13 11:35,Property Damaged Only,1,Daylight
5118653,Pedestrian,34.19252,-84.53857,1/5/15 15:35,Property Damaged Only,1,Daylight
4410406,Pedestrian,32.60059,-82.34054,4/9/13 18:25,Property Damaged Only,1,Daylight
6387835,Pedestrian,33.654959,-84.501266,9/10/17 14:36,Property Damaged Only,1,Daylight
5476178,Pedestrian,33.802126,-84.310092,10/20/15 13:07,Property Damaged Only,1,Daylight
4659353,Pedestrian,32.074045,-81.091322,11/29/13 12:09,Property Damaged Only,1,Daylight
5242522,Pedestrian,33.762213,-84.384155,3/29/15 10:13,Property Damaged Only,1,Daylight
4928898,Pedestrian,33.755881,-84.265973,8/5/14 14:15,Property Damaged Only,1,Daylight
4746813,Pedestrian,33.742475,-84.387704,2/21/14 10:50,Property Damaged Only,1,Daylight
6099525,Pedestrian,33.744758,-84.219179,1/31/17 0:00,Property Damaged Only,1,Daylight
5767952,Pedestrian,33.047227,-85.029112,5/23/16 9:16,Property Damaged Only,1,Daylight
5477364,Pedestrian,33.203967,-82.384533,10/11/15 9:51,Property Damaged Only,1,Daylight
6322475,Pedestrian,31.842019,-81.601595,7/24/17 15:42,Property Damaged Only,1,Daylight
4736632,Pedestrian,34.25695,-85.16584,2/18/14 13:29,Property Damaged Only,1,Daylight
5991571,Pedestrian,33.468723,-84.221633,11/8/16 16:00,Property Damaged Only,1,Daylight
5234266,Pedestrian,32.065134,-81.098327,3/28/15 18:10,Property Damaged Only,1,Daylight
6139936,Pedestrian,33.789871,-84.496116,3/3/17 11:50,Property Damaged Only,1,Daylight
4780467,Pedestrian,32.46518,-84.919896,4/3/14 19:22,Property Damaged Only,1,Daylight
5265707,Pedestrian,31.989924,-81.080388,4/24/15 15:30,Property Damaged Only,1,Daylight
6390214,Pedestrian,33.760959,-84.386039,9/11/17 13:44,Property Damaged Only,1,Daylight
4469818,Pedestrian,33.474419,-81.963399,5/16/13 15:24,Property Damaged Only,1,Daylight
5751564,Pedestrian,34.169303,-84.426194,5/11/16 15:45,Property Damaged Only,1,Daylight
5017041,Pedestrian,32.043995,-81.113657,10/14/14 16:39,Property Damaged Only,1,Daylight
5016419,Pedestrian,33.80257,-84.248953,10/11/14 15:30,Property Damaged Only,1,Daylight
4562512,Pedestrian,34.012621,-84.020352,9/2/13 21:35,Property Damaged Only,1,Daylight
6033934,Pedestrian,33.940665,-84.24933,12/2/16 16:00,Property Damaged Only,1,Daylight
5836754,Pedestrian,31.572593,-84.107402,7/13/16 20:23,Property Damaged Only,1,Daylight
5050177,Pedestrian,33.781799,-84.407868,11/10/14 15:13,Property Damaged Only,1,Daylight
4465105,Pedestrian,33.777292,-83.982767,5/29/13 18:11,Property Damaged Only,1,Daylight
5710483,Pedestrian,33.988782,-83.339198,4/11/16 15:10,Property Damaged Only,1,Daylight
6437531,Pedestrian,33.71885,-84.140742,10/21/17 18:30,Property Damaged Only,1,Daylight
4784834,Pedestrian,32.469442,-84.945632,4/8/14 10:25,Property Damaged Only,1,Daylight
6447317,Pedestrian,33.510724,-82.028944,10/27/17 0:00,Property Damaged Only,1,Daylight
4788662,Pedestrian,32.819856,-83.76356,4/2/14 6:29,Property Damaged Only,1,Daylight
6528922,Pedestrian,33.850536,-84.360088,12/19/17 17:32,Property Damaged Only,1,Daylight
5246387,Pedestrian,34.11311,-83.81897,4/7/15 17:39,Property Damaged Only,1,Daylight
5240636,Pedestrian,33.855963,-84.140271,4/2/15 7:49,Property Damaged Only,1,Daylight
6360306,Pedestrian,34.26961,-83.8584,8/17/17 10:36,Property Damaged Only,1,Daylight
4625800,Pedestrian,31.149822,-81.492459,10/30/13 11:05,Property Damaged Only,1,Daylight
4611299,Pedestrian,33.80999,-84.19376,10/18/13 17:10,Property Damaged Only,1,Daylight
4630930,Pedestrian,33.58162,-84.469458,11/4/13 16:20,Property Damaged Only,1,Daylight
5689181,Pedestrian,33.754607,-84.268161,3/26/16 8:57,Property Damaged Only,1,Daylight
5575808,Pedestrian,33.888054,-84.381618,12/30/15 15:09,Property Damaged Only,1,Daylight
4931931,Pedestrian,33.821722,-84.235938,8/8/14 19:50,Property Damaged Only,1,Daylight
5416495,Pedestrian,34.032882,-84.867036,9/4/15 8:40,Fatal,3,Daylight
5056223,Pedestrian,32.033816,-81.253518,11/19/14 8:20,Fatal,3,Daylight
6162158,Pedestrian,33.527756,-84.183865,3/20/17 19:10,Fatal,3,Daylight
4431849,Pedestrian,33.471962,-84.03719,4/27/13 12:24,Fatal,3,Daylight
4866740,Pedestrian,31.965742,-83.784177,6/2/14 10:01,Fatal,3,Daylight
6322290,Pedestrian,33.873477,-84.614678,7/14/17 15:00,Fatal,3,Daylight
6314465,Pedestrian,33.823586,-84.367322,7/11/17 9:10,Fatal,3,Daylight
5222093,Pedestrian,32.455215,-81.785476,3/19/15 10:54,Injury,2,Daylight
4589110,Pedestrian,33.919105,-84.378286,10/2/13 10:55,Injury,2,Daylight
5283102,Pedestrian,34.978752,-85.255645,5/8/15 15:40,Injury,2,Daylight
5419924,Pedestrian,33.769897,-84.382179,9/3/15 10:39,Injury,2,Daylight
6020494,Pedestrian,33.727991,-84.251829,11/30/16 15:46,Injury,2,Daylight
5799251,Pedestrian,33.445439,-82.197736,6/17/16 18:16,Injury,2,Daylight
4673468,Pedestrian,33.453257,-84.167207,12/12/13 19:45,Injury,2,Daylight
4532849,Pedestrian,33.854002,-84.60327,8/3/13 13:30,Injury,2,Daylight
6207655,Pedestrian,33.763957,-84.372078,4/25/17 14:53,Injury,2,Daylight
6258314,Pedestrian,34.022582,-84.327345,5/31/17 16:33,Injury,2,Daylight
6184200,Pedestrian,33.806707,-84.393879,4/1/17 8:36,Injury,2,Daylight
5970810,Pedestrian,32.482319,-84.900066,10/24/16 16:55,Injury,2,Daylight
4975850,Pedestrian,32.250412,-84.50502,9/7/14 10:15,Injury,2,Daylight
6020999,Pedestrian,33.801403,-84.002405,11/30/16 7:44,Injury,2,Daylight
5247110,Pedestrian,33.597561,-84.37827,4/8/15 15:05,Injury,2,Daylight
6075320,Pedestrian,33.961616,-83.399118,1/11/17 15:00,Injury,2,Daylight
6408148,Pedestrian,33.852916,-84.336734,9/25/17 20:17,Injury,2,Daylight
4644018,Pedestrian,33.540262,-84.198814,11/16/13 15:59,Injury,2,Daylight
4560990,Pedestrian,33.59578,-83.46826,9/1/13 16:57,Injury,2,Daylight
4939502,Pedestrian,31.233191,-82.360181,6/3/14 13:44,Injury,2,Daylight
4566210,Pedestrian,33.764922,-84.2513,9/10/13 16:15,Injury,2,Daylight
5388982,Pedestrian,34.546845,-83.974685,8/12/15 13:45,Injury,2,Daylight
4545773,Pedestrian,33.909033,-84.37877,8/16/13 13:14,Injury,2,Daylight
6507805,Pedestrian,33.841902,-84.329808,12/9/17 13:47,Injury,2,Daylight
4884705,Pedestrian,32.82309,-83.669666,6/21/14 13:11,Injury,2,Daylight
4563188,Pedestrian,33.896861,-84.242456,9/6/13 15:55,Injury,2,Daylight
6027469,Pedestrian,33.698558,-84.475568,12/5/16 14:10,Injury,2,Daylight
4587029,Pedestrian,32.014218,-81.098409,9/30/13 12:51,Injury,2,Daylight
4837389,Pedestrian,32.843319,-83.630328,4/8/14 16:03,Injury,2,Daylight
6334489,Pedestrian,34.170494,-83.79803,7/30/17 20:30,Injury,2,Daylight
4846106,Pedestrian,32.08879,-81.12015,5/14/14 13:55,Injury,2,Daylight
5080719,Pedestrian,33.775691,-84.448462,12/4/14 16:21,Injury,2,Daylight
4494643,Pedestrian,33.908026,-84.208401,7/3/13 19:59,Injury,2,Daylight
5548302,Pedestrian,33.742231,-84.417683,12/5/15 9:00,Injury,2,Daylight
4861574,Pedestrian,32.06133,-81.09379,5/28/14 17:23,Injury,2,Daylight
5314963,Pedestrian,33.965923,-84.141895,6/2/15 14:07,Injury,2,Daylight
5901662,Pedestrian,33.904395,-84.468044,8/15/16 8:31,Injury,2,Daylight
4521133,Pedestrian,33.730989,-84.24953,7/25/13 19:10,Injury,2,Daylight
6221706,Pedestrian,34.082539,-84.525804,5/6/17 15:34,Injury,2,Daylight
6006518,Pedestrian,33.572311,-84.358531,11/4/16 11:50,Injury,2,Daylight
5236060,Pedestrian,33.681128,-84.398385,3/27/15 12:15,Injury,2,Daylight
6455881,Pedestrian,33.76496,-84.349224,10/31/17 17:01,Injury,2,Daylight
4376835,Pedestrian,34.222329,-83.870643,3/8/13 16:28,Injury,2,Daylight
4521786,Pedestrian,33.731367,-84.408027,7/17/13 17:40,Injury,2,Daylight
4568426,Pedestrian,33.599535,-84.323851,9/12/13 15:15,Injury,2,Daylight
5127842,Pedestrian,33.958979,-84.537173,1/10/15 11:15,Injury,2,Daylight
6138227,Pedestrian,33.921835,-84.578354,3/1/17 18:19,Injury,2,Daylight
6501001,Pedestrian,34.086194,-84.524288,11/27/17 15:46,Injury,2,Daylight
4896853,Pedestrian,31.570949,-84.108859,7/3/14 12:51,Injury,2,Daylight
4518870,Pedestrian,33.962263,-83.393539,7/23/13 13:47,Injury,2,Daylight
4723334,Pedestrian,32.087741,-81.125633,2/4/14 16:21,Injury,2,Daylight
6147623,Pedestrian,32.553135,-84.955182,3/11/17 9:45,Injury,2,Daylight
5882566,Pedestrian,32.483395,-84.968776,8/18/16 10:55,Injury,2,Daylight
6463602,Pedestrian,33.197937,-84.28415,11/5/17 15:54,Injury,2,Daylight
6539770,Pedestrian,33.978395,-84.254741,12/16/17 12:06,Injury,2,Daylight
6349191,Pedestrian,33.739931,-84.218035,8/10/17 0:00,Injury,2,Daylight
4908841,Pedestrian,31.194274,-81.480575,7/14/14 16:40,Injury,2,Daylight
4796239,Pedestrian,33.84999,-84.218305,4/18/14 16:31,Injury,2,Daylight
6115413,Pedestrian,34.495227,-83.706823,2/11/17 17:16,Injury,2,Daylight
4555425,Pedestrian,33.817693,-84.050674,8/28/13 17:23,Injury,2,Daylight
6259940,Pedestrian,33.941193,-84.208458,5/25/17 18:40,Injury,2,Daylight
5733039,Pedestrian,34.053208,-83.894148,4/24/16 15:39,Injury,2,Daylight
5329533,Pedestrian,34.93293,-85.30389,6/16/15 7:35,Injury,2,Daylight
6331590,Pedestrian,33.875114,-84.252812,7/31/17 10:06,Injury,2,Daylight
4457395,Pedestrian,33.869675,-84.484717,5/24/13 15:36,Injury,2,Daylight
6482041,Pedestrian,33.706961,-84.272021,11/21/17 10:45,Injury,2,Daylight
5927233,Pedestrian,32.057105,-81.100318,9/20/16 8:16,Injury,2,Daylight
6402392,Pedestrian,34.045932,-84.506941,9/18/17 14:45,Injury,2,Daylight
6360434,Pedestrian,33.695621,-84.117668,8/20/17 13:12,Injury,2,Daylight
4965849,Pedestrian,31.383771,-84.930923,4/19/14 9:47,Injury,2,Daylight
6354916,Pedestrian & Bicyclist,33.945315,-84.535447,8/11/17 16:45,Property Damaged Only,1,Daylight
5282599,Pedestrian & Bicyclist,32.84775,-83.688013,5/9/15 13:31,Property Damaged Only,1,Daylight
6442536,Pedestrian & Bicyclist,34.156269,-84.19661,10/10/17 15:55,Injury,2,Daylight
5408489,Pedestrian & Bicyclist,33.791355,-83.715881,8/29/15 16:28,Injury,2,Daylight
6134990,Pedestrian & Bicyclist,31.20132,-82.262106,2/27/17 14:13,Injury,2,Daylight
6162234,Bicyclist,33.955486,-83.376522,2/7/17 10:22,Property Damaged Only,1,Daylight
4852532,Bicyclist,31.209022,-82.332253,4/24/14 16:06,Property Damaged Only,1,Daylight
5669697,Bicyclist,32.506907,-84.969386,3/11/16 9:55,Property Damaged Only,1,Daylight
5228496,Bicyclist,33.593722,-84.407798,3/24/15 10:55,Property Damaged Only,1,Daylight
6306090,Bicyclist,34.264366,-85.191906,7/11/17 17:04,Property Damaged Only,1,Daylight
4520014,Bicyclist,32.82167,-83.678109,7/8/13 15:42,Property Damaged Only,1,Daylight
5973605,Bicyclist,34.76109,-84.952314,10/19/16 16:08,Property Damaged Only,1,Daylight
5191157,Bicyclist,34.761715,-84.962419,11/27/14 12:28,Property Damaged Only,1,Daylight
6198754,Bicyclist,32.07473,-81.09355,4/18/17 17:10,Property Damaged Only,1,Daylight
6339920,Bicyclist,33.816339,-84.182137,8/3/17 18:53,Property Damaged Only,1,Daylight
5142839,Bicyclist,34.174076,-84.137994,12/16/14 16:50,Property Damaged Only,1,Daylight
5358576,Bicyclist,33.607229,-84.381247,7/16/15 8:00,Property Damaged Only,1,Daylight
4334660,Bicyclist,33.75311,-84.38765,1/17/13 15:40,Property Damaged Only,1,Daylight
5361615,Bicyclist,31.919453,-81.938291,7/18/15 18:26,Property Damaged Only,1,Daylight
4409138,Bicyclist,34.041751,-84.324361,3/26/13 9:31,Property Damaged Only,1,Daylight
4982522,Bicyclist,33.865828,-84.523212,8/27/14 8:57,Property Damaged Only,1,Daylight
5535895,Bicyclist,33.744893,-84.349221,10/31/15 9:31,Property Damaged Only,1,Daylight
6159974,Bicyclist,33.754449,-84.3802,3/22/17 12:45,Property Damaged Only,1,Daylight
4790308,Bicyclist,34.014659,-84.307869,4/6/14 16:28,Property Damaged Only,1,Daylight
6157706,Bicyclist,31.95614,-81.144006,3/20/17 23:13,Property Damaged Only,1,Daylight
4463853,Bicyclist,33.8123,-84.28027,5/31/13 20:00,Property Damaged Only,1,Daylight