incidentIdNbr,crashType,latitude,longitude,dateOfIncidentDate,severity,Mag,lightCondition
5857675,Bicyclist,33.858825,-84.672987,7/30/16 9:59,Property Damaged Only,1,Daylight
5788066,Bicyclist,33.773486,-84.367376,6/8/16 16:41,Property Damaged Only,1,Daylight
6036519,Bicyclist,33.854035,-84.601923,12/8/16 16:15,Property Damaged Only,1,Daylight
5058066,Bicyclist,34.065444,-84.676162,11/20/14 13:37,Property Damaged Only,1,Daylight
6205296,Bicyclist,33.754319,-84.359394,4/22/17 7:11,Property Damaged Only,1,Daylight
5377800,Bicyclist,33.628963,-84.312346,8/3/15 12:33,Property Damaged Only,1,Daylight
4513567,Bicyclist,30.86805,-83.292203,5/31/13 15:23,Property Damaged Only,1,Daylight
5866700,Bicyclist,31.198856,-82.325447,8/5/16 16:13,Property Damaged Only,1,Daylight
5753905,Bicyclist,33.77691,-84.393634,3/30/16 8:13,Property Damaged Only,1,Daylight
4634446,Bicyclist,33.811723,-84.171228,11/1/13 14:05,Property Damaged Only,1,Daylight
4456743,Bicyclist,32.078668,-81.102867,5/25/13 16:23,Property Damaged Only,1,Daylight
4921800,Bicyclist,33.949225,-84.045536,7/25/14 15:30,Property Damaged Only,1,Daylight
5002944,Bicyclist,34.058912,-84.435417,10/1/14 7:33,Property Damaged Only,1,Daylight
5915315,Bicyclist,33.972899,-83.31947,9/12/16 18:42,Fatal,3,Daylight
4945202,Bicyclist,34.042166,-84.34158,8/19/14 15:52,Injury,2,Daylight
5891474,Bicyclist,34.589025,-83.761103,8/6/16 11:15,Injury,2,Daylight
6293831,Bicyclist,32.05697,-81.102581,6/30/17 18:43,Injury,2,Daylight
6183540,Bicyclist,33.755204,-84.361536,4/6/17 14:00,Injury,2,Daylight
4832477,Bicyclist,34.40523,-83.80422,4/28/14 16:23,Injury,2,Daylight
6174463,Bicyclist,32.626415,-83.643007,3/31/17 18:54,Injury,2,Daylight
6343165,Bicyclist,32.219289,-82.417052,8/6/17 14:10,Injury,2,Daylight
4471585,Bicyclist,33.810401,-84.162635,6/9/13 10:25,Injury,2,Daylight
6210110,Bicyclist,33.792005,-84.37743,4/26/17 18:42,Injury,2,Daylight
4519293,Bicyclist,32.08821,-81.11809,7/24/13 16:50,Injury,2,Daylight
6031183,Bicyclist,33.951961,-83.987953,12/7/16 13:57,Injury,2,Daylight
6493558,Bicyclist,33.771278,-84.381893,10/11/17 8:00,Injury,2,Daylight
5817860,Bicyclist,32.522313,-84.973348,7/1/16 18:10,Injury,2,Daylight
4514541,Bicyclist,34.00674,-84.374553,6/22/13 8:53,Injury,2,Daylight
4591342,Bicyclist,32.46902,-84.962318,10/4/13 9:55,Injury,2,Daylight
6055008,Bicyclist,33.925453,-83.339485,12/22/16 16:32,Injury,2,Daylight
5289006,Bicyclist,33.460835,-84.338177,5/12/15 18:35,Injury,2,Daylight
5122115,Bicyclist,31.203517,-81.508457,1/6/15 12:46,Injury,2,Daylight
4422555,Bicyclist,33.795129,-84.304378,4/23/13 16:15,Injury,2,Daylight
4944462,Bicyclist,33.76139,-84.37428,8/19/14 18:35,Injury,2,Daylight
6432215,Bicyclist,33.76803,-84.221497,10/14/17 12:02,Injury,2,Daylight
4741918,Bicyclist,33.749393,-84.359115,2/14/14 16:46,Injury,2,Daylight
4692165,Bicyclist,34.328682,-84.056878,11/19/13 10:53,Injury,2,Daylight
5768240,Bicyclist,33.860289,-84.018903,5/22/16 16:05,Injury,2,Daylight
4552697,Bicyclist,33.973472,-84.167572,8/25/13 17:08,Injury,2,Daylight
4778096,Bicyclist,33.555558,-84.370233,4/1/14 13:47,Injury,2,Daylight
4767669,Bicyclist,33.803377,-84.310677,3/20/14 9:38,Injury,2,Daylight
4841268,Bicyclist,34.521713,-83.53629,5/7/14 17:05,Injury,2,Daylight
4964046,Bicyclist,31.169481,-81.382603,8/27/14 16:45,Injury,2,Daylight
5743542,Bicyclist,33.752413,-84.34922,4/29/16 7:31,Injury,2,Daylight
6189657,Bicyclist,33.955892,-83.355,4/11/17 19:08,Injury,2,Daylight
4855386,Bicyclist,32.440317,-84.947733,5/21/14 14:56,Injury,2,Daylight
5914152,Bicyclist,32.748022,-81.641609,5/29/15 19:37,Injury,2,Daylight
5026664,Bicyclist,33.787378,-84.329229,10/22/14 17:10,Injury,2,Daylight
4616321,Bicyclist,33.780577,-84.40335,9/13/13 10:58,Injury,2,Daylight
5293302,Bicyclist,31.830002,-81.615876,3/21/15 18:14,Injury,2,Daylight
4564608,Bicyclist,34.449104,-83.727714,9/7/13 9:38,Injury,2,Daylight
4492114,Bicyclist,32.486218,-84.975772,7/2/13 9:40,Injury,2,Daylight
4654607,Bicyclist,31.18931,-81.469444,11/25/13 7:43,Injury,2,Daylight
6117838,Pedestrian,33.830003,-84.252793,2/14/17 13:55,Property Damaged Only,1,Daylight
5346511,Pedestrian,33.737977,-84.251338,7/5/15 14:15,Property Damaged Only,1,Daylight
6011929,Pedestrian,31.180005,-83.792526,11/24/16 8:35,Property Damaged Only,1,Daylight
4828092,Pedestrian,34.06899,-84.606613,4/24/14 16:40,Property Damaged Only,1,Daylight
6463907,Pedestrian,33.731214,-84.194514,11/8/17 8:48,Property Damaged Only,1,Daylight
6298444,Pedestrian,31.658715,-84.095876,4/4/17 12:12,Property Damaged Only,1,Daylight
6109439,Pedestrian,32.053311,-81.143984,2/7/17 16:55,Property Damaged Only,1,Daylight
6530457,Pedestrian,33.941769,-84.08118,12/21/17 10:30,Property Damaged Only,1,Daylight
6246142,Pedestrian,33.448641,-84.455087,5/22/17 16:31,Property Damaged Only,1,Daylight
6121670,Pedestrian,34.877831,-83.972353,2/16/17 12:28,Property Damaged Only,1,Daylight
6521448,Pedestrian,33.873108,-84.187744,12/19/17 13:44,Property Damaged Only,1,Daylight
5216191,Pedestrian,33.29823,-82.24726,3/13/15 17:59,Property Damaged Only,1,Daylight
5013348,Pedestrian,34.229279,-85.159847,10/10/14 15:03,Property Damaged Only,1,Daylight
6482276,Pedestrian,33.793575,-84.26401,11/20/17 13:44,Property Damaged Only,1,Daylight
4750355,Pedestrian,34.26221,-85.177465,3/4/14 18:15,Property Damaged Only,1,Daylight
5463437,Pedestrian,31.611669,-84.176911,10/9/15 18:00,Property Damaged Only,1,Daylight
4371439,Pedestrian,33.501342,-84.07868,3/2/13 14:50,Property Damaged Only,1,Daylight
5101122,Pedestrian,33.746109,-84.140971,12/18/14 15:12,Property Damaged Only,1,Daylight
5922415,Pedestrian,34.066232,-84.311897,9/14/16 8:33,Property Damaged Only,1,Daylight
6384336,Pedestrian,32.076817,-81.092758,9/7/17 15:13,Property Damaged Only,1,Daylight
6042856,Pedestrian,33.789142,-84.23139,12/16/16 13:45,Property Damaged Only,1,Daylight
4797143,Pedestrian,33.455506,-81.932745,4/19/14 16:30,Property Damaged Only,1,Daylight
5096470,Pedestrian,33.688711,-84.363817,9/23/14 7:49,Property Damaged Only,1,Daylight
4395758,Pedestrian,33.82442,-84.198867,3/4/13 15:48,Property Damaged Only,1,Daylight
5804428,Pedestrian,32.831317,-82.726384,10/1/14 10:42,Property Damaged Only,1,Daylight
4680644,Pedestrian,33.85474,-84.20952,12/18/13 16:30,Property Damaged Only,1,Daylight
5203370,Pedestrian,33.751432,-84.48806,2/26/15 13:21,Property Damaged Only,1,Daylight
5587828,Pedestrian,33.665527,-83.853303,12/31/13 16:09,Property Damaged Only,1,Daylight
6450590,Pedestrian,33.731512,-84.439156,10/26/17 18:24,Property Damaged Only,1,Daylight
6227840,Pedestrian,34.01693,-84.55849,5/8/17 8:58,Property Damaged Only,1,Daylight
4491002,Pedestrian,33.7796,-84.46318,6/27/13 13:40,Property Damaged Only,1,Daylight
5862171,Pedestrian,33.715223,-84.273388,7/31/16 15:40,Property Damaged Only,1,Daylight
5309937,Pedestrian,33.940559,-83.368043,5/8/15 18:05,Property Damaged Only,1,Daylight
5768178,Pedestrian,33.737322,-84.234381,5/19/16 14:24,Property Damaged Only,1,Daylight
5774106,Pedestrian,33.918748,-84.349146,5/20/13 16:54,Property Damaged Only,1,Daylight
4322192,Pedestrian,33.754972,-84.267854,1/11/13 13:36,Property Damaged Only,1,Daylight
4779390,Pedestrian,31.6058,-84.20415,4/2/14 16:34,Property Damaged Only,1,Daylight
5860772,Pedestrian,33.76383,-84.23372,8/2/16 20:00,Property Damaged Only,1,Daylight
5064641,Pedestrian,33.764657,-84.390353,11/24/14 16:35,Property Damaged Only,1,Daylight
4855827,Pedestrian,34.102789,-84.575806,5/21/14 8:00,Property Damaged Only,1,Daylight
5764775,Pedestrian,32.806093,-83.648665,5/21/16 9:47,Property Damaged Only,1,Daylight
6154348,Pedestrian,33.295055,-84.547175,2/20/17 17:05,Property Damaged Only,1,Daylight
4415394,Pedestrian,33.763484,-84.417498,4/13/13 11:50,Property Damaged Only,1,Daylight
5215236,Pedestrian,33.901325,-84.275967,3/11/15 9:40,Property Damaged Only,1,Daylight
6135565,Pedestrian,33.772012,-84.24952,3/2/17 13:30,Property Damaged Only,1,Daylight
5163336,Pedestrian,34.762246,-84.930274,10/28/14 11:53,Property Damaged Only,1,Daylight
5863680,Pedestrian,33.921561,-84.338861,8/3/16 14:00,Property Damaged Only,1,Daylight
5874846,Pedestrian,34.089092,-84.577574,8/12/16 14:00,Property Damaged Only,1,Daylight
5920021,Pedestrian,32.618295,-83.669177,8/30/16 10:36,Property Damaged Only,1,Daylight
5558151,Pedestrian,33.784554,-84.407511,12/17/15 10:13,Property Damaged Only,1,Daylight
4751024,Pedestrian,33.598612,-83.457497,2/11/14 15:27,Property Damaged Only,1,Daylight
4530371,Pedestrian,33.73879,-84.28817,8/1/13 12:00,Property Damaged Only,1,Daylight
5180467,Pedestrian,33.635064,-84.468166,1/26/15 8:00,Property Damaged Only,1,Daylight
5347819,Pedestrian,33.862427,-84.596651,7/6/15 18:20,Property Damaged Only,1,Daylight
6103943,Pedestrian,33.982937,-84.076791,1/16/17 11:28,Property Damaged Only,1,Daylight
5885562,Pedestrian,33.710096,-84.203404,8/18/16 16:50,Property Damaged Only,1,Daylight
4626991,Pedestrian,30.78342,-81.59467,10/2/13 16:34,Property Damaged Only,1,Daylight
4428425,Pedestrian,33.59005,-84.319936,4/29/13 14:40,Property Damaged Only,1,Daylight
5307389,Pedestrian,33.804081,-84.413793,5/27/15 17:48,Property Damaged Only,1,Daylight
5950449,Pedestrian,33.683557,-84.409656,10/3/16 16:05,Property Damaged Only,1,Daylight
5711182,Pedestrian,33.321905,-84.541871,4/11/16 13:30,Property Damaged Only,1,Daylight
4832874,Pedestrian,32.556182,-84.905702,4/30/14 17:26,Property Damaged Only,1,Daylight
4527248,Pedestrian,33.477233,-83.913734,7/31/13 18:56,Fatal,3,Daylight
4962745,Pedestrian,32.550371,-82.974268,5/8/14 17:17,Fatal,3,Daylight
4350519,Pedestrian,32.166332,-81.5985,2/7/13 16:18,Fatal,3,Daylight
4470736,Pedestrian,32.484773,-84.9902,6/7/13 17:30,Injury,2,Daylight
5881036,Pedestrian,34.050458,-84.215759,7/12/16 17:39,Injury,2,Daylight
4327976,Pedestrian,33.8239,-84.87712,1/11/13 15:17,Injury,2,Daylight
4547610,Pedestrian,34.011071,-84.181135,7/1/13 17:07,Injury,2,Daylight
4966311,Pedestrian,31.586527,-84.17821,9/5/14 20:31,Injury,2,Daylight
6480514,Pedestrian,33.823088,-84.112857,11/19/17 15:02,Injury,2,Daylight
4691075,Pedestrian,34.024055,-84.367202,12/27/13 10:13,Injury,2,Daylight
4554806,Pedestrian,33.788179,-84.141272,8/28/13 8:05,Injury,2,Daylight
6156112,Pedestrian,33.863177,-84.253092,3/19/17 16:37,Injury,2,Daylight
6229054,Pedestrian,34.292266,-83.82777,5/9/17 17:24,Injury,2,Daylight
4910191,Pedestrian,31.986755,-81.268172,7/18/14 18:23,Injury,2,Daylight
5657918,Pedestrian,32.05387,-81.09,3/1/16 17:28,Injury,2,Daylight
5991405,Pedestrian,33.503287,-84.239306,11/8/16 0:00,Injury,2,Daylight
5699786,Pedestrian,33.869383,-84.621869,4/2/16 16:30,Injury,2,Daylight
5423908,Pedestrian,34.31286,-85.166563,9/14/15 7:54,Injury,2,Daylight
5872143,Pedestrian,33.738173,-84.26683,8/10/16 12:50,Injury,2,Daylight
5458067,Pedestrian,32.851318,-83.679313,9/21/15 19:09,Injury,2,Daylight
4463840,Pedestrian,33.935328,-84.503971,5/29/13 17:00,Injury,2,Daylight
6053093,Pedestrian,32.89301,-84.67893,12/23/16 14:42,Injury,2,Daylight
5017013,Pedestrian,32.052136,-81.148735,10/14/14 14:38,Injury,2,Daylight
4778936,Pedestrian,34.062515,-83.975333,3/31/14 18:10,Injury,2,Daylight
5750968,Pedestrian,32.067646,-81.058076,5/11/16 8:30,Injury,2,Daylight
4986611,Pedestrian,33.735794,-84.254163,9/20/14 11:37,Injury,2,Daylight
6302661,Pedestrian,34.526714,-84.50977,7/8/17 16:15,Injury,2,Daylight
6066966,Pedestrian,34.264225,-83.853099,11/27/16 0:17,Injury,2,Daylight
6261126,Pedestrian,34.345565,-83.77358,6/2/17 11:52,Injury,2,Daylight
5511785,Pedestrian,34.060982,-83.974261,11/15/15 9:43,Injury,2,Daylight
6394008,Pedestrian,33.883247,-84.477605,9/14/17 17:38,Injury,2,Daylight
6450113,Pedestrian,33.763382,-84.402906,10/14/17 7:05,Injury,2,Daylight
5471861,Pedestrian,32.816514,-83.652709,10/16/15 16:33,Injury,2,Daylight
5104375,Pedestrian,33.645833,-83.992016,12/16/14 14:15,Injury,2,Daylight
6336656,Pedestrian,33.558223,-84.34618,8/1/17 6:47,Injury,2,Daylight
5525361,Pedestrian,32.468332,-83.730127,10/21/15 10:20,Injury,2,Daylight
5994114,Pedestrian,33.829343,-84.719387,11/10/16 7:51,Injury,2,Daylight
6419931,Pedestrian,34.685828,-84.482603,10/5/17 7:30,Injury,2,Daylight
5075690,Pedestrian,33.794801,-83.713144,12/2/14 9:03,Injury,2,Daylight
5905900,Pedestrian,33.785684,-84.383002,9/3/16 10:55,Injury,2,Daylight
6254970,Pedestrian,33.70838,-84.77004,5/27/17 15:20,Injury,2,Daylight
6156445,Pedestrian,34.485247,-85.339849,3/19/17 18:58,Injury,2,Daylight
5402580,Pedestrian,33.688182,-84.489786,8/19/15 19:09,Injury,2,Daylight
4885065,Pedestrian,33.733378,-84.284527,6/22/14 18:50,Injury,2,Daylight
5097778,Pedestrian,33.820869,-84.194229,12/16/14 16:28,Injury,2,Daylight
5434505,Pedestrian,33.988017,-84.264624,6/24/15 12:55,Injury,2,Daylight
4328518,Pedestrian,33.99036,-85.25296,1/11/13 14:09,Injury,2,Daylight
4842400,Pedestrian,32.434427,-84.95679,5/7/14 15:29,Injury,2,Daylight
6409191,Pedestrian,34.41341,-83.90076,9/27/17 16:52,Injury,2,Daylight
5314394,Pedestrian,33.918519,-84.345261,6/2/15 18:14,Injury,2,Daylight
5667375,Pedestrian,33.364847,-84.787886,3/8/16 16:28,Injury,2,Daylight
5174872,Pedestrian,33.959088,-84.246697,2/11/15 17:15,Injury,2,Daylight
5349639,Pedestrian,34.868256,-84.322014,7/7/15 17:24,Injury,2,Daylight
6238397,Pedestrian,33.794853,-83.72849,5/17/17 9:46,Injury,2,Daylight
4645093,Pedestrian,34.27436,-83.90799,11/15/13 13:20,Injury,2,Daylight
6295314,Pedestrian,34.255478,-83.908497,7/1/17 17:20,Injury,2,Daylight
6283933,Pedestrian,31.590218,-84.170778,6/22/17 11:41,Injury,2,Daylight
5416600,Pedestrian,33.57967,-84.374158,9/4/15 19:15,Injury,2,Daylight
5533884,Pedestrian,33.026195,-85.019266,12/2/15 8:03,Injury,2,Daylight
5701339,Pedestrian,33.8901,-84.462664,4/3/16 13:15,Injury,2,Daylight
5137688,Pedestrian,33.705064,-84.380343,1/20/15 8:06,Injury,2,Daylight
4539939,Pedestrian,33.948372,-84.003288,8/8/13 13:50,Injury,2,Daylight
6216907,Pedestrian,33.771197,-84.374759,5/1/17 11:11,Injury,2,Daylight
6337675,Pedestrian,30.898,-83.33912,8/2/17 19:30,Injury,2,Daylight
6351178,Pedestrian,33.803002,-84.247401,8/6/17 14:17,Injury,2,Daylight
6088372,Pedestrian,33.728975,-84.280957,1/20/17 10:15,Injury,2,Daylight
5670521,Pedestrian,33.072229,-85.019516,3/10/16 15:50,Injury,2,Daylight
6414563,Pedestrian,33.25294,-84.26615,9/27/17 18:20,Injury,2,Daylight
4339318,Pedestrian,33.713352,-84.216944,1/29/13 16:23,Injury,2,Daylight
5386342,Pedestrian,32.590715,-83.605139,8/10/15 14:46,Injury,2,Daylight
5284653,Pedestrian,33.664186,-82.542317,5/8/15 12:50,Injury,2,Daylight
4320343,Pedestrian,32.424256,-84.947392,1/10/13 15:20,Injury,2,Daylight
4772065,Pedestrian,33.744859,-84.131969,3/25/14 17:10,Injury,2,Daylight
5241937,Pedestrian & Bicyclist,33.947368,-84.22793,3/25/15 16:50,Property Damaged Only,1,Daylight
5373941,Pedestrian & Bicyclist,33.80375,-84.85133,7/27/15 13:07,Injury,2,Daylight
5657359,Pedestrian & Bicyclist,32.886122,-84.269006,2/27/16 13:45,Injury,2,Daylight
6117110,Pedestrian & Bicyclist,34.205348,-84.769314,2/10/17 12:57,Injury,2,Daylight
5803281,Pedestrian & Bicyclist,31.717173,-83.259837,5/4/16 18:04,Injury,2,Daylight
5232889,Bicyclist,33.823581,-84.367271,3/24/15 11:28,Property Damaged Only,1,Daylight
4553630,Bicyclist,31.82299,-81.59934,7/16/13 8:40,Property Damaged Only,1,Daylight
5344775,Bicyclist,33.895007,-84.569308,7/2/15 18:35,Property Damaged Only,1,Daylight
5743012,Bicyclist,33.956426,-83.98956,5/5/16 15:10,Property Damaged Only,1,Daylight
6383377,Bicyclist,33.943876,-84.123985,8/24/17 7:32,Property Damaged Only,1,Daylight
6452130,Bicyclist,33.762548,-84.395617,10/13/17 9:24,Property Damaged Only,1,Daylight
5693352,Bicyclist,34.060765,-84.183704,3/29/16 10:26,Property Damaged Only,1,Daylight
6032980,Bicyclist,31.586918,-84.184634,2/6/16 14:18,Property Damaged Only,1,Daylight
5661815,Bicyclist,33.875663,-84.531414,2/19/16 13:40,Property Damaged Only,1,Daylight
5321263,Bicyclist,34.006856,-83.920675,6/9/15 7:45,Property Damaged Only,1,Daylight
4369443,Bicyclist,33.840321,-84.131114,2/27/13 7:36,Property Damaged Only,1,Daylight
5795922,Bicyclist,32.419577,-84.950216,6/11/16 14:49,Property Damaged Only,1,Daylight
5521787,Bicyclist,32.072471,-81.098133,11/24/15 12:41,Property Damaged Only,1,Daylight
5721172,Bicyclist,34.299301,-84.153117,3/25/16 9:35,Property Damaged Only,1,Daylight
5371446,Bicyclist,32.070014,-81.082428,7/28/15 12:41,Property Damaged Only,1,Daylight
6496595,Bicyclist,33.950263,-83.37726,9/7/17 9:30,Property Damaged Only,1,Daylight
4828102,Bicyclist,33.895364,-84.576239,4/24/14 12:30,Property Damaged Only,1,Daylight
5705139,Bicyclist,30.829715,-83.27825,4/7/16 17:20,Property Damaged Only,1,Daylight
4635197,Bicyclist,33.925451,-83.339481,11/8/13 16:36,Property Damaged Only,1,Daylight
5690101,Bicyclist,34.006368,-84.577768,3/26/16 14:26,Property Damaged Only,1,Daylight
5857477,Bicyclist,33.56775,-84.579941,7/31/16 16:17,Property Damaged Only,1,Daylight
6402939,Bicyclist,33.5532,-84.35019,9/23/17 0:00,Property Damaged Only,1,Daylight
5077765,Bicyclist,33.46282,-81.971665,12/6/14 14:36,Property Damaged Only,1,Daylight
5735262,Bicyclist,32.052852,-81.104091,4/29/16 7:25,Property Damaged Only,1,Daylight
5893221,Bicyclist,33.587093,-84.469261,7/7/16 9:44,Property Damaged Only,1,Daylight
4848085,Bicyclist,33.42062,-82.067678,5/16/14 15:58,Property Damaged Only,1,Daylight
6231033,Bicyclist,32.44463,-84.92373,5/12/17 14:20,Property Damaged Only,1,Daylight
4956033,Bicyclist,34.075631,-84.294594,8/25/14 8:48,Property Damaged Only,1,Daylight
4697637,Bicyclist,33.942279,-84.518824,1/8/14 16:15,Property Damaged Only,1,Daylight
6339619,Bicyclist,33.942189,-83.376464,5/20/17 19:44,Property Damaged Only,1,Daylight
5406533,Bicyclist,33.887815,-84.157197,8/25/15 17:10,Property Damaged Only,1,Daylight
6241695,Bicyclist,33.62146,-84.365774,5/20/17 8:06,Property Damaged Only,1,Daylight
5406387,Bicyclist,33.754278,-84.369769,8/27/15 8:50,Property Damaged Only,1,Daylight
6384379,Bicyclist,32.4724,-84.98784,9/7/17 16:10,Property Damaged Only,1,Daylight
4425082,Bicyclist,32.014358,-81.115883,4/25/13 13:13,Property Damaged Only,1,Daylight
5461931,Bicyclist,32.489476,-84.93132,10/8/15 15:50,Property Damaged Only,1,Daylight
5879600,Bicyclist,32.050238,-81.108467,8/15/16 19:35,Property Damaged Only,1,Daylight
5341909,Bicyclist,33.966461,-84.410472,6/30/15 15:04,Property Damaged Only,1,Daylight
4947409,Bicyclist,31.15985,-81.388573,8/21/14 15:02,Property Damaged Only,1,Daylight
4972193,Bicyclist,33.946664,-83.356032,9/9/14 21:45,Property Damaged Only,1,Daylight
5940412,Bicyclist,31.225336,-84.21147,9/25/16 16:50,Fatal,3,Daylight
5715096,Bicyclist,32.20697,-82.35748,4/11/16 7:43,Fatal,3,Daylight
5357434,Bicyclist,34.113,-84.006293,7/13/15 18:16,Injury,2,Daylight
4436322,Bicyclist,31.98953,-80.85006,4/30/13 18:16,Injury,2,Daylight
6306132,Bicyclist,33.466502,-84.013072,7/11/17 17:00,Injury,2,Daylight
5935714,Bicyclist,33.801474,-83.835202,9/24/16 10:48,Injury,2,Daylight
5201278,Bicyclist,34.489858,-84.819896,2/28/15 16:31,Injury,2,Daylight
4870327,Bicyclist,32.052852,-81.104091,6/6/14 17:15,Injury,2,Daylight
5684780,Bicyclist,31.868431,-82.598051,3/20/16 14:00,Injury,2,Daylight
5202623,Bicyclist,31.980717,-81.226233,3/2/15 16:22,Injury,2,Daylight
4857311,Bicyclist,32.081782,-81.09451,5/24/14 11:05,Injury,2,Daylight
4516398,Bicyclist,33.77557,-84.30399,6/8/13 10:25,Injury,2,Daylight
5360080,Bicyclist,33.801048,-84.179545,7/15/15 20:36,Injury,2,Daylight
4526538,Bicyclist,31.996772,-81.123664,7/31/13 18:49,Injury,2,Daylight
5780154,Bicyclist,32.080822,-81.11815,6/1/16 15:26,Injury,2,Daylight
5256453,Bicyclist,32.074756,-81.093481,4/17/15 12:39,Injury,2,Daylight
5483295,Bicyclist,33.765767,-84.34914,10/15/15 15:20,Injury,2,Daylight
6376034,Bicyclist,32.812429,-83.72042,8/28/17 17:34,Injury,2,Daylight
5549268,Bicyclist,33.769732,-84.296516,10/20/15 14:48,Injury,2,Daylight
6353422,Bicyclist,34.073786,-84.256949,8/10/17 10:26,Injury,2,Daylight
5024175,Bicyclist,33.972026,-83.387624,10/20/14 10:00,Injury,2,Daylight
6313373,Bicyclist,34.705921,-84.485407,7/17/17 16:32,Injury,2,Daylight
4740192,Bicyclist,32.43929,-84.95628,2/21/14 17:34,Injury,2,Daylight
6003409,Bicyclist,33.758342,-84.356452,11/15/16 9:50,Injury,2,Daylight
4349905,Bicyclist,33.696742,-84.154167,2/9/13 17:05,Injury,2,Daylight
5475440,Bicyclist,33.449851,-84.145197,9/10/15 8:13,Injury,2,Daylight
4520970,Bicyclist,32.492396,-84.940588,7/25/13 15:57,Injury,2,Daylight
5508169,Bicyclist,33.733492,-84.958617,11/4/15 16:50,Injury,2,Daylight
4482338,Bicyclist,33.051872,-83.23282,6/13/13 15:50,Injury,2,Daylight
4623150,Bicyclist,33.94384,-83.381378,9/27/13 12:18,Injury,2,Daylight
5948622,Bicyclist,33.946623,-84.044089,10/3/16 17:57,Injury,2,Daylight
5114739,Bicyclist,32.635974,-83.624724,12/29/14 16:04,Injury,2,Daylight
5530127,Bicyclist,33.745304,-84.368124,11/26/15 12:56,Injury,2,Daylight
4426517,Pedestrian,33.47473,-81.98591,4/5/13 11:38,Property Damaged Only,1,Daylight
5106535,Pedestrian,33.590968,-84.46858,12/17/14 17:26,Property Damaged Only,1,Daylight
4447049,Pedestrian,33.866203,-84.375241,5/14/13 11:55,Property Damaged Only,1,Daylight
6414487,Pedestrian,33.544893,-84.244766,10/3/17 10:05,Property Damaged Only,1,Daylight
4642552,Pedestrian,33.588951,-84.360276,11/14/13 7:52,Property Damaged Only,1,Daylight
5748583,Pedestrian,33.905722,-84.199179,4/20/16 8:52,Property Damaged Only,1,Daylight
5937432,Pedestrian,33.722949,-84.167016,9/28/16 17:22,Property Damaged Only,1,Daylight
5796326,Pedestrian,32.880005,-83.774148,6/15/16 15:42,Property Damaged Only,1,Daylight
4875824,Pedestrian,32.043536,-81.069213,6/12/14 0:00,Property Damaged Only,1,Daylight
4836802,Pedestrian,32.040219,-81.157023,5/4/14 15:08,Property Damaged Only,1,Daylight
6364367,Pedestrian,33.929395,-84.14109,8/21/17 16:30,Property Damaged Only,1,Daylight
5607907,Pedestrian,33.766284,-84.000582,1/7/16 10:27,Property Damaged Only,1,Daylight
5937563,Pedestrian,33.834612,-84.346723,9/28/16 8:45,Property Damaged Only,1,Daylight
5281014,Pedestrian,33.939287,-84.374993,3/25/15 12:19,Property Damaged Only,1,Daylight
4430975,Pedestrian,32.039436,-81.086744,5/1/13 17:39,Property Damaged Only,1,Daylight
6405168,Pedestrian,33.917515,-83.988167,9/19/17 10:19,Property Damaged Only,1,Daylight
6302771,Pedestrian,34.979393,-85.24732,7/7/17 15:00,Property Damaged Only,1,Daylight
5041732,Pedestrian,34.005605,-84.350803,11/5/14 8:14,Property Damaged Only,1,Daylight
6295127,Pedestrian,32.53967,-84.95182,7/1/17 13:40,Property Damaged Only,1,Daylight
5585562,Pedestrian,33.612379,-83.952192,6/14/14 11:58,Property Damaged Only,1,Daylight
5723648,Pedestrian,33.888903,-84.474322,3/17/16 12:26,Property Damaged Only,1,Daylight
5617024,Pedestrian,32.04336,-81.108539,1/29/16 17:13,Property Damaged Only,1,Daylight
5811110,Pedestrian,33.825201,-84.575959,6/25/16 20:15,Property Damaged Only,1,Daylight
4630820,Pedestrian,33.543845,-84.401837,11/4/13 13:34,Property Damaged Only,1,Daylight
4610725,Pedestrian,33.698163,-84.486199,10/15/13 8:25,Property Damaged Only,1,Daylight
5031498,Pedestrian,32.476716,-84.903941,10/27/14 14:20,Property Damaged Only,1,Daylight
6385773,Pedestrian,33.701116,-84.17179,9/8/17 10:45,Property Damaged Only,1,Daylight
5426056,Pedestrian,33.707291,-84.272131,9/14/15 17:00,Property Damaged Only,1,Daylight
4877422,Pedestrian,32.838,-83.634752,6/13/14 13:30,Property Damaged Only,1,Daylight
5021391,Pedestrian,33.558047,-84.342476,10/17/14 18:20,Property Damaged Only,1,Daylight
5693828,Pedestrian,33.712255,-84.217033,3/29/16 19:17,Property Damaged Only,1,Daylight
5519415,Pedestrian,32.848943,-83.609174,11/19/15 16:42,Property Damaged Only,1,Daylight
5471299,Pedestrian,33.57269,-84.264009,10/16/15 12:50,Property Damaged Only,1,Daylight