incidentIdNbr,crashType,latitude,longitude,dateOfIncidentDate,severity,Mag,lightCondition
5862792,Pedestrian,33.460642,-84.154186,7/15/16 14:25,Property Damaged Only,1,Daylight
5137326,Pedestrian,33.750175,-84.376676,1/21/15 16:45,Property Damaged Only,1,Daylight
4592255,Pedestrian,33.733731,-84.437359,10/1/13 12:10,Property Damaged Only,1,Daylight
5450958,Pedestrian,33.469568,-82.063519,9/30/15 18:59,Property Damaged Only,1,Daylight
6327862,Pedestrian,33.709065,-84.219159,7/27/17 18:15,Property Damaged Only,1,Daylight
4761964,Pedestrian,32.077844,-81.087635,3/15/14 13:59,Property Damaged Only,1,Daylight
6041014,Pedestrian,33.718921,-84.209895,12/14/16 16:29,Property Damaged Only,1,Daylight
5272408,Pedestrian,32.532634,-84.965523,4/30/15 17:30,Property Damaged Only,1,Daylight
5684444,Pedestrian,33.803965,-84.043149,3/16/16 18:56,Property Damaged Only,1,Daylight
4718787,Pedestrian,33.887598,-84.58432,1/25/14 9:54,Property Damaged Only,1,Daylight
4949112,Pedestrian,32.53455,-84.87548,8/23/14 12:41,Property Damaged Only,1,Daylight
5635983,Pedestrian,33.794818,-84.226169,2/13/16 10:30,Property Damaged Only,1,Daylight
5942837,Pedestrian,33.738445,-84.277353,10/3/16 14:20,Property Damaged Only,1,Daylight
5660748,Pedestrian,32.057526,-81.105823,3/4/16 11:02,Property Damaged Only,1,Daylight
4379362,Pedestrian,33.806769,-84.193754,3/12/13 13:25,Property Damaged Only,1,Daylight
4892302,Pedestrian,33.912759,-84.379082,6/28/14 9:51,Property Damaged Only,1,Daylight
5458442,Pedestrian,30.857389,-83.265955,10/5/15 13:30,Property Damaged Only,1,Daylight
4540068,Pedestrian,33.62272,-83.97738,8/15/13 9:56,Property Damaged Only,1,Daylight
5801081,Pedestrian,33.72656,-84.388043,6/16/16 15:50,Property Damaged Only,1,Daylight
6114006,Pedestrian,32.066757,-81.101251,2/10/17 16:27,Property Damaged Only,1,Daylight
6328791,Pedestrian,32.81383,-83.64484,7/28/17 12:23,Property Damaged Only,1,Daylight
5255348,Pedestrian,34.279904,-83.853529,4/10/15 12:42,Property Damaged Only,1,Daylight
6357960,Pedestrian,31.596169,-84.115898,8/16/17 17:48,Property Damaged Only,1,Daylight
6025906,Pedestrian,34.985948,-85.187537,11/13/16 14:32,Property Damaged Only,1,Daylight
6530472,Pedestrian,32.076591,-81.091585,12/27/17 9:55,Property Damaged Only,1,Daylight
5627223,Pedestrian,34.220585,-84.22372,12/18/15 15:03,Property Damaged Only,1,Daylight
5482766,Pedestrian,33.414921,-84.285679,10/25/15 15:20,Property Damaged Only,1,Daylight
5579924,Pedestrian,33.572733,-84.371796,12/28/15 15:15,Property Damaged Only,1,Daylight
4503612,Pedestrian,34.505728,-84.95936,7/14/13 16:35,Property Damaged Only,1,Daylight
5944412,Pedestrian,33.411377,-82.026147,10/3/16 12:00,Property Damaged Only,1,Daylight
5223080,Pedestrian,33.549122,-84.253554,3/13/15 11:00,Property Damaged Only,1,Daylight
5179923,Pedestrian,33.784315,-84.383023,1/29/15 14:03,Property Damaged Only,1,Daylight
4482121,Pedestrian,33.715514,-84.349514,6/19/13 9:08,Property Damaged Only,1,Daylight
5437560,Pedestrian,34.038402,-84.309293,8/12/15 16:12,Property Damaged Only,1,Daylight
6157385,Pedestrian,32.48694,-84.97641,3/20/17 15:52,Property Damaged Only,1,Daylight
4481456,Pedestrian,33.59943,-83.86384,6/18/13 8:30,Property Damaged Only,1,Daylight
5171638,Pedestrian,34.255069,-85.169044,2/9/15 13:40,Property Damaged Only,1,Daylight
5322323,Pedestrian,34.269563,-85.193523,6/12/15 14:07,Property Damaged Only,1,Daylight
4615309,Pedestrian,34.52396,-84.91945,10/18/13 15:35,Fatal,3,Daylight
6328463,Pedestrian,33.614931,-83.917462,7/26/17 18:40,Fatal,3,Daylight
5737003,Pedestrian,32.814006,-83.649027,4/29/16 15:54,Fatal,3,Daylight
5636732,Pedestrian,32.304244,-81.428771,2/13/16 14:16,Fatal,3,Daylight
6480452,Pedestrian,33.67939,-84.488076,11/14/17 16:24,Injury,2,Daylight
4398513,Pedestrian,33.790017,-84.230847,3/30/13 13:03,Injury,2,Daylight
5024174,Pedestrian,33.852125,-84.376102,7/9/14 12:59,Injury,2,Daylight
6153167,Pedestrian,33.947332,-84.112632,3/15/17 18:51,Injury,2,Daylight
4507601,Pedestrian,31.993507,-81.116427,7/18/13 17:14,Injury,2,Daylight
5870546,Pedestrian,33.788558,-84.941763,8/3/16 19:13,Injury,2,Daylight
5245509,Pedestrian,33.794279,-84.620313,3/30/15 19:02,Injury,2,Daylight
4613070,Pedestrian,33.255873,-84.266126,9/19/13 17:59,Injury,2,Daylight
5782870,Pedestrian,33.619281,-83.857139,6/3/16 15:55,Injury,2,Daylight
6286536,Pedestrian,33.79028,-83.70404,6/1/17 19:43,Injury,2,Daylight
4755625,Pedestrian,33.36842,-84.791107,3/7/14 18:24,Injury,2,Daylight
5707215,Pedestrian,32.85957,-83.603279,4/8/16 15:30,Injury,2,Daylight
4870731,Pedestrian,33.824512,-83.73064,6/6/14 8:43,Injury,2,Daylight
5212221,Pedestrian,33.579112,-84.530597,3/10/15 18:45,Injury,2,Daylight
5832485,Pedestrian,34.147242,-83.837659,6/14/16 17:14,Injury,2,Daylight
6280878,Pedestrian,32.449876,-81.794414,6/15/17 16:35,Injury,2,Daylight
6372262,Pedestrian,32.543052,-82.917872,12/30/16 15:07,Injury,2,Daylight
6375810,Pedestrian,33.928985,-84.741394,8/30/17 15:00,Injury,2,Daylight
5663848,Pedestrian,31.53858,-83.866653,3/1/16 17:10,Injury,2,Daylight
4639515,Pedestrian,33.667999,-84.391724,11/8/13 6:59,Injury,2,Daylight
6436684,Pedestrian,33.685842,-84.257718,10/19/17 16:40,Injury,2,Daylight
5568259,Pedestrian,33.884759,-84.555834,12/20/15 11:38,Injury,2,Daylight
4784350,Pedestrian,32.034454,-83.71367,4/5/14 18:22,Injury,2,Daylight
5321652,Pedestrian,32.259157,-83.749053,6/10/15 13:14,Injury,2,Daylight
6464549,Pedestrian,32.496571,-84.988821,11/8/17 14:43,Injury,2,Daylight
6442363,Pedestrian,34.353909,-82.938332,10/24/17 15:26,Injury,2,Daylight
4959679,Pedestrian,33.7699,-84.436052,8/27/14 9:20,Injury,2,Daylight
4383821,Pedestrian,33.764531,-84.385748,3/14/13 8:10,Injury,2,Daylight
5388448,Pedestrian,33.766362,-84.372632,7/24/15 11:45,Injury,2,Daylight
4751787,Pedestrian,34.343727,-82.945945,3/4/14 17:06,Injury,2,Daylight
5784630,Pedestrian,33.777362,-84.50477,6/1/16 19:55,Injury,2,Daylight
4498522,Pedestrian,32.048694,-81.086652,7/10/13 7:23,Injury,2,Daylight
4873395,Pedestrian,33.799115,-84.476866,6/7/14 11:03,Injury,2,Daylight
5831147,Pedestrian,34.255889,-84.858941,6/1/16 20:08,Injury,2,Daylight
5980718,Pedestrian,34.049077,-84.578298,10/27/16 9:12,Injury,2,Daylight
5511793,Pedestrian,33.563008,-84.468596,9/7/15 20:07,Injury,2,Daylight
5783861,Pedestrian,33.481383,-82.569107,6/4/16 16:12,Injury,2,Daylight
4568388,Pedestrian,33.016815,-85.090934,9/6/13 15:50,Injury,2,Daylight
5282532,Pedestrian,32.464701,-84.979704,5/9/15 14:17,Injury,2,Daylight
6149103,Pedestrian,33.831019,-83.99581,1/11/17 10:15,Injury,2,Daylight
4744974,Pedestrian,31.72497,-81.754325,2/24/14 7:45,Injury,2,Daylight
4597535,Pedestrian,33.754059,-84.127166,10/4/13 16:30,Injury,2,Daylight
5956965,Pedestrian,33.66678,-84.465572,10/14/16 11:59,Injury,2,Daylight
4422563,Pedestrian,33.854332,-84.316044,4/22/13 19:25,Injury,2,Daylight
6056870,Pedestrian,33.678482,-84.440508,12/27/16 12:05,Injury,2,Daylight
4573207,Pedestrian,33.817872,-84.180512,9/18/13 8:20,Injury,2,Daylight
5680364,Pedestrian,34.777753,-85.000983,3/19/16 2:26,Injury,2,Daylight
5881923,Pedestrian,33.776277,-84.207511,8/17/16 9:30,Injury,2,Daylight
5025752,Pedestrian,33.722138,-84.394017,10/17/14 7:40,Injury,2,Daylight
4777761,Pedestrian,31.149438,-81.494223,3/31/14 13:00,Injury,2,Daylight
5541518,Pedestrian,33.800589,-84.415864,12/7/15 12:04,Injury,2,Daylight
5816733,Pedestrian,33.922657,-84.478199,6/28/16 17:48,Injury,2,Daylight
4861983,Pedestrian,33.724565,-84.407957,5/23/14 7:10,Injury,2,Daylight
5377156,Pedestrian,34.59531,-83.348275,7/30/15 14:45,Injury,2,Daylight
5854904,Pedestrian,33.728269,-84.166752,7/28/16 20:07,Injury,2,Daylight
4917010,Pedestrian,34.06945,-84.199938,7/24/14 14:17,Injury,2,Daylight
5999097,Pedestrian,33.880106,-84.274473,9/28/16 0:00,Injury,2,Daylight
6309172,Pedestrian,32.179336,-82.10202,7/10/17 18:34,Injury,2,Daylight
4382477,Pedestrian,33.855072,-84.82686,3/5/13 9:08,Injury,2,Daylight
4982095,Pedestrian,33.705427,-84.422723,9/9/14 16:39,Injury,2,Daylight
6413067,Pedestrian,33.872488,-84.05006,9/26/17 9:35,Injury,2,Daylight
5694078,Pedestrian,33.942013,-83.371028,3/21/16 10:00,Injury,2,Daylight
6425151,Pedestrian,31.527868,-82.91337,10/7/17 17:10,Injury,2,Daylight
4421369,Pedestrian,32.20104,-82.313896,4/18/13 19:19,Injury,2,Daylight
5500473,Pedestrian,32.502075,-84.951212,11/6/15 10:16,Injury,2,Daylight
5247874,Pedestrian,34.007752,-85.088405,4/4/15 16:10,Injury,2,Daylight
6334360,Pedestrian,33.575313,-84.500896,8/1/17 19:17,Injury,2,Daylight
5273100,Pedestrian,31.026984,-84.888444,4/28/15 13:35,Injury,2,Daylight
4749248,Pedestrian,31.611568,-84.175906,3/3/14 15:19,Injury,2,Daylight
6252892,Pedestrian,33.771686,-84.323696,5/29/17 12:44,Injury,2,Daylight
5222510,Pedestrian,33.810931,-84.275509,3/19/15 14:26,Injury,2,Daylight
6381441,Pedestrian,22091.2375,13314.2937,9/1/17 16:04,Injury,2,Daylight
6188034,Pedestrian,33.828861,-84.49224,4/7/17 13:49,Injury,2,Daylight
6292066,Pedestrian,33.844429,-84.370381,6/20/17 13:25,Injury,2,Daylight
5605943,Pedestrian,32.836398,-83.686925,1/20/16 7:59,Injury,2,Daylight
5262598,Pedestrian,32.096522,-84.235904,4/11/15 19:07,Injury,2,Daylight
4986699,Pedestrian,33.511257,-82.037293,9/20/14 15:27,Injury,2,Daylight
4522874,Pedestrian & Bicyclist,34.13102,-84.58603,7/28/13 13:50,Property Damaged Only,1,Daylight
4793552,Pedestrian & Bicyclist,32.070329,-84.234918,4/8/14 16:38,Property Damaged Only,1,Daylight
5972163,Pedestrian & Bicyclist,33.986739,-84.532808,10/21/16 16:20,Property Damaged Only,1,Daylight
4476653,Pedestrian & Bicyclist,31.148656,-81.496678,6/13/13 9:21,Injury,2,Daylight
5990884,Pedestrian & Bicyclist,34.028847,-84.018101,10/31/16 18:46,Injury,2,Daylight
5359245,Pedestrian & Bicyclist,33.573877,-84.596673,7/16/15 20:00,Injury,2,Daylight
5797544,Bicyclist,33.468424,-82.073485,6/15/16 13:16,Property Damaged Only,1,Daylight
6239748,Bicyclist,31.928495,-81.322449,5/18/17 17:33,Property Damaged Only,1,Daylight
6004798,Bicyclist,34.561605,-83.290512,11/16/16 13:28,Property Damaged Only,1,Daylight
4659585,Bicyclist,33.855965,-84.567233,11/24/13 15:00,Property Damaged Only,1,Daylight
4582595,Bicyclist,33.78622,-84.40605,7/12/13 18:45,Property Damaged Only,1,Daylight
4960238,Bicyclist,33.575256,-84.500797,9/2/14 17:27,Property Damaged Only,1,Daylight
6220740,Bicyclist,33.861262,-84.597866,5/5/17 12:00,Property Damaged Only,1,Daylight
5015527,Bicyclist,33.91787,-84.20962,10/11/14 16:13,Property Damaged Only,1,Daylight
5931745,Bicyclist,30.846938,-83.316014,9/23/16 9:55,Property Damaged Only,1,Daylight
4843723,Bicyclist,31.99149,-81.1225,5/12/14 12:43,Property Damaged Only,1,Daylight
5336035,Bicyclist,30.828168,-83.267781,6/23/15 14:49,Property Damaged Only,1,Daylight
6407774,Bicyclist,33.675423,-84.441619,9/27/17 13:21,Property Damaged Only,1,Daylight
5289202,Bicyclist,32.04159,-81.109363,5/14/15 19:10,Property Damaged Only,1,Daylight
5305071,Bicyclist,34.280462,-83.878294,5/27/15 9:04,Property Damaged Only,1,Daylight
5849256,Bicyclist,33.8875,-84.426523,7/4/16 12:12,Property Damaged Only,1,Daylight
5782380,Bicyclist,34.00007,-85.041423,1/23/16 16:03,Property Damaged Only,1,Daylight
4971059,Bicyclist,32.921284,-83.313473,9/8/14 16:28,Property Damaged Only,1,Daylight
5770870,Bicyclist,31.60054,-84.166562,5/25/16 11:23,Property Damaged Only,1,Daylight
4873528,Bicyclist,32.054723,-81.056364,6/10/14 19:12,Property Damaged Only,1,Daylight
4613789,Bicyclist,33.535032,-82.106273,9/19/13 16:13,Property Damaged Only,1,Daylight
5399052,Bicyclist,32.539481,-84.954929,8/21/15 14:30,Property Damaged Only,1,Daylight
6283990,Bicyclist,34.26994,-85.222736,6/22/17 17:56,Property Damaged Only,1,Daylight
4411003,Bicyclist,32.83715,-83.62643,3/27/13 17:09,Property Damaged Only,1,Daylight
4871580,Bicyclist,34.041908,-84.457998,6/6/14 17:00,Property Damaged Only,1,Daylight
5987440,Bicyclist,32.055935,-81.095721,11/5/16 16:54,Property Damaged Only,1,Daylight
6335862,Bicyclist,33.425403,-82.054214,8/2/17 7:50,Property Damaged Only,1,Daylight
4860596,Bicyclist,31.975199,-83.786635,5/20/14 14:29,Property Damaged Only,1,Daylight
4408753,Bicyclist,31.206585,-81.48238,1/29/13 14:08,Property Damaged Only,1,Daylight
5435471,Bicyclist,34.284004,-83.793429,7/4/15 16:50,Injury,2,Daylight
5007334,Bicyclist,33.733242,-84.668584,10/2/14 19:40,Injury,2,Daylight
6239983,Bicyclist,33.942182,-83.994079,4/14/17 18:13,Injury,2,Daylight
4513884,Bicyclist,32.776653,-83.661867,6/12/13 12:39,Injury,2,Daylight
4894823,Bicyclist,33.91535,-84.379315,7/1/14 6:32,Injury,2,Daylight
5566292,Bicyclist,31.167574,-83.263096,12/24/15 15:51,Injury,2,Daylight
5029298,Bicyclist,34.21976,-83.611325,10/24/14 17:45,Injury,2,Daylight
5435595,Bicyclist,33.363879,-84.787963,6/17/15 14:28,Injury,2,Daylight
5507331,Bicyclist,33.771122,-84.367759,11/10/15 16:45,Injury,2,Daylight
4994705,Bicyclist,32.54958,-82.878064,6/4/13 19:36,Injury,2,Daylight
5801723,Bicyclist,33.641175,-83.85092,6/18/16 14:04,Injury,2,Daylight
4620402,Bicyclist,34.499674,-84.952603,10/23/13 13:08,Injury,2,Daylight
5872829,Bicyclist,33.825988,-84.593753,6/11/16 6:44,Injury,2,Daylight
5245109,Bicyclist,33.731447,-82.756333,4/3/15 16:13,Injury,2,Daylight
4980504,Bicyclist,33.628384,-84.472516,8/9/14 9:17,Injury,2,Daylight
4922741,Bicyclist,34.024905,-83.990608,7/25/14 8:40,Injury,2,Daylight
6104198,Bicyclist,32.986662,-83.212099,1/14/17 10:40,Injury,2,Daylight
6333444,Bicyclist,33.965891,-83.901755,7/30/17 14:11,Injury,2,Daylight
6217417,Bicyclist,31.835777,-82.34994,4/28/17 15:50,Injury,2,Daylight
5983058,Bicyclist,33.765827,-84.194489,11/1/16 22:10,Injury,2,Daylight
6229909,Bicyclist,31.854406,-81.586231,5/11/17 12:05,Injury,2,Daylight
6482163,Bicyclist,30.848926,-83.954901,11/4/17 17:45,Injury,2,Daylight
5209843,Pedestrian,33.775314,-84.508987,3/2/15 7:15,Property Damaged Only,1,Daylight
6460763,Pedestrian,33.850786,-84.419285,11/2/17 7:30,Property Damaged Only,1,Daylight
5225440,Pedestrian,33.768097,-84.251937,3/22/15 17:01,Property Damaged Only,1,Daylight
4872626,Pedestrian,33.721561,-84.508897,6/9/14 20:30,Property Damaged Only,1,Daylight
5938991,Pedestrian,33.75281,-84.46309,9/27/16 15:15,Property Damaged Only,1,Daylight
5237226,Pedestrian,34.086337,-83.902115,3/25/15 13:18,Property Damaged Only,1,Daylight
5469710,Pedestrian,33.936904,-84.120678,10/13/15 9:36,Property Damaged Only,1,Daylight
4879327,Pedestrian,33.475359,-81.992277,6/16/14 13:44,Property Damaged Only,1,Daylight
5479242,Pedestrian,33.999329,-84.346084,10/21/15 16:31,Property Damaged Only,1,Daylight
6441737,Pedestrian,33.861513,-84.380373,10/21/17 15:02,Property Damaged Only,1,Daylight
6231348,Pedestrian,33.923978,-84.314838,5/11/17 20:12,Property Damaged Only,1,Daylight
6223603,Pedestrian,33.554721,-84.363694,5/8/17 11:55,Property Damaged Only,1,Daylight
5179404,Pedestrian,33.731884,-84.283258,2/17/15 11:26,Property Damaged Only,1,Daylight
6378505,Pedestrian,33.437167,-82.007077,9/3/17 11:42,Property Damaged Only,1,Daylight
6433435,Pedestrian,33.764805,-84.387484,10/17/17 15:35,Property Damaged Only,1,Daylight
5761921,Pedestrian,33.894046,-84.209634,5/17/16 18:39,Property Damaged Only,1,Daylight
5054054,Pedestrian,34.042822,-84.333213,11/17/14 8:17,Property Damaged Only,1,Daylight
5991355,Pedestrian,33.751443,-84.385369,10/31/16 16:16,Property Damaged Only,1,Daylight
5464781,Pedestrian,33.962225,-83.395539,10/9/15 14:21,Property Damaged Only,1,Daylight
4617978,Pedestrian,33.87808,-84.06699,10/11/13 16:52,Property Damaged Only,1,Daylight
4909015,Pedestrian,33.46713,-82.0802,7/17/14 12:09,Property Damaged Only,1,Daylight
4970615,Pedestrian,33.918914,-84.33856,9/8/14 18:08,Property Damaged Only,1,Daylight
6374158,Pedestrian,33.961256,-84.01613,8/30/17 16:12,Property Damaged Only,1,Daylight
5670885,Pedestrian,32.081878,-81.117264,3/11/16 18:20,Property Damaged Only,1,Daylight
4649516,Pedestrian,33.840099,-84.37849,11/10/13 14:24,Property Damaged Only,1,Daylight
4754884,Pedestrian,33.725327,-84.16003,3/8/14 17:19,Property Damaged Only,1,Daylight
5508228,Pedestrian,32.027158,-81.111396,11/12/15 16:04,Property Damaged Only,1,Daylight
4790314,Pedestrian,34.252335,-85.16322,4/14/14 11:09,Property Damaged Only,1,Daylight
5465135,Pedestrian,32.154578,-81.171756,10/9/15 17:13,Property Damaged Only,1,Daylight
6397909,Pedestrian,33.807886,-84.396379,9/15/17 10:00,Property Damaged Only,1,Daylight
6326652,Pedestrian,33.65199,-84.07103,7/25/17 9:20,Property Damaged Only,1,Daylight
5331888,Pedestrian,33.748016,-84.393451,6/11/15 13:20,Property Damaged Only,1,Daylight
5668712,Pedestrian,32.412537,-84.964578,3/10/16 18:20,Property Damaged Only,1,Daylight
6368074,Pedestrian,33.730494,-84.939122,8/25/17 14:49,Property Damaged Only,1,Daylight
5622414,Pedestrian,33.080827,-83.228765,2/3/16 17:16,Property Damaged Only,1,Daylight
4997903,Pedestrian,33.983303,-85.03868,9/24/14 17:41,Property Damaged Only,1,Daylight
5566641,Pedestrian,33.658651,-84.405809,11/6/15 7:04,Property Damaged Only,1,Daylight
5127964,Pedestrian,33.56828,-84.538368,1/13/15 13:40,Property Damaged Only,1,Daylight
5781720,Pedestrian,33.911683,-84.264069,6/1/16 10:22,Property Damaged Only,1,Daylight
5208218,Pedestrian,34.327428,-83.814039,3/5/15 17:12,Property Damaged Only,1,Daylight
5632088,Pedestrian,33.567252,-84.523519,2/2/16 14:35,Property Damaged Only,1,Daylight
5034229,Pedestrian,33.579307,-84.383378,10/29/14 13:04,Property Damaged Only,1,Daylight
5747990,Pedestrian,33.905333,-84.200049,5/4/16 17:12,Property Damaged Only,1,Daylight
6000734,Pedestrian,34.258021,-85.165066,11/15/16 16:24,Property Damaged Only,1,Daylight
4488601,Pedestrian,33.614439,-84.472622,6/27/13 18:16,Property Damaged Only,1,Daylight
5147977,Pedestrian,34.208039,-84.81925,12/18/14 16:40,Property Damaged Only,1,Daylight
5261376,Pedestrian,33.917975,-84.466869,4/21/15 12:10,Property Damaged Only,1,Daylight
5768429,Pedestrian,34.046732,-84.222896,4/20/16 12:43,Property Damaged Only,1,Daylight
5858742,Pedestrian,33.802985,-84.400651,7/20/16 9:53,Property Damaged Only,1,Daylight
4867427,Pedestrian,32.553134,-84.993989,6/3/14 16:14,Property Damaged Only,1,Daylight
4446843,Pedestrian,33.741105,-84.412048,5/16/13 13:30,Property Damaged Only,1,Daylight
6195446,Pedestrian,33.695057,-84.441578,4/14/17 16:12,Property Damaged Only,1,Daylight
6388663,Pedestrian,33.94519,-84.526885,9/7/17 16:00,Property Damaged Only,1,Daylight
5567171,Pedestrian,33.473826,-82.003048,12/26/15 9:36,Property Damaged Only,1,Daylight
5031381,Pedestrian,33.76395,-84.388993,10/21/14 16:15,Property Damaged Only,1,Daylight
5979314,Pedestrian,33.758436,-84.346545,10/28/16 17:20,Property Damaged Only,1,Daylight
6249284,Pedestrian,33.920647,-84.344211,5/25/17 7:57,Property Damaged Only,1,Daylight
5260680,Pedestrian,34.038467,-84.306155,4/15/15 19:21,Property Damaged Only,1,Daylight
6201902,Pedestrian,33.773674,-84.384888,4/20/17 17:18,Property Damaged Only,1,Daylight
5668068,Pedestrian,32.84362,-83.655389,3/10/16 8:50,Property Damaged Only,1,Daylight
5747040,Pedestrian,32.553704,-84.24424,5/6/16 14:16,Property Damaged Only,1,Daylight
4367026,Pedestrian,33.709811,-84.271855,2/26/13 8:58,Property Damaged Only,1,Daylight
5483203,Pedestrian,33.822901,-84.095477,10/23/15 7:42,Property Damaged Only,1,Daylight
4428826,Pedestrian,32.85681,-84.61358,4/20/13 18:20,Property Damaged Only,1,Daylight
5112003,Pedestrian,32.467807,-84.967434,12/30/14 17:00,Property Damaged Only,1,Daylight
4674483,Pedestrian,34.532328,-83.985135,12/13/13 7:44,Property Damaged Only,1,Daylight
4938630,Pedestrian,33.46649,-82.489786,8/2/14 19:12,Property Damaged Only,1,Daylight
5802032,Pedestrian,32.086417,-81.119855,6/20/16 20:04,Property Damaged Only,1,Daylight
6129076,Pedestrian,33.866604,-84.336205,2/21/17 16:14,Property Damaged Only,1,Daylight
4670279,Pedestrian,33.75903,-84.33854,12/6/13 15:10,Property Damaged Only,1,Daylight
6092120,Pedestrian,31.130907,-81.488183,1/19/17 7:30,Property Damaged Only,1,Daylight
5567498,Pedestrian,33.769172,-84.188902,12/26/15 16:41,Property Damaged Only,1,Daylight
6011367,Pedestrian,33.801991,-84.193738,11/23/16 16:38,Property Damaged Only,1,Daylight
5733195,Pedestrian,33.97518,-84.357619,4/27/16 7:35,Property Damaged Only,1,Daylight
4914361,Pedestrian,33.710832,-84.217634,7/21/14 18:40,Property Damaged Only,1,Daylight
5408407,Pedestrian,33.754524,-84.382288,8/25/15 11:50,Property Damaged Only,1,Daylight
4797527,Pedestrian,31.611007,-81.88529,4/17/14 17:29,Fatal,3,Daylight
6078046,Pedestrian,32.275597,-82.249397,1/11/17 17:22,Fatal,3,Daylight
6515864,Pedestrian,33.812108,-84.556617,11/30/17 8:54,Fatal,3,Daylight
6514522,Pedestrian,33.883341,-84.462183,11/22/17 8:07,Fatal,3,Daylight
4423182,Pedestrian,33.773835,-84.350775,3/12/13 8:13,Fatal,3,Daylight
6324812,Pedestrian,33.768311,-84.190657,7/25/17 20:14,Fatal,3,Daylight
4387094,Pedestrian,33.549964,-85.13046,3/16/13 9:35,Injury,2,Daylight
4393215,Pedestrian,33.942308,-84.367857,3/13/13 7:49,Injury,2,Daylight
4651331,Pedestrian,33.733143,-84.135458,11/22/13 10:40,Injury,2,Daylight
4915565,Pedestrian,34.037295,-84.295331,7/17/14 7:57,Injury,2,Daylight
4979039,Pedestrian,33.824615,-84.036164,9/14/14 17:55,Injury,2,Daylight
4441223,Pedestrian,33.025776,-85.02888,5/12/13 18:46,Injury,2,Daylight
4782260,Pedestrian,33.026711,-85.028867,4/5/14 16:32,Injury,2,Daylight
6003867,Pedestrian,33.807004,-84.182985,11/17/16 16:20,Injury,2,Daylight
5581414,Pedestrian,33.632494,-84.396685,1/5/16 7:43,Injury,2,Daylight
6232647,Pedestrian,31.983448,-81.133086,5/14/17 12:23,Injury,2,Daylight
6372730,Pedestrian,32.540178,-82.903093,8/16/17 7:27,Injury,2,Daylight
5645393,Pedestrian,33.735279,-84.414113,2/17/16 12:55,Injury,2,Daylight
6396574,Pedestrian,32.825846,-83.713068,9/18/17 13:38,Injury,2,Daylight
5844994,Pedestrian,33.633929,-84.358215,7/20/16 17:28,Injury,2,Daylight
5005384,Pedestrian,33.466369,-82.005345,10/3/14 8:51,Injury,2,Daylight
5906664,Pedestrian,33.79237,-84.337107,9/6/16 16:01,Injury,2,Daylight
4755392,Pedestrian,33.802147,-84.193735,3/9/14 14:16,Injury,2,Daylight
4993536,Pedestrian,34.021433,-84.322567,9/22/14 13:00,Injury,2,Daylight
5017760,Pedestrian,34.206957,-84.139153,10/14/14 8:40,Injury,2,Daylight
4850355,Pedestrian,33.862047,-84.519599,4/17/14 19:38,Injury,2,Daylight
5397554,Pedestrian,33.758988,-84.386058,8/17/15 15:47,Injury,2,Daylight
5172110,Pedestrian,34.297597,-83.855797,2/7/15 17:01,Injury,2,Daylight
4474118,Pedestrian,33.623084,-84.62283,6/11/13 19:30,Injury,2,Daylight
6294566,Pedestrian,30.750371,-84.483039,6/29/17 7:41,Injury,2,Daylight
4590329,Pedestrian,33.051965,-84.98488,10/3/13 16:35,Injury,2,Daylight
6489022,Pedestrian,33.757141,-84.428584,11/27/17 8:20,Injury,2,Daylight
6322025,Pedestrian,33.952161,-84.129918,7/21/17 13:22,Injury,2,Daylight
4533394,Pedestrian,33.854895,-84.613976,8/3/13 18:49,Injury,2,Daylight
4537659,Pedestrian,33.89032,-84.75127,8/9/13 15:18,Injury,2,Daylight
5961013,Pedestrian,34.729554,-85.277951,10/3/16 17:28,Injury,2,Daylight
5149500,Pedestrian,34.067881,-84.168525,8/11/14 7:45,Injury,2,Daylight
4848768,Pedestrian,33.80371,-84.247137,5/17/14 17:30,Injury,2,Daylight
5778307,Pedestrian,33.984265,-83.263973,5/30/16 7:58,Injury,2,Daylight
4543693,Pedestrian,33.84859,-84.28147,8/19/13 7:48,Injury,2,Daylight
4678237,Pedestrian,33.711947,-84.221754,12/17/13 10:35,Injury,2,Daylight
4899725,Pedestrian,33.792543,-84.287433,7/7/14 15:00,Injury,2,Daylight
5429395,Pedestrian,34.274148,-83.908178,9/17/15 14:14,Injury,2,Daylight
6277043,Pedestrian,34.079596,-84.294573,6/15/17 18:37,Injury,2,Daylight
5480492,Pedestrian,34.736022,-84.823131,10/21/15 18:47,Injury,2,Daylight
5862505,Pedestrian,33.828895,-84.539133,8/1/16 10:18,Injury,2,Daylight
6466474,Pedestrian,33.95165,-83.374319,11/8/17 10:07,Injury,2,Daylight