incidentIdNbr,crashType,latitude,longitude,dateOfIncidentDate,severity,Mag,lightCondition
4462932,Pedestrian,33.94502,-84.91645,5/27/13 15:47,Injury,2,Daylight
5609790,Pedestrian,33.937199,-83.324413,1/24/16 17:20,Injury,2,Daylight
5819946,Pedestrian,33.722335,-84.43763,6/20/16 14:45,Injury,2,Daylight
5336695,Pedestrian,32.61834,-83.680078,6/24/15 12:58,Injury,2,Daylight
5398655,Pedestrian,32.088317,-81.112888,8/21/15 11:08,Injury,2,Daylight
5238889,Pedestrian,32.444731,-84.953875,4/1/15 17:20,Injury,2,Daylight
5295281,Pedestrian,32.840003,-83.628435,5/19/15 9:24,Injury,2,Daylight
4885888,Pedestrian,31.979839,-81.139088,6/23/14 17:37,Injury,2,Daylight
5024797,Pedestrian,33.798557,-84.3238,10/22/14 13:15,Injury,2,Daylight
6320888,Pedestrian,33.82452,-84.232969,7/23/17 14:44,Injury,2,Daylight
4571528,Pedestrian,31.49809,-82.84253,9/15/13 16:45,Injury,2,Daylight
6335442,Pedestrian,34.173309,-84.784128,3/24/17 10:52,Injury,2,Daylight
5535292,Pedestrian,34.064438,-84.383345,10/26/15 16:11,Injury,2,Daylight
4491497,Pedestrian,33.73793,-84.25196,7/1/13 16:30,Injury,2,Daylight
6425609,Pedestrian,32.466695,-84.993038,9/30/17 11:40,Injury,2,Daylight
4445644,Pedestrian,33.845585,-84.404567,5/11/13 10:30,Injury,2,Daylight
5895525,Pedestrian,33.840714,-84.383073,8/23/16 11:30,Injury,2,Daylight
4957675,Pedestrian,33.42718,-82.05128,8/30/14 11:21,Injury,2,Daylight
5893760,Pedestrian,30.845799,-83.286311,8/25/16 17:23,Injury,2,Daylight
5798421,Pedestrian,33.797135,-84.322349,5/2/16 15:55,Injury,2,Daylight
6213772,Pedestrian,33.81231,-84.392263,4/24/17 13:53,Injury,2,Daylight
4597971,Pedestrian,33.666706,-84.486037,10/5/13 14:08,Injury,2,Daylight
4550634,Pedestrian & Bicyclist,33.953072,-84.178759,8/18/13 20:16,Property Damaged Only,1,Daylight
4634021,Pedestrian & Bicyclist,33.902,-84.540001,9/14/13 16:32,Injury,2,Daylight
4445140,Bicyclist,33.50756,-84.1429,5/16/13 15:44,Property Damaged Only,1,Daylight
4532636,Bicyclist,33.610514,-84.471485,8/6/13 16:25,Property Damaged Only,1,Daylight
4713040,Bicyclist,33.952287,-84.550192,1/22/14 16:21,Property Damaged Only,1,Daylight
5695884,Bicyclist,34.354204,-82.917449,3/30/16 17:28,Property Damaged Only,1,Daylight
5030643,Bicyclist,33.786375,-84.395765,10/22/14 11:55,Property Damaged Only,1,Daylight
5570795,Bicyclist,32.831681,-83.662646,12/1/15 11:27,Property Damaged Only,1,Daylight
4460679,Bicyclist,33.778272,-84.39922,4/27/13 15:40,Property Damaged Only,1,Daylight
4923827,Bicyclist,32.044086,-81.00485,7/31/14 18:00,Property Damaged Only,1,Daylight
5690864,Bicyclist,33.477549,-81.985371,3/28/16 8:58,Property Damaged Only,1,Daylight
4783858,Bicyclist,33.447788,-84.460531,3/20/14 11:35,Property Damaged Only,1,Daylight
4874299,Bicyclist,31.157277,-81.390454,6/10/14 8:43,Property Damaged Only,1,Daylight
5654435,Bicyclist,33.739076,-84.414057,2/28/16 15:32,Property Damaged Only,1,Daylight
5892960,Bicyclist,34.268392,-85.169435,8/26/16 11:55,Property Damaged Only,1,Daylight
4835559,Bicyclist,33.82937,-84.591245,5/3/14 11:00,Property Damaged Only,1,Daylight
5627825,Bicyclist,32.01861,-81.114178,2/8/16 7:45,Property Damaged Only,1,Daylight
4783062,Bicyclist,33.72201,-84.39468,3/30/14 14:00,Property Damaged Only,1,Daylight
5542740,Bicyclist,34.057812,-84.232769,12/8/15 12:03,Property Damaged Only,1,Daylight
5003289,Bicyclist,34.035316,-84.445635,9/30/14 11:20,Property Damaged Only,1,Daylight
4725033,Bicyclist,31.988952,-81.130809,2/5/14 15:19,Property Damaged Only,1,Daylight
6503895,Bicyclist,33.86165,-83.957318,12/1/17 13:29,Property Damaged Only,1,Daylight
4972128,Bicyclist,34.10267,-84.52758,9/9/14 19:19,Property Damaged Only,1,Daylight
5738447,Bicyclist,33.319789,-83.408085,4/7/16 17:14,Property Damaged Only,1,Daylight
4914334,Bicyclist,33.960596,-84.430429,7/20/14 12:20,Property Damaged Only,1,Daylight
5332476,Bicyclist,34.003539,-84.525294,6/15/15 17:28,Property Damaged Only,1,Daylight
5933686,Bicyclist,33.928451,-84.139342,9/22/16 19:15,Property Damaged Only,1,Daylight
4443292,Bicyclist,33.467238,-81.959711,4/17/13 17:39,Property Damaged Only,1,Daylight
4580927,Bicyclist,32.078301,-81.092201,9/24/13 15:11,Property Damaged Only,1,Daylight
5893480,Bicyclist,31.994059,-81.105533,8/26/16 18:34,Property Damaged Only,1,Daylight
6300698,Bicyclist,33.710249,-84.219784,7/6/17 20:02,Property Damaged Only,1,Daylight
5428725,Bicyclist,33.946051,-83.99205,9/15/15 16:12,Property Damaged Only,1,Daylight
5923316,Bicyclist,33.736569,-82.736499,9/13/16 18:12,Injury,2,Daylight
6092688,Bicyclist,33.647984,-84.01159,1/23/17 17:23,Injury,2,Daylight
6307914,Bicyclist,33.569553,-83.84943,7/7/17 17:14,Injury,2,Daylight
4423007,Bicyclist,33.485323,-81.996025,4/2/13 17:35,Injury,2,Daylight
5249822,Bicyclist,33.589264,-84.473486,4/11/15 16:45,Injury,2,Daylight
4532461,Bicyclist,33.767323,-84.412569,8/2/13 10:08,Injury,2,Daylight
4387659,Bicyclist,32.415035,-81.790011,2/8/13 14:30,Injury,2,Daylight
5941619,Bicyclist,33.918867,-84.549109,10/1/16 15:12,Injury,2,Daylight
4579113,Bicyclist,33.940911,-83.371798,9/3/13 10:32,Injury,2,Daylight
6360570,Bicyclist,32.47159,-84.910302,8/20/17 15:10,Injury,2,Daylight
5760059,Bicyclist,33.950465,-84.319327,4/16/16 12:31,Injury,2,Daylight
6139078,Bicyclist,33.949879,-84.411363,3/4/17 10:17,Injury,2,Daylight
5873296,Bicyclist,34.004322,-84.601314,8/11/16 14:24,Injury,2,Daylight
5900951,Bicyclist,33.764641,-84.388985,8/31/16 15:37,Injury,2,Daylight
4493125,Bicyclist,34.098417,-84.016675,6/28/13 16:09,Injury,2,Daylight
6303958,Bicyclist,33.577147,-84.560857,6/30/17 13:53,Injury,2,Daylight
6210528,Bicyclist,32.054328,-81.105797,4/28/17 12:34,Injury,2,Daylight
6363267,Bicyclist,32.982004,-83.878132,8/22/17 12:03,Injury,2,Daylight
5440692,Bicyclist,32.484751,-84.99025,9/23/15 16:38,Injury,2,Daylight
5571097,Bicyclist,33.753548,-84.376628,12/26/15 14:35,Injury,2,Daylight
5205053,Bicyclist,33.661295,-84.674669,3/1/15 12:45,Injury,2,Daylight
6241306,Bicyclist,31.552845,-84.153673,5/19/17 19:23,Injury,2,Daylight
5374508,Bicyclist,33.561743,-82.176823,7/19/15 20:12,Injury,2,Daylight
4519144,Bicyclist,31.613113,-84.215354,7/24/13 11:41,Injury,2,Daylight
4539412,Bicyclist,33.612686,-84.97447,8/11/13 12:55,Injury,2,Daylight
5861591,Bicyclist,33.955726,-84.208151,8/3/16 9:20,Injury,2,Daylight
4433813,Bicyclist,33.792774,-84.8296,5/3/13 19:11,Injury,2,Daylight
4586435,Bicyclist,32.068355,-81.0922,9/29/13 13:31,Injury,2,Daylight
6304862,Bicyclist,34.119816,-84.006528,7/8/17 8:15,Injury,2,Daylight
5299953,Bicyclist,32.4702,-84.95456,5/22/15 16:45,Injury,2,Daylight
6393038,Bicyclist,23998.575,15647.05,9/7/17 12:57,Injury,2,Daylight
4867808,Bicyclist,33.928,-84.56742,5/22/14 14:55,Injury,2,Daylight
6139562,Bicyclist,33.624811,-83.980311,3/5/17 10:00,Injury,2,Daylight
5019974,Bicyclist,33.77822,-84.35225,10/12/14 12:00,Injury,2,Daylight
5122580,Pedestrian,33.773146,-84.372801,12/24/14 14:03,Property Damaged Only,1,Daylight
5948616,Pedestrian,33.780338,-84.238671,10/7/16 15:00,Property Damaged Only,1,Daylight
5159338,Pedestrian,34.170638,-84.163377,10/7/14 17:05,Property Damaged Only,1,Daylight
6169235,Pedestrian,32.068414,-81.100613,3/28/17 16:45,Property Damaged Only,1,Daylight
5921667,Pedestrian,33.91042,-84.16617,9/10/16 15:00,Property Damaged Only,1,Daylight
4571546,Pedestrian,33.853886,-84.359119,8/15/13 16:55,Property Damaged Only,1,Daylight
4786888,Pedestrian,32.511085,-84.928506,4/10/14 8:15,Property Damaged Only,1,Daylight
5684665,Pedestrian,34.952304,-85.244208,3/15/16 14:02,Property Damaged Only,1,Daylight
5843945,Pedestrian,33.723848,-84.149917,7/20/16 18:33,Property Damaged Only,1,Daylight
5674166,Pedestrian,34.252737,-85.174477,3/15/16 11:17,Property Damaged Only,1,Daylight
4508246,Pedestrian,33.814175,-84.207536,7/18/13 18:26,Property Damaged Only,1,Daylight
6451845,Pedestrian,33.771265,-84.387421,10/19/17 10:59,Property Damaged Only,1,Daylight
5669173,Pedestrian,33.872163,-84.192211,3/4/16 18:19,Property Damaged Only,1,Daylight
5844056,Pedestrian,33.444141,-82.076435,7/19/16 17:28,Property Damaged Only,1,Daylight
6265083,Pedestrian,33.44896,-82.01212,6/6/17 14:20,Property Damaged Only,1,Daylight
5589308,Pedestrian,33.576489,-83.974337,5/5/15 12:14,Property Damaged Only,1,Daylight
5588006,Pedestrian,33.583684,-83.976329,10/4/14 18:18,Property Damaged Only,1,Daylight
6358214,Pedestrian,33.351659,-84.132646,8/17/17 8:00,Property Damaged Only,1,Daylight
4584495,Pedestrian,32.029659,-81.092638,9/27/13 13:40,Property Damaged Only,1,Daylight
5139080,Pedestrian,31.226071,-81.466859,1/16/15 16:30,Property Damaged Only,1,Daylight
6157874,Pedestrian,33.909638,-84.228567,3/10/17 17:31,Property Damaged Only,1,Daylight
6242525,Pedestrian,34.252746,-85.174452,5/21/17 17:04,Property Damaged Only,1,Daylight
5773378,Pedestrian,33.939249,-84.376335,1/7/13 14:32,Property Damaged Only,1,Daylight
4552561,Pedestrian,33.90264,-84.204728,8/23/13 17:24,Property Damaged Only,1,Daylight
5582643,Pedestrian,33.553271,-84.29002,1/4/16 13:28,Property Damaged Only,1,Daylight
4317253,Pedestrian,33.701245,-84.34948,1/5/13 13:30,Property Damaged Only,1,Daylight
4868417,Pedestrian,34.502808,-84.952244,6/4/14 13:03,Property Damaged Only,1,Daylight
5378894,Pedestrian,33.80797,-84.396392,7/31/15 15:15,Property Damaged Only,1,Daylight
4847479,Pedestrian,33.827712,-84.02753,5/15/14 23:03,Property Damaged Only,1,Daylight
5865535,Pedestrian,33.751574,-84.745713,6/9/16 14:42,Property Damaged Only,1,Daylight
5391155,Pedestrian,34.149601,-84.613233,8/15/15 13:57,Property Damaged Only,1,Daylight
5482821,Pedestrian,33.920296,-84.345501,10/23/15 15:16,Property Damaged Only,1,Daylight
6050727,Pedestrian,33.896315,-84.197231,11/18/16 18:35,Property Damaged Only,1,Daylight
5489954,Pedestrian,33.72838,-82.36508,10/29/15 7:32,Property Damaged Only,1,Daylight
4416882,Pedestrian,33.778182,-84.573496,4/11/13 17:00,Property Damaged Only,1,Daylight
5376447,Pedestrian,32.432722,-84.944762,8/1/15 16:00,Property Damaged Only,1,Daylight
4351720,Pedestrian,33.495552,-84.300877,2/12/13 10:00,Property Damaged Only,1,Daylight
4708266,Pedestrian,33.567256,-84.523522,1/16/14 17:18,Property Damaged Only,1,Daylight
6119531,Pedestrian,33.833497,-84.611837,2/13/17 16:50,Property Damaged Only,1,Daylight
6104845,Pedestrian,33.771755,-84.439618,1/28/17 15:20,Property Damaged Only,1,Daylight
4601569,Pedestrian,33.828074,-84.338606,10/8/13 18:30,Property Damaged Only,1,Daylight
4660404,Pedestrian,32.079572,-81.09757,11/26/13 15:10,Property Damaged Only,1,Daylight
6299706,Pedestrian,33.760444,-84.348873,7/5/17 17:19,Property Damaged Only,1,Daylight
4717323,Pedestrian,34.234247,-84.334251,1/27/14 15:50,Property Damaged Only,1,Daylight
4736746,Pedestrian,33.470083,-82.05423,2/18/14 12:23,Property Damaged Only,1,Daylight
5402941,Pedestrian,32.438263,-84.933813,8/25/15 14:01,Property Damaged Only,1,Daylight
5421627,Pedestrian,32.051888,-81.099431,9/11/15 12:28,Property Damaged Only,1,Daylight
4948667,Pedestrian,33.429323,-82.045722,8/22/14 14:15,Property Damaged Only,1,Daylight
6430535,Pedestrian,33.77136,-84.436137,10/4/17 15:57,Property Damaged Only,1,Daylight
5196548,Pedestrian,33.95165,-83.37432,2/18/15 12:02,Property Damaged Only,1,Daylight
5507341,Pedestrian,33.746246,-84.406581,11/11/15 7:21,Property Damaged Only,1,Daylight
5764872,Pedestrian,32.844561,-83.614029,5/21/16 15:07,Property Damaged Only,1,Daylight
4991812,Pedestrian,33.716528,-84.134601,9/22/14 16:15,Property Damaged Only,1,Daylight
5896363,Pedestrian,33.710811,-84.217485,8/29/16 14:08,Property Damaged Only,1,Daylight
5019129,Pedestrian,33.469148,-82.032853,10/16/14 9:00,Property Damaged Only,1,Daylight
4604107,Pedestrian,33.981195,-84.558528,10/10/13 18:13,Property Damaged Only,1,Daylight
4515640,Pedestrian,33.662306,-84.409358,6/8/13 13:23,Property Damaged Only,1,Daylight
5818908,Pedestrian,34.049528,-84.662683,7/3/16 17:03,Property Damaged Only,1,Daylight
4883369,Pedestrian,33.775711,-84.348385,6/16/14 15:30,Property Damaged Only,1,Daylight
6289663,Pedestrian,34.01994,-85.251186,6/22/17 8:49,Property Damaged Only,1,Daylight
4687447,Pedestrian,33.773354,-84.365643,12/23/13 10:41,Property Damaged Only,1,Daylight
6111177,Pedestrian,33.301112,-83.969123,2/4/17 15:05,Property Damaged Only,1,Daylight
4534698,Pedestrian,31.17405,-83.76907,6/3/13 13:10,Property Damaged Only,1,Daylight
5700245,Pedestrian,33.897577,-84.148298,4/3/16 17:02,Property Damaged Only,1,Daylight
6104668,Pedestrian,33.823677,-84.369167,1/27/17 16:39,Property Damaged Only,1,Daylight
5543905,Pedestrian,34.019932,-85.250781,12/7/15 9:00,Property Damaged Only,1,Daylight
5383851,Pedestrian,33.863433,-84.476978,8/7/15 9:29,Property Damaged Only,1,Daylight
6138932,Pedestrian,33.435093,-82.009976,3/3/17 16:41,Property Damaged Only,1,Daylight
4432244,Pedestrian,32.2835,-84.5623,5/3/13 11:20,Property Damaged Only,1,Daylight
5402574,Pedestrian,33.968942,-84.027849,8/24/15 9:05,Property Damaged Only,1,Daylight
5202119,Pedestrian,33.746281,-84.406634,2/27/15 15:38,Property Damaged Only,1,Daylight
4701782,Pedestrian,33.159006,-83.329777,12/30/13 17:25,Property Damaged Only,1,Daylight
4868599,Pedestrian,33.05533,-83.22622,6/3/14 19:45,Property Damaged Only,1,Daylight
6232955,Pedestrian,34.50052,-83.18637,5/13/17 17:20,Fatal,3,Daylight
4641796,Pedestrian,33.738117,-84.421403,10/1/13 8:12,Fatal,3,Daylight
4997974,Pedestrian,33.057496,-85.028603,9/26/14 15:25,Fatal,3,Daylight
4602311,Pedestrian,31.520397,-82.81766,10/8/13 13:46,Fatal,3,Daylight
4713757,Pedestrian,31.252582,-82.17947,1/25/14 15:07,Fatal,3,Daylight
6111641,Pedestrian,33.79383,-84.276417,2/9/17 12:33,Fatal,3,Daylight
6313863,Pedestrian,32.07562,-81.0834,7/18/17 14:12,Injury,2,Daylight
6170685,Pedestrian,34.047837,-84.177346,1/30/17 8:24,Injury,2,Daylight
4455138,Pedestrian,33.853362,-84.339116,5/24/13 11:21,Injury,2,Daylight
5055776,Pedestrian,33.879205,-84.247999,11/18/14 16:15,Injury,2,Daylight
5824885,Pedestrian,30.869448,-83.288021,7/8/16 9:49,Injury,2,Daylight
6116771,Pedestrian,32.490572,-82.934002,2/9/17 9:48,Injury,2,Daylight
4650160,Pedestrian,32.469379,-84.987652,11/21/13 18:30,Injury,2,Daylight
4795059,Pedestrian,33.593234,-84.468287,4/17/14 17:12,Injury,2,Daylight
5546278,Pedestrian,33.341476,-83.412294,12/10/15 16:45,Injury,2,Daylight
4387047,Pedestrian,34.7679,-84.83648,3/16/13 12:20,Injury,2,Daylight
5729972,Pedestrian,33.78178,-84.377659,4/25/16 19:11,Injury,2,Daylight
5985393,Pedestrian,33.638206,-84.353061,11/3/16 15:49,Injury,2,Daylight
5428980,Pedestrian,31.436422,-83.501898,9/15/15 16:00,Injury,2,Daylight
4363742,Pedestrian,33.68883,-84.36997,2/18/13 17:27,Injury,2,Daylight
6375000,Pedestrian,31.007251,-83.30263,8/31/17 10:50,Injury,2,Daylight
4877519,Pedestrian,33.719861,-84.215606,6/14/14 13:00,Injury,2,Daylight
4627574,Pedestrian,32.084837,-81.114636,10/31/13 14:41,Injury,2,Daylight
4647707,Pedestrian,34.11567,-84.582926,11/19/13 10:55,Injury,2,Daylight
4404447,Pedestrian,33.676961,-84.444609,4/4/13 10:00,Injury,2,Daylight
5039799,Pedestrian,33.936657,-84.293909,10/31/14 16:15,Injury,2,Daylight
5427291,Pedestrian,33.871049,-84.188064,9/11/15 8:57,Injury,2,Daylight
6458706,Pedestrian,32.060925,-81.076755,11/4/17 8:26,Injury,2,Daylight
4543260,Pedestrian,34.061736,-84.622773,8/19/13 7:46,Injury,2,Daylight
5781018,Pedestrian,32.53959,-84.933649,6/2/16 15:36,Injury,2,Daylight
6230749,Pedestrian,33.959042,-83.377373,4/29/17 17:00,Injury,2,Daylight
4875065,Pedestrian,32.06179,-81.10949,6/11/14 19:00,Injury,2,Daylight
5170394,Pedestrian,32.499369,-84.988769,2/8/15 14:53,Injury,2,Daylight
6462115,Pedestrian,33.951956,-83.410041,11/6/17 16:02,Injury,2,Daylight
4411471,Pedestrian,33.459053,-81.97569,4/10/13 11:53,Injury,2,Daylight
4667031,Pedestrian,30.836411,-83.979199,12/7/13 14:06,Injury,2,Daylight
5358183,Pedestrian,32.035614,-81.121412,7/16/15 7:20,Injury,2,Daylight
4421598,Pedestrian,31.578527,-84.153404,4/15/13 13:15,Injury,2,Daylight
5726997,Pedestrian,32.794521,-83.668008,4/23/16 18:02,Injury,2,Daylight
5740013,Pedestrian,34.093022,-84.008137,4/28/16 11:00,Injury,2,Daylight
5536130,Pedestrian,33.887413,-84.2873,10/30/15 17:00,Injury,2,Daylight
4931338,Pedestrian,34.206604,-84.14037,8/6/14 13:35,Injury,2,Daylight
4695283,Pedestrian,32.432439,-84.932287,1/5/14 12:15,Injury,2,Daylight
5216353,Pedestrian,32.272459,-81.226964,3/11/15 17:10,Injury,2,Daylight
4786849,Pedestrian,34.014335,-85.244056,4/7/14 16:28,Injury,2,Daylight
6383058,Pedestrian,33.709,-84.293,9/6/17 19:47,Injury,2,Daylight
5397062,Pedestrian,33.044355,-85.01984,8/15/15 20:10,Injury,2,Daylight
4921738,Pedestrian,33.975945,-84.162349,7/22/14 10:10,Injury,2,Daylight
4423794,Pedestrian,32.520374,-83.089454,4/23/13 16:24,Injury,2,Daylight
5458595,Pedestrian,33.74014,-84.7566,9/30/15 8:45,Injury,2,Daylight
4637751,Pedestrian,33.760315,-84.38984,11/2/13 16:21,Injury,2,Daylight
5243000,Pedestrian,33.367635,-82.067343,4/6/15 14:32,Injury,2,Daylight
5733996,Pedestrian,32.054659,-81.106774,4/27/16 19:08,Injury,2,Daylight
5664864,Pedestrian,34.205179,-84.499363,3/5/16 9:55,Injury,2,Daylight
6026318,Pedestrian,33.755389,-84.338671,12/2/16 16:28,Injury,2,Daylight
5403283,Pedestrian,32.048342,-81.114238,8/25/15 18:00,Injury,2,Daylight
5809618,Pedestrian,33.959459,-83.37932,6/23/16 13:49,Injury,2,Daylight
5828267,Pedestrian,32.142107,-81.191984,7/12/16 8:35,Injury,2,Daylight
4571500,Pedestrian,33.76099,-84.392038,9/12/13 16:05,Injury,2,Daylight
5059885,Pedestrian,34.922146,-83.731736,11/21/14 12:46,Injury,2,Daylight
6180230,Pedestrian,31.86654,-82.59268,4/5/17 10:30,Injury,2,Daylight
4872782,Pedestrian,31.304086,-83.232795,6/8/14 14:15,Injury,2,Daylight
5826884,Pedestrian,33.749906,-84.391141,7/9/16 10:06,Injury,2,Daylight
4395094,Pedestrian,34.189125,-84.542144,3/19/13 16:48,Injury,2,Daylight
5989769,Pedestrian,32.069938,-82.900001,11/5/16 8:35,Injury,2,Daylight
5844642,Pedestrian,33.706807,-84.364296,7/19/16 18:00,Injury,2,Daylight
6297377,Pedestrian,33.44043,-82.0849,7/3/17 17:55,Injury,2,Daylight
5391526,Pedestrian,32.054328,-81.105797,8/16/15 17:25,Injury,2,Daylight
4936593,Pedestrian,30.705898,-84.57164,8/13/14 10:50,Injury,2,Daylight
5413074,Pedestrian,33.946806,-83.35625,9/2/15 14:42,Injury,2,Daylight
5419656,Pedestrian,33.723937,-84.510212,9/4/15 17:30,Injury,2,Daylight
5881997,Pedestrian,33.454792,-82.528971,8/17/16 16:55,Injury,2,Daylight
5699778,Pedestrian,33.580091,-84.36111,4/3/16 19:17,Injury,2,Daylight
4612080,Pedestrian,32.505688,-84.944496,10/19/13 17:55,Injury,2,Daylight
4889599,Pedestrian,33.824166,-84.352184,6/14/14 10:38,Injury,2,Daylight
6360923,Pedestrian,33.9741,-83.310539,8/20/17 11:04,Injury,2,Daylight
4696418,Pedestrian,33.554725,-83.19348,1/4/14 16:42,Injury,2,Daylight
6486106,Pedestrian,32.192157,-82.59069,11/22/17 16:10,Injury,2,Daylight
6054017,Pedestrian,33.286369,-84.34565,12/23/16 15:15,Injury,2,Daylight
4836135,Pedestrian,33.895263,-84.213732,5/3/14 16:23,Injury,2,Daylight
6326461,Pedestrian,33.848194,-84.96182,7/19/17 16:00,Injury,2,Daylight
6467153,Pedestrian,33.674264,-84.258214,11/10/17 9:07,Injury,2,Daylight
4377216,Pedestrian,33.55791,-84.263858,3/10/13 15:35,Injury,2,Daylight
5115078,Pedestrian & Bicyclist,32.57126,84.97064,1/1/15 14:50,Property Damaged Only,1,Daylight
6394960,Pedestrian & Bicyclist,31.152384,-81.488567,9/16/17 10:48,Property Damaged Only,1,Daylight
6526106,Pedestrian & Bicyclist,33.970124,-84.452291,12/21/17 15:32,Property Damaged Only,1,Daylight
6444913,Pedestrian & Bicyclist,33.877416,-84.518595,10/23/17 17:37,Property Damaged Only,1,Daylight
5613808,Pedestrian & Bicyclist,32.148858,-81.164089,1/20/16 7:55,Fatal,3,Daylight
4984193,Pedestrian & Bicyclist,32.08902,-82.11017,8/24/14 13:11,Injury,2,Daylight
4347644,Bicyclist,34.061877,-84.361013,1/19/13 13:20,Property Damaged Only,1,Daylight
4782585,Bicyclist,32.081785,-81.094591,4/5/14 17:57,Property Damaged Only,1,Daylight
4933203,Bicyclist,33.995785,-83.353947,8/10/14 16:14,Property Damaged Only,1,Daylight
6520288,Bicyclist,32.060431,-81.098959,12/19/17 13:35,Property Damaged Only,1,Daylight
4930266,Bicyclist,33.418193,-82.3272,5/22/13 13:41,Property Damaged Only,1,Daylight
5443240,Bicyclist,31.205428,-81.509218,9/23/15 16:21,Property Damaged Only,1,Daylight
5723083,Bicyclist,32.081962,-81.09805,4/21/16 18:47,Property Damaged Only,1,Daylight
6317814,Bicyclist,33.901623,-83.576458,4/28/17 17:19,Property Damaged Only,1,Daylight
4693194,Bicyclist,34.562775,-83.328496,12/23/13 10:48,Property Damaged Only,1,Daylight
5069271,Bicyclist,32.79064,-83.668541,12/1/14 13:18,Property Damaged Only,1,Daylight
4472410,Bicyclist,34.22253,-83.7864,5/18/13 17:03,Property Damaged Only,1,Daylight
5123671,Bicyclist,33.74755,-84.349204,12/21/14 12:02,Property Damaged Only,1,Daylight
6455154,Bicyclist,33.894808,-84.55739,10/30/17 10:17,Property Damaged Only,1,Daylight
5731567,Bicyclist,33.857707,-84.293525,4/26/16 7:26,Property Damaged Only,1,Daylight
6016143,Bicyclist,33.88704,-84.157732,11/22/16 17:07,Property Damaged Only,1,Daylight
5202614,Bicyclist,33.947171,-83.986132,3/2/15 12:04,Property Damaged Only,1,Daylight
4332411,Bicyclist,33.959784,-84.29664,1/13/13 12:00,Property Damaged Only,1,Daylight
6067315,Bicyclist,33.915121,-84.234901,12/30/16 10:35,Property Damaged Only,1,Daylight
4391892,Bicyclist,31.589973,-84.176061,1/14/13 15:55,Property Damaged Only,1,Daylight
5408073,Bicyclist,32.468827,-83.729073,8/13/15 15:05,Property Damaged Only,1,Daylight
5391024,Bicyclist,33.44762,-84.142213,7/24/15 17:15,Property Damaged Only,1,Daylight
5473892,Bicyclist,32.078946,-81.091988,10/19/15 11:34,Property Damaged Only,1,Daylight
5919048,Bicyclist,30.842154,-83.325431,9/13/16 17:21,Property Damaged Only,1,Daylight
4519179,Bicyclist,32.031811,-81.104478,7/23/13 8:33,Property Damaged Only,1,Daylight
5250824,Bicyclist,33.76106,-84.37588,4/7/15 8:40,Property Damaged Only,1,Daylight
6304452,Bicyclist,34.266613,-85.155434,7/10/17 17:06,Property Damaged Only,1,Daylight
4589862,Bicyclist,33.937058,-84.523801,9/30/13 14:20,Property Damaged Only,1,Daylight
6447532,Bicyclist,32.063852,-81.103412,10/27/17 16:31,Property Damaged Only,1,Daylight
6294716,Bicyclist,34.47528,-84.9228,7/1/17 17:29,Property Damaged Only,1,Daylight
5859972,Bicyclist,33.964616,-84.002724,7/29/16 18:55,Fatal,3,Daylight
4841275,Bicyclist,32.065868,-81.322097,5/8/14 9:24,Fatal,3,Daylight
4906567,Bicyclist,33.756251,-84.388514,7/12/14 14:28,Injury,2,Daylight
6259832,Bicyclist,32.506878,-84.959278,6/2/17 10:55,Injury,2,Daylight
6233869,Bicyclist,33.730725,-84.336286,5/14/17 14:10,Injury,2,Daylight
5338736,Bicyclist,32.436274,-83.799342,6/25/15 18:28,Injury,2,Daylight
5903899,Bicyclist,33.945016,-84.406497,8/31/16 7:18,Injury,2,Daylight
6382411,Bicyclist,33.722188,-84.407868,9/3/17 13:45,Injury,2,Daylight
5347130,Bicyclist,31.139018,-81.397134,7/5/15 15:45,Injury,2,Daylight
5322137,Bicyclist,33.781773,-84.3728,6/9/15 12:25,Injury,2,Daylight
4566882,Bicyclist,31.145711,-81.38257,6/28/13 20:07,Injury,2,Daylight
4998309,Bicyclist,33.865433,-84.4757,9/25/14 18:02,Injury,2,Daylight
6400637,Bicyclist,32.052712,-81.083709,9/21/17 11:00,Injury,2,Daylight
4393618,Bicyclist,33.899386,-84.380893,3/16/13 9:24,Injury,2,Daylight
5140524,Bicyclist,33.966523,-83.371422,1/26/15 10:48,Injury,2,Daylight
4503294,Bicyclist,33.927905,-84.345125,7/12/13 17:29,Injury,2,Daylight
6333969,Bicyclist,33.995919,-84.226862,7/31/17 17:42,Injury,2,Daylight
5797418,Bicyclist,32.462721,-84.984774,6/16/16 13:45,Injury,2,Daylight
5921746,Bicyclist,33.391715,-82.111548,9/15/16 6:31,Injury,2,Daylight
6344632,Bicyclist,33.885656,-84.498848,8/4/17 8:54,Injury,2,Daylight
5563463,Bicyclist,33.955263,-84.544547,12/22/15 14:52,Injury,2,Daylight
5039579,Bicyclist,32.061452,-81.100919,11/3/14 13:52,Injury,2,Daylight
5036437,Bicyclist,33.999904,-84.324916,10/30/14 11:28,Injury,2,Daylight