incidentIdNbr,crashType,latitude,longitude,dateOfIncidentDate,severity,Mag,lightCondition
4510077,Bicyclist,33.852823,-83.89052,3/30/13 17:09,Injury,2,Daylight
6229173,Bicyclist,32.065196,-81.101903,5/10/17 13:56,Injury,2,Daylight
5106119,Bicyclist,33.51795,-82.05201,12/25/14 15:29,Injury,2,Daylight
6205018,Bicyclist,33.769364,-84.263298,4/15/17 16:00,Injury,2,Daylight
6365428,Bicyclist,31.821698,-81.605164,8/24/17 8:06,Injury,2,Daylight
6114499,Bicyclist,31.370484,-81.41928,2/7/17 8:59,Injury,2,Daylight
5691444,Bicyclist,32.056228,-81.11055,3/28/16 18:56,Injury,2,Daylight
4930427,Bicyclist,31.980697,-81.148801,8/7/14 0:00,Injury,2,Daylight
5888744,Bicyclist,33.952427,-84.41165,8/22/16 15:32,Injury,2,Daylight
5734580,Bicyclist,33.675562,-84.020211,4/18/16 17:32,Injury,2,Daylight
4696596,Pedestrian,33.641867,-84.490486,1/3/14 13:58,Property Damaged Only,1,Daylight
5985177,Pedestrian,33.948512,-84.144192,10/30/16 12:02,Property Damaged Only,1,Daylight
5286719,Pedestrian,33.752073,-84.392142,5/1/15 10:53,Property Damaged Only,1,Daylight
4985407,Pedestrian,31.997447,-81.258408,9/19/14 9:43,Property Damaged Only,1,Daylight
4400419,Pedestrian,33.701053,-84.307472,4/1/13 7:10,Property Damaged Only,1,Daylight
5957095,Pedestrian,33.723836,-84.510131,10/14/16 11:00,Property Damaged Only,1,Daylight
5772514,Pedestrian,33.69096,-84.27131,5/26/16 15:58,Property Damaged Only,1,Daylight
6164541,Pedestrian,32.822949,-83.68336,3/24/17 19:21,Property Damaged Only,1,Daylight
4482169,Pedestrian,34.028572,-83.91862,6/17/13 15:11,Property Damaged Only,1,Daylight
4966626,Pedestrian,33.858427,-84.247314,9/6/14 12:39,Property Damaged Only,1,Daylight
5207468,Pedestrian,33.85058,-84.361967,3/4/15 9:30,Property Damaged Only,1,Daylight
5992716,Pedestrian,32.783442,-83.661372,11/9/16 14:38,Property Damaged Only,1,Daylight
6464668,Pedestrian,33.923712,-84.337903,11/7/17 15:11,Property Damaged Only,1,Daylight
5460595,Pedestrian,33.472844,-81.981061,10/7/15 14:37,Property Damaged Only,1,Daylight
6073566,Pedestrian,32.070026,-81.057293,1/10/17 12:07,Property Damaged Only,1,Daylight
5180295,Pedestrian,33.772313,-84.50769,2/3/15 17:28,Property Damaged Only,1,Daylight
4784850,Pedestrian,33.049296,-84.153439,4/7/14 8:34,Property Damaged Only,1,Daylight
5023150,Pedestrian,33.772436,-84.383279,10/17/14 12:19,Property Damaged Only,1,Daylight
4823975,Pedestrian,33.437186,-84.328813,6/23/13 14:15,Property Damaged Only,1,Daylight
6445693,Pedestrian,33.962058,-84.250531,10/24/17 15:42,Property Damaged Only,1,Daylight
6302473,Pedestrian,31.220258,-81.491584,7/8/17 11:45,Property Damaged Only,1,Daylight
5359797,Pedestrian,33.701227,-84.14289,7/17/15 12:19,Property Damaged Only,1,Daylight
5869975,Pedestrian,33.797998,-84.222342,8/8/16 15:38,Property Damaged Only,1,Daylight
6133144,Pedestrian,33.936561,-84.080133,2/25/17 13:01,Property Damaged Only,1,Daylight
5392390,Pedestrian,31.499991,-82.849677,8/14/15 13:20,Property Damaged Only,1,Daylight
5172305,Pedestrian,30.834289,-83.977305,2/9/15 17:03,Property Damaged Only,1,Daylight
5567280,Pedestrian,33.704272,-84.289594,12/25/15 11:04,Property Damaged Only,1,Daylight
6065857,Pedestrian,33.89893,-84.494692,12/31/16 10:29,Property Damaged Only,1,Daylight
5059429,Pedestrian,33.723026,-84.503418,11/21/14 8:50,Property Damaged Only,1,Daylight
6423775,Pedestrian,32.470519,-84.990353,10/10/17 14:05,Property Damaged Only,1,Daylight
6286132,Pedestrian,32.05046,-81.074994,6/23/17 10:55,Property Damaged Only,1,Daylight
5284331,Pedestrian,33.751468,-84.385382,5/4/15 8:00,Property Damaged Only,1,Daylight
4915428,Pedestrian,33.94101,-84.208713,7/21/14 15:37,Property Damaged Only,1,Daylight
4537100,Pedestrian,33.750592,-84.384201,7/31/13 11:13,Property Damaged Only,1,Daylight
5060826,Pedestrian,33.974045,-84.511297,11/18/14 8:00,Property Damaged Only,1,Daylight
4433394,Pedestrian,33.681398,-84.229992,5/4/13 14:10,Property Damaged Only,1,Daylight
4770212,Pedestrian,31.972222,-81.151739,3/24/14 7:42,Property Damaged Only,1,Daylight
5786434,Pedestrian,33.761838,-84.196661,6/7/16 7:03,Property Damaged Only,1,Daylight
5257723,Pedestrian,30.844396,-83.947691,4/18/15 18:00,Property Damaged Only,1,Daylight
6488796,Pedestrian,33.39921,-84.467511,11/14/17 16:39,Property Damaged Only,1,Daylight
4828192,Pedestrian,33.98136,-84.558233,4/23/14 15:00,Property Damaged Only,1,Daylight
5822108,Pedestrian,33.82029,-84.207559,7/6/16 8:30,Property Damaged Only,1,Daylight
5866018,Pedestrian,33.600808,-84.40576,8/6/16 19:30,Property Damaged Only,1,Daylight
5922684,Pedestrian,33.604206,-84.433971,9/17/16 11:50,Property Damaged Only,1,Daylight
5343119,Pedestrian,33.885116,-84.061385,7/1/15 11:48,Property Damaged Only,1,Daylight
6218538,Pedestrian,33.681322,-84.416325,4/25/17 17:18,Property Damaged Only,1,Daylight
5661167,Pedestrian,32.83572,-83.637981,3/1/16 17:09,Property Damaged Only,1,Daylight
5328133,Pedestrian,34.068865,-84.68626,6/17/15 11:52,Property Damaged Only,1,Daylight
5681190,Pedestrian,33.844147,-84.327411,3/19/16 8:46,Property Damaged Only,1,Daylight
6230692,Pedestrian,33.753755,-84.399581,5/11/17 15:44,Property Damaged Only,1,Daylight
4993179,Pedestrian,33.880572,-84.203105,9/20/14 11:40,Property Damaged Only,1,Daylight
5288647,Pedestrian,34.435852,-83.107303,5/8/15 12:51,Property Damaged Only,1,Daylight
4492550,Pedestrian,33.811232,-84.193592,7/2/13 16:10,Property Damaged Only,1,Daylight
6285394,Pedestrian,33.761385,-84.395907,6/23/17 12:02,Property Damaged Only,1,Daylight
5087390,Pedestrian,33.949469,-84.232967,12/9/14 7:55,Property Damaged Only,1,Daylight
4751861,Pedestrian,32.211999,-82.399957,2/20/14 13:29,Property Damaged Only,1,Daylight
4651366,Pedestrian,33.771274,-84.434049,11/19/13 16:47,Property Damaged Only,1,Daylight
4553310,Pedestrian,33.752871,-84.40281,8/27/13 17:00,Property Damaged Only,1,Daylight
5315235,Pedestrian,33.658873,-84.289903,6/4/15 13:01,Property Damaged Only,1,Daylight
4521416,Pedestrian,32.07128,-84.21748,7/25/13 15:10,Property Damaged Only,1,Daylight
5362297,Pedestrian,33.85436,-84.382663,7/17/15 17:50,Property Damaged Only,1,Daylight
6497646,Pedestrian,33.738798,-84.309693,12/2/17 16:25,Property Damaged Only,1,Daylight
5827670,Pedestrian,33.753892,-84.41758,7/7/16 18:35,Property Damaged Only,1,Daylight
5564584,Pedestrian,33.933634,-84.733622,12/23/15 15:33,Property Damaged Only,1,Daylight
4965287,Pedestrian,32.4463,-84.92926,9/5/14 7:19,Property Damaged Only,1,Daylight
5342220,Pedestrian,34.786967,-84.772035,7/1/15 8:51,Property Damaged Only,1,Daylight
4526928,Pedestrian,34.25271,-85.17445,8/1/13 12:15,Property Damaged Only,1,Daylight
6296188,Pedestrian,33.705769,-84.12197,7/3/17 12:55,Property Damaged Only,1,Daylight
5449821,Pedestrian,32.48267,-84.919452,9/30/15 16:30,Property Damaged Only,1,Daylight
4621301,Pedestrian,34.024216,-84.567645,10/26/13 16:03,Property Damaged Only,1,Daylight
5803005,Pedestrian,32.533169,-82.937431,4/1/15 18:10,Property Damaged Only,1,Daylight
4496688,Pedestrian,33.773817,-84.352432,7/3/13 11:47,Property Damaged Only,1,Daylight
5887709,Pedestrian,33.685061,-84.31062,8/22/16 13:25,Property Damaged Only,1,Daylight
6371452,Pedestrian,33.570028,-84.371789,8/29/17 7:15,Property Damaged Only,1,Daylight
5963143,Pedestrian,32.111881,-81.19466,8/26/16 10:11,Property Damaged Only,1,Daylight
5487434,Pedestrian,33.834888,-84.611416,10/20/15 9:16,Fatal,3,Daylight
5778050,Pedestrian,33.707849,-84.395933,5/26/16 16:53,Fatal,3,Daylight
5944143,Pedestrian,33.70782,-84.39597,9/1/16 11:47,Fatal,3,Daylight
5907880,Pedestrian,31.98358,-81.132681,9/7/16 13:07,Fatal,3,Daylight
4891607,Pedestrian,34.49725,-85.35823,6/23/14 19:03,Fatal,3,Daylight
6320980,Pedestrian,32.656486,-84.053695,7/18/17 15:50,Fatal,3,Daylight
5005896,Pedestrian,33.920749,-84.461561,10/2/14 16:01,Injury,2,Daylight
5945114,Pedestrian,33.824639,-84.387606,10/4/16 18:21,Injury,2,Daylight
5896680,Pedestrian,33.887172,-84.630473,8/29/16 16:32,Injury,2,Daylight
5572339,Pedestrian,33.894896,-84.479946,12/3/15 16:18,Injury,2,Daylight
5981893,Pedestrian,34.280838,-83.842331,9/1/16 16:15,Injury,2,Daylight
6403199,Pedestrian,33.74794,-84.197018,9/23/17 16:31,Injury,2,Daylight
5404353,Pedestrian,33.890155,-84.057267,8/26/15 12:06,Injury,2,Daylight
4788006,Pedestrian,34.211345,-84.82032,4/4/14 19:58,Injury,2,Daylight
5354614,Pedestrian,32.067937,-81.094868,7/13/15 15:17,Injury,2,Daylight
4842499,Pedestrian,32.448225,-84.951928,5/10/14 17:16,Injury,2,Daylight
4902958,Pedestrian,31.175318,-83.757951,6/5/14 19:00,Injury,2,Daylight
6332843,Pedestrian,33.778675,-84.404186,6/3/17 15:38,Injury,2,Daylight
4973275,Pedestrian,32.52362,-81.32308,3/11/14 18:05,Injury,2,Daylight
4454078,Pedestrian,33.747894,-84.39339,5/21/13 13:41,Injury,2,Daylight
6171572,Pedestrian,33.72737,-84.186262,3/29/17 9:47,Injury,2,Daylight
4936506,Pedestrian,33.48438,-82.08104,8/13/14 12:36,Injury,2,Daylight
6120585,Pedestrian,32.808017,-83.824201,2/16/17 16:00,Injury,2,Daylight
4476699,Pedestrian,34.481414,-83.76478,6/13/13 8:53,Injury,2,Daylight
4757574,Pedestrian,32.084507,-81.11614,3/10/14 18:36,Injury,2,Daylight
4949250,Pedestrian,33.039525,-85.035051,8/23/14 9:51,Injury,2,Daylight
5045370,Pedestrian,33.567574,-84.531072,11/7/14 15:27,Injury,2,Daylight
6207180,Pedestrian,33.587826,-84.515919,4/25/17 8:04,Injury,2,Daylight
6530611,Pedestrian,33.894397,-84.28295,12/23/17 19:34,Injury,2,Daylight
4906222,Pedestrian,34.289462,-83.842519,7/14/14 0:00,Injury,2,Daylight
5260640,Pedestrian,33.740309,-84.349259,4/18/15 4:05,Injury,2,Daylight
6054280,Pedestrian,33.750168,-84.376703,12/9/16 15:52,Injury,2,Daylight
4498476,Pedestrian,33.85753,-83.943721,7/7/13 19:47,Injury,2,Daylight
4964096,Pedestrian,32.078416,-81.098085,9/4/14 10:25,Injury,2,Daylight
5110746,Pedestrian,34.08331,-83.31872,12/23/14 15:25,Injury,2,Daylight
5670381,Pedestrian,34.208321,-84.81926,3/9/16 17:28,Injury,2,Daylight
5952506,Pedestrian,33.950585,-84.530333,10/10/16 14:20,Injury,2,Daylight
6205322,Pedestrian,34.480928,-84.944882,4/24/17 12:12,Injury,2,Daylight
6412692,Pedestrian,33.835888,-84.377846,9/24/17 17:50,Injury,2,Daylight
6418632,Pedestrian,34.376722,-83.872908,10/5/17 8:30,Injury,2,Daylight
6469514,Pedestrian,33.756364,-84.565897,11/10/17 15:21,Injury,2,Daylight
6198224,Pedestrian,31.240473,-81.51218,4/16/17 18:55,Injury,2,Daylight
6494422,Pedestrian,33.755,-84.2675,11/30/17 14:27,Injury,2,Daylight
5671474,Pedestrian,33.80423,-84.568619,3/11/16 15:43,Injury,2,Daylight
4516500,Pedestrian,34.17951,-84.787735,6/2/13 19:45,Injury,2,Daylight
5857785,Pedestrian,34.192395,-84.508906,7/30/16 12:24,Injury,2,Daylight
6025548,Pedestrian,34.319651,-83.831902,11/23/16 11:53,Injury,2,Daylight
5970428,Pedestrian,33.943998,-83.439312,10/22/16 10:36,Injury,2,Daylight
6271365,Pedestrian,34.265879,-84.408924,6/8/17 15:37,Injury,2,Daylight
4748361,Pedestrian,33.738237,-84.41491,2/25/14 15:11,Injury,2,Daylight
6075111,Pedestrian,31.850039,-81.595702,1/11/17 15:26,Injury,2,Daylight
4646805,Pedestrian,34.76653,-84.953712,10/8/13 16:35,Injury,2,Daylight
5784026,Pedestrian,33.654667,-84.503939,6/5/16 17:27,Injury,2,Daylight
4523060,Pedestrian,33.738248,-84.414986,7/6/13 15:19,Injury,2,Daylight
4916532,Pedestrian,34.12979,-83.2178,7/22/14 16:45,Injury,2,Daylight
4356279,Pedestrian,33.710291,-84.31455,2/10/13 13:00,Injury,2,Daylight
6174440,Pedestrian,33.609241,-84.436031,4/1/17 20:00,Injury,2,Daylight
4657278,Pedestrian,34.2094,-83.03443,11/26/13 16:38,Injury,2,Daylight
4401355,Pedestrian,34.418952,-83.83777,3/25/13 16:45,Injury,2,Daylight
4678548,Pedestrian,33.920691,-84.339182,12/17/13 12:55,Injury,2,Daylight
4539231,Pedestrian,33.361366,-84.76385,8/9/13 17:25,Injury,2,Daylight
5277614,Pedestrian,33.956659,-83.37982,5/4/15 9:57,Injury,2,Daylight
4554499,Pedestrian,34.075645,-84.295032,8/25/13 11:42,Injury,2,Daylight
6176606,Pedestrian,33.759133,-84.275139,4/3/17 0:00,Injury,2,Daylight
4449114,Pedestrian,33.22872,-84.30753,4/9/13 19:47,Injury,2,Daylight
4411288,Pedestrian,32.574455,-83.646161,3/12/13 18:11,Injury,2,Daylight
5936862,Pedestrian,33.526947,-84.407948,9/27/16 18:01,Injury,2,Daylight
4928486,Pedestrian,34.16078,-83.89874,8/5/14 6:50,Injury,2,Daylight
5048499,Pedestrian,33.945712,-83.273015,11/6/14 9:00,Injury,2,Daylight
5829116,Pedestrian,33.952233,-84.548059,7/13/16 9:53,Injury,2,Daylight
4723938,Pedestrian,34.68674,-85.00445,2/4/14 13:48,Injury,2,Daylight
4938625,Pedestrian,33.4697,-82.491725,8/1/14 19:40,Injury,2,Daylight
5878530,Pedestrian,33.783719,-84.230665,8/16/16 7:45,Injury,2,Daylight
4490396,Pedestrian,33.56074,-85.02304,6/27/13 8:42,Injury,2,Daylight
6531257,Pedestrian,34.287735,-83.811382,12/21/17 14:54,Injury,2,Daylight
4873134,Pedestrian,33.8772,-84.379751,5/16/14 18:37,Injury,2,Daylight
6303183,Pedestrian,34.50483,-83.2022,7/7/17 20:00,Injury,2,Daylight
6526153,Pedestrian,32.414546,-84.952946,12/21/17 16:00,Injury,2,Daylight
5680703,Pedestrian,34.152177,-84.1738,9/26/15 8:42,Injury,2,Daylight
6359844,Pedestrian & Bicyclist,34.175092,-84.145139,8/18/17 7:30,Property Damaged Only,1,Daylight
4901878,Pedestrian & Bicyclist,33.755081,-84.236311,7/9/14 14:00,Property Damaged Only,1,Daylight
5065252,Pedestrian & Bicyclist,33.752069,-84.392145,11/12/14 14:45,Property Damaged Only,1,Daylight
4522408,Pedestrian & Bicyclist,33.75345,-84.23333,7/27/13 13:00,Property Damaged Only,1,Daylight
4443157,Pedestrian & Bicyclist,33.997176,-84.350602,4/27/13 12:27,Property Damaged Only,1,Daylight
5979494,Pedestrian & Bicyclist,34.077444,-84.484734,10/22/16 11:41,Injury,2,Daylight
4601428,Pedestrian & Bicyclist,33.915266,-84.208909,10/8/13 13:20,Injury,2,Daylight
5435908,Pedestrian & Bicyclist,31.547454,-84.129217,7/14/15 13:02,Injury,2,Daylight
4571246,Pedestrian & Bicyclist,32.976287,-82.81003,9/15/13 12:31,Injury,2,Daylight
4445803,Bicyclist,33.76353,-84.426984,5/11/13 12:22,Property Damaged Only,1,Daylight
4658080,Bicyclist,32.847012,-83.68515,11/16/13 8:40,Property Damaged Only,1,Daylight
5198126,Bicyclist,34.869895,-85.29188,2/26/15 16:10,Property Damaged Only,1,Daylight
6400111,Bicyclist,33.689643,-84.489089,9/7/17 10:00,Property Damaged Only,1,Daylight
4909818,Bicyclist,33.776573,-84.456464,7/15/14 18:28,Property Damaged Only,1,Daylight
4374179,Bicyclist,33.994039,-84.549305,2/28/13 8:25,Property Damaged Only,1,Daylight
4773081,Bicyclist,33.806428,-84.393943,3/19/14 18:24,Property Damaged Only,1,Daylight
6261821,Bicyclist,32.06631,-81.09252,6/4/17 19:15,Property Damaged Only,1,Daylight
5012455,Bicyclist,33.813005,-84.157366,10/5/14 16:35,Property Damaged Only,1,Daylight
4477848,Bicyclist,33.469306,-81.968415,5/28/13 11:03,Property Damaged Only,1,Daylight
5248753,Bicyclist,33.754335,-84.38979,4/8/15 18:06,Property Damaged Only,1,Daylight
5791286,Bicyclist,33.930411,-84.492792,6/4/16 16:30,Property Damaged Only,1,Daylight
5361861,Bicyclist,33.759669,-84.386066,7/16/15 9:30,Property Damaged Only,1,Daylight
5622879,Bicyclist,34.079555,-84.058171,1/29/16 9:02,Property Damaged Only,1,Daylight
6436137,Bicyclist,32.806586,-83.648423,10/20/17 13:40,Property Damaged Only,1,Daylight
5353622,Bicyclist,32.053363,-81.106168,7/12/15 20:28,Property Damaged Only,1,Daylight
5808037,Bicyclist,22468.2175,13926.865,6/21/16 14:15,Property Damaged Only,1,Daylight
6240609,Bicyclist,31.220111,-82.345808,5/17/17 16:53,Property Damaged Only,1,Daylight
4367828,Bicyclist,33.44533,-82.07291,2/7/13 15:30,Property Damaged Only,1,Daylight
5330705,Bicyclist,32.465858,-84.995939,6/20/15 18:53,Property Damaged Only,1,Daylight
5191261,Bicyclist,30.751667,-81.576176,11/13/14 16:54,Property Damaged Only,1,Daylight
6495541,Bicyclist,33.922653,-84.480993,11/27/17 11:40,Property Damaged Only,1,Daylight
5132911,Bicyclist,33.53994,-84.385822,1/16/15 13:33,Property Damaged Only,1,Daylight
6481055,Bicyclist,33.84632,-84.248509,11/20/17 16:30,Property Damaged Only,1,Daylight
5819240,Bicyclist,33.781808,-84.380444,6/22/16 8:00,Property Damaged Only,1,Daylight
5460538,Bicyclist,33.777805,-84.266882,10/6/15 18:41,Property Damaged Only,1,Daylight
5405180,Bicyclist,31.461198,-83.614302,8/26/15 8:16,Property Damaged Only,1,Daylight
5718190,Bicyclist,34.006345,-84.328676,4/17/16 12:09,Property Damaged Only,1,Daylight
4551788,Bicyclist,33.774872,-84.279526,7/30/13 20:24,Property Damaged Only,1,Daylight
4362894,Bicyclist,34.25419,-85.16856,2/21/13 13:00,Property Damaged Only,1,Daylight
5925720,Bicyclist,33.772803,-84.287629,8/28/16 11:46,Property Damaged Only,1,Daylight
4340663,Bicyclist,32.507125,-84.96698,1/31/13 10:53,Property Damaged Only,1,Daylight
5383695,Bicyclist,32.078753,-81.096758,8/8/15 18:45,Property Damaged Only,1,Daylight
5030446,Bicyclist,33.845176,-84.593521,10/25/14 18:35,Property Damaged Only,1,Daylight
5922181,Bicyclist,33.698193,-84.265322,9/16/16 16:05,Property Damaged Only,1,Daylight
5478976,Bicyclist,33.862559,-84.40441,10/21/15 14:18,Property Damaged Only,1,Daylight
6366915,Bicyclist,31.517906,-83.784539,8/23/17 7:38,Property Damaged Only,1,Daylight
6516817,Bicyclist,33.660629,-83.493797,12/16/17 11:39,Property Damaged Only,1,Daylight
6092754,Bicyclist,30.846988,-83.311498,1/24/17 15:12,Property Damaged Only,1,Daylight
4924135,Bicyclist,30.860264,-83.280567,7/30/14 18:34,Property Damaged Only,1,Daylight
5219418,Bicyclist,31.589517,-84.155952,3/17/15 16:17,Property Damaged Only,1,Daylight
5206426,Bicyclist,33.802026,-84.046613,3/4/15 17:15,Property Damaged Only,1,Daylight
4428602,Bicyclist,34.709973,-85.294696,4/29/13 16:57,Property Damaged Only,1,Daylight
4524777,Bicyclist,33.771205,-84.388903,7/26/13 20:08,Property Damaged Only,1,Daylight
5781488,Bicyclist,34.298213,-83.839926,5/31/16 14:43,Property Damaged Only,1,Daylight
6357086,Bicyclist,32.972343,-83.21603,8/13/17 19:30,Fatal,3,Daylight
5333091,Bicyclist,32.459905,-81.785756,5/24/15 18:36,Injury,2,Daylight
4513530,Bicyclist,33.432732,-84.585528,6/17/13 17:59,Injury,2,Daylight
5015219,Bicyclist,33.466147,-82.499599,10/4/14 18:07,Injury,2,Daylight
5107325,Bicyclist,32.050466,-81.112065,12/27/14 14:35,Injury,2,Daylight
5869174,Bicyclist,33.952223,-84.548058,8/6/16 12:30,Injury,2,Daylight
5868514,Bicyclist,33.77966,-84.312959,7/12/16 17:20,Injury,2,Daylight
4450651,Bicyclist,33.815427,-84.587225,5/17/13 20:12,Injury,2,Daylight
6551000,Bicyclist,33.777642,-84.395743,10/4/17 10:12,Injury,2,Daylight
5418821,Bicyclist,34.017461,-84.600461,9/9/15 10:55,Injury,2,Daylight
6032983,Bicyclist,33.778228,-84.37971,12/2/16 13:50,Injury,2,Daylight
4443500,Bicyclist,33.828775,-84.492194,4/25/13 12:27,Injury,2,Daylight
5391704,Bicyclist,34.528473,-84.024765,8/15/15 12:16,Injury,2,Daylight
4919007,Bicyclist,31.60487,-84.20594,7/26/14 17:19,Injury,2,Daylight
5410917,Bicyclist,33.77453,-84.254526,9/1/15 17:00,Injury,2,Daylight
6196668,Bicyclist,33.443768,-84.18094,4/11/17 18:35,Injury,2,Daylight
4514462,Bicyclist,33.485588,-82.000233,6/19/13 17:15,Injury,2,Daylight
4835672,Bicyclist,32.147833,-81.15821,5/4/14 16:30,Injury,2,Daylight
5844760,Bicyclist,33.875565,-83.460807,6/17/16 11:34,Injury,2,Daylight
5752263,Bicyclist,31.814991,-81.756035,5/10/16 11:03,Injury,2,Daylight
4639501,Bicyclist,33.801444,-84.392741,11/6/13 15:05,Injury,2,Daylight
5210273,Bicyclist,33.788162,-84.290162,3/9/15 7:30,Injury,2,Daylight
4959193,Bicyclist,33.797773,-84.151012,8/24/14 9:40,Injury,2,Daylight
4619099,Bicyclist,33.769214,-84.298928,9/28/13 8:55,Injury,2,Daylight
4536063,Bicyclist,32.418827,-81.77143,8/9/13 11:30,Injury,2,Daylight
5309641,Bicyclist,33.735049,-84.43312,5/29/15 17:05,Injury,2,Daylight
6326015,Bicyclist,32.078492,-81.098015,7/26/17 14:35,Injury,2,Daylight
4792381,Bicyclist,33.463844,-81.974406,4/13/14 15:06,Injury,2,Daylight
5791402,Bicyclist,33.925216,-84.432696,6/9/16 8:13,Injury,2,Daylight
5053846,Bicyclist,33.824138,-84.407606,10/25/14 12:40,Injury,2,Daylight
4887709,Bicyclist,32.065335,-81.095822,6/24/14 12:07,Injury,2,Daylight
5259802,Bicyclist,31.177877,-83.782932,3/9/15 13:34,Injury,2,Daylight
4499484,Bicyclist,33.9397,-84.76217,7/3/13 19:29,Injury,2,Daylight
6475683,Bicyclist,33.962179,-84.061564,11/11/17 10:56,Injury,2,Daylight
4638769,Pedestrian,33.538221,-84.361545,11/12/13 20:02,Property Damaged Only,1,Daylight
4369490,Pedestrian,33.87161,-84.309475,2/28/13 7:32,Property Damaged Only,1,Daylight
5843716,Pedestrian,32.438138,-84.923813,7/20/16 14:51,Property Damaged Only,1,Daylight
6301303,Pedestrian,33.790219,-83.691129,5/15/17 17:24,Property Damaged Only,1,Daylight
6341920,Pedestrian,32.071266,-81.114557,8/5/17 12:25,Property Damaged Only,1,Daylight
5766009,Pedestrian,32.081859,-81.094773,5/22/16 16:42,Property Damaged Only,1,Daylight
5060611,Pedestrian,33.033013,-85.071542,11/21/14 16:27,Property Damaged Only,1,Daylight
4434938,Pedestrian,33.248665,-84.265478,3/4/13 17:05,Property Damaged Only,1,Daylight
5481250,Pedestrian,33.83095,-84.575804,10/22/15 11:25,Property Damaged Only,1,Daylight
4954610,Pedestrian,30.840915,-83.276808,8/27/14 8:58,Property Damaged Only,1,Daylight
5541161,Pedestrian,33.940633,-84.70286,12/7/15 16:15,Property Damaged Only,1,Daylight
5793947,Pedestrian,34.007556,-84.571527,6/11/16 18:22,Property Damaged Only,1,Daylight
4616909,Pedestrian,34.943962,-83.633,10/20/13 15:00,Property Damaged Only,1,Daylight
5789592,Pedestrian,33.717208,-84.448484,6/9/16 12:00,Property Damaged Only,1,Daylight
4620811,Pedestrian,34.369857,-84.927697,10/25/13 18:42,Property Damaged Only,1,Daylight
5376844,Pedestrian,34.26282,-85.154882,8/2/15 12:56,Property Damaged Only,1,Daylight
5286954,Pedestrian,33.9025,-84.244719,5/9/15 8:29,Property Damaged Only,1,Daylight
5292134,Pedestrian,33.781748,-84.382499,5/15/15 10:06,Property Damaged Only,1,Daylight
6528950,Pedestrian,33.752069,-84.392145,12/20/17 8:35,Property Damaged Only,1,Daylight
6231994,Pedestrian,32.50746,-84.89545,5/13/17 15:55,Property Damaged Only,1,Daylight
5959682,Pedestrian,33.815142,-84.391587,10/14/16 16:04,Property Damaged Only,1,Daylight
4523726,Pedestrian,33.956075,-84.05518,7/16/13 12:30,Property Damaged Only,1,Daylight
4732722,Pedestrian,33.663829,-84.417355,1/27/14 12:37,Property Damaged Only,1,Daylight
5322443,Pedestrian,33.041285,-84.988035,6/12/15 9:30,Property Damaged Only,1,Daylight
5272262,Pedestrian,33.535143,-84.371889,4/29/15 15:59,Property Damaged Only,1,Daylight
5403840,Pedestrian,33.754417,-84.749088,7/24/15 19:22,Property Damaged Only,1,Daylight
5009173,Pedestrian,33.423594,-82.019373,10/6/14 12:32,Property Damaged Only,1,Daylight
4934275,Pedestrian,33.839221,-83.90435,7/6/14 10:15,Property Damaged Only,1,Daylight
4990662,Pedestrian,33.75377,-84.392672,9/17/14 10:47,Property Damaged Only,1,Daylight
4686080,Pedestrian,32.452012,-84.919146,12/24/13 11:45,Property Damaged Only,1,Daylight
6430615,Pedestrian,33.799021,-84.470027,10/4/17 16:43,Property Damaged Only,1,Daylight
5317139,Pedestrian,33.564939,-83.183864,4/13/15 14:38,Property Damaged Only,1,Daylight
4605895,Pedestrian,30.836911,-83.980943,10/14/13 10:06,Property Damaged Only,1,Daylight
4320540,Pedestrian,33.791256,-84.89451,1/10/13 8:56,Property Damaged Only,1,Daylight
5536402,Pedestrian,33.898742,-84.1954,12/3/15 6:29,Property Damaged Only,1,Daylight
4721972,Pedestrian,34.08829,-84.58774,2/3/14 10:02,Property Damaged Only,1,Daylight
5478465,Pedestrian,33.54097,-84.400876,10/21/15 11:45,Property Damaged Only,1,Daylight
6032845,Pedestrian,33.797067,-84.32228,12/8/16 8:25,Property Damaged Only,1,Daylight
4742820,Pedestrian,33.973248,-84.078694,2/22/14 14:20,Property Damaged Only,1,Daylight
5469862,Pedestrian,32.082311,-81.096523,10/15/15 8:00,Property Damaged Only,1,Daylight
5318616,Pedestrian,33.732209,-84.193974,6/9/15 12:03,Property Damaged Only,1,Daylight
4945693,Pedestrian,32.074272,-81.094911,8/21/14 8:07,Property Damaged Only,1,Daylight