incidentIdNbr,crashType,latitude,longitude,dateOfIncidentDate,severity,Mag,lightCondition
6120572,Pedestrian,33.062907,-83.217052,2/16/17 16:49,Property Damaged Only,1,Daylight
4870280,Pedestrian,33.08094,-83.228792,6/6/14 16:09,Property Damaged Only,1,Daylight
5101926,Pedestrian,33.551076,-84.256598,12/19/14 15:20,Property Damaged Only,1,Daylight
6073683,Pedestrian,33.620773,-84.407482,1/10/17 12:07,Property Damaged Only,1,Daylight
5437337,Pedestrian,33.908754,-84.351958,8/12/15 7:01,Property Damaged Only,1,Daylight
5385344,Pedestrian,31.125173,-82.000269,7/16/13 8:27,Property Damaged Only,1,Daylight
4907510,Pedestrian,32.187018,-83.174701,6/3/14 10:13,Property Damaged Only,1,Daylight
4705344,Pedestrian,33.593244,-84.30028,1/15/14 8:56,Property Damaged Only,1,Daylight
5179741,Pedestrian,33.853332,-84.381592,1/29/15 8:39,Property Damaged Only,1,Daylight
4913512,Pedestrian,33.954428,-83.997101,6/30/14 8:21,Property Damaged Only,1,Daylight
5588484,Pedestrian,32.479428,-84.977314,1/8/16 11:25,Property Damaged Only,1,Daylight
4555590,Pedestrian,33.80345,-84.39312,8/24/13 17:06,Property Damaged Only,1,Daylight
5460815,Pedestrian,33.459253,-81.967769,10/6/15 17:25,Property Damaged Only,1,Daylight
4782317,Pedestrian,32.548692,-84.886157,4/5/14 17:17,Property Damaged Only,1,Daylight
5283563,Pedestrian,33.669446,-84.473792,5/7/15 13:13,Property Damaged Only,1,Daylight
5262185,Pedestrian,32.074652,-81.084413,4/23/15 17:41,Property Damaged Only,1,Daylight
5615372,Pedestrian,34.180222,-84.134188,12/27/15 15:53,Property Damaged Only,1,Daylight
5481117,Pedestrian,33.761822,-84.341833,10/23/15 10:20,Property Damaged Only,1,Daylight
4929588,Pedestrian,32.07465,-81.099432,8/6/14 9:28,Property Damaged Only,1,Daylight
5336507,Pedestrian,33.802348,-84.193803,6/25/15 12:25,Property Damaged Only,1,Daylight
6167268,Pedestrian,34.03621,-84.586421,3/27/17 9:52,Property Damaged Only,1,Daylight
4395839,Pedestrian,33.761881,-84.34935,3/23/13 19:10,Property Damaged Only,1,Daylight
5398578,Pedestrian,31.213542,-81.488406,8/20/15 18:59,Property Damaged Only,1,Daylight
5887229,Pedestrian,33.764824,-84.387514,8/22/16 8:10,Property Damaged Only,1,Daylight
4523621,Pedestrian,33.730366,-84.738901,6/15/13 17:55,Property Damaged Only,1,Daylight
6251489,Pedestrian,33.755677,-84.268924,5/27/17 14:19,Property Damaged Only,1,Daylight
5203278,Pedestrian,33.94201,-83.371033,3/2/15 17:28,Property Damaged Only,1,Daylight
5893855,Pedestrian,32.820957,-83.642019,8/26/16 9:25,Property Damaged Only,1,Daylight
4526683,Pedestrian,33.743917,-84.439664,7/28/13 17:50,Property Damaged Only,1,Daylight
4776469,Pedestrian,32.5475,-84.99512,3/13/14 12:20,Property Damaged Only,1,Daylight
6061713,Pedestrian,33.603492,-83.867478,12/30/16 11:31,Property Damaged Only,1,Daylight
5980254,Pedestrian,33.956274,-83.970408,10/30/16 15:32,Property Damaged Only,1,Daylight
6447612,Pedestrian,33.828979,-84.196301,10/27/17 17:50,Property Damaged Only,1,Daylight
6075667,Pedestrian,32.472337,-84.988878,1/12/17 8:40,Property Damaged Only,1,Daylight
6114751,Pedestrian,32.78932,-83.714557,2/11/17 13:42,Property Damaged Only,1,Daylight
6357555,Pedestrian,33.758385,-84.384198,8/16/17 13:20,Property Damaged Only,1,Daylight
5691607,Pedestrian,32.530487,-84.927646,3/28/16 16:42,Property Damaged Only,1,Daylight
6264181,Pedestrian,229.9526,140.3997,6/3/17 11:30,Property Damaged Only,1,Daylight
6402798,Pedestrian,33.518161,-84.383843,9/22/17 17:15,Property Damaged Only,1,Daylight
5130275,Pedestrian,32.412341,-84.941858,1/15/15 14:00,Property Damaged Only,1,Daylight
4718886,Pedestrian,33.641992,-84.390045,1/30/14 11:50,Property Damaged Only,1,Daylight
5169440,Pedestrian,33.800313,-84.597314,2/5/15 16:50,Property Damaged Only,1,Daylight
5473144,Pedestrian,34.060684,-84.592714,10/17/15 13:10,Property Damaged Only,1,Daylight
5612863,Pedestrian,32.444242,-84.959486,1/27/16 15:10,Property Damaged Only,1,Daylight
5602369,Pedestrian,33.547517,-84.414894,1/16/16 14:00,Fatal,3,Daylight
6362165,Pedestrian,34.4637,-85.36231,8/16/17 17:50,Fatal,3,Daylight
6263623,Pedestrian,32.0484,-81.08509,6/5/17 16:44,Fatal,3,Daylight
5070777,Pedestrian,33.720423,-84.230163,12/2/14 10:24,Fatal,3,Daylight
6334065,Pedestrian,33.731834,-84.283225,8/1/17 12:11,Injury,2,Daylight
5947962,Pedestrian,33.723115,-84.505393,10/6/16 18:40,Injury,2,Daylight
6460817,Pedestrian,33.305923,-84.13948,11/3/17 13:40,Injury,2,Daylight
5404689,Pedestrian,33.995702,-84.350976,8/25/15 9:07,Injury,2,Daylight
4914108,Pedestrian,34.06034,-84.80911,7/18/14 15:09,Injury,2,Daylight
4826755,Pedestrian,30.826274,-83.982371,4/24/14 20:10,Injury,2,Daylight
5013842,Pedestrian,33.976107,-83.364582,10/10/14 16:19,Injury,2,Daylight
6325721,Pedestrian,33.822422,-84.263051,7/26/17 8:29,Injury,2,Daylight
5751104,Pedestrian,33.961466,-84.003819,5/10/16 11:17,Injury,2,Daylight
4634159,Pedestrian,33.752539,-84.506241,11/1/13 9:00,Injury,2,Daylight
5358518,Pedestrian,30.988376,-81.667099,7/11/15 19:40,Injury,2,Daylight
5461800,Pedestrian,33.950216,-83.380814,9/10/15 16:06,Injury,2,Daylight
5541132,Pedestrian,33.946382,-84.518201,12/5/15 9:16,Injury,2,Daylight
6194767,Pedestrian,32.068501,-82.909181,4/11/17 17:33,Injury,2,Daylight
6184411,Pedestrian,34.38196,-83.8145,4/7/17 13:41,Injury,2,Daylight
4528394,Pedestrian,31.213947,-82.32651,7/1/13 15:30,Injury,2,Daylight
5196168,Pedestrian,34.957728,-85.220631,2/22/15 13:18,Injury,2,Daylight
5961944,Pedestrian,32.539726,-84.951247,10/18/16 18:50,Injury,2,Daylight
5543958,Pedestrian,33.631678,-84.468336,11/11/15 11:57,Injury,2,Daylight
5483517,Pedestrian,33.70162,-84.169614,10/26/15 8:24,Injury,2,Daylight
4445763,Pedestrian,34.35358,-82.92147,5/11/13 11:09,Injury,2,Daylight
4826837,Pedestrian,32.789291,-83.644402,4/13/14 16:00,Injury,2,Daylight
6492020,Pedestrian,33.930358,-84.297374,11/25/17 15:25,Injury,2,Daylight
4887904,Pedestrian,33.742313,-84.349247,6/18/14 19:05,Injury,2,Daylight
5415621,Pedestrian,33.565257,-84.246603,9/5/15 7:39,Injury,2,Daylight
5851324,Pedestrian,32.464302,-84.960664,7/26/16 13:05,Injury,2,Daylight
5916951,Pedestrian,31.165081,-81.856069,9/10/16 14:57,Injury,2,Daylight
5228161,Pedestrian,33.733791,-84.35134,3/20/15 11:40,Injury,2,Daylight
4522345,Pedestrian,34.293373,-84.42621,7/22/13 17:45,Injury,2,Daylight
5014761,Pedestrian,33.844438,-84.326992,10/6/14 12:58,Injury,2,Daylight
4357317,Pedestrian,34.29028,-83.8099,2/18/13 9:43,Injury,2,Daylight
6373634,Pedestrian,34.10581,-83.87286,8/30/17 12:25,Injury,2,Daylight
4617804,Pedestrian,33.693157,-84.630265,10/23/13 18:17,Injury,2,Daylight
6173498,Pedestrian,33.722949,-84.167016,3/31/17 13:55,Injury,2,Daylight
4835123,Pedestrian,32.449119,-84.958504,5/3/14 19:11,Injury,2,Daylight
6356170,Pedestrian,32.830453,-83.629587,8/16/17 12:32,Injury,2,Daylight
6054577,Pedestrian,34.627122,-83.604021,12/24/16 16:19,Injury,2,Daylight
4468724,Pedestrian,33.729414,-84.385137,6/3/13 15:05,Injury,2,Daylight
4602309,Pedestrian,33.737988,-84.252145,10/9/13 15:02,Injury,2,Daylight
4572758,Pedestrian,33.942192,-83.38464,9/17/13 7:23,Injury,2,Daylight
5657205,Pedestrian,33.754155,-84.424437,2/26/16 8:00,Injury,2,Daylight
4772107,Pedestrian,33.97415,-84.737704,3/24/14 15:30,Injury,2,Daylight
4665260,Pedestrian,32.38288,-84.95717,12/6/13 12:25,Injury,2,Daylight
6016714,Pedestrian,33.753954,-84.49606,11/27/16 8:00,Injury,2,Daylight
5041441,Pedestrian,33.84199,-84.32974,11/4/14 15:46,Injury,2,Daylight
4895488,Pedestrian,34.878205,-83.399376,9/5/13 17:02,Injury,2,Daylight
6082185,Pedestrian,34.771453,-84.96801,1/16/17 13:20,Injury,2,Daylight
5168031,Pedestrian,33.702825,-84.165372,2/5/15 17:46,Injury,2,Daylight
4912077,Pedestrian,33.653673,-84.449469,6/12/14 12:13,Injury,2,Daylight
6012064,Pedestrian,32.070606,-81.101916,11/24/16 13:32,Injury,2,Daylight
5203347,Pedestrian,33.781528,-84.387841,2/23/15 8:47,Injury,2,Daylight
5295892,Pedestrian,33.577882,-84.389159,5/19/15 19:40,Injury,2,Daylight
4885700,Pedestrian,33.812145,-84.13853,6/21/14 11:05,Injury,2,Daylight
6139179,Pedestrian,34.023584,-84.606745,3/5/17 18:33,Injury,2,Daylight
5478045,Pedestrian,33.894627,-84.881794,10/20/15 7:45,Injury,2,Daylight
4840854,Pedestrian,33.743025,-84.920954,5/4/14 16:15,Injury,2,Daylight
4561694,Pedestrian,34.111684,-83.681235,9/4/13 17:39,Injury,2,Daylight
5768326,Pedestrian,33.594985,-84.414465,5/22/16 19:38,Injury,2,Daylight
6485195,Pedestrian,33.38743,-83.82313,11/23/17 16:46,Injury,2,Daylight
5289448,Pedestrian,32.41936,-82.03957,5/13/15 20:15,Injury,2,Daylight
6102504,Pedestrian,33.838899,-83.871129,2/1/17 14:52,Injury,2,Daylight
4966080,Pedestrian,34.164867,-84.796702,8/28/14 11:38,Injury,2,Daylight
5869576,Pedestrian,31.602503,-81.924963,8/4/16 7:41,Injury,2,Daylight
4547470,Pedestrian,33.731906,-84.290124,6/28/13 16:00,Injury,2,Daylight
5587113,Pedestrian & Bicyclist,33.58087,-83.948929,5/5/14 19:07,Property Damaged Only,1,Daylight
5001266,Pedestrian & Bicyclist,30.903806,-84.561456,4/28/14 16:56,Property Damaged Only,1,Daylight
5706014,Pedestrian & Bicyclist,33.039373,-84.878877,4/3/16 9:50,Injury,2,Daylight
6235454,Pedestrian & Bicyclist,32.456691,-83.738089,4/13/17 16:40,Injury,2,Daylight
5040600,Pedestrian & Bicyclist,32.285519,-81.247102,5/22/14 18:17,Injury,2,Daylight
5295011,Bicyclist,33.581193,-82.151259,5/2/15 16:09,Property Damaged Only,1,Daylight
5770034,Bicyclist,33.631914,-84.044467,5/23/16 15:47,Property Damaged Only,1,Daylight
4707762,Bicyclist,32.505248,-84.973746,1/18/14 14:50,Property Damaged Only,1,Daylight
5340127,Bicyclist,32.137658,-81.254885,6/26/15 12:39,Property Damaged Only,1,Daylight
5044741,Bicyclist,33.857871,-84.254993,11/10/14 8:37,Property Damaged Only,1,Daylight
4494888,Bicyclist,33.538908,-84.351263,7/5/13 16:05,Property Damaged Only,1,Daylight
5010944,Bicyclist,34.342376,-85.07735,10/8/14 11:39,Property Damaged Only,1,Daylight
5722182,Bicyclist,33.772556,-84.379046,4/19/16 17:30,Property Damaged Only,1,Daylight
4486854,Bicyclist,33.89433,-84.459129,6/24/13 16:09,Property Damaged Only,1,Daylight
6420227,Bicyclist,33.596489,-84.497833,9/30/17 18:30,Property Damaged Only,1,Daylight
5776261,Bicyclist,33.693396,-84.122753,5/29/16 16:45,Property Damaged Only,1,Daylight
5471844,Bicyclist,30.851805,-83.949425,10/16/15 17:41,Property Damaged Only,1,Daylight
5657457,Bicyclist,31.830737,-81.615144,3/1/16 12:26,Property Damaged Only,1,Daylight
6336676,Bicyclist,33.996492,-85.044317,7/30/17 15:31,Property Damaged Only,1,Daylight
5645852,Bicyclist,32.465996,-84.976635,2/22/16 15:40,Property Damaged Only,1,Daylight
6421427,Bicyclist,31.991429,-81.094669,10/8/17 14:35,Property Damaged Only,1,Daylight
5340369,Bicyclist,33.815687,-84.334808,6/29/15 19:19,Property Damaged Only,1,Daylight
5732412,Bicyclist,31.983691,-81.221826,4/26/16 19:09,Property Damaged Only,1,Daylight
4598046,Bicyclist,33.80618,-84.27458,10/5/13 17:36,Property Damaged Only,1,Daylight
4531311,Bicyclist,33.840443,-84.376997,8/1/13 13:30,Property Damaged Only,1,Daylight
4779386,Bicyclist,34.031262,-84.361397,4/1/14 17:56,Property Damaged Only,1,Daylight
6287890,Bicyclist,33.78176,-84.368673,6/24/17 15:01,Property Damaged Only,1,Daylight
5011366,Bicyclist,33.232798,-84.264849,9/13/14 8:51,Property Damaged Only,1,Daylight
5957086,Bicyclist,33.605455,-84.435058,10/14/16 16:50,Property Damaged Only,1,Daylight
4577335,Bicyclist,32.059145,-81.091421,9/22/13 12:41,Property Damaged Only,1,Daylight
4866495,Bicyclist,33.530754,-82.12389,5/23/14 18:06,Property Damaged Only,1,Daylight
5769941,Bicyclist,32.092644,-81.149629,5/23/16 19:51,Property Damaged Only,1,Daylight
5371247,Bicyclist,33.768735,-84.349021,7/23/15 18:26,Property Damaged Only,1,Daylight
5956454,Bicyclist,33.772296,-84.34897,10/13/16 12:53,Property Damaged Only,1,Daylight
5526309,Bicyclist,33.793586,-84.66198,11/20/15 8:15,Property Damaged Only,1,Daylight
6465739,Bicyclist,33.758425,-84.387597,11/8/17 9:11,Property Damaged Only,1,Daylight
4515356,Bicyclist,33.261373,-84.266994,5/15/13 14:51,Injury,2,Daylight
5723778,Bicyclist,33.888492,-84.318512,3/8/16 12:00,Injury,2,Daylight
5450250,Bicyclist,33.406509,-84.296861,10/1/15 8:23,Injury,2,Daylight
6412967,Bicyclist,32.059477,-81.099356,10/2/17 10:38,Injury,2,Daylight
4401039,Bicyclist,31.044053,-83.363616,4/1/13 19:40,Injury,2,Daylight
6130289,Bicyclist,33.802573,-84.392872,2/25/17 15:38,Injury,2,Daylight
6385700,Bicyclist,32.575022,-83.623633,9/8/17 15:04,Injury,2,Daylight
6333900,Bicyclist,33.967883,-84.195489,7/31/17 19:13,Injury,2,Daylight
5731642,Bicyclist,31.748276,-82.349841,3/18/16 15:04,Injury,2,Daylight
4486148,Bicyclist,33.980857,-84.229183,6/24/13 9:55,Injury,2,Daylight
6175180,Bicyclist,33.248024,-82.23376,3/31/17 12:07,Injury,2,Daylight
4530460,Bicyclist,31.975239,-83.775276,8/3/13 17:20,Injury,2,Daylight
5885474,Bicyclist,34.133403,-84.573143,8/20/16 17:16,Injury,2,Daylight
4924267,Bicyclist,33.46149,-82.49495,7/30/14 18:40,Injury,2,Daylight
4984253,Bicyclist,33.173417,-84.910829,9/9/14 17:45,Injury,2,Daylight
5980266,Bicyclist,31.459824,-83.494945,10/31/16 14:54,Injury,2,Daylight
5437268,Bicyclist,34.048126,-84.262283,8/4/15 15:36,Injury,2,Daylight
5479398,Bicyclist,32.013838,-81.09851,10/22/15 17:20,Injury,2,Daylight
6370336,Bicyclist,33.558296,-84.287716,8/27/17 19:39,Injury,2,Daylight
5073581,Bicyclist,34.085619,-84.534331,12/3/14 7:09,Injury,2,Daylight
4970743,Bicyclist,32.848434,-83.649051,8/19/14 7:26,Injury,2,Daylight
5402368,Bicyclist,31.835966,-81.595819,7/13/15 12:32,Injury,2,Daylight
5282122,Bicyclist,33.941098,-84.515404,5/8/15 10:55,Injury,2,Daylight
4857523,Bicyclist,33.7906,-84.33673,5/24/14 16:17,Injury,2,Daylight
5974441,Bicyclist,33.934024,-83.328857,10/26/16 17:56,Injury,2,Daylight
5989186,Bicyclist,33.780137,-84.047186,11/1/16 10:40,Injury,2,Daylight
5787439,Bicyclist,33.969936,-84.221992,6/6/16 18:02,Injury,2,Daylight
4485744,Bicyclist,31.534441,-84.11454,6/20/13 14:20,Injury,2,Daylight
6146963,Bicyclist,30.860475,-83.996411,3/10/17 17:12,Injury,2,Daylight
5801960,Bicyclist,32.7889,-83.649534,6/20/16 13:24,Injury,2,Daylight
6331004,Bicyclist,33.946643,-83.350673,7/29/17 15:54,Injury,2,Daylight
4506933,Bicyclist,34.706615,-85.28311,7/16/13 19:15,Injury,2,Daylight
5296279,Bicyclist,33.625227,-84.156038,5/20/15 7:47,Injury,2,Daylight
6213182,Bicyclist,33.960298,-83.3828,4/27/17 12:43,Injury,2,Daylight
5392908,Bicyclist,34.069873,-84.58704,8/16/15 12:48,Injury,2,Daylight
6462705,Bicyclist,30.94977,-84.02431,11/3/17 16:34,Injury,2,Daylight
4459692,Bicyclist,33.706211,-84.467238,5/23/13 20:06,Injury,2,Daylight
5723427,Bicyclist,32.261559,-83.742058,4/18/16 12:15,Injury,2,Daylight
5961320,Bicyclist,33.945583,-84.240873,10/9/16 15:12,Injury,2,Daylight
5821997,Bicyclist,31.129918,-83.42411,7/4/16 19:30,Injury,2,Daylight
4462251,Bicyclist,33.96738,-85.318634,5/25/13 9:30,Injury,2,Daylight
4987121,Bicyclist,34.88436,-85.0418,9/20/14 13:33,Injury,2,Daylight
6196254,Pedestrian,33.703479,-84.455009,3/4/17 9:20,Property Damaged Only,1,Daylight
4641239,Pedestrian,33.939285,-84.191591,11/14/13 14:00,Property Damaged Only,1,Daylight
6330016,Pedestrian,34.261855,-85.175761,7/29/17 16:48,Property Damaged Only,1,Daylight
4486893,Pedestrian,33.49572,-83.85446,6/25/13 20:23,Property Damaged Only,1,Daylight
6176745,Pedestrian,33.874061,-84.531544,4/1/17 17:09,Property Damaged Only,1,Daylight
4391789,Pedestrian,34.779794,-84.964342,2/15/13 11:07,Property Damaged Only,1,Daylight
4630294,Pedestrian,32.487583,-84.973251,11/4/13 8:01,Property Damaged Only,1,Daylight
6101667,Pedestrian,34.485298,-84.94381,2/1/17 15:39,Property Damaged Only,1,Daylight
5886517,Pedestrian,33.862569,-84.380246,8/19/16 9:40,Property Damaged Only,1,Daylight
5482472,Pedestrian,32.791825,-83.655722,10/25/15 10:30,Property Damaged Only,1,Daylight
4769358,Pedestrian,32.495516,-84.98759,3/22/14 11:02,Property Damaged Only,1,Daylight
4880514,Pedestrian,33.815901,-84.366627,6/13/14 8:59,Property Damaged Only,1,Daylight
5242523,Pedestrian,33.761518,-84.383851,3/29/15 12:18,Property Damaged Only,1,Daylight
6360369,Pedestrian,33.883146,-84.244774,8/20/17 12:00,Property Damaged Only,1,Daylight
4390991,Pedestrian,33.45738,-81.954807,3/1/13 13:48,Property Damaged Only,1,Daylight
4375262,Pedestrian,33.73368,-84.364899,3/6/13 7:15,Property Damaged Only,1,Daylight
4707663,Pedestrian,33.424641,-82.01543,1/18/14 9:49,Property Damaged Only,1,Daylight
5221241,Pedestrian,33.74284,-84.436886,3/17/15 18:00,Property Damaged Only,1,Daylight
6376499,Pedestrian,33.746645,-84.362302,8/22/17 8:38,Property Damaged Only,1,Daylight
4654481,Pedestrian,33.945505,-84.136977,11/19/13 11:24,Property Damaged Only,1,Daylight
4338397,Pedestrian,33.7369,-84.39707,1/20/13 15:11,Property Damaged Only,1,Daylight
4413221,Pedestrian,34.322256,-83.816295,4/12/13 18:55,Property Damaged Only,1,Daylight
6180946,Pedestrian,34.145312,-84.243566,12/7/16 10:02,Property Damaged Only,1,Daylight
4954254,Pedestrian,31.977888,-81.131703,8/27/14 16:09,Property Damaged Only,1,Daylight
4473707,Pedestrian,33.760192,-84.394966,6/7/13 9:39,Property Damaged Only,1,Daylight
4514256,Pedestrian,31.211566,-81.502953,4/10/13 17:35,Property Damaged Only,1,Daylight
4438520,Pedestrian,32.888106,-83.674878,4/16/13 10:41,Property Damaged Only,1,Daylight
4555397,Pedestrian,31.962547,-83.777545,8/28/13 19:58,Property Damaged Only,1,Daylight
5560871,Pedestrian,32.818236,-83.639527,12/17/15 16:53,Property Damaged Only,1,Daylight
5109242,Pedestrian,31.130691,-83.421135,12/29/14 8:38,Property Damaged Only,1,Daylight
5272039,Pedestrian,33.761635,-84.259136,4/30/15 14:18,Property Damaged Only,1,Daylight
5241203,Pedestrian,33.681592,-84.440364,4/4/15 12:01,Property Damaged Only,1,Daylight
5699672,Pedestrian,31.218562,-81.520356,3/31/16 7:11,Property Damaged Only,1,Daylight
6514884,Pedestrian,33.808405,-84.393556,12/13/17 17:00,Property Damaged Only,1,Daylight
5714680,Pedestrian,31.95548,-81.093948,4/15/16 12:12,Property Damaged Only,1,Daylight
4796794,Pedestrian,33.704992,-84.271317,4/19/14 11:44,Property Damaged Only,1,Daylight
5768332,Pedestrian,32.219723,-82.397288,5/22/16 18:25,Property Damaged Only,1,Daylight
6331856,Pedestrian,33.781739,-84.368686,7/29/17 15:00,Property Damaged Only,1,Daylight
4621388,Pedestrian,33.77386,-84.36097,9/26/13 10:32,Property Damaged Only,1,Daylight
4787041,Pedestrian,32.156296,-81.214099,4/10/14 16:53,Property Damaged Only,1,Daylight
6236870,Pedestrian,33.935007,-84.350022,5/15/17 18:08,Property Damaged Only,1,Daylight
6160085,Pedestrian,33.995517,-84.590944,3/22/17 7:28,Property Damaged Only,1,Daylight
5688668,Pedestrian,33.927381,-84.33696,3/25/16 13:08,Property Damaged Only,1,Daylight
4523807,Pedestrian,33.64,-84.44428,7/23/13 8:08,Property Damaged Only,1,Daylight
4985854,Pedestrian,31.734071,-84.160513,5/12/14 8:10,Property Damaged Only,1,Daylight
4424213,Pedestrian,33.755874,-84.266,4/24/13 15:43,Property Damaged Only,1,Daylight
4612603,Pedestrian,32.477,-84.912,10/20/13 18:10,Property Damaged Only,1,Daylight
5313587,Pedestrian,34.0141,-84.552657,6/1/15 16:30,Property Damaged Only,1,Daylight
5290593,Pedestrian,33.790556,-84.172925,5/16/15 11:10,Property Damaged Only,1,Daylight
6489862,Pedestrian,33.875219,-84.252977,11/28/17 16:42,Property Damaged Only,1,Daylight
4892877,Pedestrian,33.922444,-84.296508,6/29/14 10:30,Property Damaged Only,1,Daylight
5928827,Pedestrian,32.061723,-81.098474,9/21/16 13:42,Property Damaged Only,1,Daylight
6220932,Pedestrian,33.779608,-84.387278,5/6/17 0:15,Property Damaged Only,1,Daylight
5774808,Pedestrian,33.991479,-84.628339,5/24/16 13:30,Property Damaged Only,1,Daylight
6384549,Pedestrian,34.025505,-84.355777,9/6/17 17:28,Property Damaged Only,1,Daylight
6038410,Pedestrian,33.863942,-84.21827,12/8/16 15:55,Property Damaged Only,1,Daylight
6254242,Pedestrian,33.908938,-84.378758,5/30/17 11:04,Property Damaged Only,1,Daylight
5761582,Pedestrian,33.781402,-84.38916,5/17/16 7:30,Property Damaged Only,1,Daylight
5501491,Pedestrian,32.462846,-84.993171,11/7/15 10:33,Property Damaged Only,1,Daylight
6384167,Pedestrian,33.618693,-84.245781,9/7/17 11:43,Property Damaged Only,1,Daylight
6396171,Pedestrian,33.887146,-84.037177,9/14/17 11:08,Property Damaged Only,1,Daylight
5667770,Pedestrian,33.807033,-84.310434,3/9/16 18:40,Property Damaged Only,1,Daylight
4892518,Pedestrian,33.86599,-84.9023,6/27/14 16:44,Property Damaged Only,1,Daylight
5991912,Pedestrian,33.761278,-84.195054,11/8/16 17:14,Property Damaged Only,1,Daylight
5703689,Pedestrian,33.973427,-84.03195,4/4/16 9:00,Property Damaged Only,1,Daylight
6426798,Pedestrian,33.275377,-84.291118,10/11/17 14:56,Property Damaged Only,1,Daylight
4865613,Pedestrian,33.572652,-84.412538,6/2/14 8:17,Property Damaged Only,1,Daylight
6337564,Pedestrian,33.606818,-84.241974,5/10/17 6:30,Property Damaged Only,1,Daylight
5738071,Pedestrian,33.985912,-83.420037,5/1/16 11:47,Property Damaged Only,1,Daylight
5207794,Pedestrian,33.735839,-84.417729,3/5/15 12:20,Property Damaged Only,1,Daylight
4906984,Pedestrian,33.931529,-83.310679,7/14/14 12:39,Property Damaged Only,1,Daylight
5845157,Pedestrian,33.897506,-84.574326,7/15/16 16:46,Property Damaged Only,1,Daylight
4488116,Pedestrian,33.774821,-84.383068,6/27/13 11:33,Property Damaged Only,1,Daylight
5264334,Pedestrian,33.916797,-84.847611,4/17/15 12:48,Fatal,3,Daylight
5522542,Pedestrian,33.934812,-84.029686,11/23/15 11:18,Fatal,3,Daylight
5645680,Pedestrian,31.450365,-83.501113,2/19/16 19:08,Fatal,3,Daylight
5709630,Pedestrian,34.028724,-84.357181,3/17/16 16:29,Fatal,3,Daylight
5415578,Pedestrian,31.893746,-82.584293,9/4/15 15:52,Fatal,3,Daylight
5717205,Pedestrian,33.571561,-84.490739,4/14/16 12:52,Injury,2,Daylight
5051229,Pedestrian,33.859488,-84.843939,11/12/14 16:32,Injury,2,Daylight
6021236,Pedestrian,31.97645,-81.248484,12/1/16 8:04,Injury,2,Daylight
4978581,Pedestrian,32.46798,-84.979702,9/14/14 15:45,Injury,2,Daylight
6528710,Pedestrian,33.738243,-84.414165,12/9/17 13:30,Injury,2,Daylight
4856524,Pedestrian,33.567673,-84.015765,5/22/14 14:13,Injury,2,Daylight
4635687,Pedestrian,33.481967,-82.501045,11/7/13 16:45,Injury,2,Daylight
5043251,Pedestrian,32.080221,-81.093883,11/7/14 14:25,Injury,2,Daylight
6382914,Pedestrian,31.723787,-82.19749,9/3/17 17:49,Injury,2,Daylight
4947736,Pedestrian,30.878189,-84.202761,7/30/14 14:23,Injury,2,Daylight
6051537,Pedestrian,32.481237,-84.979577,12/22/16 13:50,Injury,2,Daylight
5169384,Pedestrian,34.036247,-84.36797,2/5/15 13:47,Injury,2,Daylight
5072179,Pedestrian,33.84995,-84.372369,11/26/14 14:40,Injury,2,Daylight
4318984,Pedestrian,33.380168,-84.263778,1/7/13 8:52,Injury,2,Daylight
5919807,Pedestrian,32.563722,-83.655205,8/5/16 18:53,Injury,2,Daylight
5669032,Pedestrian,32.934903,-84.34677,3/10/16 9:25,Injury,2,Daylight
5177787,Pedestrian,32.865248,-82.404695,2/9/15 14:40,Injury,2,Daylight
5048657,Pedestrian,31.179909,-83.786408,11/5/14 13:39,Injury,2,Daylight
5379193,Pedestrian,33.080039,-83.240686,8/4/15 7:49,Injury,2,Daylight
5230335,Pedestrian,33.877336,-84.462583,3/24/15 16:45,Injury,2,Daylight
4394027,Pedestrian,33.243388,-84.273593,2/19/13 17:10,Injury,2,Daylight
4396537,Pedestrian,33.717587,-84.427439,3/25/13 12:48,Injury,2,Daylight
5845077,Pedestrian,33.76912,-84.247141,7/21/16 14:23,Injury,2,Daylight
4835997,Pedestrian,33.99992,-83.908953,5/2/14 10:01,Injury,2,Daylight
4426320,Pedestrian,33.813458,-84.243294,4/27/13 14:25,Injury,2,Daylight
5794699,Pedestrian,33.604827,-84.380408,5/31/16 15:04,Injury,2,Daylight
5606757,Pedestrian,33.808491,-84.24246,12/18/15 14:00,Injury,2,Daylight
4580516,Pedestrian,33.83998,-83.88083,4/29/13 18:28,Injury,2,Daylight
4761570,Pedestrian,33.576861,-84.501177,3/14/14 18:35,Injury,2,Daylight
6473100,Pedestrian,34.039938,-84.582494,11/14/17 9:30,Injury,2,Daylight