incidentIdNbr,crashType,latitude,longitude,dateOfIncidentDate,severity,Mag,lightCondition
4588819,Pedestrian,33.795794,-84.236376,10/2/13 10:30,Injury,2,Daylight
6117410,Pedestrian,33.463444,-81.987047,2/10/17 15:35,Injury,2,Daylight
5569191,Pedestrian,33.626024,-84.355169,11/20/15 17:40,Injury,2,Daylight
5858055,Pedestrian,33.698721,-84.418295,7/28/16 7:57,Injury,2,Daylight
5910992,Pedestrian,33.224276,-84.238835,9/7/16 19:03,Injury,2,Daylight
5937797,Pedestrian,33.728726,-84.427246,9/21/16 15:27,Injury,2,Daylight
5388541,Pedestrian,31.143653,-81.482296,8/9/15 19:15,Injury,2,Daylight
5194155,Pedestrian,30.974952,-83.212211,2/22/15 8:54,Injury,2,Daylight
4474104,Pedestrian,33.69724,-84.17323,6/11/13 14:00,Injury,2,Daylight
4458533,Pedestrian,34.167794,-84.792937,4/10/13 15:45,Injury,2,Daylight
5581464,Pedestrian,33.757918,-84.502978,1/1/16 14:30,Injury,2,Daylight
5480890,Pedestrian,34.124004,-84.567374,10/21/15 16:33,Injury,2,Daylight
5927201,Pedestrian,33.771319,-84.370311,9/15/16 16:29,Injury,2,Daylight
5414717,Pedestrian,31.14029,-81.379113,9/2/15 15:48,Injury,2,Daylight
5112031,Pedestrian,32.26299,-83.73607,12/17/14 17:35,Injury,2,Daylight
4563462,Pedestrian,33.926734,-83.338184,9/6/13 14:40,Injury,2,Daylight
5532902,Pedestrian,33.675622,-84.2941,12/1/15 16:30,Injury,2,Daylight
4644453,Pedestrian,31.827846,-81.526596,11/14/13 15:59,Injury,2,Daylight
6270199,Pedestrian,33.458077,-84.453438,6/9/17 19:39,Injury,2,Daylight
4869533,Pedestrian,34.36345,-84.03643,6/5/14 16:30,Injury,2,Daylight
5964732,Pedestrian,32.419115,-81.777182,9/7/16 18:22,Injury,2,Daylight
4847267,Pedestrian,33.834687,-84.3188,5/15/14 18:00,Injury,2,Daylight
5427567,Pedestrian,33.603012,-83.976113,9/17/15 8:12,Injury,2,Daylight
6260867,Pedestrian,33.44477,-84.466956,6/2/17 10:18,Injury,2,Daylight
5328849,Pedestrian,33.607455,-84.343794,6/18/15 14:09,Injury,2,Daylight
4604420,Pedestrian,32.453282,-84.98531,10/12/13 14:00,Injury,2,Daylight
4761922,Pedestrian,33.846069,-84.285,3/15/14 11:00,Injury,2,Daylight
5235243,Pedestrian,31.944082,-84.057484,3/27/15 18:04,Injury,2,Daylight
5788831,Pedestrian,33.833626,-84.383258,6/9/16 11:09,Injury,2,Daylight
4508948,Pedestrian,30.876062,-83.93533,7/19/13 7:50,Injury,2,Daylight
6461392,Pedestrian,33.403488,-84.796218,10/30/17 14:48,Injury,2,Daylight
6014083,Pedestrian,32.448728,-81.7902,11/5/16 12:21,Injury,2,Daylight
4502692,Pedestrian,33.962796,-83.345331,7/10/13 15:07,Injury,2,Daylight
4451885,Pedestrian,34.108642,-82.85388,5/19/13 17:16,Injury,2,Daylight
4505842,Pedestrian,33.849262,-84.41282,7/11/13 8:27,Injury,2,Daylight
5299556,Pedestrian,33.681086,-84.401194,5/21/15 13:18,Injury,2,Daylight
5503063,Pedestrian,33.751383,-84.488217,11/2/15 14:49,Injury,2,Daylight
5931293,Pedestrian,34.285235,-83.857541,9/23/16 7:27,Injury,2,Daylight
4443603,Pedestrian,33.477374,-81.96675,4/23/13 18:14,Injury,2,Daylight
6418689,Pedestrian,33.97351,-84.81584,10/3/17 11:00,Injury,2,Daylight
5989566,Pedestrian,34.902687,-85.438446,11/5/16 13:28,Injury,2,Daylight
4481112,Pedestrian,33.543504,-84.28255,6/18/13 11:36,Injury,2,Daylight
4775381,Pedestrian,33.911109,-84.383362,3/29/14 14:49,Injury,2,Daylight
6198276,Pedestrian,33.965053,-84.536992,4/15/17 15:00,Injury,2,Daylight
5706365,Pedestrian,33.782929,-84.60856,4/1/16 16:51,Injury,2,Daylight
4459389,Pedestrian,31.984645,-81.167806,5/24/13 9:33,Injury,2,Daylight
4489381,Pedestrian,34.458595,-84.29257,6/27/13 15:15,Injury,2,Daylight
5820115,Pedestrian,33.575837,-83.181694,7/3/16 18:58,Injury,2,Daylight
5034599,Pedestrian,32.464105,-84.923103,10/30/14 10:26,Injury,2,Daylight
6009172,Pedestrian,33.803258,-84.258965,11/18/16 13:00,Injury,2,Daylight
5630506,Pedestrian,33.922393,-84.314281,2/3/16 18:18,Injury,2,Daylight
5987484,Pedestrian & Bicyclist,33.699722,-84.266627,11/5/16 16:45,Injury,2,Daylight
4613854,Pedestrian & Bicyclist,32.731534,-83.68078,9/30/13 9:20,Injury,2,Daylight
5040711,Pedestrian & Bicyclist,32.279117,-81.231138,10/29/13 13:21,Injury,2,Daylight
4631615,Bicyclist,32.0809,-81.091198,11/5/13 12:29,Property Damaged Only,1,Daylight
5487326,Bicyclist,32.061649,-81.07447,10/28/15 16:45,Property Damaged Only,1,Daylight
6010526,Bicyclist,33.697636,-84.448502,11/22/16 16:09,Property Damaged Only,1,Daylight
4747123,Bicyclist,34.028722,-84.334773,2/26/14 8:23,Property Damaged Only,1,Daylight
5901959,Bicyclist,33.949612,-83.410213,9/1/16 16:31,Property Damaged Only,1,Daylight
5987958,Bicyclist,33.623002,-84.360593,11/5/16 14:56,Property Damaged Only,1,Daylight
5568011,Bicyclist,32.091058,-81.122405,12/27/15 15:31,Property Damaged Only,1,Daylight
6066971,Bicyclist,34.263236,-83.73345,7/26/16 16:54,Property Damaged Only,1,Daylight
4959277,Bicyclist,33.8046,-84.158922,7/29/14 16:22,Property Damaged Only,1,Daylight
5776192,Bicyclist,32.080922,-81.09242,5/29/16 14:44,Property Damaged Only,1,Daylight
6437333,Bicyclist,33.794301,-83.712786,10/16/17 19:59,Property Damaged Only,1,Daylight
4397737,Bicyclist,33.783251,-84.386288,3/27/13 10:50,Property Damaged Only,1,Daylight
4513288,Bicyclist,30.83075,-83.2788,5/13/13 14:29,Property Damaged Only,1,Daylight
5242638,Bicyclist,32.509018,-84.973279,4/6/15 9:15,Property Damaged Only,1,Daylight
6223927,Bicyclist,31.997561,-81.1191,5/8/17 17:55,Property Damaged Only,1,Daylight
4521995,Bicyclist,33.93828,-84.34757,7/26/13 10:00,Property Damaged Only,1,Daylight
6023160,Bicyclist,32.470399,-84.987505,12/2/16 16:25,Property Damaged Only,1,Daylight
4357506,Bicyclist,32.506954,-84.966414,2/18/13 14:52,Property Damaged Only,1,Daylight
6450795,Bicyclist,33.761788,-84.341829,10/25/17 11:10,Property Damaged Only,1,Daylight
4947862,Bicyclist,30.757106,-81.595306,7/28/14 8:52,Property Damaged Only,1,Daylight
5959963,Bicyclist,31.918459,-83.769554,8/19/16 18:26,Property Damaged Only,1,Daylight
5816484,Bicyclist,33.95648,-83.391763,6/30/16 8:12,Property Damaged Only,1,Daylight
6486074,Bicyclist,33.437781,-82.026316,11/24/17 15:36,Property Damaged Only,1,Daylight
6125301,Bicyclist,33.840427,-84.032478,2/15/17 18:05,Property Damaged Only,1,Daylight
4647724,Bicyclist,32.468068,-84.965753,11/19/13 17:00,Property Damaged Only,1,Daylight
6464930,Bicyclist,32.048612,-81.086413,11/8/17 17:58,Property Damaged Only,1,Daylight
6010848,Bicyclist,34.027174,-84.05669,11/18/16 16:01,Property Damaged Only,1,Daylight
6272784,Bicyclist,32.467533,-82.93922,6/11/17 7:31,Fatal,3,Daylight
5291926,Bicyclist,34.200682,-84.13422,5/14/15 8:18,Injury,2,Daylight
5659700,Bicyclist,33.82993,-84.093332,3/2/16 10:54,Injury,2,Daylight
5979189,Bicyclist,33.83705,-84.38143,10/27/16 12:23,Injury,2,Daylight
4969146,Bicyclist,34.052316,-83.811993,9/12/13 8:44,Injury,2,Daylight
4825885,Bicyclist,34.008234,-83.356661,4/23/14 17:54,Injury,2,Daylight
5837070,Bicyclist,33.420592,-84.755105,7/11/16 17:54,Injury,2,Daylight
6455572,Bicyclist,31.562832,-84.176345,10/30/17 18:11,Injury,2,Daylight
4381979,Bicyclist,31.000658,-81.73156,3/7/13 16:21,Injury,2,Daylight
5391788,Bicyclist,33.916437,-83.330375,8/15/15 15:08,Injury,2,Daylight
5724390,Bicyclist,33.427496,-82.045074,4/21/16 17:32,Injury,2,Daylight
5041134,Bicyclist,33.967012,-84.166743,11/4/14 14:35,Injury,2,Daylight
5488317,Bicyclist,33.786349,-84.395788,10/25/15 12:15,Injury,2,Daylight
5781637,Bicyclist,32.056497,-81.09786,6/3/16 7:43,Injury,2,Daylight
5871626,Bicyclist,33.568615,-84.5394,8/8/16 15:15,Injury,2,Daylight
4568603,Bicyclist,34.000095,-84.451254,9/11/13 18:37,Injury,2,Daylight
4527339,Bicyclist,33.969825,-85.11866,7/30/13 17:35,Injury,2,Daylight
5861299,Bicyclist,33.802845,-84.381963,8/2/16 17:30,Injury,2,Daylight
5417594,Bicyclist,33.477174,-84.653663,9/4/15 10:21,Injury,2,Daylight
4559832,Bicyclist,32.09795,-81.21938,6/28/13 13:56,Injury,2,Daylight
6167539,Bicyclist,34.030765,-84.74741,2/25/17 15:25,Injury,2,Daylight
5424163,Bicyclist,34.016948,-83.390417,5/29/15 18:34,Injury,2,Daylight
4477913,Bicyclist,34.026473,-84.332824,5/28/13 15:56,Injury,2,Daylight
4791536,Bicyclist,33.775598,-84.303935,3/29/14 11:44,Injury,2,Daylight
5746744,Bicyclist,34.085551,-84.566233,5/8/16 18:17,Injury,2,Daylight
5247017,Bicyclist,33.469136,-81.977041,4/8/15 11:12,Injury,2,Daylight
5905444,Bicyclist,33.775078,-84.708264,9/4/16 12:30,Injury,2,Daylight
5336667,Bicyclist,32.565733,-83.658949,6/25/15 8:28,Injury,2,Daylight
6451420,Bicyclist,33.39204,-84.58503,10/30/17 0:00,Injury,2,Daylight
5254169,Bicyclist,31.607822,-81.89094,3/5/15 11:56,Injury,2,Daylight
6323063,Bicyclist,34.116686,-83.475711,7/22/17 11:02,Injury,2,Daylight
4768496,Bicyclist,33.736437,-84.873761,3/20/14 18:46,Injury,2,Daylight
6235113,Bicyclist,33.837653,-84.447403,5/14/17 14:12,Injury,2,Daylight
6321468,Bicyclist,33.784529,-84.404243,7/16/17 20:14,Injury,2,Daylight
5589458,Pedestrian,33.569703,-83.914254,6/24/15 14:20,Property Damaged Only,1,Daylight
4442616,Pedestrian,33.55424,-84.22924,5/14/13 11:10,Property Damaged Only,1,Daylight
4493973,Pedestrian,33.80302,-84.193769,7/4/13 12:35,Property Damaged Only,1,Daylight
4840140,Pedestrian,32.080323,-81.097281,5/7/14 10:54,Property Damaged Only,1,Daylight
5370126,Pedestrian,34.38135,-83.80883,7/25/15 7:10,Property Damaged Only,1,Daylight
6038769,Pedestrian,33.891678,-84.292249,11/5/16 21:22,Property Damaged Only,1,Daylight
5870507,Pedestrian,32.455967,-84.94698,8/9/16 13:30,Property Damaged Only,1,Daylight
4333568,Pedestrian,33.947485,-84.154414,1/7/13 14:04,Property Damaged Only,1,Daylight
6173982,Pedestrian,33.783028,-84.382351,3/31/17 18:29,Property Damaged Only,1,Daylight
5614141,Pedestrian,33.692581,-84.490589,1/17/16 14:06,Property Damaged Only,1,Daylight
5666424,Pedestrian,33.738253,-84.414826,3/4/16 17:41,Property Damaged Only,1,Daylight
5499279,Pedestrian,32.066014,-81.09208,11/5/15 14:50,Property Damaged Only,1,Daylight
4348679,Pedestrian,33.736733,-84.216766,2/7/13 17:10,Property Damaged Only,1,Daylight
5906647,Pedestrian,32.49645,-84.98082,8/31/16 15:30,Property Damaged Only,1,Daylight
5236057,Pedestrian,32.057743,-81.109448,3/30/15 16:47,Property Damaged Only,1,Daylight
5585793,Pedestrian,33.587446,-83.736301,2/21/14 16:00,Property Damaged Only,1,Daylight
4431060,Pedestrian,33.731747,-84.276273,5/1/13 15:32,Property Damaged Only,1,Daylight
5436990,Pedestrian,31.567977,-84.1762,8/5/15 14:00,Property Damaged Only,1,Daylight
4489571,Pedestrian,33.860491,-84.200506,6/28/13 16:25,Property Damaged Only,1,Daylight
5877998,Pedestrian,33.737401,-84.451599,8/10/16 19:30,Property Damaged Only,1,Daylight
4662664,Pedestrian,33.707948,-84.453585,11/29/13 15:43,Property Damaged Only,1,Daylight
4365595,Pedestrian,34.170666,-84.793474,1/6/13 11:06,Property Damaged Only,1,Daylight
6239004,Pedestrian,32.45763,-84.96242,5/18/17 11:21,Property Damaged Only,1,Daylight
5023766,Pedestrian,33.783899,-84.323706,10/21/14 16:34,Property Damaged Only,1,Daylight
4938874,Pedestrian,34.088413,-84.577487,8/12/14 11:30,Property Damaged Only,1,Daylight
5647279,Pedestrian,33.942354,-84.372591,2/22/16 17:38,Property Damaged Only,1,Daylight
5023800,Pedestrian,33.756483,-84.242322,10/21/14 18:08,Property Damaged Only,1,Daylight
4600842,Pedestrian,32.426511,-81.788793,8/19/13 18:27,Property Damaged Only,1,Daylight
6483146,Pedestrian,33.888896,-84.226677,11/22/17 0:00,Property Damaged Only,1,Daylight
5150875,Pedestrian,33.930817,-84.348083,1/27/15 12:14,Property Damaged Only,1,Daylight
5987154,Pedestrian,31.15242,-81.49526,11/1/16 12:26,Property Damaged Only,1,Daylight
5704507,Pedestrian,33.78171,-84.384009,4/5/16 10:35,Property Damaged Only,1,Daylight
6438656,Pedestrian,33.92894,-84.336971,10/20/17 18:31,Property Damaged Only,1,Daylight
6246991,Pedestrian,33.873064,-84.279101,2/23/17 9:47,Property Damaged Only,1,Daylight
5042821,Pedestrian,33.950292,-84.234983,11/5/14 13:59,Property Damaged Only,1,Daylight
4488032,Pedestrian,33.714557,-84.43119,6/25/13 17:43,Property Damaged Only,1,Daylight
5670494,Pedestrian,32.470504,-84.97449,3/11/16 15:30,Property Damaged Only,1,Daylight
4953576,Pedestrian,34.172011,-84.782856,12/19/13 16:35,Property Damaged Only,1,Daylight
5116716,Pedestrian,33.715905,-84.310458,1/1/15 15:57,Property Damaged Only,1,Daylight
5927801,Pedestrian,30.839932,-83.320682,9/20/16 16:38,Property Damaged Only,1,Daylight
5155749,Pedestrian,32.791884,-83.670275,9/23/14 18:06,Property Damaged Only,1,Daylight
6217189,Pedestrian,33.789898,-84.307722,5/3/17 15:05,Property Damaged Only,1,Daylight
5437915,Pedestrian,34.031127,-84.339047,8/23/15 9:35,Property Damaged Only,1,Daylight
4560091,Pedestrian,33.942032,-83.371019,8/16/13 17:00,Property Damaged Only,1,Daylight
6252536,Pedestrian,33.834752,-84.37784,5/25/17 8:11,Property Damaged Only,1,Daylight
5775621,Pedestrian,32.043155,-81.068107,5/28/16 15:29,Property Damaged Only,1,Daylight
5042395,Pedestrian,33.655059,-84.211942,11/6/14 16:58,Property Damaged Only,1,Daylight
5054164,Pedestrian,33.800691,-84.172497,7/2/13 20:03,Property Damaged Only,1,Daylight
5090814,Pedestrian,33.926698,-84.096115,12/11/14 15:50,Property Damaged Only,1,Daylight
4981289,Pedestrian,31.371421,-84.931167,4/28/14 18:44,Property Damaged Only,1,Daylight
5772273,Pedestrian,33.039804,-85.027078,5/26/16 13:32,Property Damaged Only,1,Daylight
4341628,Pedestrian,33.76097,-84.387509,1/31/13 14:30,Property Damaged Only,1,Daylight
4896966,Pedestrian,33.780767,-84.384053,7/1/14 18:46,Property Damaged Only,1,Daylight
5870123,Pedestrian,31.988958,-83.793005,5/12/16 9:42,Property Damaged Only,1,Daylight
6216926,Pedestrian,33.83701,-84.376357,5/2/17 12:49,Property Damaged Only,1,Daylight
6271610,Pedestrian,33.860795,-84.018673,6/10/17 11:40,Property Damaged Only,1,Daylight
5743632,Pedestrian,34.048077,-84.623447,5/6/16 8:23,Property Damaged Only,1,Daylight
5336289,Pedestrian,33.868504,-84.092929,6/23/15 12:47,Property Damaged Only,1,Daylight
4651410,Pedestrian,32.028895,-81.111056,11/22/13 9:15,Property Damaged Only,1,Daylight
6300370,Pedestrian,33.630687,-84.014489,6/29/17 12:00,Property Damaged Only,1,Daylight
5907319,Pedestrian,32.089376,-83.779374,9/4/16 17:21,Property Damaged Only,1,Daylight
6123196,Pedestrian,32.041177,-81.064136,2/19/17 14:40,Property Damaged Only,1,Daylight
5718478,Pedestrian,33.801079,-84.392742,4/18/16 11:00,Property Damaged Only,1,Daylight
6186321,Pedestrian,33.908226,-84.267731,4/8/17 11:25,Property Damaged Only,1,Daylight
4930236,Pedestrian,33.928249,-84.12183,8/6/14 15:26,Property Damaged Only,1,Daylight
5886160,Pedestrian,33.953584,-84.504948,8/18/16 15:45,Property Damaged Only,1,Daylight
5649808,Pedestrian,34.596554,-84.930145,2/21/16 9:40,Property Damaged Only,1,Daylight
6456526,Pedestrian,32.242027,-81.8746,10/27/17 0:00,Fatal,3,Daylight
5948874,Pedestrian,34.214584,-83.864666,10/5/16 13:05,Fatal,3,Daylight
6192132,Pedestrian,33.973933,-84.61716,4/4/17 8:56,Fatal,3,Daylight
6497230,Pedestrian,33.038731,-85.031829,12/1/17 15:50,Injury,2,Daylight
5115280,Pedestrian,33.881065,-84.620434,12/31/14 13:30,Injury,2,Daylight
5991854,Pedestrian,33.583588,-84.410883,11/8/16 14:25,Injury,2,Daylight
4738503,Pedestrian,30.874004,-83.96253,2/18/14 12:30,Injury,2,Daylight
4740992,Pedestrian,33.945393,-83.409215,2/21/14 14:00,Injury,2,Daylight
6237625,Pedestrian,33.48757,-82.07307,5/17/17 9:12,Injury,2,Daylight
5903240,Pedestrian,33.885567,-84.288306,8/4/16 13:14,Injury,2,Daylight
5612528,Pedestrian,33.925606,-84.010626,1/7/16 16:03,Injury,2,Daylight
6475064,Pedestrian,31.248522,-82.378816,11/13/17 11:26,Injury,2,Daylight
5050293,Pedestrian,33.879864,-84.37971,11/11/14 10:22,Injury,2,Daylight
4973018,Pedestrian,33.970512,-83.931874,9/10/14 19:24,Injury,2,Daylight
5887895,Pedestrian,34.221814,-85.167416,8/22/16 16:56,Injury,2,Daylight
6282122,Pedestrian,33.215885,-84.318985,6/20/17 15:00,Injury,2,Daylight
4636859,Pedestrian,33.78835,-84.8542,11/10/13 17:19,Injury,2,Daylight
4858666,Pedestrian,33.987528,-83.893959,5/18/14 13:01,Injury,2,Daylight
6027990,Pedestrian,32.220632,-84.29465,12/1/16 7:49,Injury,2,Daylight
5741859,Pedestrian,32.467463,-84.912872,5/4/16 17:00,Injury,2,Daylight
6269111,Pedestrian,33.457218,-81.949842,6/10/17 16:29,Injury,2,Daylight
4570442,Pedestrian,33.886882,-84.569494,8/24/13 7:56,Injury,2,Daylight
6164878,Pedestrian,33.03871,-85.03114,3/25/17 13:18,Injury,2,Daylight
5492349,Pedestrian,34.236897,-84.28975,11/1/15 12:50,Injury,2,Daylight
5816586,Pedestrian,32.615753,-83.710346,6/30/16 16:05,Injury,2,Daylight
5642954,Pedestrian,33.941646,-84.528517,2/18/16 17:02,Injury,2,Daylight
5318910,Pedestrian,34.275799,-85.219891,6/9/15 19:04,Injury,2,Daylight
5674572,Pedestrian,33.793233,-84.68016,3/13/16 13:53,Injury,2,Daylight
6237675,Pedestrian,33.679824,-84.230674,5/17/17 17:50,Injury,2,Daylight
6105411,Pedestrian,32.226468,-82.405415,2/2/17 18:10,Injury,2,Daylight
6297085,Pedestrian,34.458995,-84.2934,7/2/17 13:40,Injury,2,Daylight
5410167,Pedestrian,34.244215,-84.489295,8/29/15 18:20,Injury,2,Daylight
4570721,Pedestrian,32.004353,-81.113971,9/15/13 12:32,Injury,2,Daylight
5136545,Pedestrian,31.421138,-83.49011,1/21/15 7:35,Injury,2,Daylight
5343101,Pedestrian,33.99081,-84.086805,7/1/15 17:08,Injury,2,Daylight
5481946,Pedestrian,33.473734,-84.336722,10/23/15 8:10,Injury,2,Daylight
5872184,Pedestrian,33.567981,-84.537268,8/10/16 10:40,Injury,2,Daylight
5990519,Pedestrian,33.999311,-83.416837,11/7/16 16:11,Injury,2,Daylight
6315373,Pedestrian,33.781569,-84.411135,7/17/17 12:36,Injury,2,Daylight
4318995,Pedestrian,34.983729,-85.281193,1/7/13 16:48,Injury,2,Daylight
4756864,Pedestrian,33.39215,-82.04602,3/10/14 18:45,Injury,2,Daylight
5448723,Pedestrian,33.715723,-84.13634,9/29/15 17:00,Injury,2,Daylight
4555024,Pedestrian,34.143596,-83.88508,8/23/13 10:00,Injury,2,Daylight
6402953,Pedestrian,33.971073,-83.986151,9/22/17 11:04,Injury,2,Daylight
5384151,Pedestrian,32.81026,-81.95681,8/8/15 14:50,Injury,2,Daylight
5474901,Pedestrian,33.905575,-84.354868,10/19/15 17:48,Injury,2,Daylight
5126300,Pedestrian,34.105559,-84.586348,12/21/14 12:00,Injury,2,Daylight
5051501,Pedestrian,32.467228,-84.913757,11/14/14 17:17,Injury,2,Daylight
4543712,Pedestrian,34.473812,-84.924618,8/19/13 14:23,Injury,2,Daylight
4762511,Pedestrian,33.929977,-84.339698,3/14/14 16:40,Injury,2,Daylight
4740449,Pedestrian & Bicyclist,33.611553,-83.849555,2/21/14 16:29,Property Damaged Only,1,Daylight
5372955,Pedestrian & Bicyclist,32.662687,-83.739812,5/4/15 17:11,Property Damaged Only,1,Daylight
4831296,Pedestrian & Bicyclist,33.6567,-84.02044,4/27/14 14:17,Injury,2,Daylight
5232752,Pedestrian & Bicyclist,33.688971,-84.38719,3/25/15 14:55,Injury,2,Daylight
4728234,Bicyclist,33.52227,-82.048065,2/9/14 15:35,Property Damaged Only,1,Daylight
5900016,Bicyclist,33.815798,-84.323635,8/31/16 18:20,Property Damaged Only,1,Daylight
6074303,Bicyclist,33.764307,-84.385895,1/9/17 13:12,Property Damaged Only,1,Daylight
5566896,Bicyclist,31.208552,-82.354071,11/23/15 12:36,Property Damaged Only,1,Daylight
6319675,Bicyclist,33.916464,-84.539445,5/25/17 17:00,Property Damaged Only,1,Daylight
4666426,Bicyclist,34.041831,-84.580878,11/13/13 17:24,Property Damaged Only,1,Daylight
6213946,Bicyclist,32.513671,-84.88864,5/1/17 14:30,Property Damaged Only,1,Daylight
4460257,Bicyclist,34.01321,-85.25471,5/27/13 13:47,Property Damaged Only,1,Daylight
4645754,Bicyclist,33.81097,-84.39249,11/8/13 8:43,Property Damaged Only,1,Daylight
4549539,Bicyclist,33.862513,-84.596793,8/20/13 12:06,Property Damaged Only,1,Daylight
5330546,Bicyclist,32.080402,-81.092178,6/20/15 17:13,Property Damaged Only,1,Daylight
6445662,Bicyclist,33.903604,-84.121944,10/25/17 7:27,Property Damaged Only,1,Daylight
6213914,Bicyclist,228.186233,144.82338,4/28/17 16:31,Property Damaged Only,1,Daylight
5357580,Bicyclist,32.14213,-83.87545,7/14/15 19:25,Property Damaged Only,1,Daylight
5750072,Bicyclist,34.274058,-83.86302,4/22/16 14:00,Property Damaged Only,1,Daylight
5253613,Bicyclist,32.07934,-81.09056,4/15/15 13:56,Property Damaged Only,1,Daylight
5169415,Bicyclist,33.744298,-84.220799,2/5/15 16:37,Property Damaged Only,1,Daylight
6302675,Bicyclist,32.014074,-80.985448,7/1/17 16:56,Property Damaged Only,1,Daylight
6322640,Bicyclist,33.729839,-84.191556,5/26/17 14:00,Property Damaged Only,1,Daylight
5354949,Bicyclist,34.119015,-84.585026,7/13/15 16:00,Property Damaged Only,1,Daylight
5365532,Bicyclist,34.269702,-85.144606,7/22/15 15:21,Property Damaged Only,1,Daylight
4635576,Bicyclist,33.860621,-84.459041,11/8/13 17:09,Property Damaged Only,1,Daylight
4907014,Bicyclist,33.781582,-84.384908,7/9/14 16:50,Property Damaged Only,1,Daylight
5430911,Bicyclist,33.468832,-82.029448,9/18/15 15:53,Property Damaged Only,1,Daylight
4358134,Bicyclist,33.773404,-84.399292,1/14/13 11:00,Property Damaged Only,1,Daylight
5513730,Bicyclist,33.959825,-84.365426,11/17/15 11:56,Property Damaged Only,1,Daylight
5773041,Bicyclist,33.552884,-84.287576,5/27/16 10:05,Property Damaged Only,1,Daylight
5883713,Bicyclist,32.047568,-81.168635,8/19/16 7:35,Property Damaged Only,1,Daylight
4895671,Bicyclist,32.465733,-84.901232,7/2/14 15:35,Property Damaged Only,1,Daylight
5398282,Bicyclist,33.955071,-83.36864,8/20/15 12:26,Property Damaged Only,1,Daylight
6380815,Bicyclist,33.925798,-83.991109,9/2/17 16:20,Property Damaged Only,1,Daylight
5677817,Bicyclist,33.821441,-84.367349,3/14/16 8:45,Property Damaged Only,1,Daylight
4473571,Bicyclist,31.008846,-84.05207,6/4/13 11:04,Fatal,3,Daylight
5775127,Bicyclist,32.447815,-81.77183,5/26/16 19:14,Fatal,3,Daylight
4904665,Bicyclist,33.764582,-84.391905,4/11/14 15:25,Fatal,3,Daylight
4608891,Bicyclist,33.90266,-84.458334,10/16/13 15:32,Injury,2,Daylight
4476087,Bicyclist,33.851054,-84.20744,6/12/13 20:08,Injury,2,Daylight
6177432,Bicyclist,32.003414,-81.111462,4/4/17 9:46,Injury,2,Daylight
5001931,Bicyclist,33.561319,-84.28928,9/28/14 17:49,Injury,2,Daylight
4980394,Bicyclist,31.229548,-82.364919,8/25/14 16:33,Injury,2,Daylight
4599120,Bicyclist,33.988991,-83.897377,9/28/13 11:05,Injury,2,Daylight
6192749,Bicyclist,33.901531,-83.157447,4/12/17 0:00,Injury,2,Daylight
6475610,Bicyclist,32.569337,-83.873789,11/14/17 13:45,Injury,2,Daylight
4736344,Bicyclist,33.844921,-84.369432,2/14/14 15:23,Injury,2,Daylight
5819451,Bicyclist,31.994042,-81.105546,7/3/16 13:12,Injury,2,Daylight
4859596,Bicyclist,33.667434,-84.486946,5/2/14 19:30,Injury,2,Daylight
6168138,Bicyclist,34.045753,-84.179213,1/20/17 15:11,Injury,2,Daylight
5499474,Bicyclist,33.606203,-84.533061,11/5/15 13:50,Injury,2,Daylight
6177230,Bicyclist,33.827083,-84.063267,3/26/17 19:16,Injury,2,Daylight
5312704,Bicyclist,33.749735,-84.35429,5/31/15 11:40,Injury,2,Daylight
5715661,Bicyclist,33.767116,-84.115529,4/16/16 11:56,Injury,2,Daylight
5442079,Bicyclist,33.773367,-84.372855,9/14/15 8:28,Injury,2,Daylight
4461787,Bicyclist,34.15557,-84.210984,5/12/13 13:26,Injury,2,Daylight
5544254,Bicyclist,31.575432,-84.149011,11/4/15 15:15,Injury,2,Daylight
6180601,Bicyclist,33.596841,-84.436889,4/5/17 15:13,Injury,2,Daylight
5343522,Bicyclist,33.525993,-84.244375,6/7/15 15:30,Injury,2,Daylight
6383895,Bicyclist,33.772549,-84.377708,9/6/17 16:36,Injury,2,Daylight
4551113,Bicyclist,33.452819,-84.213183,8/22/13 13:53,Injury,2,Daylight
6287978,Bicyclist,32.499816,-81.74246,6/25/17 16:15,Injury,2,Daylight
5803838,Bicyclist,34.118117,-84.737654,5/14/16 11:47,Injury,2,Daylight
4864826,Bicyclist,33.97811,-84.417659,5/28/14 12:03,Injury,2,Daylight
4557742,Bicyclist,33.575432,-85.09322,8/29/13 17:09,Injury,2,Daylight
4589914,Bicyclist,33.911785,-84.083542,10/2/13 18:00,Injury,2,Daylight
5852231,Bicyclist,34.91,-85.055017,7/27/16 9:42,Injury,2,Daylight
6398914,Bicyclist,33.940911,-83.371746,8/14/17 14:59,Injury,2,Daylight
5002919,Pedestrian,33.971401,-84.067234,9/26/14 14:37,Property Damaged Only,1,Daylight
5813563,Pedestrian,31.581504,-84.176249,6/25/16 10:57,Property Damaged Only,1,Daylight