incidentIdNbr,crashType,latitude,longitude,dateOfIncidentDate,severity,Mag,lightCondition
5129618,Pedestrian,32.084975,-81.122905,1/15/15 8:34,Property Damaged Only,1,Daylight
5291691,Pedestrian,34.260655,-85.169128,5/18/15 7:55,Property Damaged Only,1,Daylight
4865671,Pedestrian,32.839163,-83.626817,6/2/14 11:33,Property Damaged Only,1,Daylight
5711983,Pedestrian,32.022707,-81.226498,4/13/16 12:15,Property Damaged Only,1,Daylight
4722241,Pedestrian,31.572245,-84.176476,2/3/14 13:17,Property Damaged Only,1,Daylight
4377632,Pedestrian,33.892977,-84.208544,3/8/13 8:46,Property Damaged Only,1,Daylight
6135563,Pedestrian,32.033431,-81.057192,9/30/16 15:00,Property Damaged Only,1,Daylight
4582958,Pedestrian,33.801821,-84.042355,9/25/13 10:22,Property Damaged Only,1,Daylight
5424730,Pedestrian,33.851629,-84.208176,9/8/15 20:45,Property Damaged Only,1,Daylight
4467145,Pedestrian,33.796814,-84.026543,6/2/13 12:01,Property Damaged Only,1,Daylight
5363517,Pedestrian,32.79746,-83.71148,7/21/15 16:34,Property Damaged Only,1,Daylight
5659457,Pedestrian,33.514904,-84.229959,3/3/16 7:38,Property Damaged Only,1,Daylight
5007164,Pedestrian,32.837514,-83.630521,10/4/14 14:02,Property Damaged Only,1,Daylight
6487680,Pedestrian,33.837084,-84.381344,11/24/17 15:42,Property Damaged Only,1,Daylight
5411482,Pedestrian,34.018939,-84.189643,7/23/15 12:59,Property Damaged Only,1,Daylight
5770759,Pedestrian,33.53726,-84.324315,5/25/16 11:20,Property Damaged Only,1,Daylight
6249109,Pedestrian,33.949883,-84.411345,5/24/17 6:38,Property Damaged Only,1,Daylight
5038520,Pedestrian,32.46433,-84.96038,11/1/14 17:19,Property Damaged Only,1,Daylight
5823648,Pedestrian,34.003472,-84.294563,7/6/16 13:22,Property Damaged Only,1,Daylight
6391048,Pedestrian,30.833558,-83.284951,9/9/17 9:34,Property Damaged Only,1,Daylight
4971562,Pedestrian,32.865944,-82.846775,3/17/14 19:05,Property Damaged Only,1,Daylight
5316457,Pedestrian,33.690346,-84.483409,6/6/15 14:57,Property Damaged Only,1,Daylight
6282838,Pedestrian,33.722917,-84.251451,6/21/17 0:00,Property Damaged Only,1,Daylight
6463588,Pedestrian,30.865275,-83.281122,11/6/17 14:19,Property Damaged Only,1,Daylight
5022324,Pedestrian,33.764541,-84.385754,10/15/14 13:13,Property Damaged Only,1,Daylight
6439347,Pedestrian,33.722996,-84.12499,10/23/17 16:40,Property Damaged Only,1,Daylight
5324996,Pedestrian,33.752599,-84.100575,6/15/15 19:30,Property Damaged Only,1,Daylight
6279223,Pedestrian,33.750913,-84.233929,3/15/17 7:35,Property Damaged Only,1,Daylight
5976769,Pedestrian,32.015218,-81.077141,10/28/16 14:47,Property Damaged Only,1,Daylight
4546657,Pedestrian,33.943152,-83.383512,8/21/13 18:53,Property Damaged Only,1,Daylight
5034728,Pedestrian,33.850786,-83.925733,10/29/14 9:44,Property Damaged Only,1,Daylight
6155878,Pedestrian,33.68293,-84.440603,3/14/17 11:30,Property Damaged Only,1,Daylight
6307329,Pedestrian,33.671361,-84.340732,7/12/17 18:30,Property Damaged Only,1,Daylight
4829860,Pedestrian,33.908984,-84.266814,4/25/14 18:32,Property Damaged Only,1,Daylight
4925447,Pedestrian,33.538897,-84.351245,8/2/14 14:39,Property Damaged Only,1,Daylight
5655095,Pedestrian,31.819636,-81.600312,1/28/16 7:43,Property Damaged Only,1,Daylight
5819385,Pedestrian,33.753158,-84.387624,7/1/16 18:51,Property Damaged Only,1,Daylight
5258354,Pedestrian,33.818558,-84.578151,3/18/15 13:19,Property Damaged Only,1,Daylight
4716213,Pedestrian,33.904959,-84.200886,1/27/14 10:50,Property Damaged Only,1,Daylight
4707323,Pedestrian,34.761445,-84.972759,12/2/13 15:22,Property Damaged Only,1,Daylight
6055809,Pedestrian,33.951422,-84.146514,12/22/16 9:56,Property Damaged Only,1,Daylight
4829798,Pedestrian,33.723825,-84.349432,4/23/14 19:04,Property Damaged Only,1,Daylight
5103947,Pedestrian,32.46124,-84.94461,12/22/14 15:44,Property Damaged Only,1,Daylight
4359225,Pedestrian,34.035546,-84.580014,1/30/13 13:57,Property Damaged Only,1,Daylight
5386186,Pedestrian,31.173599,-81.492503,8/11/15 18:44,Property Damaged Only,1,Daylight
5911039,Pedestrian,33.714254,-84.124467,9/9/16 11:30,Property Damaged Only,1,Daylight
4997199,Pedestrian,33.944409,-83.380233,9/17/14 15:44,Property Damaged Only,1,Daylight
5489053,Pedestrian,32.567548,-84.914916,10/29/15 6:15,Property Damaged Only,1,Daylight
4856229,Pedestrian,31.602497,-83.24097,5/19/14 14:23,Property Damaged Only,1,Daylight
5986206,Pedestrian,33.603142,-84.479321,10/26/16 15:14,Property Damaged Only,1,Daylight
5671833,Pedestrian,32.864136,-83.612668,3/11/16 16:10,Property Damaged Only,1,Daylight
5804183,Pedestrian,33.716324,-85.142984,4/20/16 9:32,Property Damaged Only,1,Daylight
6139088,Pedestrian,33.987581,-84.433077,3/4/17 16:13,Property Damaged Only,1,Daylight
6418960,Pedestrian,33.751424,-84.385338,10/6/17 11:45,Property Damaged Only,1,Daylight
5778766,Pedestrian,31.610684,-84.175848,5/28/16 16:47,Property Damaged Only,1,Daylight
4561388,Pedestrian,33.767936,-84.25208,9/4/13 14:42,Property Damaged Only,1,Daylight
5497262,Pedestrian,33.884215,-84.002184,11/1/15 11:36,Property Damaged Only,1,Daylight
4894129,Pedestrian,33.676231,-84.228768,6/30/14 19:00,Property Damaged Only,1,Daylight
5996000,Pedestrian,34.05101,-84.595088,11/6/16 9:41,Property Damaged Only,1,Daylight
4356813,Pedestrian,34.685585,-84.4868,2/14/13 17:26,Fatal,3,Daylight
4401360,Pedestrian,33.687816,-83.85709,3/25/13 14:43,Fatal,3,Daylight
5809507,Pedestrian,33.731775,-84.277126,6/23/16 11:10,Fatal,3,Daylight
6331902,Pedestrian,32.601075,-82.339589,7/28/17 20:00,Fatal,3,Daylight
4629080,Pedestrian,31.54116,-84.16086,11/1/13 13:38,Fatal,3,Daylight
4351776,Pedestrian,33.738066,-84.252005,2/12/13 14:05,Injury,2,Daylight
4621889,Pedestrian,32.058746,-84.27685,10/27/13 18:10,Injury,2,Daylight
4653481,Pedestrian,33.709811,-84.271863,11/24/13 16:40,Injury,2,Daylight
5704003,Pedestrian,32.520189,-84.958458,4/6/16 15:58,Injury,2,Daylight
5628826,Pedestrian,33.749476,-84.197442,2/8/16 17:50,Injury,2,Daylight
6465945,Pedestrian,31.16472,-81.38662,11/9/17 9:35,Injury,2,Daylight
6480877,Pedestrian,32.05269,-81.10641,11/20/17 16:19,Injury,2,Daylight
4926589,Pedestrian,33.31937,-83.37572,8/1/14 17:20,Injury,2,Daylight
4879598,Pedestrian,33.766356,-84.37458,6/11/14 20:25,Injury,2,Daylight
5202568,Pedestrian,31.586094,-84.155939,3/2/15 13:06,Injury,2,Daylight
5871610,Pedestrian,32.00286,-80.997999,8/10/16 7:28,Injury,2,Daylight
5913012,Pedestrian,31.896914,-81.373498,9/5/16 13:30,Injury,2,Daylight
4795997,Pedestrian,33.949764,-83.409658,4/18/14 8:30,Injury,2,Daylight
5391216,Pedestrian,32.825477,-83.709674,8/16/15 11:54,Injury,2,Daylight
5451585,Pedestrian,33.693362,-84.366964,10/1/15 15:25,Injury,2,Daylight
6404556,Pedestrian,33.748597,-84.391614,9/19/17 12:52,Injury,2,Daylight
4445959,Pedestrian,32.78435,-83.64997,4/20/13 14:21,Injury,2,Daylight
4619034,Pedestrian,32.954723,-83.765674,10/23/13 18:09,Injury,2,Daylight
4873130,Pedestrian,33.821383,-84.387958,5/14/14 19:30,Injury,2,Daylight
4527997,Pedestrian,32.717962,-83.729132,7/11/13 9:40,Injury,2,Daylight
5282098,Pedestrian,33.919571,-84.492482,4/23/15 17:09,Injury,2,Daylight
5027158,Pedestrian,34.015307,-84.013302,10/20/14 15:45,Injury,2,Daylight
6517788,Pedestrian,34.091661,-84.285577,12/11/17 7:20,Injury,2,Daylight
5818614,Pedestrian,32.536972,-82.902594,6/22/16 20:52,Injury,2,Daylight
4655643,Pedestrian,33.81872,-84.352523,11/24/13 8:51,Injury,2,Daylight
5429437,Pedestrian,33.692891,-84.260659,9/18/15 14:47,Injury,2,Daylight
6312163,Pedestrian,33.848437,-84.281837,7/17/17 12:49,Injury,2,Daylight
4572085,Pedestrian,34.113464,-83.42669,9/16/13 19:03,Injury,2,Daylight
4564841,Pedestrian,33.96248,-83.59727,9/7/13 17:48,Injury,2,Daylight
5473092,Pedestrian,33.970371,-84.552459,10/15/15 17:30,Injury,2,Daylight
6381551,Pedestrian,33.12416,-82.82808,9/5/17 7:40,Injury,2,Daylight
6485516,Pedestrian,33.989197,-84.430867,11/22/17 11:41,Injury,2,Daylight
5432763,Pedestrian,32.118787,-81.161232,9/21/15 17:52,Injury,2,Daylight
5984523,Pedestrian,33.946137,-83.402615,11/2/16 14:24,Injury,2,Daylight
6151741,Pedestrian,33.518043,-84.382397,3/15/17 8:00,Injury,2,Daylight
4957872,Pedestrian,33.590595,-84.278522,8/31/14 13:55,Injury,2,Daylight
5103427,Pedestrian,33.945491,-84.136961,12/21/14 15:13,Injury,2,Daylight
5723229,Pedestrian,33.724763,-84.76092,2/2/16 16:13,Injury,2,Daylight
4382708,Pedestrian,33.948158,-84.519188,3/13/13 13:20,Injury,2,Daylight
5983172,Pedestrian,33.423253,-82.092806,11/1/16 16:49,Injury,2,Daylight
5756946,Pedestrian,34.092081,-84.285611,5/15/16 13:54,Injury,2,Daylight
5430363,Pedestrian,34.900215,-85.29183,9/20/15 9:35,Injury,2,Daylight
6487546,Pedestrian,32.46586,-84.979841,11/27/17 8:20,Injury,2,Daylight
5051460,Pedestrian,33.14725,-83.3116,11/9/14 16:54,Injury,2,Daylight
5932550,Pedestrian,32.048813,-81.100656,9/24/16 16:45,Injury,2,Daylight
5562494,Pedestrian,33.616555,-83.160682,12/21/15 15:13,Injury,2,Daylight
6206537,Pedestrian,33.559371,-84.513867,4/24/17 6:20,Injury,2,Daylight
4922164,Pedestrian,33.67822,-84.454921,7/29/14 17:07,Injury,2,Daylight
5417011,Pedestrian,32.063948,-81.093865,9/8/15 7:11,Injury,2,Daylight
5473513,Pedestrian,32.05722,-81.100305,10/14/15 14:00,Injury,2,Daylight
5661895,Pedestrian,34.353908,-82.919397,3/5/16 12:28,Injury,2,Daylight
4790770,Pedestrian,33.969224,-83.995057,4/12/14 17:49,Injury,2,Daylight
5835886,Pedestrian,33.586903,-84.016653,7/7/16 13:57,Injury,2,Daylight
4825342,Pedestrian,32.00969,-84.11989,4/21/14 19:40,Injury,2,Daylight
6292344,Pedestrian,32.051485,-81.066143,6/29/17 16:27,Injury,2,Daylight
6052357,Pedestrian,31.994923,-81.10523,12/23/16 12:27,Injury,2,Daylight
6083878,Pedestrian,33.450419,-82.001226,1/17/17 14:45,Injury,2,Daylight
4919426,Pedestrian,33.77676,-83.700965,7/23/14 12:46,Injury,2,Daylight
6378922,Pedestrian,31.123378,-84.15385,8/29/17 15:15,Injury,2,Daylight
4962193,Pedestrian,32.874953,-85.170473,5/24/14 17:55,Injury,2,Daylight
4472258,Pedestrian,33.459954,-81.993687,5/22/13 17:26,Injury,2,Daylight
6231717,Pedestrian,31.56903,-84.1951,5/3/17 16:05,Injury,2,Daylight
6356994,Pedestrian & Bicyclist,33.949078,-83.37574,8/16/17 15:27,Property Damaged Only,1,Daylight
6093655,Pedestrian & Bicyclist,34.022978,-84.52856,1/23/17 10:20,Property Damaged Only,1,Daylight
5308792,Pedestrian & Bicyclist,33.238262,-84.942215,5/30/15 10:27,Fatal,3,Daylight
5311305,Pedestrian & Bicyclist,33.855133,-83.946519,5/29/15 13:42,Injury,2,Daylight
4567492,Pedestrian & Bicyclist,34.109758,-83.940192,9/10/13 16:50,Injury,2,Daylight
4729449,Bicyclist,33.84716,-84.122267,2/8/14 13:10,Property Damaged Only,1,Daylight
5030245,Bicyclist,33.801699,-84.567344,10/22/14 15:26,Property Damaged Only,1,Daylight
5650147,Bicyclist,34.006748,-84.43511,2/22/16 13:33,Property Damaged Only,1,Daylight
4880157,Bicyclist,33.763431,-84.411213,6/16/14 16:22,Property Damaged Only,1,Daylight
6052248,Bicyclist,32.023713,-81.225712,12/23/16 10:16,Property Damaged Only,1,Daylight
4880223,Bicyclist,30.857445,-83.265618,6/16/14 16:13,Property Damaged Only,1,Daylight
5577879,Bicyclist,31.903834,-81.052855,1/2/16 9:58,Property Damaged Only,1,Daylight
4639108,Bicyclist,34.277517,-83.888477,7/28/13 20:38,Property Damaged Only,1,Daylight
5703488,Bicyclist,32.079341,-81.090573,4/6/16 11:50,Property Damaged Only,1,Daylight
5326119,Bicyclist,31.603949,-81.874358,5/22/15 17:13,Property Damaged Only,1,Daylight
6000578,Bicyclist,33.756677,-84.364357,11/11/16 14:19,Property Damaged Only,1,Daylight
5299658,Bicyclist,32.060974,-81.103415,5/22/15 12:31,Property Damaged Only,1,Daylight
4826007,Bicyclist,33.755494,-84.391056,4/23/14 18:44,Property Damaged Only,1,Daylight
6059391,Bicyclist,34.252885,-84.088747,10/9/16 16:14,Property Damaged Only,1,Daylight
5280291,Bicyclist,33.966342,-83.344626,5/6/15 7:52,Property Damaged Only,1,Daylight
4387463,Bicyclist,33.363831,-84.548713,2/8/13 9:15,Property Damaged Only,1,Daylight
5151588,Bicyclist,32.212204,-82.385178,1/29/15 11:45,Property Damaged Only,1,Daylight
4370803,Bicyclist,34.2913,-83.83125,3/1/13 17:42,Property Damaged Only,1,Daylight
4873192,Bicyclist,33.867652,-84.841606,6/7/14 17:25,Property Damaged Only,1,Daylight
5461787,Bicyclist,33.385601,-82.118685,10/7/15 16:27,Property Damaged Only,1,Daylight
6211663,Bicyclist,32.423945,-84.947215,4/29/17 11:40,Property Damaged Only,1,Daylight
4562781,Bicyclist,33.744392,-84.414194,9/3/13 18:00,Property Damaged Only,1,Daylight
5981269,Bicyclist,33.853875,-84.44209,10/30/16 10:45,Property Damaged Only,1,Daylight
5406940,Bicyclist,34.73973,-84.97405,8/29/15 19:08,Property Damaged Only,1,Daylight
5920350,Bicyclist,33.978048,-84.245143,9/8/16 11:04,Property Damaged Only,1,Daylight
4457381,Bicyclist,33.935947,-84.556175,5/23/13 13:30,Property Damaged Only,1,Daylight
5130799,Bicyclist,30.860994,-83.288855,1/14/15 15:43,Property Damaged Only,1,Daylight
5461106,Bicyclist,34.02942,-85.247708,10/6/15 8:56,Property Damaged Only,1,Daylight
6345702,Bicyclist,33.959692,-84.060198,8/4/17 15:34,Property Damaged Only,1,Daylight
5177812,Bicyclist,33.670023,-84.227504,2/15/15 17:50,Property Damaged Only,1,Daylight
5100694,Bicyclist,34.100252,-83.963062,12/17/14 15:46,Property Damaged Only,1,Daylight
6293039,Bicyclist,33.776815,-84.387303,6/29/17 18:17,Property Damaged Only,1,Daylight
5805816,Bicyclist,32.505766,-84.941886,6/21/16 20:07,Property Damaged Only,1,Daylight
4483384,Bicyclist,33.707821,-84.146787,6/20/13 20:15,Property Damaged Only,1,Daylight
5263699,Bicyclist,34.19675,-84.79045,4/17/15 12:46,Property Damaged Only,1,Daylight
5866054,Bicyclist,31.595769,-84.170793,8/5/16 16:48,Fatal,3,Daylight
6318664,Bicyclist,33.222612,-83.398391,3/29/17 18:00,Fatal,3,Daylight
4561187,Bicyclist,33.480898,-84.162592,9/3/13 18:52,Fatal,3,Daylight
5787781,Bicyclist,32.409376,-84.961194,6/8/16 16:41,Injury,2,Daylight
4691235,Bicyclist,33.476679,-81.994293,12/30/13 16:50,Injury,2,Daylight
4752979,Bicyclist,33.461024,-81.968469,3/1/14 16:43,Injury,2,Daylight
5066553,Bicyclist,33.997873,-84.505457,11/26/14 14:47,Injury,2,Daylight
6296396,Bicyclist,34.108917,-83.451255,6/27/17 11:35,Injury,2,Daylight
5821641,Bicyclist,33.8417,-84.504492,6/21/16 18:20,Injury,2,Daylight
4515628,Bicyclist,33.776913,-84.393629,6/23/13 14:13,Injury,2,Daylight
6255467,Bicyclist,33.7829,-83.9516,5/27/17 9:57,Injury,2,Daylight
4401533,Bicyclist,31.626373,-84.005485,3/18/13 11:25,Injury,2,Daylight
4934830,Bicyclist,33.028965,-84.327299,7/4/14 8:47,Injury,2,Daylight
5050447,Bicyclist,31.220635,-81.370324,11/7/14 15:39,Injury,2,Daylight
5337580,Bicyclist,33.740169,-84.349268,6/26/15 10:55,Injury,2,Daylight
5852052,Bicyclist,32.791766,-83.653989,7/22/16 17:30,Injury,2,Daylight
6121099,Bicyclist,33.807731,-84.231418,2/3/17 18:00,Injury,2,Daylight
6305621,Bicyclist,33.426534,-82.046115,7/11/17 0:00,Injury,2,Daylight
4552223,Bicyclist,34.762999,-84.931102,7/26/13 13:34,Injury,2,Daylight
4459246,Bicyclist,33.58872,-84.46899,5/20/13 20:20,Injury,2,Daylight
5777232,Bicyclist,33.346585,-84.434566,5/13/16 16:20,Injury,2,Daylight
5825529,Bicyclist,33.814966,-84.146418,7/7/16 19:05,Injury,2,Daylight
6055576,Bicyclist,33.900772,-84.204806,12/21/16 15:23,Injury,2,Daylight
5440807,Bicyclist,33.855142,-84.216253,9/23/15 18:04,Injury,2,Daylight
4578239,Bicyclist,34.091106,-83.999503,9/20/13 15:28,Injury,2,Daylight
5324301,Bicyclist,34.069194,-83.905708,6/8/15 12:56,Injury,2,Daylight
5437562,Bicyclist,34.080751,-84.284023,8/9/15 8:50,Injury,2,Daylight
6378773,Bicyclist,33.451523,-82.039746,9/1/17 18:00,Injury,2,Daylight
4461025,Bicyclist,34.000988,-84.149095,4/28/13 9:23,Injury,2,Daylight
4628224,Pedestrian,34.103601,-83.593601,10/31/13 18:51,Property Damaged Only,1,Daylight
5296898,Pedestrian,34.262061,-85.306157,5/20/15 15:17,Property Damaged Only,1,Daylight
4785879,Pedestrian,34.86366,-84.32478,4/8/14 13:21,Property Damaged Only,1,Daylight
5028307,Pedestrian,31.187829,-81.376834,10/21/14 8:45,Property Damaged Only,1,Daylight
5883303,Pedestrian,33.76198,-82.421044,6/28/16 17:49,Property Damaged Only,1,Daylight
5415081,Pedestrian,33.398488,-84.795395,9/4/15 10:57,Property Damaged Only,1,Daylight
4903342,Pedestrian,33.889453,-84.381666,7/10/14 12:40,Property Damaged Only,1,Daylight
4505633,Pedestrian,33.768036,-84.251985,7/16/13 19:36,Property Damaged Only,1,Daylight
5942173,Pedestrian,34.251258,-85.173008,10/3/16 9:14,Property Damaged Only,1,Daylight
5054992,Pedestrian,33.580396,-84.226767,11/15/14 13:21,Property Damaged Only,1,Daylight
5814320,Pedestrian,32.548956,-85.023779,6/28/16 12:17,Property Damaged Only,1,Daylight
5367977,Pedestrian,31.97207,-83.774703,7/23/15 12:19,Property Damaged Only,1,Daylight
6250508,Pedestrian,31.212001,-81.501937,5/17/17 18:26,Property Damaged Only,1,Daylight
4553361,Pedestrian,33.839312,-84.059217,8/24/13 18:17,Property Damaged Only,1,Daylight
5668713,Pedestrian,32.795902,-83.66951,3/9/16 17:22,Property Damaged Only,1,Daylight
6463578,Pedestrian,30.844139,-83.304022,11/6/17 7:35,Property Damaged Only,1,Daylight
4334807,Pedestrian,34.296431,-83.839035,1/22/13 16:24,Property Damaged Only,1,Daylight
5265863,Pedestrian,32.059582,-81.109276,4/24/15 14:54,Property Damaged Only,1,Daylight
5288030,Pedestrian,34.011993,-84.334314,5/12/15 9:08,Property Damaged Only,1,Daylight
4832783,Pedestrian,33.469177,-82.033388,4/30/14 14:56,Property Damaged Only,1,Daylight
5545748,Pedestrian,32.055502,-81.100902,12/11/15 7:46,Property Damaged Only,1,Daylight
6414932,Pedestrian,33.429848,-82.004337,10/3/17 15:15,Property Damaged Only,1,Daylight
4935907,Pedestrian,33.737934,-84.251991,8/12/14 18:15,Property Damaged Only,1,Daylight
4389834,Pedestrian,33.7148,-84.21352,3/15/13 15:30,Property Damaged Only,1,Daylight
6227797,Pedestrian,33.777588,-84.388776,5/9/17 15:08,Property Damaged Only,1,Daylight
5645281,Pedestrian,33.784433,-84.389167,2/19/16 16:46,Property Damaged Only,1,Daylight
5630252,Pedestrian,33.705437,-84.280944,2/9/16 11:00,Property Damaged Only,1,Daylight
5204308,Pedestrian,32.453337,-84.987585,3/3/15 16:55,Property Damaged Only,1,Daylight
4976823,Pedestrian,33.90287,-84.275041,9/11/14 17:11,Property Damaged Only,1,Daylight
4764308,Pedestrian,33.902292,-84.553325,3/12/14 3:12,Property Damaged Only,1,Daylight
4855525,Pedestrian,32.059638,-81.109278,5/22/14 8:06,Property Damaged Only,1,Daylight
6507331,Pedestrian,33.856439,-84.20726,12/10/17 15:42,Property Damaged Only,1,Daylight
5254026,Pedestrian,33.774105,-84.511402,4/12/15 15:25,Property Damaged Only,1,Daylight
5710944,Pedestrian,34.249908,-85.162621,4/12/16 8:24,Property Damaged Only,1,Daylight
6382604,Pedestrian,34.00528,-83.929076,8/29/17 15:52,Property Damaged Only,1,Daylight
6216518,Pedestrian,33.44779,-82.00695,5/3/17 7:54,Property Damaged Only,1,Daylight
6128520,Pedestrian,34.30613,-83.822189,2/23/17 17:03,Property Damaged Only,1,Daylight
4887784,Pedestrian,33.55538,-84.346794,6/24/14 11:49,Property Damaged Only,1,Daylight
4601930,Pedestrian,34.534446,-83.98123,10/8/13 12:45,Property Damaged Only,1,Daylight
6187139,Pedestrian,33.956901,-83.373875,2/23/17 12:29,Property Damaged Only,1,Daylight
6219218,Pedestrian,33.921236,-83.3417,5/3/17 17:00,Property Damaged Only,1,Daylight
5388830,Pedestrian,33.859357,-84.680515,8/3/15 15:19,Property Damaged Only,1,Daylight
5291207,Pedestrian,31.45355,-83.50544,5/16/15 12:40,Property Damaged Only,1,Daylight
4458858,Pedestrian,33.96446,-84.12974,5/23/13 16:32,Property Damaged Only,1,Daylight
6046488,Pedestrian,33.654072,-84.373941,12/7/16 12:00,Property Damaged Only,1,Daylight
5987568,Pedestrian,33.742477,-84.243782,11/5/16 15:15,Property Damaged Only,1,Daylight
6119794,Pedestrian,31.979786,-81.169521,2/15/17 13:19,Property Damaged Only,1,Daylight
4459195,Pedestrian,33.755414,-84.33866,4/26/13 18:15,Property Damaged Only,1,Daylight
6247886,Pedestrian,33.716372,-84.329921,5/24/17 0:00,Property Damaged Only,1,Daylight
5545385,Pedestrian,33.472537,-81.9899,12/10/15 9:47,Property Damaged Only,1,Daylight
5426835,Pedestrian,32.51984,-84.892156,9/16/15 16:55,Property Damaged Only,1,Daylight
4759158,Pedestrian,34.055253,-84.244513,3/10/14 18:27,Property Damaged Only,1,Daylight
6340116,Pedestrian,33.755559,-84.384172,8/1/17 12:11,Property Damaged Only,1,Daylight
6408726,Pedestrian,33.7639,-84.385974,9/2/17 14:57,Property Damaged Only,1,Daylight
5289757,Pedestrian,33.716485,-84.490428,5/13/15 9:17,Property Damaged Only,1,Daylight
4655518,Pedestrian,34.34873,-83.713584,11/25/13 15:04,Property Damaged Only,1,Daylight
5173634,Pedestrian,33.932297,-83.332432,2/10/15 17:40,Property Damaged Only,1,Daylight
6076017,Pedestrian,33.96102,-83.376449,1/12/17 10:20,Property Damaged Only,1,Daylight
5296196,Pedestrian,31.979591,-81.142224,5/19/15 14:00,Property Damaged Only,1,Daylight
4853352,Pedestrian,33.931705,-84.221922,5/19/14 17:50,Property Damaged Only,1,Daylight
6224255,Pedestrian,33.960668,-83.377895,5/6/17 19:57,Property Damaged Only,1,Daylight
5209030,Pedestrian,30.849498,-83.279342,3/7/15 13:42,Property Damaged Only,1,Daylight
6457368,Pedestrian,30.846071,-83.277557,10/24/17 18:29,Property Damaged Only,1,Daylight
5011681,Pedestrian,31.934288,-81.319936,4/20/14 17:30,Property Damaged Only,1,Daylight
5688532,Pedestrian,33.780649,-84.238256,3/25/16 13:55,Property Damaged Only,1,Daylight
4484800,Pedestrian,1,-1,6/22/13 21:28,Property Damaged Only,1,Daylight
5919431,Pedestrian,33.737201,-84.23063,9/13/16 18:30,Property Damaged Only,1,Daylight
6058933,Pedestrian,33.79031,-84.306431,12/29/16 10:12,Property Damaged Only,1,Daylight
5890389,Pedestrian,33.711396,-84.271656,8/24/16 9:15,Property Damaged Only,1,Daylight
4505208,Pedestrian,33.253336,-84.263697,6/29/13 17:17,Property Damaged Only,1,Daylight
5574090,Pedestrian,32.461093,-81.79128,12/9/15 12:56,Property Damaged Only,1,Daylight
4962698,Pedestrian,32.880949,-85.163997,7/26/14 13:57,Property Damaged Only,1,Daylight
6424236,Pedestrian,33.801054,-84.207248,10/11/17 7:31,Property Damaged Only,1,Daylight
6026176,Pedestrian,33.84912,-84.364157,12/3/16 11:40,Property Damaged Only,1,Daylight
5628376,Pedestrian,32.839413,-83.639815,1/8/16 14:29,Property Damaged Only,1,Daylight
4996023,Pedestrian,33.537142,-84.35473,9/25/14 11:29,Property Damaged Only,1,Daylight
6304089,Pedestrian,32.04279,-82.99696,7/6/17 8:49,Fatal,3,Daylight
5716535,Pedestrian,33.493181,-84.228308,4/17/16 13:16,Fatal,3,Daylight
4486821,Pedestrian,33.275943,-82.97312,6/21/13 8:15,Fatal,3,Daylight
5348718,Pedestrian,32.046903,-81.108575,7/7/15 13:48,Injury,2,Daylight
5283669,Pedestrian,33.823037,-83.325943,5/9/15 16:26,Injury,2,Daylight
6472666,Pedestrian,32.71509,-82.71641,11/11/17 16:08,Injury,2,Daylight
6373096,Pedestrian,33.836978,-84.368075,8/24/17 11:14,Injury,2,Daylight
4848770,Pedestrian,32.05483,-81.13746,5/17/14 15:51,Injury,2,Daylight
4994349,Pedestrian,33.753825,-84.392688,9/18/14 18:50,Injury,2,Daylight
6450560,Pedestrian,33.762198,-84.349161,10/26/17 15:15,Injury,2,Daylight
5970548,Pedestrian,33.445318,-81.995891,10/21/16 11:59,Injury,2,Daylight
4974091,Pedestrian,34.08505,-84.461485,9/4/14 8:48,Injury,2,Daylight
6082298,Pedestrian,33.640829,-84.490981,1/16/17 17:04,Injury,2,Daylight
4604956,Pedestrian,33.961025,-84.208459,10/13/13 8:02,Injury,2,Daylight
6272490,Pedestrian,33.725399,-84.181431,6/13/17 13:57,Injury,2,Daylight
5308536,Pedestrian,33.952395,-83.957392,5/30/15 17:25,Injury,2,Daylight
6398481,Pedestrian,34.03835,-84.361257,9/18/17 14:46,Injury,2,Daylight
4957032,Pedestrian,33.594903,-83.867512,8/29/14 15:11,Injury,2,Daylight
5728772,Pedestrian,33.945764,-84.189547,4/23/16 19:34,Injury,2,Daylight
5625669,Pedestrian,34.090877,-84.27709,2/4/16 16:25,Injury,2,Daylight
6215975,Pedestrian,32.021188,-81.068258,5/2/17 15:08,Injury,2,Daylight
5452591,Pedestrian,31.15066,-81.489486,9/30/15 15:48,Injury,2,Daylight
4552304,Pedestrian,32.828832,-83.633066,7/29/13 15:25,Injury,2,Daylight