incidentIdNbr,crashType,latitude,longitude,dateOfIncidentDate,severity,Mag,lightCondition
5211963,Pedestrian,30.835377,-83.322593,3/10/15 15:55,Injury,2,Daylight
6197815,Pedestrian,33.34854,-84.29369,4/8/17 12:05,Injury,2,Daylight
4344345,Pedestrian,33.564743,-83.177284,2/1/13 15:27,Injury,2,Daylight
4856740,Pedestrian,33.736733,-84.216766,5/23/14 8:11,Injury,2,Daylight
4605027,Pedestrian,33.344303,-84.746154,10/10/13 14:17,Injury,2,Daylight
5832025,Pedestrian,33.855542,-85.209603,6/19/16 16:55,Injury,2,Daylight
6499581,Pedestrian,33.91647,-84.48146,12/4/17 16:42,Injury,2,Daylight
6223311,Pedestrian,33.752025,-84.444128,2/6/17 15:10,Injury,2,Daylight
5593960,Pedestrian,34.189763,-83.856987,1/11/16 15:40,Injury,2,Daylight
4893670,Pedestrian,33.68139,-84.42156,6/27/14 19:20,Injury,2,Daylight
4354564,Pedestrian,34.46978,-85.35517,2/14/13 7:30,Injury,2,Daylight
5014455,Pedestrian,32.810123,-81.939025,10/8/14 15:45,Injury,2,Daylight
5254697,Pedestrian,33.699738,-84.266672,4/16/15 8:20,Injury,2,Daylight
4711525,Pedestrian,33.860614,-83.99059,1/20/14 14:44,Injury,2,Daylight
5814846,Pedestrian,33.566494,-84.413309,6/28/16 19:27,Injury,2,Daylight
5371864,Pedestrian,33.834183,-84.271899,7/28/15 18:51,Injury,2,Daylight
4933453,Pedestrian,34.079742,-84.676704,8/10/14 7:35,Injury,2,Daylight
5213735,Pedestrian,34.740807,-84.718544,3/8/15 15:03,Injury,2,Daylight
5106291,Pedestrian,33.919091,-84.378737,12/24/14 8:35,Injury,2,Daylight
4387208,Pedestrian,34.380992,-83.87591,3/15/13 12:25,Injury,2,Daylight
4788441,Pedestrian,31.166651,-83.796191,3/14/14 15:40,Injury,2,Daylight
6331316,Pedestrian,33.913547,-84.201249,7/24/17 13:46,Injury,2,Daylight
6315935,Pedestrian,33.877662,-84.77748,7/17/17 19:50,Injury,2,Daylight
4499576,Pedestrian,34.252713,-85.174454,7/11/13 16:21,Injury,2,Daylight
5043782,Pedestrian,33.467378,-81.948782,11/7/14 17:46,Injury,2,Daylight
5553926,Pedestrian,33.919541,-83.97253,12/15/15 16:27,Injury,2,Daylight
4836830,Pedestrian,33.727224,-84.175356,5/5/14 17:42,Injury,2,Daylight
6107073,Pedestrian,33.81,-84.39583,2/2/17 7:47,Injury,2,Daylight
6113468,Pedestrian,34.876664,-84.300174,2/9/17 15:20,Injury,2,Daylight
6478173,Pedestrian,33.752848,-84.438196,11/16/17 16:40,Injury,2,Daylight
5695100,Pedestrian,33.549231,-84.397581,3/30/16 17:44,Injury,2,Daylight
6127051,Pedestrian,33.707059,-84.219965,2/6/17 19:02,Injury,2,Daylight
4963016,Pedestrian,32.544707,-82.905236,8/1/14 16:54,Injury,2,Daylight
4347954,Pedestrian,33.75336,-84.3292,2/6/13 9:39,Injury,2,Daylight
4997118,Pedestrian,33.958082,-83.945612,9/23/14 17:01,Injury,2,Daylight
5336849,Pedestrian,31.600393,-84.115925,6/24/15 20:01,Injury,2,Daylight
6400676,Pedestrian,33.681109,-84.393708,9/20/17 1:00,Injury,2,Daylight
4524056,Pedestrian,34.04987,-84.28089,7/24/13 17:04,Injury,2,Daylight
5821658,Pedestrian,33.88753,-84.498767,6/26/16 20:17,Injury,2,Daylight
5003357,Pedestrian,33.854349,-84.316016,10/1/14 11:33,Injury,2,Daylight
4636067,Pedestrian,33.73886,-84.28804,11/10/13 16:39,Injury,2,Daylight
6287102,Pedestrian,32.857004,-83.610892,6/25/17 17:32,Injury,2,Daylight
6037490,Pedestrian,31.902615,-81.052917,12/12/16 10:58,Injury,2,Daylight
5649223,Pedestrian,32.040949,-81.063908,2/25/16 10:12,Injury,2,Daylight
6486542,Pedestrian,33.993063,-84.597174,11/26/17 17:14,Injury,2,Daylight
4793858,Pedestrian,31.574013,-84.141934,4/16/14 17:08,Injury,2,Daylight
5993886,Pedestrian,33.606699,-84.22666,11/9/16 13:20,Injury,2,Daylight
6383794,Pedestrian,33.954735,-84.141371,8/28/17 16:15,Injury,2,Daylight
6386389,Pedestrian,33.759923,-84.182979,9/8/17 12:30,Injury,2,Daylight
4346253,Pedestrian,34.22789,-84.71098,1/20/13 15:34,Injury,2,Daylight
5856402,Pedestrian,34.507066,-83.929193,7/26/16 16:10,Injury,2,Daylight
4488456,Pedestrian,33.596586,-84.469118,6/27/13 17:45,Injury,2,Daylight
5814059,Pedestrian,34.283793,-83.819722,6/25/16 18:39,Injury,2,Daylight
5876962,Pedestrian,34.075277,-84.429902,8/15/16 6:33,Injury,2,Daylight
5978873,Pedestrian,33.853769,-84.364666,10/16/16 23:50,Injury,2,Daylight
4898478,Pedestrian,30.832363,-83.284816,7/4/14 20:23,Injury,2,Daylight
4566361,Pedestrian & Bicyclist,34.02829,-84.33522,8/27/13 21:13,Property Damaged Only,1,Daylight
4521324,Pedestrian & Bicyclist,32.999954,-82.82106,7/17/13 7:50,Injury,2,Daylight
6157711,Pedestrian & Bicyclist,33.886717,-84.74047,3/18/17 18:49,Injury,2,Daylight
4375442,Pedestrian & Bicyclist,33.967788,-84.536463,3/4/13 7:45,Injury,2,Daylight
4472474,Bicyclist,33.436504,-82.17612,5/23/13 6:54,Property Damaged Only,1,Daylight
5318655,Bicyclist,34.263424,-85.189237,6/9/15 14:43,Property Damaged Only,1,Daylight
4413982,Bicyclist,33.754804,-84.421325,4/11/13 9:45,Property Damaged Only,1,Daylight
6013175,Bicyclist,33.485939,-82.133338,11/3/16 15:09,Property Damaged Only,1,Daylight
5034393,Bicyclist,33.850467,-84.362143,10/29/14 11:00,Property Damaged Only,1,Daylight
5883529,Bicyclist,33.965713,-84.131923,8/17/16 18:03,Property Damaged Only,1,Daylight
6201045,Bicyclist,34.064245,-84.724116,4/20/17 8:21,Property Damaged Only,1,Daylight
4347073,Bicyclist,33.463246,-82.014935,1/17/13 13:11,Property Damaged Only,1,Daylight
6253229,Bicyclist,33.446448,-82.010929,5/29/17 17:41,Property Damaged Only,1,Daylight
5426232,Bicyclist,33.047077,-85.030474,9/14/15 14:56,Property Damaged Only,1,Daylight
5814836,Bicyclist,33.475724,-82.00193,6/24/16 14:55,Property Damaged Only,1,Daylight
4529145,Bicyclist,33.718724,-84.275681,8/1/13 18:00,Property Damaged Only,1,Daylight
4658061,Bicyclist,32.814249,-83.656672,11/16/13 17:21,Property Damaged Only,1,Daylight
4876091,Bicyclist,32.464739,-84.986194,6/12/14 17:50,Property Damaged Only,1,Daylight
5477427,Bicyclist,33.417825,-84.565939,10/20/15 17:10,Property Damaged Only,1,Daylight
4698282,Bicyclist,34.073547,-84.677167,1/8/14 13:20,Property Damaged Only,1,Daylight
4503347,Bicyclist,34.28107,-83.85235,7/13/13 20:39,Property Damaged Only,1,Daylight
5700052,Bicyclist,31.989924,-81.080388,4/4/16 6:59,Property Damaged Only,1,Daylight
5011630,Bicyclist,31.950172,-81.312264,4/12/14 7:35,Property Damaged Only,1,Daylight
4562371,Bicyclist,33.916827,-84.585197,9/4/13 14:42,Property Damaged Only,1,Daylight
5325408,Bicyclist,33.777864,-84.294857,5/30/15 14:18,Property Damaged Only,1,Daylight
5155538,Bicyclist,31.57578,-84.07306,8/8/14 12:37,Property Damaged Only,1,Daylight
5621767,Bicyclist,31.573747,-84.176283,2/2/16 18:25,Property Damaged Only,1,Daylight
4495010,Bicyclist,31.972075,-81.152084,7/5/13 15:06,Property Damaged Only,1,Daylight
6313255,Bicyclist,33.901256,-84.205047,7/12/17 15:49,Property Damaged Only,1,Daylight
4367381,Bicyclist,33.26917,-84.26003,1/18/13 9:11,Property Damaged Only,1,Daylight
4626910,Bicyclist,33.475486,-81.992539,10/1/13 12:16,Property Damaged Only,1,Daylight
4858731,Bicyclist,32.077794,-81.08765,5/26/14 12:22,Property Damaged Only,1,Daylight
6052312,Bicyclist,33.762144,-84.196615,12/23/16 12:29,Property Damaged Only,1,Daylight
5345584,Bicyclist,32.007632,-80.978436,7/4/15 9:04,Injury,2,Daylight
4374610,Bicyclist,33.722892,-83.8014,3/2/13 14:02,Injury,2,Daylight
5374764,Bicyclist,33.754447,-84.382314,7/29/15 19:50,Injury,2,Daylight
4881017,Bicyclist,33.762122,-84.298436,5/20/14 14:40,Injury,2,Daylight
4435905,Bicyclist,32.052153,-81.055019,5/6/13 18:30,Injury,2,Daylight
4909926,Bicyclist,33.77307,-84.41142,7/16/14 18:16,Injury,2,Daylight
5414928,Bicyclist,33.947549,-83.3578,9/3/15 13:46,Injury,2,Daylight
6109577,Bicyclist,31.578864,-84.17152,2/6/17 7:20,Injury,2,Daylight
4916533,Bicyclist,33.962325,-83.434807,7/23/14 18:41,Injury,2,Daylight
4942697,Bicyclist,33.777284,-84.296483,7/23/14 11:05,Injury,2,Daylight
4510334,Bicyclist,31.193547,-81.477005,3/2/13 17:44,Injury,2,Daylight
5364171,Bicyclist,34.790497,-84.983876,6/26/15 8:17,Injury,2,Daylight
5239205,Bicyclist,33.850373,-84.361991,3/28/15 17:40,Injury,2,Daylight
4556931,Bicyclist,34.05514,-85.29431,8/29/13 10:27,Injury,2,Daylight
5365099,Bicyclist,31.988172,-81.128634,7/22/15 12:31,Injury,2,Daylight
4600596,Bicyclist,31.15196,-81.382413,7/16/13 20:00,Injury,2,Daylight
4548427,Bicyclist,33.953326,-83.365347,7/29/13 16:56,Injury,2,Daylight
6365215,Bicyclist,34.043273,-85.074089,8/23/17 8:39,Injury,2,Daylight
4475002,Bicyclist,33.962501,-83.395871,5/28/13 15:35,Injury,2,Daylight
6383782,Bicyclist,33.821103,-84.370166,9/4/17 18:30,Injury,2,Daylight
4319103,Bicyclist,31.979788,-81.135548,1/8/13 10:09,Injury,2,Daylight
4838285,Bicyclist,33.763718,-84.449265,4/27/14 13:45,Injury,2,Daylight
4775349,Bicyclist,32.079225,-81.093048,3/29/14 12:00,Injury,2,Daylight
4566051,Bicyclist,34.08582,-84.576194,9/7/13 14:15,Injury,2,Daylight
4985816,Bicyclist,31.73144,-84.16787,6/17/13 20:00,Injury,2,Daylight
6295963,Bicyclist,33.968141,-84.258342,6/30/17 10:07,Injury,2,Daylight
4955824,Bicyclist,32.062265,-81.107471,8/28/14 19:17,Injury,2,Daylight
6106915,Bicyclist,34.120486,-83.762121,2/4/17 12:56,Injury,2,Daylight
5322302,Bicyclist,33.940015,-84.134729,6/10/15 18:16,Injury,2,Daylight
4782265,Bicyclist,33.587967,-84.323757,4/5/14 15:35,Injury,2,Daylight
6078369,Bicyclist,32.043013,-81.067748,1/13/17 10:51,Injury,2,Daylight
6407787,Bicyclist,32.822542,-83.699433,9/27/17 14:01,Injury,2,Daylight
5568421,Bicyclist,33.812407,-84.584905,12/25/15 11:37,Injury,2,Daylight
5434545,Bicyclist,34.088178,-84.262826,6/23/15 15:50,Injury,2,Daylight
4504677,Pedestrian,33.941644,-84.528481,7/10/13 16:36,Property Damaged Only,1,Daylight
4902594,Pedestrian,33.845527,-84.358561,6/30/14 17:05,Property Damaged Only,1,Daylight
4704945,Pedestrian,34.023466,-84.613494,1/14/14 9:32,Property Damaged Only,1,Daylight
4755580,Pedestrian,33.830573,-84.367973,2/21/14 12:59,Property Damaged Only,1,Daylight
5848283,Pedestrian,33.961233,-84.787366,7/24/16 17:20,Property Damaged Only,1,Daylight
4645397,Pedestrian,33.741327,-84.414058,11/12/13 15:56,Property Damaged Only,1,Daylight
4924932,Pedestrian,33.843119,-84.55341,7/31/14 17:14,Property Damaged Only,1,Daylight
5470030,Pedestrian,33.574246,-84.399142,10/15/15 17:15,Property Damaged Only,1,Daylight
5742155,Pedestrian,32.836211,-83.631595,5/4/16 18:30,Property Damaged Only,1,Daylight
5304340,Pedestrian,33.993819,-84.549551,5/23/15 19:10,Property Damaged Only,1,Daylight
4590565,Pedestrian,33.750631,-84.384223,10/1/13 11:01,Property Damaged Only,1,Daylight
5931866,Pedestrian,32.025755,-81.090172,9/23/16 12:15,Property Damaged Only,1,Daylight
4862162,Pedestrian,34.482682,-84.948916,5/29/14 8:50,Property Damaged Only,1,Daylight
5968548,Pedestrian,33.588779,-84.469297,10/22/16 17:14,Property Damaged Only,1,Daylight
4512909,Pedestrian,33.40903,-82.02701,6/12/13 18:09,Property Damaged Only,1,Daylight
4971300,Pedestrian,33.961799,-84.079698,9/6/14 13:07,Property Damaged Only,1,Daylight
5405652,Pedestrian,30.817177,-83.979625,8/27/15 14:59,Property Damaged Only,1,Daylight
5257100,Pedestrian,33.695087,-84.262405,4/18/15 16:00,Property Damaged Only,1,Daylight
5038283,Pedestrian,33.826371,-84.031573,11/2/14 13:05,Property Damaged Only,1,Daylight
5476654,Pedestrian,33.731487,-84.252166,10/19/15 18:41,Property Damaged Only,1,Daylight
6395334,Pedestrian,33.247111,-84.263682,9/16/17 15:14,Property Damaged Only,1,Daylight
6174809,Pedestrian,31.937395,-81.052941,4/2/17 10:00,Property Damaged Only,1,Daylight
5607616,Pedestrian,33.654494,-84.00246,1/18/16 9:02,Property Damaged Only,1,Daylight
4579375,Pedestrian,33.8036,-84.414002,9/21/13 12:18,Property Damaged Only,1,Daylight
4614674,Pedestrian,33.85339,-84.3392,10/11/13 12:11,Property Damaged Only,1,Daylight
5051977,Pedestrian,32.067502,-81.097449,11/15/14 12:57,Property Damaged Only,1,Daylight
5307354,Pedestrian,33.755522,-84.377957,5/26/15 8:00,Property Damaged Only,1,Daylight
4620807,Pedestrian,33.93669,-84.29393,10/25/13 18:30,Property Damaged Only,1,Daylight
4851646,Pedestrian,33.768902,-84.419556,5/13/14 15:00,Property Damaged Only,1,Daylight
6524164,Pedestrian,33.714989,-84.214664,12/9/17 16:30,Property Damaged Only,1,Daylight
6158446,Pedestrian,33.792162,-84.282606,3/21/17 9:57,Property Damaged Only,1,Daylight
5094910,Pedestrian,33.711644,-84.443177,12/4/14 15:41,Property Damaged Only,1,Daylight
6397992,Pedestrian,33.764549,-84.222131,9/19/17 13:40,Property Damaged Only,1,Daylight
6417154,Pedestrian,34.086381,-83.989464,9/29/17 17:39,Property Damaged Only,1,Daylight
5540415,Pedestrian,30.840151,-83.972407,12/7/15 7:40,Property Damaged Only,1,Daylight
6248495,Pedestrian,32.231885,-82.417877,5/24/17 11:16,Property Damaged Only,1,Daylight
4546955,Pedestrian,32.075556,-81.097974,8/22/13 8:35,Property Damaged Only,1,Daylight
5739545,Pedestrian,33.699152,-84.408094,4/28/16 16:02,Property Damaged Only,1,Daylight
5158149,Pedestrian,33.470324,-81.984427,1/29/15 13:50,Property Damaged Only,1,Daylight
5280118,Pedestrian,33.854678,-84.209533,5/7/15 16:20,Property Damaged Only,1,Daylight
6393803,Pedestrian,32.880076,-83.773333,9/13/17 11:44,Property Damaged Only,1,Daylight
5691796,Pedestrian,33.94601,-83.38774,3/28/16 8:35,Property Damaged Only,1,Daylight
5481268,Pedestrian,32.007835,-81.115251,10/23/15 18:11,Property Damaged Only,1,Daylight
6276199,Pedestrian,33.821296,-84.194212,6/16/17 14:04,Property Damaged Only,1,Daylight
5239674,Pedestrian,33.68147,-84.423517,4/2/15 13:40,Property Damaged Only,1,Daylight
5927350,Pedestrian,33.848717,-84.360694,9/20/16 8:55,Property Damaged Only,1,Daylight
5728292,Pedestrian,34.01885,-84.189853,3/17/16 17:25,Property Damaged Only,1,Daylight
5045598,Pedestrian,32.112364,-81.237821,11/4/14 17:25,Property Damaged Only,1,Daylight
4920719,Pedestrian,34.338342,-83.847083,7/28/14 15:48,Property Damaged Only,1,Daylight
5350361,Pedestrian,33.846973,-84.372951,7/6/15 14:20,Property Damaged Only,1,Daylight
6421950,Pedestrian,33.89462,-84.14222,9/24/17 12:07,Property Damaged Only,1,Daylight
5411901,Pedestrian,34.023776,-84.625216,8/28/15 12:24,Property Damaged Only,1,Daylight
5889560,Pedestrian,33.817528,-84.366988,8/11/16 15:47,Property Damaged Only,1,Daylight
5361908,Pedestrian,33.579955,-84.362651,7/17/15 19:00,Property Damaged Only,1,Daylight
5711813,Pedestrian,33.911032,-84.118032,4/11/16 10:45,Property Damaged Only,1,Daylight
6115508,Pedestrian,33.581367,-84.411694,2/12/17 14:05,Property Damaged Only,1,Daylight
4903166,Pedestrian,33.680919,-84.3083,7/10/14 11:40,Property Damaged Only,1,Daylight
5020860,Pedestrian,33.908784,-84.351751,10/16/14 9:30,Property Damaged Only,1,Daylight
5113858,Pedestrian,31.2237,-81.50369,12/9/14 14:45,Property Damaged Only,1,Daylight
6174314,Pedestrian,32.07579,-81.098928,4/1/17 17:12,Property Damaged Only,1,Daylight
6293928,Pedestrian,33.712093,-84.166194,6/30/17 18:09,Property Damaged Only,1,Daylight
4433978,Pedestrian,33.715115,-84.273304,5/5/13 18:43,Property Damaged Only,1,Daylight
6464598,Pedestrian,33.503385,-84.245165,11/8/17 15:08,Property Damaged Only,1,Daylight
6165466,Pedestrian,33.524149,-82.090873,2/22/17 14:30,Property Damaged Only,1,Daylight
5736643,Pedestrian,33.709816,-84.271761,4/29/16 19:44,Property Damaged Only,1,Daylight
4637927,Pedestrian,33.77481,-84.2473,11/11/13 10:15,Property Damaged Only,1,Daylight
5767477,Pedestrian,33.890464,-84.310912,4/29/16 7:29,Property Damaged Only,1,Daylight
6456045,Pedestrian,33.761757,-84.195335,11/2/17 11:46,Property Damaged Only,1,Daylight
5963661,Pedestrian,33.751238,-84.726221,8/31/16 19:08,Property Damaged Only,1,Daylight
6431455,Pedestrian,34.020225,-84.330692,10/16/17 15:58,Property Damaged Only,1,Daylight
5972123,Pedestrian,33.738002,-84.417722,10/17/16 13:20,Property Damaged Only,1,Daylight
5710744,Pedestrian,33.972788,-84.031125,4/5/16 9:00,Property Damaged Only,1,Daylight
5012480,Pedestrian,34.004407,-84.427761,10/9/14 9:45,Property Damaged Only,1,Daylight
5358150,Pedestrian,33.97632,-83.35719,7/14/15 14:54,Property Damaged Only,1,Daylight
5502599,Pedestrian,32.069256,-81.115937,9/25/15 15:33,Property Damaged Only,1,Daylight
5648181,Pedestrian,32.907576,-83.749294,2/24/16 12:12,Property Damaged Only,1,Daylight
4498498,Pedestrian,34.154273,-84.749195,7/6/13 18:40,Property Damaged Only,1,Daylight
5785092,Pedestrian,32.188535,-81.193581,6/3/16 13:47,Property Damaged Only,1,Daylight
6369344,Pedestrian,33.888721,-84.270242,8/25/17 18:49,Property Damaged Only,1,Daylight
6098120,Pedestrian,33.650832,-82.8873,1/29/17 12:13,Fatal,3,Daylight
5583518,Pedestrian,33.778167,-84.6535,1/1/16 12:20,Fatal,3,Daylight
6456146,Pedestrian,34.004318,-84.141679,10/26/17 14:43,Fatal,3,Daylight
5706091,Pedestrian,34.118011,-83.824109,4/2/16 15:37,Fatal,3,Daylight
6408370,Pedestrian,32.936752,-82.78315,9/25/17 19:20,Fatal,3,Daylight
5391360,Pedestrian,33.701219,-84.307465,8/16/15 15:19,Injury,2,Daylight
4989339,Pedestrian,34.227966,-83.858521,9/18/14 18:06,Injury,2,Daylight
5869181,Pedestrian,34.048124,-84.322427,8/6/16 16:19,Injury,2,Daylight
5602009,Pedestrian,33.781085,-84.238166,1/17/16 13:00,Injury,2,Daylight
5736855,Pedestrian,33.774901,-84.247384,4/30/16 14:40,Injury,2,Daylight
6057059,Pedestrian,33.675527,-84.442949,12/28/16 12:50,Injury,2,Daylight
5197122,Pedestrian,33.965513,-83.948809,2/25/15 18:02,Injury,2,Daylight
5203864,Pedestrian,34.222443,-84.616333,3/2/15 11:28,Injury,2,Daylight
6129967,Pedestrian,32.025515,-81.058632,2/25/17 16:22,Injury,2,Daylight
5362880,Pedestrian,33.764841,-84.334631,7/15/15 16:12,Injury,2,Daylight
5747710,Pedestrian,33.9522,-84.149258,5/8/16 15:25,Injury,2,Daylight
5088029,Pedestrian,30.88526,-83.96307,12/9/14 13:28,Injury,2,Daylight
4779429,Pedestrian,33.75915,-84.11813,4/2/14 16:34,Injury,2,Daylight
5244804,Pedestrian,33.303,-83.97771,4/3/15 17:35,Injury,2,Daylight
5649956,Pedestrian,34.445669,-83.945832,2/18/16 9:58,Injury,2,Daylight
5193329,Pedestrian,33.759024,-84.394345,2/15/15 14:16,Injury,2,Daylight
5109726,Pedestrian,32.5952,-82.333114,12/12/14 15:40,Injury,2,Daylight
6212871,Pedestrian,34.171649,-83.888694,4/30/17 19:47,Injury,2,Daylight
6127807,Pedestrian,32.041964,-81.073368,2/22/17 13:17,Injury,2,Daylight
4458769,Pedestrian,31.24539,-84.20963,4/21/13 19:54,Injury,2,Daylight
6403286,Pedestrian,33.763815,-84.233719,9/23/17 19:30,Injury,2,Daylight
4779773,Pedestrian,31.04821,-83.39336,4/2/14 17:27,Injury,2,Daylight
4847622,Pedestrian,33.908497,-84.159547,5/15/14 18:30,Injury,2,Daylight
6496835,Pedestrian,34.816955,-84.876363,7/13/17 14:46,Injury,2,Daylight
4774941,Pedestrian,33.951772,-84.506659,3/22/14 12:34,Injury,2,Daylight
6292909,Pedestrian,33.631227,-84.014483,6/27/17 17:07,Injury,2,Daylight
4838454,Pedestrian,32.028482,-81.093069,5/5/14 13:26,Injury,2,Daylight
5632505,Pedestrian,33.904524,-84.367506,2/3/16 15:30,Injury,2,Daylight
4561287,Pedestrian,33.73887,-84.29056,9/4/13 19:47,Injury,2,Daylight
5442457,Pedestrian,33.961341,-84.017856,9/22/15 14:04,Injury,2,Daylight
5713536,Pedestrian,31.16265,-81.486418,4/9/16 16:15,Injury,2,Daylight
4437684,Pedestrian,32.040641,-81.008013,5/8/13 16:35,Injury,2,Daylight
5457137,Pedestrian,33.790566,-84.343836,10/5/15 11:08,Injury,2,Daylight
4443394,Pedestrian,33.486359,-82.134567,4/23/13 17:02,Injury,2,Daylight
5139464,Pedestrian,32.47225,-84.916654,1/25/15 16:15,Injury,2,Daylight
5250251,Pedestrian,32.993344,-85.006518,4/5/15 15:00,Injury,2,Daylight
5901570,Pedestrian,33.889768,-84.227373,9/1/16 17:20,Injury,2,Daylight
6174278,Pedestrian,33.73854,-84.279318,4/1/17 14:00,Injury,2,Daylight
4919487,Pedestrian,34.37768,-83.90251,7/27/14 15:38,Injury,2,Daylight
6450778,Pedestrian,33.653307,-84.449498,10/25/17 16:36,Injury,2,Daylight
6104260,Pedestrian,33.537346,-84.364884,2/1/17 9:15,Injury,2,Daylight
4831771,Pedestrian,33.884847,-84.38073,4/29/14 20:20,Injury,2,Daylight
5595336,Pedestrian,34.247374,-84.852553,1/11/16 11:51,Injury,2,Daylight
4789106,Pedestrian,31.450496,-83.508984,4/11/14 8:03,Injury,2,Daylight
5205164,Pedestrian,32.178784,-82.110048,3/4/15 7:18,Injury,2,Daylight
6394497,Pedestrian,32.076944,-81.196058,9/16/17 12:48,Injury,2,Daylight
5618277,Pedestrian,32.461755,-84.940703,1/31/16 15:40,Injury,2,Daylight
4459327,Pedestrian,33.750486,-84.37477,5/17/13 18:50,Injury,2,Daylight
4413466,Pedestrian,31.99469,-80.84615,4/13/13 19:28,Injury,2,Daylight
6138540,Pedestrian,32.885079,-83.762305,3/4/17 15:47,Injury,2,Daylight
6387959,Pedestrian,33.425154,-82.031743,9/10/17 14:28,Injury,2,Daylight
5746011,Pedestrian,32.07981,-81.095184,5/8/16 1:51,Injury,2,Daylight
4980870,Pedestrian,32.46015,-84.97283,9/16/14 7:30,Injury,2,Daylight
4925553,Pedestrian,32.50714,-84.981341,8/2/14 19:19,Injury,2,Daylight
6072849,Pedestrian,33.874417,-84.542826,1/6/17 14:50,Injury,2,Daylight
4710198,Pedestrian,31.607147,-81.887442,12/2/13 15:54,Injury,2,Daylight
5334366,Pedestrian,34.086192,-84.524287,5/29/15 13:56,Injury,2,Daylight
5398870,Pedestrian,33.749987,-84.197578,7/29/15 18:11,Injury,2,Daylight
5190294,Pedestrian & Bicyclist,33.339825,-84.971775,11/4/14 12:53,Property Damaged Only,1,Daylight
4998691,Pedestrian & Bicyclist,32.410089,-84.964391,9/28/14 15:25,Property Damaged Only,1,Daylight
5747619,Pedestrian & Bicyclist,34.945699,-85.238244,4/21/16 17:25,Property Damaged Only,1,Daylight
6203962,Pedestrian & Bicyclist,33.51204,-82.0387,4/23/17 14:32,Injury,2,Daylight
4647032,Pedestrian & Bicyclist,34.159038,-84.407418,11/18/13 15:20,Injury,2,Daylight
4577144,Bicyclist,33.810436,-84.128669,9/20/13 12:31,Property Damaged Only,1,Daylight
5918520,Bicyclist,32.479541,-84.944519,9/14/16 12:55,Property Damaged Only,1,Daylight
4653288,Bicyclist,31.57353,-84.25213,11/24/13 11:12,Property Damaged Only,1,Daylight
5426352,Bicyclist,33.933816,-84.222557,9/12/15 12:50,Property Damaged Only,1,Daylight
4418109,Bicyclist,33.569481,-84.554811,3/11/13 14:00,Property Damaged Only,1,Daylight
5582722,Bicyclist,34.049941,-84.059595,12/28/15 10:20,Property Damaged Only,1,Daylight
4518580,Bicyclist,32.056561,-81.105007,7/23/13 19:45,Property Damaged Only,1,Daylight
4565094,Bicyclist,33.768036,-84.251985,9/9/13 14:50,Property Damaged Only,1,Daylight
5668931,Bicyclist,33.791882,-84.387676,2/26/16 12:41,Property Damaged Only,1,Daylight
5075905,Bicyclist,33.951219,-83.379134,12/5/14 9:58,Property Damaged Only,1,Daylight
5219633,Bicyclist,33.925298,-84.432779,3/16/15 8:00,Property Damaged Only,1,Daylight
6405151,Bicyclist,33.780749,-84.384093,9/22/17 11:40,Property Damaged Only,1,Daylight
6064360,Bicyclist,32.04693,-81.108638,1/3/17 7:36,Property Damaged Only,1,Daylight
6262312,Bicyclist,33.568614,-84.539402,3/28/17 15:33,Property Damaged Only,1,Daylight
6132558,Bicyclist,33.763203,-84.343264,2/16/17 14:25,Property Damaged Only,1,Daylight
4929448,Bicyclist,33.855284,-84.215163,8/6/14 12:00,Property Damaged Only,1,Daylight
6464182,Bicyclist,33.973163,-83.989508,11/7/17 14:57,Property Damaged Only,1,Daylight
4348063,Bicyclist,34.003398,-84.293362,1/12/13 10:38,Property Damaged Only,1,Daylight
4854566,Bicyclist,33.667854,-84.667404,5/18/14 10:59,Property Damaged Only,1,Daylight
5989161,Bicyclist,33.776915,-84.267229,11/3/16 17:51,Property Damaged Only,1,Daylight
5258050,Bicyclist,33.71209,-84.38367,4/12/15 15:06,Property Damaged Only,1,Daylight
6604254,Bicyclist,33.77691,-84.393634,11/7/17 9:54,Property Damaged Only,1,Daylight
5879088,Bicyclist,32.411274,-81.781449,7/27/16 20:19,Property Damaged Only,1,Daylight
4829801,Bicyclist,32.010835,-81.099575,4/28/14 10:16,Property Damaged Only,1,Daylight
5632111,Bicyclist,33.568563,-84.539302,1/26/16 7:44,Property Damaged Only,1,Daylight
4422013,Bicyclist,33.751137,-84.314251,4/18/13 13:50,Property Damaged Only,1,Daylight
6229050,Bicyclist,232.8045,144.196,5/6/17 7:57,Property Damaged Only,1,Daylight
4439093,Bicyclist,33.721938,-84.166654,5/9/13 18:00,Property Damaged Only,1,Daylight
5831623,Bicyclist,34.406984,-85.01308,5/29/16 13:11,Fatal,3,Daylight