incidentIdNbr,crashType,latitude,longitude,dateOfIncidentDate,severity,Mag,lightCondition
5326451,Bicyclist,33.049999,-84.487125,5/7/15 13:04,Fatal,3,Daylight
5972534,Bicyclist,33.617899,-85.077848,10/23/16 16:54,Injury,2,Daylight
4346676,Bicyclist,33.790998,-84.44767,1/10/13 7:40,Injury,2,Daylight
4531206,Bicyclist,31.339342,-83.04023,8/2/13 17:54,Injury,2,Daylight
5034654,Bicyclist,33.789675,-84.470005,10/25/14 15:27,Injury,2,Daylight
4488789,Bicyclist,30.828601,-83.986391,5/12/13 14:26,Injury,2,Daylight
6215903,Bicyclist,30.825699,-83.978579,5/2/17 16:43,Injury,2,Daylight
4829641,Bicyclist,33.968184,-84.217343,4/26/14 8:50,Injury,2,Daylight
6252795,Bicyclist,34.46044,-84.83047,5/26/17 16:25,Injury,2,Daylight
4474705,Bicyclist,34.15961,-84.8069,5/20/13 8:29,Injury,2,Daylight
4979168,Bicyclist,33.79857,-84.097209,9/9/14 18:04,Injury,2,Daylight
5351290,Bicyclist,33.754289,-84.367135,6/24/15 18:17,Injury,2,Daylight
5526082,Bicyclist,33.372078,-84.552473,11/26/15 0:00,Injury,2,Daylight
5337376,Bicyclist,33.781783,-84.380486,6/23/15 7:12,Injury,2,Daylight
5005577,Bicyclist,33.454463,-81.999332,10/3/14 14:10,Injury,2,Daylight
6262448,Bicyclist,33.972757,-84.542895,6/2/17 15:13,Injury,2,Daylight
5661547,Bicyclist,30.836274,-83.314917,3/3/16 16:05,Injury,2,Daylight
6102488,Bicyclist,33.79471,-84.35098,2/1/17 16:47,Injury,2,Daylight
4938956,Bicyclist,34.08804,-84.558204,8/13/14 18:13,Injury,2,Daylight
6452028,Bicyclist,33.933387,-83.367113,10/30/17 17:41,Injury,2,Daylight
5352952,Bicyclist,32.881317,-83.740077,7/11/15 15:53,Injury,2,Daylight
5269508,Bicyclist,33.916568,-83.393836,4/28/15 17:22,Injury,2,Daylight
4714300,Bicyclist,33.994934,-84.407828,1/20/14 12:43,Injury,2,Daylight
5976257,Bicyclist,34.083514,-84.074611,10/23/16 13:55,Injury,2,Daylight
4515627,Bicyclist,33.776922,-84.393078,6/15/13 9:45,Injury,2,Daylight
4894148,Bicyclist,30.828681,-83.281203,6/29/14 19:10,Injury,2,Daylight
4439981,Bicyclist,32.062976,-81.096866,5/10/13 14:48,Injury,2,Daylight
6461039,Bicyclist,33.752204,-84.363287,11/4/17 15:20,Injury,2,Daylight
5603822,Bicyclist,31.604714,-81.887144,12/15/15 13:35,Injury,2,Daylight
4621085,Bicyclist,33.862513,-84.596793,10/27/13 13:12,Injury,2,Daylight
4467928,Bicyclist,31.504234,-82.861564,6/4/13 15:15,Injury,2,Daylight
4631239,Bicyclist,33.941216,-83.385644,11/4/13 9:00,Injury,2,Daylight
5904698,Bicyclist,33.797932,-84.15092,9/1/16 19:19,Injury,2,Daylight
6285472,Bicyclist,32.786763,-83.670221,6/23/17 14:23,Injury,2,Daylight
4894143,Bicyclist,33.946723,-83.277682,6/30/14 19:25,Injury,2,Daylight
4978023,Pedestrian,33.446461,-82.01087,9/13/14 18:33,Property Damaged Only,1,Daylight
5921941,Pedestrian,32.521716,-84.958805,9/16/16 10:09,Property Damaged Only,1,Daylight
4724926,Pedestrian,33.433729,-84.170087,2/6/14 14:11,Property Damaged Only,1,Daylight
6398419,Pedestrian,33.80543,-84.193234,9/3/17 10:45,Property Damaged Only,1,Daylight
4972309,Pedestrian,31.931728,-81.927351,2/5/14 15:48,Property Damaged Only,1,Daylight
6302222,Pedestrian,33.769605,-84.193894,7/8/17 12:50,Property Damaged Only,1,Daylight
5056624,Pedestrian,32.07172,-81.08988,11/19/14 15:15,Property Damaged Only,1,Daylight
6354486,Pedestrian,32.467798,-83.739771,7/28/17 19:25,Property Damaged Only,1,Daylight
5878500,Pedestrian,33.759919,-84.50581,8/15/16 16:11,Property Damaged Only,1,Daylight
4584484,Pedestrian,33.90894,-84.37875,9/27/13 7:09,Property Damaged Only,1,Daylight
6168252,Pedestrian,33.718499,-84.393403,3/22/17 14:32,Property Damaged Only,1,Daylight
4785179,Pedestrian,33.880113,-84.337751,4/5/14 16:26,Property Damaged Only,1,Daylight
4589997,Pedestrian,33.7925,-84.29174,10/3/13 12:45,Property Damaged Only,1,Daylight
5245712,Pedestrian,32.072783,-81.086291,4/7/15 9:55,Property Damaged Only,1,Daylight
6220989,Pedestrian,33.792368,-84.336777,5/6/17 8:00,Property Damaged Only,1,Daylight
5478853,Pedestrian,33.748923,-84.389381,10/20/15 18:10,Property Damaged Only,1,Daylight
4364069,Pedestrian,33.920628,-84.338808,2/19/13 15:57,Property Damaged Only,1,Daylight
5436305,Pedestrian,33.974991,-84.353902,7/23/15 11:26,Property Damaged Only,1,Daylight
4522087,Pedestrian,32.44899,-84.925769,7/26/13 19:00,Property Damaged Only,1,Daylight
6032657,Pedestrian,33.467441,-84.338967,12/5/16 12:15,Property Damaged Only,1,Daylight
6296580,Pedestrian,33.804899,-84.192583,7/3/17 17:15,Property Damaged Only,1,Daylight
6140153,Pedestrian,33.922132,-84.33865,3/4/17 15:22,Property Damaged Only,1,Daylight
4441137,Pedestrian,33.718519,-84.215334,5/12/13 18:00,Property Damaged Only,1,Daylight
6099665,Pedestrian,33.726996,-84.132011,1/31/17 8:00,Property Damaged Only,1,Daylight
5913537,Pedestrian,33.65226,-84.020516,9/8/16 17:06,Property Damaged Only,1,Daylight
4633252,Pedestrian,33.771275,-84.392065,11/3/13 15:51,Property Damaged Only,1,Daylight
4597254,Pedestrian,33.690117,-84.506157,10/2/13 11:25,Property Damaged Only,1,Daylight
4463300,Pedestrian,32.407698,-84.947003,5/30/13 19:00,Property Damaged Only,1,Daylight
6411104,Pedestrian,33.510752,-82.04048,9/29/17 16:00,Property Damaged Only,1,Daylight
6411735,Pedestrian,32.820023,-83.655059,9/29/17 11:48,Property Damaged Only,1,Daylight
5086225,Pedestrian,33.776824,-84.243763,12/9/14 13:45,Property Damaged Only,1,Daylight
6281565,Pedestrian,33.894313,-84.524619,6/17/17 18:48,Property Damaged Only,1,Daylight
6445775,Pedestrian,34.077147,-84.296447,10/25/17 8:40,Property Damaged Only,1,Daylight
5338916,Pedestrian,32.076597,-81.088364,6/28/15 11:09,Property Damaged Only,1,Daylight
4654229,Pedestrian,33.697395,-84.408067,11/20/13 8:35,Property Damaged Only,1,Daylight
4907310,Pedestrian,33.58382,-83.877781,7/14/14 17:35,Property Damaged Only,1,Daylight
5412283,Pedestrian,33.789907,-84.387889,8/31/15 15:30,Property Damaged Only,1,Daylight
4899310,Pedestrian,31.260849,-83.47105,7/3/14 13:00,Property Damaged Only,1,Daylight
6169380,Pedestrian,32.040132,-81.086291,3/28/17 15:11,Property Damaged Only,1,Daylight
5765033,Pedestrian,33.830948,-84.576072,5/20/16 14:26,Property Damaged Only,1,Daylight
5135731,Pedestrian,33.109162,-83.254891,1/21/15 11:57,Property Damaged Only,1,Daylight
6107606,Pedestrian,32.05734,-81.095184,2/6/17 13:05,Property Damaged Only,1,Daylight
5613170,Pedestrian,33.908942,-84.378774,1/27/16 15:30,Property Damaged Only,1,Daylight
4320483,Pedestrian,33.85553,-84.28177,1/10/13 7:30,Property Damaged Only,1,Daylight
4733952,Pedestrian,34.068526,-83.979863,2/10/14 12:56,Property Damaged Only,1,Daylight
4486978,Pedestrian,31.573271,-84.179851,6/25/13 15:16,Property Damaged Only,1,Daylight
6424518,Pedestrian,33.73743,-84.236833,10/11/17 9:30,Property Damaged Only,1,Daylight
4709324,Pedestrian,33.940597,-83.457964,1/20/14 13:06,Property Damaged Only,1,Daylight
5028668,Pedestrian,34.01614,-84.049799,10/22/14 17:00,Property Damaged Only,1,Daylight
4705935,Pedestrian,33.393237,-82.038289,1/16/14 16:58,Property Damaged Only,1,Daylight
5348797,Pedestrian,33.758392,-84.38422,7/2/15 14:45,Property Damaged Only,1,Daylight
5426652,Pedestrian,33.432231,-82.020112,9/15/15 17:25,Property Damaged Only,1,Daylight
5823686,Pedestrian,33.740414,-84.290142,7/7/16 18:57,Property Damaged Only,1,Daylight
5051211,Pedestrian,33.576666,-84.393212,11/14/14 0:00,Property Damaged Only,1,Daylight
6064587,Pedestrian,33.8013,-84.4429,12/31/16 10:00,Property Damaged Only,1,Daylight
5431222,Pedestrian,34.239462,-85.161086,9/21/15 12:46,Property Damaged Only,1,Daylight
4934760,Pedestrian,33.422381,-83.254588,7/5/14 11:57,Property Damaged Only,1,Daylight
4413602,Pedestrian,33.858342,-84.600423,4/12/13 15:41,Property Damaged Only,1,Daylight
4575519,Pedestrian,32.836461,-83.628798,8/28/13 7:43,Property Damaged Only,1,Daylight
6465718,Pedestrian,33.751467,-84.385381,11/7/17 14:26,Property Damaged Only,1,Daylight
6096891,Pedestrian,33.04611,-84.162843,1/28/17 12:58,Property Damaged Only,1,Daylight
4460165,Pedestrian,33.759663,-84.387579,5/1/13 14:23,Property Damaged Only,1,Daylight
4999763,Pedestrian,31.594506,-84.206041,9/29/14 9:14,Property Damaged Only,1,Daylight
6488443,Pedestrian,33.589074,-84.468924,11/27/17 13:13,Property Damaged Only,1,Daylight
4872866,Pedestrian,32.073487,-81.089287,6/10/14 9:39,Property Damaged Only,1,Daylight
5249614,Pedestrian,32.053211,-81.094817,4/11/15 14:55,Property Damaged Only,1,Daylight
5461702,Pedestrian,33.850916,-84.213512,10/8/15 8:20,Property Damaged Only,1,Daylight
5026095,Pedestrian,34.864772,-85.228904,10/21/14 12:15,Property Damaged Only,1,Daylight
4686962,Pedestrian,33.790523,-84.31745,12/9/13 11:55,Property Damaged Only,1,Daylight
5008000,Pedestrian,34.465976,-84.44522,10/4/14 12:30,Property Damaged Only,1,Daylight
4950203,Pedestrian,33.96339,-84.142544,8/23/14 18:55,Property Damaged Only,1,Daylight
4413931,Pedestrian,33.761977,-84.39516,4/6/13 14:45,Property Damaged Only,1,Daylight
5106070,Pedestrian,31.542148,-84.176649,12/25/14 12:27,Property Damaged Only,1,Daylight
5380744,Pedestrian,32.003058,-81.112378,8/5/15 13:55,Property Damaged Only,1,Daylight
4702004,Pedestrian,33.550509,-84.215125,1/13/14 17:08,Property Damaged Only,1,Daylight
5550263,Pedestrian,33.96326,-83.377298,12/11/15 15:44,Property Damaged Only,1,Daylight
6517608,Pedestrian,34.206957,-84.139149,12/12/17 13:58,Property Damaged Only,1,Daylight
5623934,Pedestrian,32.002866,-81.112157,2/3/16 9:56,Property Damaged Only,1,Daylight
6408480,Pedestrian,33.957036,-83.378287,9/27/17 14:40,Property Damaged Only,1,Daylight
4909922,Pedestrian,33.747056,-84.423151,7/16/14 17:30,Property Damaged Only,1,Daylight
4655851,Pedestrian,32.508891,-84.935909,11/26/13 14:09,Property Damaged Only,1,Daylight
5597951,Pedestrian,32.858276,-83.587187,1/8/16 15:00,Property Damaged Only,1,Daylight
6416271,Pedestrian,33.777736,-84.161933,10/4/17 11:42,Fatal,3,Daylight
4338133,Pedestrian,33.912204,-84.207946,1/23/13 11:10,Fatal,3,Daylight
4950355,Pedestrian,33.7565,-84.270645,8/25/14 8:16,Injury,2,Daylight
5565537,Pedestrian,33.546013,-84.219279,12/22/15 12:55,Injury,2,Daylight
4904773,Pedestrian,34.26601,-83.996515,5/24/14 12:27,Injury,2,Daylight
6177058,Pedestrian,33.714319,-84.413345,3/28/17 19:24,Injury,2,Daylight
4996998,Pedestrian,33.761319,-84.36537,9/20/14 14:30,Injury,2,Daylight
5624046,Pedestrian,33.785857,-84.16232,2/4/16 17:11,Injury,2,Daylight
5348479,Pedestrian,33.740134,-84.313784,7/1/15 14:30,Injury,2,Daylight
5631428,Pedestrian,32.53605,-84.95551,2/9/16 15:35,Injury,2,Daylight
4897414,Pedestrian,33.732579,-84.063921,7/3/14 16:00,Injury,2,Daylight
4828795,Pedestrian,33.737702,-84.266816,4/26/14 19:30,Injury,2,Daylight
6490929,Pedestrian,33.738109,-84.401638,11/27/17 16:35,Injury,2,Daylight
6420130,Pedestrian,33.755629,-84.372142,10/6/17 11:28,Injury,2,Daylight
4320892,Pedestrian,34.22527,-84.8205,1/7/13 7:02,Injury,2,Daylight
5044844,Pedestrian,33.834943,-84.382429,10/29/14 18:02,Injury,2,Daylight
5110441,Pedestrian,33.571003,-83.180175,12/24/14 12:55,Injury,2,Daylight
5074543,Pedestrian,32.042926,-81.067515,12/4/14 15:30,Injury,2,Daylight
5398708,Pedestrian,32.02817,-81.108114,8/20/15 14:22,Injury,2,Daylight
6012539,Pedestrian,33.788978,-84.320447,11/23/16 14:08,Injury,2,Daylight
4603072,Pedestrian,33.947747,-84.335608,10/10/13 9:40,Injury,2,Daylight
5223606,Pedestrian,33.732286,-84.686037,3/16/15 16:30,Injury,2,Daylight
5728737,Pedestrian,33.771635,-84.506845,4/7/16 7:38,Injury,2,Daylight
4529299,Pedestrian,33.852174,-84.11141,8/2/13 7:51,Injury,2,Daylight
5893312,Pedestrian,32.06383,-81.103396,8/26/16 14:37,Injury,2,Daylight
4381106,Pedestrian,33.761306,-84.381996,3/11/13 18:04,Injury,2,Daylight
4573975,Pedestrian,33.777221,-84.408256,9/17/13 16:38,Injury,2,Daylight
5181559,Pedestrian,34.754333,-84.784932,2/15/15 17:10,Injury,2,Daylight
4481994,Pedestrian,33.949163,-84.252527,6/14/13 15:06,Injury,2,Daylight
5999175,Pedestrian,33.535191,-85.07415,11/11/16 8:21,Injury,2,Daylight
5997625,Pedestrian,34.146069,-84.498185,11/12/16 16:54,Injury,2,Daylight
5779770,Pedestrian,33.738088,-84.251996,5/28/16 14:55,Injury,2,Daylight
5305022,Pedestrian,33.766068,-84.367778,5/23/15 17:34,Injury,2,Daylight
4716261,Pedestrian,33.787047,-84.214178,1/28/14 10:20,Injury,2,Daylight
6444980,Pedestrian,33.975722,-84.437108,10/20/17 18:06,Injury,2,Daylight
5364066,Pedestrian,31.20973,-82.352041,6/2/15 14:37,Injury,2,Daylight
5883663,Pedestrian,33.682077,-83.996444,8/19/16 10:51,Injury,2,Daylight
5769229,Pedestrian,33.961111,-85.243578,8/12/14 11:09,Injury,2,Daylight
6207061,Pedestrian,33.546062,-84.257036,4/25/17 14:54,Injury,2,Daylight
6103936,Pedestrian,34.205796,-84.137307,1/30/17 16:10,Injury,2,Daylight
4949708,Pedestrian,32.197574,-82.44368,8/24/14 7:22,Injury,2,Daylight
5369044,Pedestrian,32.054125,-81.084384,7/25/15 17:30,Injury,2,Daylight
4713647,Pedestrian,33.892139,-84.229293,1/26/14 12:30,Injury,2,Daylight
4821810,Pedestrian,32.074657,-81.084485,4/21/14 16:55,Injury,2,Daylight
4976650,Pedestrian,34.103548,-83.941975,9/11/14 17:40,Injury,2,Daylight
5408834,Pedestrian,33.978391,-83.36464,8/30/15 17:00,Injury,2,Daylight
5871233,Pedestrian,33.803745,-85.016462,8/3/16 10:46,Injury,2,Daylight
5976244,Pedestrian,31.214031,-82.331827,10/28/16 7:01,Injury,2,Daylight
5655020,Pedestrian,34.781918,-84.963715,1/18/16 16:43,Injury,2,Daylight
6239021,Pedestrian,34.222305,-83.841766,5/17/17 16:50,Injury,2,Daylight
4456383,Pedestrian,31.184372,-81.492473,2/21/13 15:20,Injury,2,Daylight
4397718,Pedestrian,33.696008,-84.486232,3/25/13 18:13,Injury,2,Daylight
6306545,Pedestrian,33.944995,-84.009268,7/11/17 12:01,Injury,2,Daylight
5693210,Pedestrian,33.786193,-84.39874,3/28/16 19:31,Injury,2,Daylight
5913341,Pedestrian,33.445859,-85.133704,9/8/16 12:10,Injury,2,Daylight
4442257,Pedestrian,32.045128,-81.101968,5/14/13 3:09,Injury,2,Daylight
5746932,Pedestrian,33.936604,-83.325191,5/6/16 17:00,Injury,2,Daylight
6407429,Pedestrian,34.622413,-84.38045,9/24/17 13:11,Injury,2,Daylight
4514436,Pedestrian,31.225931,-81.474563,4/24/13 18:32,Injury,2,Daylight
4960384,Pedestrian,33.797878,-84.572011,9/1/14 15:55,Injury,2,Daylight
5429975,Pedestrian,33.740783,-84.255299,9/18/15 17:13,Injury,2,Daylight
5272241,Pedestrian,33.439458,-84.170892,4/30/15 14:54,Injury,2,Daylight
5926996,Pedestrian,31.527352,-83.812444,9/7/16 17:04,Injury,2,Daylight
5915294,Pedestrian,33.825681,-84.352849,9/8/16 17:46,Injury,2,Daylight
4905047,Pedestrian,33.717233,-84.252434,7/12/14 14:17,Injury,2,Daylight
5675675,Pedestrian,32.618307,-83.676464,10/25/15 18:43,Injury,2,Daylight
5477324,Pedestrian,33.605892,-84.471576,10/18/15 17:00,Injury,2,Daylight
6250346,Pedestrian,33.727264,-82.76073,5/24/17 12:36,Injury,2,Daylight
5437171,Pedestrian,31.578295,-84.153676,8/8/15 14:04,Injury,2,Daylight
6516583,Pedestrian,33.781241,-84.087435,12/16/17 14:39,Injury,2,Daylight
4825898,Pedestrian,33.771109,-84.371753,4/21/14 18:10,Injury,2,Daylight
6233637,Pedestrian,33.757805,-84.39361,5/12/17 14:05,Injury,2,Daylight
5926276,Pedestrian,33.954543,-84.54809,9/18/16 12:17,Injury,2,Daylight
6298668,Pedestrian,32.498703,-84.960472,7/5/17 11:25,Injury,2,Daylight
4867172,Pedestrian & Bicyclist,34.041605,-84.324144,5/23/14 16:40,Property Damaged Only,1,Daylight
4521106,Pedestrian & Bicyclist,33.934603,-84.545294,7/24/13 8:13,Property Damaged Only,1,Daylight
4728883,Pedestrian & Bicyclist,34.072812,-84.634529,2/7/14 17:52,Injury,2,Daylight
5793386,Pedestrian & Bicyclist,33.911362,-84.113837,6/11/16 10:00,Injury,2,Daylight
4503776,Pedestrian & Bicyclist,34.910312,-84.84939,7/13/13 18:29,Injury,2,Daylight
5425688,Pedestrian & Bicyclist,34.021231,-84.575656,9/14/15 12:42,Injury,2,Daylight
5396474,Bicyclist,32.076508,-81.091656,8/19/15 12:04,Property Damaged Only,1,Daylight
5457291,Bicyclist,32.828161,-83.680118,9/9/15 19:26,Property Damaged Only,1,Daylight
5922160,Bicyclist,33.84539,-84.196996,9/16/16 15:41,Property Damaged Only,1,Daylight
4600588,Bicyclist,31.1968,-81.50601,7/18/13 16:52,Property Damaged Only,1,Daylight
5925926,Bicyclist,32.077639,-81.095986,9/19/16 11:19,Property Damaged Only,1,Daylight
4847995,Bicyclist,32.076971,-81.092692,5/16/14 15:19,Property Damaged Only,1,Daylight
5151479,Bicyclist,33.788474,-84.325814,1/29/15 20:00,Property Damaged Only,1,Daylight
5685705,Bicyclist,34.040299,-84.315366,3/22/16 7:40,Property Damaged Only,1,Daylight
4937696,Bicyclist,33.765068,-84.397323,8/12/14 11:15,Property Damaged Only,1,Daylight
4343748,Bicyclist,32.075202,-81.093351,2/2/13 17:26,Property Damaged Only,1,Daylight
4395335,Bicyclist,31.4882,-83.498085,3/14/13 11:50,Property Damaged Only,1,Daylight
5954980,Bicyclist,30.840433,-83.978634,10/12/16 18:26,Property Damaged Only,1,Daylight
6223472,Bicyclist,34.49009,-84.94565,5/8/17 12:13,Property Damaged Only,1,Daylight
4577418,Bicyclist,32.056999,-81.100098,9/22/13 13:42,Property Damaged Only,1,Daylight
6308010,Bicyclist,31.836109,-81.381051,7/12/17 13:20,Property Damaged Only,1,Daylight
5530667,Bicyclist,32.463063,-84.984766,11/30/15 13:24,Property Damaged Only,1,Daylight
6495019,Bicyclist,33.793105,-84.290129,12/1/17 11:13,Property Damaged Only,1,Daylight
6287598,Bicyclist,33.24729,-84.26876,6/25/17 17:15,Property Damaged Only,1,Daylight
5453119,Bicyclist,32.002939,-81.112066,10/3/15 11:48,Property Damaged Only,1,Daylight
6073671,Bicyclist,33.754495,-84.386538,1/5/17 9:50,Property Damaged Only,1,Daylight
6292657,Bicyclist,33.289391,-82.085938,6/27/17 16:26,Property Damaged Only,1,Daylight
4956716,Bicyclist,32.028362,-81.1085,8/29/14 17:33,Property Damaged Only,1,Daylight
6397737,Bicyclist,30.906555,-84.559331,8/12/17 14:35,Property Damaged Only,1,Daylight
5451676,Bicyclist,34.074783,-84.271334,9/30/15 12:05,Property Damaged Only,1,Daylight
4575653,Bicyclist,32.579985,-83.864269,8/30/13 12:41,Property Damaged Only,1,Daylight
5436328,Bicyclist,33.390438,-84.772182,7/23/15 16:39,Property Damaged Only,1,Daylight
5162016,Bicyclist,33.772701,-84.287887,10/22/14 17:05,Property Damaged Only,1,Daylight
5346649,Bicyclist,33.394541,-84.76107,7/3/15 10:12,Property Damaged Only,1,Daylight
4619921,Bicyclist,33.92922,-83.436661,10/24/13 14:52,Property Damaged Only,1,Daylight
5988539,Bicyclist,33.808169,-84.580457,11/4/16 8:21,Property Damaged Only,1,Daylight
5428079,Bicyclist,34.228584,-83.0578,9/14/15 18:00,Property Damaged Only,1,Daylight
4861026,Bicyclist,33.805156,-84.413313,5/22/14 13:50,Property Damaged Only,1,Daylight
5277930,Bicyclist,30.848283,-83.324163,5/5/15 12:11,Property Damaged Only,1,Daylight
4838411,Bicyclist,33.973621,-84.356965,5/6/14 15:41,Property Damaged Only,1,Daylight
5797587,Bicyclist,32.08808,-81.116123,6/16/16 15:25,Property Damaged Only,1,Daylight
4884479,Bicyclist,32.080273,-81.097317,6/21/14 15:20,Property Damaged Only,1,Daylight
5450044,Bicyclist,33.510919,-82.034672,9/30/15 16:43,Property Damaged Only,1,Daylight
5893025,Bicyclist,31.826867,-81.598509,8/22/16 17:57,Property Damaged Only,1,Daylight
6049548,Bicyclist,33.5508,-84.258228,12/21/16 15:56,Property Damaged Only,1,Daylight
4998512,Bicyclist,32.06055,-81.09407,9/19/14 17:53,Property Damaged Only,1,Daylight
4383100,Bicyclist,34.692604,-83.91254,3/15/13 16:21,Fatal,3,Daylight
5248182,Bicyclist,32.45522,-84.9532,4/9/15 15:44,Fatal,3,Daylight
4940176,Bicyclist,33.790154,-84.295555,8/16/14 11:59,Injury,2,Daylight
4916391,Bicyclist,34.045079,-84.496089,7/22/14 7:54,Injury,2,Daylight
4994350,Bicyclist,33.786635,-84.383185,9/19/14 13:10,Injury,2,Daylight
4903834,Bicyclist,33.810689,-84.392578,6/27/14 19:35,Injury,2,Daylight
4357322,Bicyclist,33.779228,-84.345146,2/13/13 8:23,Injury,2,Daylight
4886862,Bicyclist,34.053546,-84.229522,5/24/14 13:36,Injury,2,Daylight
5130083,Bicyclist,34.45494,-84.84479,1/11/15 12:20,Injury,2,Daylight
5028421,Bicyclist,33.796067,-83.887257,10/23/14 16:12,Injury,2,Daylight
4431036,Bicyclist,31.193456,-81.476493,4/30/13 11:02,Injury,2,Daylight
5762548,Bicyclist,33.773423,-84.366819,5/18/16 16:35,Injury,2,Daylight
5710254,Bicyclist,34.014192,-84.552664,4/9/16 11:16,Injury,2,Daylight
4369210,Bicyclist,34.98396,-85.29662,2/19/13 17:30,Injury,2,Daylight
4440809,Bicyclist,32.078891,-81.110482,5/11/13 13:15,Injury,2,Daylight
4337391,Bicyclist,34.354654,-82.909677,1/26/13 16:37,Injury,2,Daylight
5867527,Bicyclist,34.054172,-84.300926,8/6/16 18:39,Injury,2,Daylight
4580674,Bicyclist,33.774799,-84.279493,8/27/13 16:50,Injury,2,Daylight
4487502,Bicyclist,34.297441,-83.864269,6/26/13 14:42,Injury,2,Daylight
4507091,Bicyclist,33.76206,-84.422,7/17/13 12:45,Injury,2,Daylight
4603003,Bicyclist,33.895135,-84.211076,10/9/13 16:26,Injury,2,Daylight
5779561,Bicyclist,33.957603,-84.550179,5/31/16 16:30,Injury,2,Daylight
5210362,Bicyclist,32.122632,-81.168243,3/4/15 17:43,Injury,2,Daylight
6344676,Bicyclist,34.169383,-84.318904,8/2/17 19:13,Injury,2,Daylight
5975618,Bicyclist,33.776966,-84.393864,9/13/16 13:50,Injury,2,Daylight
6210717,Bicyclist,33.820936,-84.179996,4/28/17 14:39,Injury,2,Daylight
5898804,Bicyclist,33.947456,-83.378104,8/29/16 13:00,Injury,2,Daylight
5649563,Bicyclist,34.804818,-85.050969,4/30/14 19:50,Injury,2,Daylight
6479659,Bicyclist,32.875007,-85.166551,11/19/17 16:30,Injury,2,Daylight
4626336,Bicyclist,31.20659,-81.48238,9/2/13 15:51,Injury,2,Daylight
5905995,Bicyclist,32.592513,-83.706921,9/3/16 16:21,Injury,2,Daylight
4547912,Bicyclist,34.017531,-84.189458,7/23/13 9:20,Injury,2,Daylight
5587080,Pedestrian,33.903826,-84.205573,1/7/16 16:48,Property Damaged Only,1,Daylight
5121732,Pedestrian,33.799839,-84.325511,1/8/15 14:40,Property Damaged Only,1,Daylight
5846313,Pedestrian,33.399335,-82.048797,7/21/16 13:58,Property Damaged Only,1,Daylight
6304242,Pedestrian,33.948668,-84.144284,7/6/17 16:45,Property Damaged Only,1,Daylight
5650747,Pedestrian,33.563676,-84.293125,2/26/16 11:48,Property Damaged Only,1,Daylight
5726230,Pedestrian,33.760313,-84.260604,4/22/16 18:25,Property Damaged Only,1,Daylight
4661580,Pedestrian,33.947716,-84.335558,12/2/13 10:18,Property Damaged Only,1,Daylight
4566792,Pedestrian,33.00957,-83.53411,9/5/13 13:16,Property Damaged Only,1,Daylight
4471912,Pedestrian,33.812059,-84.202276,6/9/13 11:06,Property Damaged Only,1,Daylight
4927023,Pedestrian,34.107074,-82.856324,6/10/14 8:08,Property Damaged Only,1,Daylight
6065717,Pedestrian,32.058137,-81.063413,1/3/17 13:39,Property Damaged Only,1,Daylight
5747590,Pedestrian,34.948763,-85.258942,5/1/16 16:02,Property Damaged Only,1,Daylight
5413051,Pedestrian,32.853205,-83.687814,9/2/15 8:27,Property Damaged Only,1,Daylight
6273187,Pedestrian,33.921526,-83.343793,6/13/17 14:31,Property Damaged Only,1,Daylight
6444406,Pedestrian,32.418813,-81.783064,10/14/17 19:18,Property Damaged Only,1,Daylight
6312253,Pedestrian,33.63771,-84.390314,7/17/17 8:35,Property Damaged Only,1,Daylight
5042496,Pedestrian,33.579141,-84.373861,10/26/14 17:26,Property Damaged Only,1,Daylight
5392375,Pedestrian,32.079991,-81.090334,8/17/15 12:53,Property Damaged Only,1,Daylight
5698959,Pedestrian,31.992961,-81.15428,4/2/16 11:32,Property Damaged Only,1,Daylight
4775392,Pedestrian,33.682801,-84.580141,3/26/14 16:30,Property Damaged Only,1,Daylight
6232599,Pedestrian,32.048553,-81.105627,5/14/17 14:02,Property Damaged Only,1,Daylight
5137859,Pedestrian,32.493549,-84.98006,1/23/15 14:15,Property Damaged Only,1,Daylight
6037338,Pedestrian,33.902459,-84.455877,12/8/16 17:15,Property Damaged Only,1,Daylight
6202186,Pedestrian,33.779655,-84.40771,4/21/17 9:07,Property Damaged Only,1,Daylight
4614316,Pedestrian,33.700597,-84.172192,10/21/13 11:52,Property Damaged Only,1,Daylight
6536016,Pedestrian,34.097956,-84.003835,12/25/17 15:38,Property Damaged Only,1,Daylight
4459445,Pedestrian,33.806712,-84.393949,5/18/13 8:05,Property Damaged Only,1,Daylight
5594541,Pedestrian,33.879211,-84.760653,5/16/15 20:42,Property Damaged Only,1,Daylight
5721598,Pedestrian,32.076609,-81.089129,4/20/16 14:28,Property Damaged Only,1,Daylight