incidentIdNbr,crashType,latitude,longitude,dateOfIncidentDate,severity,Mag,lightCondition
6346714,Pedestrian,34.305136,-83.821772,7/2/17 15:29,Property Damaged Only,1,Daylight
4323471,Pedestrian,33.740605,-84.413851,1/7/13 8:42,Property Damaged Only,1,Daylight
5151901,Pedestrian,33.887786,-84.035789,1/29/15 7:33,Property Damaged Only,1,Daylight
4991824,Pedestrian,32.470999,-84.972047,9/22/14 14:20,Property Damaged Only,1,Daylight
5419171,Pedestrian,32.825718,-83.655573,9/10/15 19:11,Property Damaged Only,1,Daylight
5718654,Pedestrian,33.76744,-84.385379,4/18/16 8:10,Property Damaged Only,1,Daylight
5940526,Pedestrian,32.065416,-81.102935,10/1/16 18:33,Property Damaged Only,1,Daylight
5258616,Pedestrian,32.055182,-81.097065,4/20/15 16:11,Property Damaged Only,1,Daylight
5457457,Pedestrian,33.798537,-84.323816,10/5/15 16:15,Property Damaged Only,1,Daylight
6448989,Pedestrian,33.85165,-84.305341,10/29/17 14:13,Property Damaged Only,1,Daylight
5506786,Pedestrian,33.764873,-84.249102,11/11/15 9:30,Property Damaged Only,1,Daylight
4400214,Pedestrian,33.746709,-84.369687,3/29/13 15:37,Property Damaged Only,1,Daylight
5435784,Pedestrian,33.823555,-84.008896,7/10/15 11:45,Property Damaged Only,1,Daylight
6068215,Pedestrian,33.433632,-84.181625,1/1/17 12:20,Property Damaged Only,1,Daylight
5171637,Pedestrian,33.901324,-84.275967,2/9/15 8:10,Property Damaged Only,1,Daylight
5609377,Pedestrian,34.022735,-84.615289,1/24/16 14:23,Property Damaged Only,1,Daylight
6127687,Pedestrian,32.083134,-81.099484,2/23/17 10:13,Property Damaged Only,1,Daylight
4984463,Pedestrian,33.759832,-84.387608,9/15/14 17:13,Property Damaged Only,1,Daylight
6241376,Pedestrian,34.89812,-85.0406,5/19/17 14:11,Property Damaged Only,1,Daylight
4969815,Pedestrian,33.91744,-83.779554,4/16/14 19:18,Property Damaged Only,1,Daylight
5405663,Pedestrian,32.809795,-83.745532,8/27/15 17:20,Property Damaged Only,1,Daylight
5232630,Pedestrian,33.757682,-84.387877,3/23/15 18:36,Property Damaged Only,1,Daylight
5535178,Pedestrian,34.02482,-84.327083,10/19/15 14:57,Property Damaged Only,1,Daylight
6128884,Pedestrian,33.768212,-84.408234,2/23/17 17:05,Property Damaged Only,1,Daylight
6109364,Pedestrian,33.566592,-84.413087,2/7/17 7:55,Property Damaged Only,1,Daylight
4414970,Pedestrian,33.682652,-84.409167,4/7/13 14:30,Property Damaged Only,1,Daylight
5028443,Pedestrian,32.05738,-81.1047,10/24/14 11:25,Property Damaged Only,1,Daylight
6152365,Pedestrian,33.913841,-84.471501,3/13/17 18:55,Property Damaged Only,1,Daylight
4677215,Pedestrian,32.455566,-84.967065,12/16/13 11:55,Property Damaged Only,1,Daylight
5933458,Pedestrian,33.655511,-84.510009,9/21/16 18:08,Property Damaged Only,1,Daylight
6485337,Pedestrian,33.70097,-84.169281,11/24/17 13:51,Property Damaged Only,1,Daylight
6339974,Pedestrian,33.948047,-83.358412,8/3/17 21:56,Property Damaged Only,1,Daylight
4734725,Pedestrian,33.948811,-84.304642,2/14/14 14:41,Property Damaged Only,1,Daylight
6417367,Pedestrian,33.74739,-84.379611,10/4/17 17:02,Property Damaged Only,1,Daylight
5140012,Pedestrian,33.741164,-84.37362,1/23/15 7:30,Property Damaged Only,1,Daylight
5474812,Pedestrian,33.487899,-82.199828,10/1/15 10:03,Property Damaged Only,1,Daylight
6257791,Pedestrian,33.982137,-84.343363,5/30/17 15:38,Property Damaged Only,1,Daylight
5623492,Pedestrian,33.742647,-84.349244,1/17/16 14:33,Property Damaged Only,1,Daylight
4823397,Pedestrian,33.883231,-84.010939,4/21/14 18:08,Property Damaged Only,1,Daylight
4703683,Pedestrian,33.768209,-84.251835,1/14/14 16:15,Property Damaged Only,1,Daylight
5673696,Pedestrian,33.611093,-84.484302,3/14/16 16:00,Property Damaged Only,1,Daylight
4771691,Pedestrian,32.078359,-81.089731,3/18/14 13:10,Property Damaged Only,1,Daylight
6345282,Pedestrian,32.882057,-83.570806,7/25/17 12:47,Fatal,3,Daylight
6009867,Pedestrian,32.464444,-84.94474,11/22/16 10:31,Injury,2,Daylight
5358163,Pedestrian,33.958206,-83.372648,7/15/15 18:17,Injury,2,Daylight
4890941,Pedestrian,31.188051,-82.391122,6/7/14 19:34,Injury,2,Daylight
4565863,Pedestrian,34.17666,-84.42031,9/9/13 15:25,Injury,2,Daylight
5873314,Pedestrian,33.607286,-84.343639,8/11/16 6:56,Injury,2,Daylight
6248836,Pedestrian,32.11362,-81.241192,5/24/17 16:08,Injury,2,Daylight
5332107,Pedestrian,33.820713,-84.012108,6/14/15 19:41,Injury,2,Daylight
6232642,Pedestrian,32.2868,-82.21324,5/13/17 14:41,Injury,2,Daylight
4776399,Pedestrian,33.7508,-84.389775,3/28/14 13:53,Injury,2,Daylight
4606271,Pedestrian,33.947593,-83.376475,9/19/13 15:01,Injury,2,Daylight
4419318,Pedestrian,34.882225,-83.950065,4/17/13 12:39,Injury,2,Daylight
5757242,Pedestrian,34.070622,-83.841376,5/12/16 12:56,Injury,2,Daylight
4852928,Pedestrian,31.54256,-82.85098,5/16/14 19:30,Injury,2,Daylight
4571812,Pedestrian,34.479308,-84.968394,9/16/13 15:09,Injury,2,Daylight
5150054,Pedestrian,33.97496,-84.354002,1/28/15 7:39,Injury,2,Daylight
5456264,Pedestrian,33.552691,-84.340067,10/5/15 9:00,Injury,2,Daylight
4509625,Pedestrian,33.840052,-84.416206,7/16/13 6:45,Injury,2,Daylight
5507425,Pedestrian,33.96052,-83.384181,11/11/15 16:49,Injury,2,Daylight
5632790,Pedestrian,33.926121,-83.338872,2/9/16 15:30,Injury,2,Daylight
5241646,Pedestrian,31.172431,-81.491462,3/31/15 10:25,Injury,2,Daylight
6035191,Pedestrian,32.06306,-81.100357,12/10/16 14:00,Injury,2,Daylight
6002994,Pedestrian,33.053053,-84.930056,11/16/16 16:50,Injury,2,Daylight
6107041,Pedestrian,33.911613,-84.26431,2/1/17 15:34,Injury,2,Daylight
5799127,Pedestrian,33.904546,-84.542357,6/9/16 15:51,Injury,2,Daylight
4483890,Pedestrian,32.412498,-84.960735,6/21/13 10:31,Injury,2,Daylight
5087860,Pedestrian,32.028789,-81.110906,12/10/14 10:48,Injury,2,Daylight
5915185,Pedestrian,34.023025,-84.425854,9/11/16 13:57,Injury,2,Daylight
6233087,Pedestrian,33.938812,-83.322676,5/13/17 16:17,Injury,2,Daylight
4521906,Pedestrian,33.776548,-84.457276,6/19/13 10:44,Injury,2,Daylight
4573509,Pedestrian,33.666328,-84.242519,9/18/13 18:39,Injury,2,Daylight
4914841,Pedestrian,34.119381,-84.259642,6/21/14 11:34,Injury,2,Daylight
4742784,Pedestrian,33.832309,-84.440812,2/20/14 14:05,Injury,2,Daylight
5043071,Pedestrian,33.771202,-84.372691,10/25/14 17:25,Injury,2,Daylight
5941022,Pedestrian,33.681824,-84.715993,9/28/16 16:14,Injury,2,Daylight
6228249,Pedestrian,32.48454,-84.9162,5/10/17 16:58,Injury,2,Daylight
6432847,Pedestrian,33.884099,-84.514525,10/13/17 14:56,Injury,2,Daylight
5929247,Pedestrian,30.842956,-83.324541,9/20/16 16:33,Injury,2,Daylight
5030958,Pedestrian,33.580025,-84.853988,10/21/14 17:08,Injury,2,Daylight
6038190,Pedestrian,33.748899,-84.389344,12/9/16 8:16,Injury,2,Daylight
6267323,Pedestrian,33.595157,-84.440125,6/8/17 19:36,Injury,2,Daylight
4534757,Pedestrian,31.17991,-83.78883,6/26/13 14:11,Injury,2,Daylight
5374965,Pedestrian,33.924438,-83.997807,7/30/15 9:38,Injury,2,Daylight
5699195,Pedestrian,32.48709,-84.910899,4/2/16 18:18,Injury,2,Daylight
4599309,Pedestrian,34.238796,-83.854904,10/2/13 8:50,Injury,2,Daylight
6259279,Pedestrian,32.50748,-84.9626,6/1/17 18:43,Injury,2,Daylight
5247775,Pedestrian,32.07159,-81.095906,4/9/15 12:13,Injury,2,Daylight
6187833,Pedestrian,32.475033,-84.911368,4/10/17 15:15,Injury,2,Daylight
5748109,Pedestrian,34.271939,-85.229812,5/9/16 14:11,Injury,2,Daylight
4833777,Pedestrian,33.850916,-84.213512,5/1/14 19:25,Injury,2,Daylight
6426240,Pedestrian,31.582759,-84.1761,10/9/17 17:01,Injury,2,Daylight
5561876,Pedestrian,33.908939,-84.378796,12/7/15 16:16,Injury,2,Daylight
4821604,Pedestrian,33.915293,-84.037933,4/20/14 11:19,Injury,2,Daylight
5156825,Pedestrian,32.41278,-81.78141,9/25/14 18:00,Injury,2,Daylight
6144209,Pedestrian,33.968123,-84.21708,3/6/17 15:03,Injury,2,Daylight
5884955,Pedestrian,33.660175,-83.728298,8/15/16 15:20,Injury,2,Daylight
5866098,Pedestrian,34.009888,-84.547576,8/3/16 18:27,Injury,2,Daylight
5252091,Pedestrian,30.85539,-83.798742,3/20/15 15:45,Injury,2,Daylight
5915302,Pedestrian,33.685559,-84.40822,9/9/16 19:36,Injury,2,Daylight
4460247,Pedestrian,32.913143,-84.35758,5/26/13 14:40,Injury,2,Daylight
4404354,Pedestrian,31.548971,-84.176834,4/2/13 16:16,Injury,2,Daylight
4839508,Pedestrian,33.755642,-84.380276,5/1/14 13:35,Injury,2,Daylight
5470644,Pedestrian,33.558792,-84.388203,10/16/15 7:30,Injury,2,Daylight
6356749,Pedestrian,33.954378,-84.442208,8/15/17 9:26,Injury,2,Daylight
6263152,Pedestrian,32.061528,-81.121469,6/5/17 9:14,Injury,2,Daylight
4901334,Pedestrian,32.485619,-84.975768,7/8/14 11:30,Injury,2,Daylight
5806098,Pedestrian,33.743316,-84.349228,6/21/16 14:37,Injury,2,Daylight
5739969,Pedestrian,33.733754,-84.437312,4/30/16 13:58,Injury,2,Daylight
6391087,Pedestrian,30.875737,-83.292184,8/29/17 12:13,Injury,2,Daylight
5339770,Pedestrian,34.290058,-83.791934,6/28/15 19:33,Injury,2,Daylight
4768741,Pedestrian,32.26321,-83.73709,3/20/14 14:32,Injury,2,Daylight
4557666,Pedestrian,33.56256,-85.074203,8/15/13 19:11,Injury,2,Daylight
4476038,Pedestrian,33.89646,-83.64401,6/8/13 8:59,Injury,2,Daylight
5462107,Pedestrian,34.01396,-84.545358,10/7/15 7:58,Injury,2,Daylight
4909984,Pedestrian,32.515911,-84.956867,7/18/14 7:52,Injury,2,Daylight
4629267,Pedestrian,34.95107,-84.27722,11/1/13 17:00,Injury,2,Daylight
5450690,Pedestrian,33.327172,-84.779623,10/1/15 11:25,Injury,2,Daylight
4630581,Pedestrian,31.54556,-83.843,10/30/13 15:12,Injury,2,Daylight
4690696,Pedestrian & Bicyclist,33.46758,-82.08049,12/29/13 16:48,Injury,2,Daylight
5541265,Bicyclist,33.761384,-84.396045,11/21/15 14:37,Property Damaged Only,1,Daylight
5961843,Bicyclist,31.206451,-82.354139,10/17/16 15:16,Property Damaged Only,1,Daylight
4550869,Bicyclist,33.76289,-84.21092,8/26/13 11:45,Property Damaged Only,1,Daylight
4616408,Bicyclist,33.424814,-82.050454,9/28/13 9:36,Property Damaged Only,1,Daylight
6389255,Bicyclist,33.884144,-84.220402,9/9/17 13:00,Property Damaged Only,1,Daylight
6441328,Bicyclist,33.899611,-84.446406,10/18/17 18:02,Property Damaged Only,1,Daylight
5873777,Bicyclist,30.853779,-83.951495,8/11/16 16:45,Property Damaged Only,1,Daylight
5888911,Bicyclist,31.994271,-81.12661,8/23/16 9:32,Property Damaged Only,1,Daylight
4696155,Bicyclist,32.049618,-81.105236,1/6/14 15:05,Property Damaged Only,1,Daylight
5884172,Bicyclist,31.52348,-83.828565,6/19/16 17:08,Property Damaged Only,1,Daylight
4865114,Bicyclist,32.846707,-83.756571,5/19/14 8:40,Property Damaged Only,1,Daylight
5144733,Bicyclist,33.512914,-82.046085,1/26/15 16:17,Property Damaged Only,1,Daylight
4426689,Bicyclist,33.771281,-84.291869,3/20/13 12:15,Property Damaged Only,1,Daylight
4833216,Bicyclist,33.534554,-84.582015,4/29/14 19:58,Property Damaged Only,1,Daylight
6004534,Bicyclist,33.78171,-84.384009,11/17/16 17:38,Property Damaged Only,1,Daylight
6047802,Bicyclist,31.440899,-83.52253,12/18/16 13:04,Property Damaged Only,1,Daylight
5180424,Bicyclist,33.848594,-84.366336,2/4/15 15:10,Property Damaged Only,1,Daylight
4772223,Bicyclist,33.906593,-84.178314,3/22/14 17:47,Property Damaged Only,1,Daylight
4384112,Bicyclist,33.88542,-84.041297,3/15/13 7:02,Property Damaged Only,1,Daylight
6235468,Bicyclist,33.77691,-84.393634,1/27/17 11:49,Property Damaged Only,1,Daylight
4710756,Bicyclist,33.820405,-84.436235,12/28/13 14:15,Property Damaged Only,1,Daylight
6040199,Bicyclist,33.944443,-83.380166,11/16/16 9:00,Property Damaged Only,1,Daylight
5188929,Bicyclist,32.806571,-83.718153,11/21/14 12:43,Property Damaged Only,1,Daylight
6368690,Bicyclist,33.815371,-84.318118,8/27/17 18:10,Property Damaged Only,1,Daylight
5652495,Bicyclist,30.830132,-83.298835,2/27/16 15:05,Property Damaged Only,1,Daylight
5359177,Bicyclist,33.970803,-84.396061,7/14/15 18:15,Property Damaged Only,1,Daylight
5389857,Bicyclist,33.475686,-82.000915,8/14/15 14:00,Property Damaged Only,1,Daylight
4371186,Bicyclist,34.095928,-84.433256,3/1/13 15:43,Property Damaged Only,1,Daylight
6182679,Bicyclist,33.602646,-83.864017,3/28/17 19:26,Property Damaged Only,1,Daylight
4961350,Bicyclist,31.713694,-83.25652,5/27/14 15:45,Property Damaged Only,1,Daylight
4854935,Bicyclist,31.831271,-81.597225,4/22/14 13:43,Property Damaged Only,1,Daylight
6106540,Bicyclist,30.827692,-83.984624,1/21/17 13:52,Property Damaged Only,1,Daylight
6428067,Bicyclist,33.075324,-83.24624,10/14/17 9:51,Property Damaged Only,1,Daylight
5014695,Bicyclist,30.84208,-83.974131,10/11/14 19:23,Property Damaged Only,1,Daylight
4930529,Bicyclist,34.211246,-83.46758,8/6/14 15:43,Fatal,3,Daylight
5890011,Bicyclist,34.373736,-84.915085,8/22/16 7:54,Injury,2,Daylight
5235919,Bicyclist,33.944728,-83.384803,3/30/15 16:02,Injury,2,Daylight
5887570,Bicyclist,33.416673,-84.090607,8/22/16 8:09,Injury,2,Daylight
4550420,Bicyclist,33.961894,-84.118396,8/17/13 15:03,Injury,2,Daylight
6155880,Bicyclist,34.318647,-84.55534,3/17/17 11:44,Injury,2,Daylight
4764335,Bicyclist,34.040327,-84.580284,3/13/14 9:19,Injury,2,Daylight
5481829,Bicyclist,34.967166,-85.19971,10/23/15 18:08,Injury,2,Daylight
4957468,Bicyclist,32.539356,-84.954704,8/30/14 18:47,Injury,2,Daylight
5337143,Bicyclist,34.263212,-85.158002,6/26/15 9:31,Injury,2,Daylight
4414189,Bicyclist,31.62704,-81.86642,4/10/13 13:15,Injury,2,Daylight
4323142,Bicyclist,30.85407,-83.94344,1/9/13 16:10,Injury,2,Daylight
4587288,Bicyclist,31.566656,-84.176121,9/30/13 9:23,Injury,2,Daylight
5475355,Bicyclist,33.436094,-84.160513,9/14/15 7:52,Injury,2,Daylight
4921841,Bicyclist,32.02262,-80.995405,7/29/14 15:15,Injury,2,Daylight
4536225,Bicyclist,32.01074,-80.84108,8/10/13 18:00,Injury,2,Daylight
4488970,Bicyclist,30.83222,-83.976479,4/22/13 10:42,Injury,2,Daylight
4608069,Bicyclist,33.60259,-82.23621,9/26/13 15:03,Injury,2,Daylight
6366091,Bicyclist,31.998559,-81.090592,8/23/17 13:25,Injury,2,Daylight
6420070,Bicyclist,32.002223,-81.084845,10/7/17 11:13,Injury,2,Daylight
4575962,Bicyclist,33.938694,-83.38599,9/20/13 8:53,Injury,2,Daylight
5855279,Bicyclist,34.56209,-83.17087,7/25/16 10:42,Injury,2,Daylight
6338814,Bicyclist,33.940911,-83.371746,5/16/17 8:10,Injury,2,Daylight
4570610,Bicyclist,33.941738,-83.316314,9/15/13 18:05,Injury,2,Daylight
4537635,Bicyclist,33.941319,-84.11947,8/11/13 10:00,Injury,2,Daylight
4777966,Bicyclist,32.029785,-81.105186,4/1/14 14:19,Injury,2,Daylight
5311578,Bicyclist,34.223199,-85.120622,6/2/15 9:14,Injury,2,Daylight
6032502,Pedestrian,33.737993,-84.418108,12/7/16 14:13,Property Damaged Only,1,Daylight
6020657,Pedestrian,33.752546,-84.486488,11/23/16 17:27,Property Damaged Only,1,Daylight
4863579,Pedestrian,32.035966,-81.14769,5/29/14 17:06,Property Damaged Only,1,Daylight
4769936,Pedestrian,33.556653,-84.524503,3/23/14 16:19,Property Damaged Only,1,Daylight
4906497,Pedestrian,33.723515,-84.508298,7/14/14 11:24,Property Damaged Only,1,Daylight
5644561,Pedestrian,33.91961,-84.16658,2/16/16 8:30,Property Damaged Only,1,Daylight
5515686,Pedestrian,33.593761,-84.40769,11/19/15 8:10,Property Damaged Only,1,Daylight
5892560,Pedestrian,30.893756,-84.576422,8/24/16 14:41,Property Damaged Only,1,Daylight
5606073,Pedestrian,33.737502,-84.287345,1/20/16 14:15,Property Damaged Only,1,Daylight
5195623,Pedestrian,32.055784,-81.133445,2/24/15 7:35,Property Damaged Only,1,Daylight
6070230,Pedestrian,33.717807,-84.215434,1/6/17 14:45,Property Damaged Only,1,Daylight
6356375,Pedestrian,33.718673,-84.215149,8/16/17 14:08,Property Damaged Only,1,Daylight
6449962,Pedestrian,33.810939,-84.39239,10/26/17 18:53,Property Damaged Only,1,Daylight
5215916,Pedestrian,33.591685,-84.294245,3/13/15 16:28,Property Damaged Only,1,Daylight
5307245,Pedestrian,33.92592,-84.174567,5/28/15 16:50,Property Damaged Only,1,Daylight
6305637,Pedestrian,34.265574,-85.156349,7/11/17 9:58,Property Damaged Only,1,Daylight
6114470,Pedestrian,33.398302,-82.005489,2/11/17 7:42,Property Damaged Only,1,Daylight
4503602,Pedestrian,31.17309,-81.49008,7/9/13 17:52,Property Damaged Only,1,Daylight
6042589,Pedestrian,34.300273,-83.824323,12/15/16 14:04,Property Damaged Only,1,Daylight
5688834,Pedestrian,32.447671,-84.955777,3/24/16 19:45,Property Damaged Only,1,Daylight
5983057,Pedestrian,33.681382,-84.416079,11/1/16 15:56,Property Damaged Only,1,Daylight
6000170,Pedestrian,33.718898,-84.450999,11/10/16 11:04,Property Damaged Only,1,Daylight
5924719,Pedestrian,34.066097,-84.587277,9/16/16 18:15,Property Damaged Only,1,Daylight
6267390,Pedestrian,33.981292,-84.558798,6/6/17 14:20,Property Damaged Only,1,Daylight
4688283,Pedestrian,33.75119,-84.393551,12/23/13 14:50,Property Damaged Only,1,Daylight
4413416,Pedestrian,33.897729,-84.251051,4/14/13 13:45,Property Damaged Only,1,Daylight
5384804,Pedestrian,32.490762,-84.93719,8/10/15 7:20,Property Damaged Only,1,Daylight
4822151,Pedestrian,33.334189,-84.117954,4/21/14 16:30,Property Damaged Only,1,Daylight
4387147,Pedestrian,33.796788,-84.236483,3/20/13 7:30,Property Damaged Only,1,Daylight
6148970,Pedestrian,33.85025,-83.928713,3/10/17 18:21,Property Damaged Only,1,Daylight
4773826,Pedestrian,34.269219,-85.215606,3/27/14 17:34,Property Damaged Only,1,Daylight
4502656,Pedestrian,33.945393,-83.409215,7/5/13 16:05,Property Damaged Only,1,Daylight
4721336,Pedestrian,32.046932,-81.108697,2/2/14 17:05,Property Damaged Only,1,Daylight
5380295,Pedestrian,33.759298,-84.394503,8/2/15 15:15,Property Damaged Only,1,Daylight
4884355,Pedestrian,34.296818,-83.836275,6/21/14 13:11,Property Damaged Only,1,Daylight
6351971,Pedestrian,34.866236,-84.32658,7/13/17 12:26,Property Damaged Only,1,Daylight
5403165,Pedestrian,33.633148,-84.032782,8/25/15 13:04,Property Damaged Only,1,Daylight
5764382,Pedestrian,34.021654,-84.361683,5/18/16 17:24,Property Damaged Only,1,Daylight
6079918,Pedestrian,33.902587,-84.779287,1/9/17 13:10,Property Damaged Only,1,Daylight
5350825,Pedestrian,33.750193,-84.391948,7/7/15 15:15,Property Damaged Only,1,Daylight
5872162,Pedestrian,33.67986,-84.230667,8/10/16 11:55,Property Damaged Only,1,Daylight
4520149,Pedestrian,34.25108,-84.48281,6/12/13 12:45,Property Damaged Only,1,Daylight
6270699,Pedestrian,33.781766,-84.369146,6/10/17 15:46,Property Damaged Only,1,Daylight
6297952,Pedestrian,33.941422,-84.071372,7/3/17 20:40,Property Damaged Only,1,Daylight
4903776,Pedestrian,32.185797,-83.176175,6/3/14 10:13,Property Damaged Only,1,Daylight
5143398,Pedestrian,32.483282,-84.975792,1/27/15 15:50,Property Damaged Only,1,Daylight
5012564,Pedestrian,34.269989,-85.219104,10/9/14 18:52,Property Damaged Only,1,Daylight
4418025,Pedestrian,33.341056,-84.494708,3/11/13 13:10,Property Damaged Only,1,Daylight
4617334,Pedestrian,33.757629,-84.122441,10/23/13 13:30,Property Damaged Only,1,Daylight
6383265,Pedestrian,33.70888,-84.218242,9/6/17 9:47,Property Damaged Only,1,Daylight
6399655,Pedestrian,34.23661,-83.73785,9/20/17 11:18,Property Damaged Only,1,Daylight
6202236,Pedestrian,231.1787,143.4028,4/17/17 19:14,Property Damaged Only,1,Daylight
4722043,Pedestrian,32.002082,-81.120956,2/3/14 13:05,Property Damaged Only,1,Daylight
4386580,Pedestrian,33.884202,-84.732301,3/5/13 5:55,Property Damaged Only,1,Daylight
5257799,Pedestrian,33.388779,-82.026562,4/19/15 18:00,Property Damaged Only,1,Daylight
4328134,Pedestrian,33.892142,-84.229709,1/15/13 13:43,Property Damaged Only,1,Daylight
4904478,Pedestrian,33.737934,-84.251991,7/11/14 15:14,Property Damaged Only,1,Daylight
4757385,Pedestrian,33.760819,-84.39396,3/8/14 8:35,Property Damaged Only,1,Daylight
4523847,Pedestrian,33.515527,-84.362568,7/21/13 7:55,Property Damaged Only,1,Daylight
4995213,Pedestrian,33.79523,-84.246214,9/24/14 14:00,Property Damaged Only,1,Daylight
5759563,Pedestrian,33.677053,-84.231293,5/16/16 18:23,Property Damaged Only,1,Daylight
4382607,Pedestrian,33.86494,-84.31287,3/15/13 18:27,Property Damaged Only,1,Daylight
4546697,Pedestrian,33.781521,-84.390557,8/15/13 13:34,Property Damaged Only,1,Daylight
4646870,Pedestrian,32.109786,-81.158785,10/1/13 12:42,Property Damaged Only,1,Daylight
5673124,Pedestrian,33.74595,-84.42421,3/12/16 15:29,Property Damaged Only,1,Daylight
6319022,Pedestrian,33.705229,-84.271255,7/21/17 15:05,Property Damaged Only,1,Daylight
5201291,Pedestrian,34.51757,-84.93083,2/26/15 12:45,Property Damaged Only,1,Daylight
4468483,Pedestrian,33.71861,-84.252336,6/5/13 16:44,Property Damaged Only,1,Daylight
4704647,Pedestrian,33.77406,-84.39056,1/14/14 11:57,Property Damaged Only,1,Daylight
4868684,Pedestrian,33.771712,-84.249544,6/4/14 18:43,Property Damaged Only,1,Daylight
4645495,Pedestrian,33.708084,-84.453326,11/12/13 6:50,Property Damaged Only,1,Daylight
5725476,Pedestrian,33.86405,-84.446985,4/18/16 16:00,Property Damaged Only,1,Daylight
4540699,Pedestrian,34.007035,-83.311475,8/15/13 19:12,Fatal,3,Daylight
4921694,Pedestrian,33.785416,-84.341008,7/29/14 6:13,Fatal,3,Daylight
4913477,Pedestrian,33.952794,-83.995126,6/2/14 11:47,Fatal,3,Daylight
4448669,Pedestrian,33.81023,-84.4127,5/10/13 14:25,Injury,2,Daylight
4696616,Pedestrian,33.519275,-84.259926,1/7/14 9:30,Injury,2,Daylight
6122991,Pedestrian,32.820312,-83.662744,2/16/17 17:47,Injury,2,Daylight
4796979,Pedestrian,32.494,-84.89124,4/19/14 18:19,Injury,2,Daylight
4871530,Pedestrian,32.083134,-81.099484,6/8/14 19:18,Injury,2,Daylight
5966674,Pedestrian,33.542185,-84.416778,10/20/16 14:13,Injury,2,Daylight
4539911,Pedestrian,34.1449,-83.20538,8/9/13 16:22,Injury,2,Daylight
5092566,Pedestrian,32.060114,-81.09775,12/13/14 13:06,Injury,2,Daylight
5820874,Pedestrian,33.850447,-84.206801,7/5/16 18:50,Injury,2,Daylight
5554329,Pedestrian,34.120047,-84.680379,12/13/15 14:14,Injury,2,Daylight
4552026,Pedestrian,32.82019,-83.66271,8/1/13 19:06,Injury,2,Daylight
5743788,Pedestrian,33.730513,-84.408033,5/5/16 9:59,Injury,2,Daylight
5544604,Pedestrian,32.607358,-83.245978,12/5/15 14:12,Injury,2,Daylight
5889885,Pedestrian,33.977171,-84.093628,8/16/16 15:27,Injury,2,Daylight
6165360,Pedestrian,33.949676,-83.37475,1/12/17 10:50,Injury,2,Daylight
4332941,Pedestrian,33.902332,-84.566374,1/19/13 11:22,Injury,2,Daylight
5482756,Pedestrian,33.456509,-84.65592,10/24/15 13:40,Injury,2,Daylight
5492534,Pedestrian,32.733718,-82.723014,10/31/15 18:13,Injury,2,Daylight
5809997,Pedestrian,34.023001,-84.363179,6/16/16 19:12,Injury,2,Daylight
4472510,Pedestrian,33.54617,-82.316035,5/23/13 8:09,Injury,2,Daylight
5285767,Pedestrian,33.795057,-83.742678,5/8/15 12:29,Injury,2,Daylight
4666682,Pedestrian,34.37578,-83.886795,12/6/13 13:58,Injury,2,Daylight
5310228,Pedestrian,33.746029,-84.433948,5/29/15 20:07,Injury,2,Daylight
4579200,Pedestrian,32.854302,-83.678902,9/4/13 8:59,Injury,2,Daylight
4473582,Pedestrian,32.198146,-81.30288,5/16/13 7:43,Injury,2,Daylight
5684249,Pedestrian,33.525915,-84.410443,3/19/16 12:00,Injury,2,Daylight
5967303,Pedestrian,33.579395,-84.383433,10/21/16 11:00,Injury,2,Daylight
6393965,Pedestrian,33.701758,-84.269262,8/31/17 14:40,Injury,2,Daylight
5636160,Pedestrian,31.785585,-81.821452,2/11/16 16:40,Injury,2,Daylight
6000482,Pedestrian,33.772318,-84.383353,11/14/16 16:48,Injury,2,Daylight
6353607,Pedestrian,33.814227,-84.217617,8/14/17 16:37,Injury,2,Daylight
5344972,Pedestrian,33.701429,-84.269633,7/3/15 8:10,Injury,2,Daylight
6009206,Pedestrian,33.062805,-83.216922,11/21/16 15:04,Injury,2,Daylight
6259410,Pedestrian,34.299333,-84.494473,6/1/17 11:13,Injury,2,Daylight
5186401,Pedestrian,33.823581,-84.367271,2/20/15 11:55,Injury,2,Daylight
4473573,Pedestrian,32.07414,-81.09961,6/11/13 8:35,Injury,2,Daylight
5776183,Pedestrian,34.000216,-85.263095,5/22/16 12:55,Injury,2,Daylight
5742115,Pedestrian,33.979421,-84.461417,4/20/16 17:17,Injury,2,Daylight
4620674,Pedestrian,33.734998,-84.285752,10/26/13 15:01,Injury,2,Daylight
5019310,Pedestrian,32.07528,-81.10416,10/16/14 11:26,Injury,2,Daylight
5687259,Pedestrian,31.558461,-84.156035,3/24/16 10:07,Injury,2,Daylight
4910004,Pedestrian,33.96543,-84.136879,7/18/14 8:25,Injury,2,Daylight