incidentIdNbr,crashType,latitude,longitude,dateOfIncidentDate,severity,Mag,lightCondition
5009895,Pedestrian,33.941662,-84.528522,10/3/14 16:30,Injury,2,Daylight
5674779,Pedestrian,33.823261,-84.204636,3/15/16 15:55,Injury,2,Daylight
5804175,Pedestrian,32.543922,-82.914313,11/3/15 16:10,Injury,2,Daylight
5123676,Pedestrian,33.766405,-84.373379,12/21/14 13:41,Injury,2,Daylight
5080291,Pedestrian,33.855264,-84.352571,12/1/14 21:10,Injury,2,Daylight
4923946,Pedestrian,33.779774,-84.244655,7/31/14 19:16,Injury,2,Daylight
5845602,Pedestrian,34.167131,-84.232287,6/29/16 20:10,Injury,2,Daylight
5334133,Pedestrian,32.444378,-84.953159,6/23/15 17:50,Injury,2,Daylight
5764500,Pedestrian,33.73772,-84.43479,3/31/16 17:23,Injury,2,Daylight
6462713,Pedestrian,33.929043,-84.21261,4/5/16 18:21,Injury,2,Daylight
5645694,Pedestrian,31.438781,-83.521213,2/20/16 18:05,Injury,2,Daylight
5912985,Pedestrian,31.551666,-84.095002,9/10/16 18:43,Injury,2,Daylight
5217305,Pedestrian,33.772157,-84.248688,3/15/15 19:12,Injury,2,Daylight
4425269,Pedestrian,33.746362,-84.430532,4/23/13 13:20,Injury,2,Daylight
4386790,Pedestrian,34.930736,-85.286933,3/18/13 7:35,Injury,2,Daylight
4891610,Pedestrian,34.843105,-85.052085,6/23/14 14:24,Injury,2,Daylight
5382459,Pedestrian,33.961752,-84.118031,8/3/15 16:00,Injury,2,Daylight
6319058,Pedestrian,33.7638,-84.223304,7/21/17 15:00,Injury,2,Daylight
6242110,Pedestrian,34.113711,-84.522877,5/20/17 12:21,Injury,2,Daylight
4567268,Pedestrian,33.92668,-84.337195,9/11/13 8:55,Injury,2,Daylight
4431221,Pedestrian,33.55432,-84.41424,5/1/13 14:16,Injury,2,Daylight
6129798,Pedestrian,34.514262,-83.851221,2/23/17 16:02,Injury,2,Daylight
6158916,Pedestrian,32.058858,-81.109528,3/21/17 14:46,Injury,2,Daylight
4864490,Pedestrian,33.935454,-83.321096,5/30/14 17:00,Injury,2,Daylight
5269749,Pedestrian,33.450184,-82.000683,4/27/15 13:57,Injury,2,Daylight
5403441,Pedestrian,34.036193,-84.586417,8/25/15 12:27,Injury,2,Daylight
5794053,Pedestrian,32.851699,-83.690604,6/13/16 20:27,Injury,2,Daylight
4490802,Pedestrian,33.714846,-84.383235,6/23/13 18:00,Injury,2,Daylight
5020630,Pedestrian,34.011715,-83.838503,10/15/14 9:10,Injury,2,Daylight
5152492,Pedestrian,32.419577,-84.950486,1/31/15 8:57,Injury,2,Daylight
5697211,Pedestrian,33.756743,-82.778134,3/27/16 12:25,Injury,2,Daylight
6063877,Pedestrian,33.924399,-85.003957,1/2/17 12:43,Injury,2,Daylight
6353350,Pedestrian & Bicyclist,32.50736,-84.98254,8/13/17 18:00,Property Damaged Only,1,Daylight
6593849,Pedestrian & Bicyclist,34.02816,-84.187313,10/2/17 9:40,Property Damaged Only,1,Daylight
4441086,Pedestrian & Bicyclist,30.844143,-83.307067,4/6/13 15:19,Injury,2,Daylight
5485267,Pedestrian & Bicyclist,34.641091,-83.794322,9/20/15 10:12,Injury,2,Daylight
4940181,Bicyclist,32.45423,-84.946103,8/16/14 12:17,Property Damaged Only,1,Daylight
5573304,Bicyclist,33.912162,-84.59499,12/29/15 13:45,Property Damaged Only,1,Daylight
4601137,Bicyclist,33.772349,-84.395507,8/14/13 17:25,Property Damaged Only,1,Daylight
5251248,Bicyclist,32.12173,-81.265705,4/9/15 17:30,Property Damaged Only,1,Daylight
4570454,Bicyclist,34.029228,-84.5839,9/13/13 14:15,Property Damaged Only,1,Daylight
4723086,Bicyclist,32.498886,-84.989996,2/4/14 8:35,Property Damaged Only,1,Daylight
5410030,Bicyclist,34.239453,-85.161055,9/1/15 8:37,Property Damaged Only,1,Daylight
5376591,Bicyclist,33.854295,-84.608385,7/27/15 8:02,Property Damaged Only,1,Daylight
6446041,Bicyclist,32.06474,-81.098482,10/26/17 17:21,Property Damaged Only,1,Daylight
5787740,Bicyclist,33.566309,-84.582125,6/8/16 15:45,Property Damaged Only,1,Daylight
4475588,Bicyclist,32.486232,-84.97578,6/12/13 9:10,Property Damaged Only,1,Daylight
4566207,Bicyclist,33.787968,-84.326798,9/10/13 16:20,Property Damaged Only,1,Daylight
6129912,Bicyclist,30.829795,-83.966013,2/25/17 12:52,Property Damaged Only,1,Daylight
4554720,Bicyclist,33.762906,-84.319806,8/23/13 18:57,Property Damaged Only,1,Daylight
4373864,Bicyclist,33.756897,-84.388119,3/1/13 9:59,Property Damaged Only,1,Daylight
5965071,Bicyclist,34.24841,-84.491847,9/11/16 10:03,Property Damaged Only,1,Daylight
6226467,Bicyclist,33.570809,-84.291441,5/8/17 17:50,Property Damaged Only,1,Daylight
4921325,Bicyclist,31.525858,-82.846369,6/25/14 17:19,Property Damaged Only,1,Daylight
4735330,Bicyclist,33.921383,-83.326431,2/16/14 16:42,Property Damaged Only,1,Daylight
6216998,Bicyclist,32.078167,-81.098176,5/3/17 12:56,Property Damaged Only,1,Daylight
5046652,Bicyclist,33.933634,-83.337304,11/11/14 14:00,Property Damaged Only,1,Daylight
5160221,Bicyclist,32.887171,-84.320889,10/11/13 15:29,Property Damaged Only,1,Daylight
5861694,Bicyclist,33.941818,-84.122716,8/2/16 13:34,Property Damaged Only,1,Daylight
5549469,Bicyclist,33.775568,-84.289631,10/14/15 17:06,Property Damaged Only,1,Daylight
5488454,Bicyclist,32.076975,-81.092698,10/29/15 11:31,Property Damaged Only,1,Daylight
4365492,Bicyclist,34.231301,-84.09314,1/26/13 8:38,Property Damaged Only,1,Daylight
5344461,Bicyclist,33.846315,-84.250772,7/2/15 14:45,Property Damaged Only,1,Daylight
5877282,Bicyclist,33.751293,-84.301377,8/13/16 8:45,Property Damaged Only,1,Daylight
6280369,Bicyclist,31.71016,-83.258468,6/15/17 12:50,Property Damaged Only,1,Daylight
6041055,Bicyclist,32.061032,-81.072216,12/14/16 16:11,Property Damaged Only,1,Daylight
5671912,Bicyclist,33.568257,-84.371543,3/13/16 14:31,Property Damaged Only,1,Daylight
5006045,Bicyclist,34.946069,-83.753971,10/2/14 9:46,Property Damaged Only,1,Daylight
4862416,Bicyclist,33.655246,-84.226577,5/29/14 10:35,Property Damaged Only,1,Daylight
6292389,Bicyclist,32.0771,-81.09858,6/29/17 16:40,Property Damaged Only,1,Daylight
5405092,Bicyclist,33.716589,-84.310428,8/27/15 9:25,Property Damaged Only,1,Daylight
5371713,Bicyclist,31.170535,-81.421379,7/24/15 14:35,Fatal,3,Daylight
5177640,Bicyclist,32.089617,-81.123152,2/15/15 10:10,Fatal,3,Daylight
4581268,Bicyclist,33.750916,-84.438223,9/14/13 21:34,Injury,2,Daylight
6324454,Bicyclist,33.90861,-84.74814,7/24/17 16:23,Injury,2,Daylight
4950807,Bicyclist,34.215042,-84.138999,8/22/14 7:38,Injury,2,Daylight
4709583,Bicyclist,31.958049,-83.78489,1/20/14 16:32,Injury,2,Daylight
4578519,Bicyclist,33.021,-85.0537,9/20/13 16:37,Injury,2,Daylight
6401102,Bicyclist,33.854409,-84.632652,9/17/17 15:39,Injury,2,Daylight
5494812,Bicyclist,31.211117,-81.481179,10/27/15 10:49,Injury,2,Daylight
5830010,Bicyclist,34.002058,-84.040058,7/11/16 9:23,Injury,2,Daylight
5703092,Bicyclist,30.833443,-83.271889,4/4/16 13:52,Injury,2,Daylight
5276911,Bicyclist,33.910153,-84.459899,5/2/15 13:34,Injury,2,Daylight
4996590,Bicyclist,33.690608,-84.26776,9/25/14 17:36,Injury,2,Daylight
5427861,Bicyclist,30.92888,-83.96327,9/16/15 9:13,Injury,2,Daylight
5247165,Bicyclist,34.057204,-84.593006,4/8/15 17:10,Injury,2,Daylight
5197508,Bicyclist,34.1106,-83.529504,2/25/15 12:54,Injury,2,Daylight
5699017,Bicyclist,33.790247,-84.306053,4/2/16 12:17,Injury,2,Daylight
5346490,Bicyclist,33.691858,-84.164176,7/5/15 18:20,Injury,2,Daylight
4523449,Bicyclist,30.80947,-81.57996,7/3/13 14:53,Injury,2,Daylight
4528759,Bicyclist,33.588523,-85.11156,7/27/13 20:40,Injury,2,Daylight
4497656,Bicyclist,34.4276,-83.09952,6/28/13 13:53,Injury,2,Daylight
4334461,Bicyclist,33.767799,-84.3919,1/21/13 15:18,Injury,2,Daylight
5400382,Bicyclist,34.059209,-83.387632,8/20/15 7:27,Injury,2,Daylight
6450055,Bicyclist,33.68122,-84.400598,8/26/17 14:33,Injury,2,Daylight
4493346,Bicyclist,33.922333,-84.55012,7/3/13 13:26,Injury,2,Daylight
5661504,Bicyclist,33.506639,-82.091942,2/24/16 9:37,Injury,2,Daylight
6112778,Bicyclist,32.441554,-81.766622,1/10/17 13:11,Injury,2,Daylight
5034352,Bicyclist,31.508113,-82.849206,10/28/14 11:43,Injury,2,Daylight
4981496,Bicyclist,34.474664,-85.350612,9/15/14 16:16,Injury,2,Daylight
4981753,Bicyclist,33.930293,-83.966096,9/15/14 14:43,Injury,2,Daylight
5752538,Bicyclist,32.448185,-81.732195,5/6/16 10:04,Injury,2,Daylight
4418497,Bicyclist,33.440796,-84.64698,3/21/13 14:41,Injury,2,Daylight
5963470,Bicyclist,33.778266,-84.399081,8/3/16 17:48,Injury,2,Daylight
6155868,Pedestrian,31.153831,-81.488703,3/18/17 15:35,Property Damaged Only,1,Daylight
5658136,Pedestrian,34.075355,-83.884976,2/23/16 13:14,Property Damaged Only,1,Daylight
5498878,Pedestrian,33.976151,-83.364631,11/5/15 8:46,Property Damaged Only,1,Daylight
6423806,Pedestrian,33.678532,-84.416488,10/10/17 16:17,Property Damaged Only,1,Daylight
4383108,Pedestrian,32.424792,-84.939653,3/16/13 16:40,Property Damaged Only,1,Daylight
4755138,Pedestrian,32.044041,-81.070112,3/8/14 13:30,Property Damaged Only,1,Daylight
6198059,Pedestrian,33.762625,-84.258015,4/18/17 7:45,Property Damaged Only,1,Daylight
6069116,Pedestrian,31.580127,-84.132754,1/5/17 11:36,Property Damaged Only,1,Daylight
6377643,Pedestrian,33.462238,-81.948302,9/2/17 18:48,Property Damaged Only,1,Daylight
5586900,Pedestrian,33.592492,-83.950412,10/5/13 9:00,Property Damaged Only,1,Daylight
4844049,Pedestrian,32.465175,-84.98755,5/12/14 16:24,Property Damaged Only,1,Daylight
4775435,Pedestrian,32.033196,-81.097085,3/27/14 15:02,Property Damaged Only,1,Daylight
4463352,Pedestrian,32.036336,-81.115202,5/31/13 10:27,Property Damaged Only,1,Daylight
5355351,Pedestrian,33.839714,-83.901237,5/30/15 8:54,Property Damaged Only,1,Daylight
6250032,Pedestrian,33.786592,-84.387936,5/23/17 6:45,Property Damaged Only,1,Daylight
5248092,Pedestrian,33.564035,-84.344438,4/7/15 17:10,Property Damaged Only,1,Daylight
5678262,Pedestrian,33.901201,-84.163086,3/14/16 7:27,Property Damaged Only,1,Daylight
4733430,Pedestrian,33.769908,-84.36776,6/19/13 10:00,Property Damaged Only,1,Daylight
4959444,Pedestrian,33.742313,-84.349247,8/30/14 12:40,Property Damaged Only,1,Daylight
5134576,Pedestrian,33.956248,-83.98956,1/19/15 11:52,Property Damaged Only,1,Daylight
5750295,Pedestrian,31.467496,-83.474027,5/9/16 15:19,Property Damaged Only,1,Daylight
6053626,Pedestrian,31.714645,-83.255873,11/23/16 10:19,Property Damaged Only,1,Daylight
5635233,Pedestrian,31.981064,-81.13075,2/12/16 8:42,Property Damaged Only,1,Daylight
5290578,Pedestrian,34.158289,-84.529449,5/16/15 11:18,Property Damaged Only,1,Daylight
6562908,Pedestrian,31.71723,-83.254552,11/16/17 8:14,Property Damaged Only,1,Daylight
4856667,Pedestrian,33.834225,-84.199997,5/23/14 7:15,Property Damaged Only,1,Daylight
4965058,Pedestrian,30.846773,-83.986551,9/4/14 18:30,Property Damaged Only,1,Daylight
4628278,Pedestrian,34.580921,-83.328524,10/31/13 20:56,Property Damaged Only,1,Daylight
6003296,Pedestrian,33.787143,-84.165579,11/17/16 9:25,Property Damaged Only,1,Daylight
5613280,Pedestrian,33.837738,-84.132789,1/21/16 9:43,Property Damaged Only,1,Daylight
6171738,Pedestrian,33.51604,-82.07025,3/30/17 14:23,Property Damaged Only,1,Daylight
6518456,Pedestrian,32.000311,-81.121614,12/18/17 11:50,Property Damaged Only,1,Daylight
4502823,Pedestrian,31.574364,-84.096348,7/12/13 18:54,Property Damaged Only,1,Daylight
5933412,Pedestrian,33.826947,-84.331646,9/21/16 13:08,Property Damaged Only,1,Daylight
5763850,Pedestrian,32.105071,-81.151676,5/20/16 12:43,Property Damaged Only,1,Daylight
4642122,Pedestrian,33.886798,-84.03801,11/13/13 7:09,Property Damaged Only,1,Daylight
4507925,Pedestrian,33.72714,-84.22566,7/19/13 10:20,Property Damaged Only,1,Daylight
4451225,Pedestrian,33.848687,-84.237357,5/21/13 8:15,Property Damaged Only,1,Daylight
5747113,Pedestrian,31.963324,-83.786391,4/19/16 11:43,Property Damaged Only,1,Daylight
4545211,Pedestrian,32.22408,-82.409431,7/10/13 18:50,Property Damaged Only,1,Daylight
4750182,Pedestrian,34.126342,-84.498858,3/3/14 16:59,Property Damaged Only,1,Daylight
5852505,Pedestrian,33.705645,-84.134477,7/26/16 19:30,Property Damaged Only,1,Daylight
6022636,Pedestrian,34.03185,-83.907603,11/26/16 15:03,Property Damaged Only,1,Daylight
6308388,Pedestrian,34.071588,-84.477808,7/10/17 10:55,Property Damaged Only,1,Daylight
5520968,Pedestrian,31.604879,-84.175863,11/20/15 10:52,Property Damaged Only,1,Daylight
5078750,Pedestrian,33.849032,-84.199221,12/7/14 9:20,Property Damaged Only,1,Daylight
6415934,Pedestrian,33.676352,-84.480808,10/4/17 10:11,Property Damaged Only,1,Daylight
5826099,Pedestrian,34.034365,-84.676309,7/10/16 15:05,Property Damaged Only,1,Daylight
5238759,Pedestrian,33.932049,-84.498593,3/22/15 16:34,Fatal,3,Daylight
4897387,Pedestrian,33.856318,-84.590096,6/25/14 16:52,Fatal,3,Daylight
4339147,Pedestrian,33.73048,-84.16736,1/29/13 7:03,Fatal,3,Daylight
5693714,Pedestrian,33.598708,-84.457448,3/28/16 17:45,Injury,2,Daylight
6346987,Pedestrian,33.397311,-84.590853,8/9/17 8:08,Injury,2,Daylight
5015394,Pedestrian,34.984173,-85.286625,10/3/14 12:52,Injury,2,Daylight
4728166,Pedestrian,33.739438,-84.383424,2/6/14 13:41,Injury,2,Daylight
6285496,Pedestrian,31.22888,-82.40593,6/22/17 16:05,Injury,2,Daylight
6478245,Pedestrian,32.593967,-83.64877,11/16/17 15:50,Injury,2,Daylight
4862696,Pedestrian,33.883594,-84.380274,5/28/14 15:05,Injury,2,Daylight
4721836,Pedestrian,32.046566,-81.104336,2/3/14 10:01,Injury,2,Daylight
5100629,Pedestrian,33.779726,-84.501993,12/16/14 14:12,Injury,2,Daylight
5949696,Pedestrian,33.924137,-84.379102,10/8/16 9:34,Injury,2,Daylight
4629868,Pedestrian,31.98175,-81.17202,11/3/13 14:49,Injury,2,Daylight
4620099,Pedestrian,33.665786,-84.287149,10/24/13 16:00,Injury,2,Daylight
4963251,Pedestrian,34.48087,-84.94488,9/3/14 12:43,Injury,2,Daylight
4790048,Pedestrian,33.753877,-84.392555,1/14/14 16:55,Injury,2,Daylight
4504602,Pedestrian,33.840323,-84.313034,7/15/13 18:23,Injury,2,Daylight
5622180,Pedestrian,30.764129,-81.687183,2/3/16 7:10,Injury,2,Daylight
4900310,Pedestrian,33.230972,-84.29028,7/7/14 16:09,Injury,2,Daylight
4760040,Pedestrian,33.750193,-84.376493,3/12/14 17:20,Injury,2,Daylight
4935915,Pedestrian,33.72357,-84.31883,8/12/14 19:18,Injury,2,Daylight
4567851,Pedestrian,33.749144,-84.915143,9/11/13 17:24,Injury,2,Daylight
4861528,Pedestrian,33.24349,-84.23363,5/22/14 19:37,Injury,2,Daylight
6358964,Pedestrian,34.87967,-83.95665,8/16/17 15:00,Injury,2,Daylight
6473588,Pedestrian,31.97524,-81.21913,11/14/17 10:44,Injury,2,Daylight
5567875,Pedestrian,33.727607,-84.251714,12/27/15 13:30,Injury,2,Daylight
5924949,Pedestrian,33.738843,-84.433553,9/13/16 16:42,Injury,2,Daylight
5435197,Pedestrian,33.968764,-84.362338,6/25/15 18:18,Injury,2,Daylight
6338518,Pedestrian,34.0691,-84.17516,4/8/17 17:02,Injury,2,Daylight
4868633,Pedestrian,32.972457,-82.809585,6/3/14 19:03,Injury,2,Daylight
4717236,Pedestrian,33.799793,-84.793235,1/29/14 9:55,Injury,2,Daylight
5890367,Pedestrian,33.965324,-84.253947,8/17/16 18:21,Injury,2,Daylight
5310676,Pedestrian,33.935555,-84.504172,5/29/15 17:18,Injury,2,Daylight
5372690,Pedestrian,34.508887,-83.592006,7/25/15 10:44,Injury,2,Daylight
6489473,Pedestrian,33.638489,-84.582833,11/22/17 19:51,Injury,2,Daylight
4923612,Pedestrian,33.41893,-84.242226,7/31/14 11:26,Injury,2,Daylight
6267362,Pedestrian,34.052578,-84.370656,6/7/17 18:47,Injury,2,Daylight
4621270,Pedestrian,33.97943,-84.461415,10/25/13 18:25,Injury,2,Daylight
4996235,Pedestrian,32.465398,-84.87925,9/25/14 13:45,Injury,2,Daylight
5927215,Pedestrian,33.766266,-84.34906,9/17/16 15:50,Injury,2,Daylight
6454476,Pedestrian,31.977734,-83.771809,10/22/17 18:10,Injury,2,Daylight
6006598,Pedestrian,30.860264,-83.280567,11/17/16 16:11,Injury,2,Daylight
5064954,Pedestrian,34.062764,-84.601885,11/24/14 15:45,Injury,2,Daylight
4649206,Pedestrian,33.798358,-84.615411,11/20/13 15:57,Injury,2,Daylight
5758939,Pedestrian,33.895981,-84.588098,5/12/16 9:22,Injury,2,Daylight
4484759,Pedestrian,33.575342,-84.412294,6/21/13 20:18,Injury,2,Daylight
4995836,Pedestrian,33.761312,-84.395988,9/22/14 14:50,Injury,2,Daylight
5451922,Pedestrian,33.939233,-84.081129,9/30/15 13:01,Injury,2,Daylight
4492988,Pedestrian,33.848991,-84.223129,7/3/13 8:50,Injury,2,Daylight
4564079,Pedestrian,33.787064,-84.211408,9/8/13 16:27,Injury,2,Daylight
4623335,Pedestrian,33.507237,-82.147286,9/25/13 17:24,Injury,2,Daylight
4357072,Pedestrian,33.814492,-84.351782,2/3/13 15:36,Injury,2,Daylight
5601908,Pedestrian,34.285575,-83.147798,1/15/16 9:31,Injury,2,Daylight
5737504,Pedestrian,32.489242,-84.971673,5/1/16 17:40,Injury,2,Daylight
5688522,Pedestrian,34.017373,-84.015381,3/21/16 18:11,Injury,2,Daylight
5935710,Pedestrian,33.749804,-84.38864,9/23/16 14:20,Injury,2,Daylight
4597876,Pedestrian,32.087838,-81.116738,10/5/13 13:04,Injury,2,Daylight
6387691,Pedestrian,33.67973,-84.20826,9/10/17 17:42,Injury,2,Daylight
5331173,Pedestrian,34.227303,-83.937838,6/14/15 17:00,Injury,2,Daylight
5235233,Pedestrian,34.389674,-83.814568,3/29/15 19:15,Injury,2,Daylight
4375279,Pedestrian,33.66957,-84.44996,3/6/13 11:15,Injury,2,Daylight
5235932,Pedestrian,33.958433,-84.621545,3/28/15 13:55,Injury,2,Daylight
5513414,Pedestrian,33.864141,-84.595157,11/17/15 7:06,Injury,2,Daylight
4575697,Pedestrian,33.943538,-83.993547,9/19/13 13:16,Injury,2,Daylight
4828645,Pedestrian,33.446523,-82.015723,4/26/14 13:17,Injury,2,Daylight
5303409,Pedestrian,33.034135,-83.93849,5/22/15 10:27,Injury,2,Daylight
5926199,Pedestrian,34.101635,-84.312451,9/15/16 17:36,Injury,2,Daylight
6272466,Pedestrian,34.528353,-84.937988,6/7/17 20:37,Injury,2,Daylight
6501746,Pedestrian,33.755062,-84.27745,9/21/17 12:40,Injury,2,Daylight
5257003,Pedestrian,34.262721,-85.187492,4/18/15 13:13,Injury,2,Daylight
4854313,Pedestrian,32.440323,-84.947756,5/21/14 14:40,Injury,2,Daylight
5155884,Pedestrian & Bicyclist,34.963113,-85.418821,3/12/14 11:11,Injury,2,Daylight
5369436,Pedestrian & Bicyclist,32.031075,-81.079852,7/26/15 16:30,Injury,2,Daylight
5731145,Bicyclist,34.766023,-84.967853,3/24/16 14:40,Property Damaged Only,1,Daylight
4584008,Bicyclist,33.791852,-84.385937,9/26/13 18:51,Property Damaged Only,1,Daylight
5986701,Bicyclist,32.065356,-81.089107,11/4/16 14:32,Property Damaged Only,1,Daylight
6531461,Bicyclist,34.123679,-84.082991,12/21/17 8:13,Property Damaged Only,1,Daylight
4770473,Bicyclist,33.976498,-84.077592,3/19/14 9:45,Property Damaged Only,1,Daylight
5814469,Bicyclist,32.108534,-81.15692,6/27/16 17:47,Property Damaged Only,1,Daylight
5892533,Bicyclist,30.902074,-84.56728,7/30/16 16:37,Property Damaged Only,1,Daylight
4932374,Bicyclist,32.138251,-81.226821,8/9/14 14:35,Property Damaged Only,1,Daylight
6095169,Bicyclist,33.941101,-83.38144,1/26/17 17:54,Property Damaged Only,1,Daylight
5434414,Bicyclist,34.047125,-84.396111,6/21/15 11:13,Property Damaged Only,1,Daylight
5930262,Bicyclist,33.574586,-84.537938,9/21/16 15:00,Property Damaged Only,1,Daylight
5253205,Bicyclist,32.474298,-84.986102,4/15/15 8:10,Property Damaged Only,1,Daylight
5966234,Bicyclist,33.397798,-84.163708,10/16/16 12:34,Property Damaged Only,1,Daylight
4454434,Bicyclist,33.562524,-84.387063,5/23/13 15:58,Property Damaged Only,1,Daylight
5547598,Bicyclist,31.490742,-82.839896,12/11/15 14:58,Property Damaged Only,1,Daylight
4971826,Bicyclist,33.963273,-83.377284,9/9/14 7:59,Property Damaged Only,1,Daylight
5306294,Bicyclist,32.813756,-83.69283,5/28/15 14:24,Property Damaged Only,1,Daylight
5957893,Bicyclist,32.809819,-83.721802,10/15/16 14:25,Property Damaged Only,1,Daylight
5461547,Bicyclist,32.07652,-81.088039,10/8/15 10:48,Property Damaged Only,1,Daylight
4923311,Bicyclist,33.974514,-83.413865,7/30/14 14:00,Property Damaged Only,1,Daylight
4531169,Bicyclist,32.01074,-80.84108,8/5/13 13:47,Property Damaged Only,1,Daylight
6266366,Bicyclist,33.768196,-84.404836,6/1/17 13:45,Property Damaged Only,1,Daylight
4969004,Bicyclist,34.001624,-85.046645,7/23/14 18:10,Property Damaged Only,1,Daylight
4871485,Bicyclist,32.043994,-81.113651,6/8/14 19:38,Property Damaged Only,1,Daylight
5424584,Bicyclist,32.013654,-81.112928,9/14/15 13:37,Property Damaged Only,1,Daylight
5438182,Bicyclist,33.259422,-84.26364,8/30/15 14:28,Property Damaged Only,1,Daylight
4411772,Bicyclist,32.045128,-81.104932,4/11/13 12:40,Property Damaged Only,1,Daylight
5468494,Bicyclist,31.487524,-82.8465,10/12/15 14:52,Fatal,3,Daylight
5314047,Bicyclist,32.061842,-81.09255,6/4/15 10:17,Injury,2,Daylight
4574377,Bicyclist,33.782752,-84.237034,9/19/13 19:25,Injury,2,Daylight
5881406,Bicyclist,33.949339,-83.447095,8/12/16 10:55,Injury,2,Daylight
5859772,Bicyclist,33.790734,-84.38519,8/1/16 13:07,Injury,2,Daylight
4528162,Bicyclist,34.036554,-84.343583,7/7/13 11:21,Injury,2,Daylight
4623884,Bicyclist,32.474994,-84.900053,10/29/13 12:00,Injury,2,Daylight
5324672,Bicyclist,32.485519,-83.612789,6/15/15 7:40,Injury,2,Daylight
6124273,Bicyclist,33.979316,-84.562427,2/20/17 13:00,Injury,2,Daylight
5939728,Bicyclist,33.703049,-84.766047,9/29/16 8:37,Injury,2,Daylight
4525417,Bicyclist,32.902877,-84.3292,7/30/13 14:15,Injury,2,Daylight
4567836,Bicyclist,32.041997,-81.11055,9/11/13 8:59,Injury,2,Daylight
5814756,Bicyclist,33.974911,-84.354082,6/23/16 7:24,Injury,2,Daylight
5977334,Bicyclist,31.575349,-84.15884,10/27/16 14:23,Injury,2,Daylight
5055589,Bicyclist,33.760983,-84.387552,10/12/14 15:25,Injury,2,Daylight
5279086,Bicyclist,33.936885,-83.368923,3/31/15 12:06,Injury,2,Daylight
5274475,Bicyclist,32.092647,-81.133013,5/1/15 16:20,Injury,2,Daylight
4402689,Bicyclist,33.949393,-84.251798,3/27/13 16:27,Injury,2,Daylight
5832948,Bicyclist,34.746808,-84.971182,6/4/16 13:00,Injury,2,Daylight
4361624,Bicyclist,32.441346,-81.766892,1/24/13 14:35,Injury,2,Daylight
5283074,Bicyclist,33.43188,-82.180711,5/8/15 12:48,Injury,2,Daylight
4955858,Bicyclist,31.184623,-81.382727,8/20/14 13:43,Injury,2,Daylight
5628252,Bicyclist,33.760953,-84.504707,1/31/16 13:16,Injury,2,Daylight
6160762,Bicyclist,30.854784,-83.933319,1/3/17 17:15,Injury,2,Daylight
5929681,Bicyclist,33.754706,-84.413069,9/22/16 11:00,Injury,2,Daylight
6162658,Bicyclist,32.8362,-83.667758,3/22/17 17:05,Injury,2,Daylight
4897218,Bicyclist,31.99774,-81.12054,7/3/14 14:15,Injury,2,Daylight
6164330,Bicyclist,32.533452,-84.934819,3/24/17 15:20,Injury,2,Daylight
5353022,Bicyclist,33.508369,-84.378567,7/10/15 19:45,Injury,2,Daylight
4931505,Bicyclist,33.934528,-84.54527,8/8/14 9:40,Injury,2,Daylight
6193457,Bicyclist,34.35342,-84.04686,4/11/17 19:57,Injury,2,Daylight
4568354,Bicyclist,30.841911,-81.97109,9/9/13 16:41,Injury,2,Daylight
5873963,Bicyclist,34.576604,-83.314391,8/10/16 12:45,Injury,2,Daylight
4942646,Bicyclist,34.759818,-84.967345,7/14/14 12:11,Injury,2,Daylight
4977912,Bicyclist,32.044545,-81.099869,9/13/14 14:36,Injury,2,Daylight
4355381,Bicyclist,33.798564,-84.64167,2/5/13 16:12,Injury,2,Daylight
4329900,Bicyclist,34.298774,-83.857184,1/17/13 12:26,Injury,2,Daylight
6206331,Bicyclist,33.737955,-84.418897,4/23/17 17:03,Injury,2,Daylight
5963558,Bicyclist,33.472043,-82.24791,9/8/16 7:50,Injury,2,Daylight
6426681,Pedestrian,33.974434,-83.32683,10/11/17 19:32,Property Damaged Only,1,Daylight
5224221,Pedestrian,32.873066,-83.707059,3/3/15 16:11,Property Damaged Only,1,Daylight
4915939,Pedestrian,33.942438,-84.076521,7/22/14 17:00,Property Damaged Only,1,Daylight
5675807,Pedestrian,32.609209,-83.613107,11/10/15 15:14,Property Damaged Only,1,Daylight
5734372,Pedestrian,33.912948,-84.084272,4/27/16 17:41,Property Damaged Only,1,Daylight
4559711,Pedestrian,33.676126,-84.233345,9/3/13 20:03,Property Damaged Only,1,Daylight
5809371,Pedestrian,33.941736,-84.211788,6/22/16 12:17,Property Damaged Only,1,Daylight
4768877,Pedestrian,33.90895,-84.37877,3/21/14 11:09,Property Damaged Only,1,Daylight
6219989,Pedestrian,32.880466,-83.668765,5/5/17 13:13,Property Damaged Only,1,Daylight
4551985,Pedestrian,33.469094,-82.031785,7/29/13 17:06,Property Damaged Only,1,Daylight
4660973,Pedestrian,32.086137,-81.120034,12/2/13 8:44,Property Damaged Only,1,Daylight
6468420,Pedestrian,33.081941,-83.227282,11/10/17 14:22,Property Damaged Only,1,Daylight