incidentIdNbr,crashType,latitude,longitude,dateOfIncidentDate,severity,Mag,lightCondition
5183800,Pedestrian,31.232657,-84.204942,1/22/15 13:54,Property Damaged Only,1,Daylight
4537981,Pedestrian,33.71197,-84.40794,8/9/13 10:00,Property Damaged Only,1,Daylight
5841488,Pedestrian,32.696146,-84.009403,7/16/16 9:10,Property Damaged Only,1,Daylight
4372406,Pedestrian,31.87508,-82.59881,2/27/13 12:40,Property Damaged Only,1,Daylight
6412982,Pedestrian,33.837255,-84.311723,10/2/17 12:14,Property Damaged Only,1,Daylight
5625312,Pedestrian,33.74745,-84.32851,2/5/16 13:03,Property Damaged Only,1,Daylight
6119587,Pedestrian,34.088014,-84.58834,2/15/17 17:36,Property Damaged Only,1,Daylight
4999725,Pedestrian,34.118207,-83.582143,9/29/14 11:58,Property Damaged Only,1,Daylight
4740045,Pedestrian,33.669361,-84.462556,2/20/14 17:43,Property Damaged Only,1,Daylight
5868865,Pedestrian,33.910402,-84.352698,8/8/16 14:02,Property Damaged Only,1,Daylight
6244451,Pedestrian,33.94889,-83.389013,5/19/17 13:16,Property Damaged Only,1,Daylight
4507986,Pedestrian,33.895973,-84.216265,7/16/13 18:02,Property Damaged Only,1,Daylight
5027777,Pedestrian,34.12167,-84.55535,10/23/14 10:43,Property Damaged Only,1,Daylight
6160597,Pedestrian,34.127681,-83.992873,3/17/17 11:00,Property Damaged Only,1,Daylight
5939223,Pedestrian,33.655354,-84.003451,9/27/16 16:53,Property Damaged Only,1,Daylight
5833287,Pedestrian,33.559292,-85.130706,6/2/16 8:34,Property Damaged Only,1,Daylight
6195475,Pedestrian,31.214688,-81.480436,4/14/17 16:02,Property Damaged Only,1,Daylight
5263277,Pedestrian,32.839942,-83.6204,4/14/15 17:00,Property Damaged Only,1,Daylight
5917678,Pedestrian,32.062847,-81.10271,9/12/16 10:52,Property Damaged Only,1,Daylight
4699086,Pedestrian,33.900585,-84.294065,1/5/14 14:49,Property Damaged Only,1,Daylight
5288061,Pedestrian,34.049385,-84.584407,5/12/15 16:33,Property Damaged Only,1,Daylight
5440106,Pedestrian,34.008966,-83.318473,9/22/15 18:46,Property Damaged Only,1,Daylight
6132776,Pedestrian,32.855283,-83.687789,2/28/17 8:12,Property Damaged Only,1,Daylight
4874852,Pedestrian,33.685683,-84.200977,6/11/14 10:40,Property Damaged Only,1,Daylight
5986100,Pedestrian,34.945438,-85.253713,10/9/16 16:00,Property Damaged Only,1,Daylight
4329988,Pedestrian,33.787017,-84.195391,1/16/13 15:59,Property Damaged Only,1,Daylight
6421713,Pedestrian,33.964555,-84.078856,10/7/17 17:10,Property Damaged Only,1,Daylight
5798182,Pedestrian,31.577174,-84.153651,6/15/16 15:28,Property Damaged Only,1,Daylight
4613631,Pedestrian,34.956867,-85.240003,9/8/13 18:49,Property Damaged Only,1,Daylight
5315695,Pedestrian,33.956268,-83.989513,6/5/15 19:56,Property Damaged Only,1,Daylight
6147524,Pedestrian,33.811643,-84.193761,3/12/17 11:50,Property Damaged Only,1,Daylight
6129649,Pedestrian,32.846463,-83.627628,2/25/17 9:40,Property Damaged Only,1,Daylight
4489278,Pedestrian,32.019593,-80.860188,6/28/13 13:29,Property Damaged Only,1,Daylight
5876060,Pedestrian,33.828333,-84.547514,8/10/16 9:24,Property Damaged Only,1,Daylight
5813998,Pedestrian,33.825293,-84.031736,6/23/16 15:17,Property Damaged Only,1,Daylight
4345864,Pedestrian,33.73241,-84.249204,2/5/13 16:44,Property Damaged Only,1,Daylight
5774132,Pedestrian,33.913824,-84.375627,5/22/13 14:09,Property Damaged Only,1,Daylight
5700138,Pedestrian,33.760427,-84.429259,3/18/16 17:39,Property Damaged Only,1,Daylight
4792972,Pedestrian,34.004578,-84.040543,4/15/14 11:49,Property Damaged Only,1,Daylight
4536929,Pedestrian,33.980067,-84.432706,8/8/13 10:45,Property Damaged Only,1,Daylight
5887149,Pedestrian,34.929437,-84.027779,8/20/16 18:40,Property Damaged Only,1,Daylight
4435147,Pedestrian,32.846091,-83.610027,4/13/13 11:32,Property Damaged Only,1,Daylight
4838350,Pedestrian,33.723159,-84.50615,5/5/14 17:37,Property Damaged Only,1,Daylight
4986328,Pedestrian,34.26621,-85.19678,9/19/14 15:42,Property Damaged Only,1,Daylight
4825667,Pedestrian,33.040811,-85.038083,4/23/14 18:44,Property Damaged Only,1,Daylight
5151920,Pedestrian,33.52185,-84.410448,1/30/15 7:45,Property Damaged Only,1,Daylight
4458934,Pedestrian,33.954677,-84.253454,5/22/13 18:51,Property Damaged Only,1,Daylight
4896370,Pedestrian,34.959198,-83.846338,9/17/13 17:34,Property Damaged Only,1,Daylight
5587898,Pedestrian,33.58722,-83.939241,8/20/13 19:38,Property Damaged Only,1,Daylight
5196462,Pedestrian,33.945597,-84.335396,2/20/15 8:30,Property Damaged Only,1,Daylight
4940831,Pedestrian,33.757192,-84.195169,8/17/14 14:00,Property Damaged Only,1,Daylight
6164928,Pedestrian,33.119982,-83.261674,3/25/17 15:03,Property Damaged Only,1,Daylight
4869705,Pedestrian,33.252921,-84.265442,6/5/14 16:46,Property Damaged Only,1,Daylight
5213969,Pedestrian,33.827174,-84.096302,3/9/15 15:50,Property Damaged Only,1,Daylight
4604625,Pedestrian,33.658048,-84.502298,10/11/13 17:01,Property Damaged Only,1,Daylight
4423927,Pedestrian,33.816414,-84.181983,4/24/13 13:00,Property Damaged Only,1,Daylight
4766401,Pedestrian,33.781792,-84.380466,3/16/14 13:20,Property Damaged Only,1,Daylight
4586423,Pedestrian,33.773165,-84.410273,9/23/13 17:44,Property Damaged Only,1,Daylight
5271862,Pedestrian,32.850425,-83.687889,4/30/15 12:13,Property Damaged Only,1,Daylight
4930685,Pedestrian,33.905734,-84.563597,8/5/14 17:17,Property Damaged Only,1,Daylight
5285897,Pedestrian,33.945299,-84.125152,5/10/15 19:09,Property Damaged Only,1,Daylight
5284843,Pedestrian,32.48139,-84.98312,5/11/15 13:20,Property Damaged Only,1,Daylight
6393873,Pedestrian,33.764053,-84.233877,9/15/17 18:49,Property Damaged Only,1,Daylight
4554792,Pedestrian,33.790317,-84.306449,8/28/13 8:30,Property Damaged Only,1,Daylight
5524127,Pedestrian,33.786093,-84.491289,11/23/15 11:26,Fatal,3,Daylight
6243343,Pedestrian,33.755513,-84.487247,5/16/17 17:00,Fatal,3,Daylight
4486349,Pedestrian,31.565443,-84.171091,6/23/13 19:32,Fatal,3,Daylight
6306481,Pedestrian,33.73138,-84.414191,7/8/17 17:09,Fatal,3,Daylight
5690166,Pedestrian,33.618432,-84.398837,3/27/16 16:40,Injury,2,Daylight
5687484,Pedestrian,33.806284,-84.218262,3/10/16 18:19,Injury,2,Daylight
5268399,Pedestrian,33.810795,-84.181736,4/27/15 14:40,Injury,2,Daylight
6524145,Pedestrian,33.833741,-84.32402,12/21/17 10:45,Injury,2,Daylight
5420140,Pedestrian,33.772601,-84.380358,9/7/15 17:30,Injury,2,Daylight
5705403,Pedestrian,31.509073,-82.861493,4/6/16 13:30,Injury,2,Daylight
4422792,Pedestrian,33.806773,-84.393876,4/18/13 19:30,Injury,2,Daylight
5256198,Pedestrian,33.826044,-84.256055,4/17/15 13:30,Injury,2,Daylight
5733598,Pedestrian,34.142478,-83.953404,4/27/16 6:59,Injury,2,Daylight
4974074,Pedestrian,33.927605,-83.996726,9/11/14 12:15,Injury,2,Daylight
6138306,Pedestrian,33.888597,-84.330852,3/3/17 18:01,Injury,2,Daylight
4948065,Pedestrian,33.751529,-84.371214,8/21/14 16:00,Injury,2,Daylight
4535389,Pedestrian,31.632314,-82.90195,8/8/13 18:15,Injury,2,Daylight
5025779,Pedestrian,33.658801,-84.406088,10/20/14 15:14,Injury,2,Daylight
6274437,Pedestrian,33.951333,-83.376949,6/13/17 13:05,Injury,2,Daylight
5876597,Pedestrian,33.740388,-84.349262,8/7/16 19:20,Injury,2,Daylight
5765415,Pedestrian,30.930881,-83.246568,5/21/16 14:30,Injury,2,Daylight
5435710,Pedestrian,33.910362,-84.352674,7/9/15 13:23,Injury,2,Daylight
5533899,Pedestrian,32.042713,-81.0156,12/2/15 14:01,Injury,2,Daylight
5335727,Pedestrian,31.165008,-83.437024,6/24/15 15:31,Injury,2,Daylight
6486739,Pedestrian,32.048432,-81.166392,11/27/17 9:47,Injury,2,Daylight
6262611,Pedestrian,31.15966,-81.48534,6/2/17 14:41,Injury,2,Daylight
4410437,Pedestrian,33.754967,-84.262467,4/10/13 11:18,Injury,2,Daylight
6161232,Pedestrian,33.765405,-84.312634,1/13/17 9:18,Injury,2,Daylight
6287773,Pedestrian,33.748045,-84.393628,6/23/17 17:24,Injury,2,Daylight
6032862,Pedestrian,32.05248,-81.102115,12/8/16 10:52,Injury,2,Daylight
6252089,Pedestrian,31.572316,-84.151369,5/28/17 12:02,Injury,2,Daylight
5471352,Pedestrian,33.85743,-84.348379,10/15/15 16:51,Injury,2,Daylight
4912699,Pedestrian,33.605105,-84.434831,7/17/14 20:09,Injury,2,Daylight
4349758,Pedestrian,32.48777,-84.96996,2/9/13 9:25,Injury,2,Daylight
5459436,Pedestrian,32.064122,-81.101233,10/6/15 16:37,Injury,2,Daylight
6162230,Pedestrian,33.954489,-83.378158,2/13/17 11:02,Injury,2,Daylight
4612362,Pedestrian,33.961008,-83.376452,10/19/13 15:08,Injury,2,Daylight
5926167,Pedestrian,33.850594,-84.36231,9/18/16 10:45,Injury,2,Daylight
5932775,Pedestrian,34.342804,-83.905487,9/25/16 7:36,Injury,2,Daylight
5641477,Pedestrian,32.077923,-81.145366,1/21/16 8:20,Injury,2,Daylight
4850630,Pedestrian,34.768654,-84.959769,4/19/14 9:35,Injury,2,Daylight
4445241,Pedestrian,33.097797,-81.98136,5/13/13 18:15,Injury,2,Daylight
5691305,Pedestrian,34.111785,-84.057498,3/23/16 14:14,Injury,2,Daylight
4489197,Pedestrian,33.8869,-82.7423,6/27/13 15:30,Injury,2,Daylight
6212092,Pedestrian,33.42563,-82.092849,4/29/17 19:25,Injury,2,Daylight
4790793,Pedestrian,33.601333,-83.07868,4/12/14 11:04,Injury,2,Daylight
5429964,Pedestrian,33.890512,-84.227654,9/19/15 17:10,Injury,2,Daylight
5634632,Pedestrian,34.03203,-84.581298,2/5/16 13:52,Injury,2,Daylight
4401049,Pedestrian,31.991824,-81.268026,4/1/13 19:30,Injury,2,Daylight
4898752,Pedestrian,33.556394,-84.415865,7/6/14 19:45,Injury,2,Daylight
5105558,Pedestrian,33.468276,-82.074831,12/24/14 9:15,Injury,2,Daylight
5652700,Pedestrian,33.753311,-84.266223,2/24/16 10:00,Injury,2,Daylight
6137238,Pedestrian,32.054203,-81.0812,3/3/17 17:07,Injury,2,Daylight
4549341,Pedestrian,34.012733,-84.495865,8/20/13 16:05,Injury,2,Daylight
5405541,Pedestrian,34.115151,-84.006071,8/21/15 16:07,Injury,2,Daylight
4428410,Pedestrian,31.973972,-81.147045,4/29/13 16:04,Injury,2,Daylight
6293169,Pedestrian,34.066161,-84.57147,6/29/17 9:34,Injury,2,Daylight
6167054,Pedestrian,32.601909,-82.340356,3/20/17 18:20,Injury,2,Daylight
6361090,Pedestrian,31.933058,-81.932505,6/6/17 19:17,Injury,2,Daylight
4895261,Pedestrian,33.785692,-84.237448,7/2/14 12:15,Injury,2,Daylight
5263079,Pedestrian,31.00852,-83.509085,4/21/15 10:23,Injury,2,Daylight
4448608,Pedestrian,33.711732,-84.382286,4/25/13 14:01,Injury,2,Daylight
5698044,Pedestrian & Bicyclist,31.444371,-83.514245,3/23/16 17:10,Injury,2,Daylight
5408729,Bicyclist,32.08233,-81.096536,8/31/15 13:09,Property Damaged Only,1,Daylight
4922119,Bicyclist,33.782918,-84.263264,7/29/14 19:11,Property Damaged Only,1,Daylight
4543185,Bicyclist,33.818427,-84.351665,8/9/13 18:30,Property Damaged Only,1,Daylight
4783670,Bicyclist,33.79682,-84.563399,4/4/14 19:35,Property Damaged Only,1,Daylight
4585982,Bicyclist,33.404911,-82.066397,8/18/13 18:48,Property Damaged Only,1,Daylight
4916448,Bicyclist,33.518006,-84.387377,7/23/14 20:10,Property Damaged Only,1,Daylight
4523494,Bicyclist,31.23113,-84.2053,6/3/13 12:03,Property Damaged Only,1,Daylight
5822033,Bicyclist,31.575322,-84.158942,7/4/16 15:21,Property Damaged Only,1,Daylight
6334176,Bicyclist,33.483974,-81.992018,7/31/17 11:31,Property Damaged Only,1,Daylight
6042007,Bicyclist,34.092215,-84.479914,12/15/16 9:00,Property Damaged Only,1,Daylight
5353797,Bicyclist,33.760969,-84.460235,6/14/15 14:25,Property Damaged Only,1,Daylight
6484707,Bicyclist,33.479496,-82.002627,11/22/17 16:36,Property Damaged Only,1,Daylight
5695345,Bicyclist,33.783028,-84.382351,3/29/16 11:30,Property Damaged Only,1,Daylight
4357004,Bicyclist,30.83768,-83.976117,2/16/13 16:24,Property Damaged Only,1,Daylight
6105006,Bicyclist,33.959633,-84.03549,2/2/17 10:35,Property Damaged Only,1,Daylight
5341980,Bicyclist,33.832584,-84.690907,6/29/15 17:32,Property Damaged Only,1,Daylight
6356135,Bicyclist,33.764874,-84.341752,8/14/17 17:30,Property Damaged Only,1,Daylight
5799087,Bicyclist,34.0398,-84.326289,6/8/16 20:04,Property Damaged Only,1,Daylight
5298027,Bicyclist,33.839879,-84.064488,5/19/15 11:13,Property Damaged Only,1,Daylight
4937695,Bicyclist,32.064203,-81.10119,8/8/14 13:30,Property Damaged Only,1,Daylight
5694742,Bicyclist,34.02537,-84.480993,3/29/16 16:32,Property Damaged Only,1,Daylight
5583853,Bicyclist,33.950492,-84.533117,1/2/16 17:05,Property Damaged Only,1,Daylight
4825873,Bicyclist,33.995297,-84.20508,4/22/14 17:41,Property Damaged Only,1,Daylight
6451325,Bicyclist,31.460956,-83.517182,10/30/17 14:00,Property Damaged Only,1,Daylight
4639567,Bicyclist,33.804097,-84.39329,11/8/13 7:49,Property Damaged Only,1,Daylight
5452314,Bicyclist,33.731053,-85.028953,4/6/15 16:00,Property Damaged Only,1,Daylight
5121885,Bicyclist,32.211399,-82.400019,1/7/15 8:41,Property Damaged Only,1,Daylight
4616539,Bicyclist,33.776897,-84.393643,9/25/13 15:00,Property Damaged Only,1,Daylight
6201559,Bicyclist,33.950579,-84.641038,4/18/17 16:30,Property Damaged Only,1,Daylight
5791006,Bicyclist,33.816409,-84.182013,6/11/16 10:40,Property Damaged Only,1,Daylight
6207699,Bicyclist,30.872289,-84.201459,4/25/17 18:03,Property Damaged Only,1,Daylight
6562856,Bicyclist,31.705841,-83.255737,11/28/17 17:51,Property Damaged Only,1,Daylight
4489128,Bicyclist,33.612284,-84.472006,6/25/13 15:51,Property Damaged Only,1,Daylight
5319731,Bicyclist,34.27217,-85.235932,6/10/15 8:53,Property Damaged Only,1,Daylight
5354711,Bicyclist,32.05739,-81.1047,7/13/15 18:51,Property Damaged Only,1,Daylight
4682053,Bicyclist,32.42098,-81.80742,12/17/13 17:05,Injury,2,Daylight
4361749,Bicyclist,30.909236,-84.576577,1/2/13 11:13,Injury,2,Daylight
6291877,Bicyclist,33.054603,-84.153349,6/27/17 18:10,Injury,2,Daylight
4912147,Bicyclist,33.990856,-84.161014,6/2/14 18:25,Injury,2,Daylight
5942036,Bicyclist,33.908753,-84.206295,9/30/16 11:51,Injury,2,Daylight
4705065,Bicyclist,33.57146,-84.336413,1/15/14 9:35,Injury,2,Daylight
5930809,Bicyclist,33.961481,-84.06127,9/21/16 16:45,Injury,2,Daylight
4878335,Bicyclist,33.450445,-84.338378,6/15/14 17:44,Injury,2,Daylight
5262810,Bicyclist,32.881383,-84.320426,4/14/15 17:25,Injury,2,Daylight
5529216,Bicyclist,31.196716,-82.288118,11/25/15 12:33,Injury,2,Daylight
5834467,Bicyclist,32.603743,-82.312629,6/10/16 6:50,Injury,2,Daylight
6226735,Bicyclist,31.835711,-81.597669,5/5/17 14:47,Injury,2,Daylight
5191150,Bicyclist,33.941988,-83.375755,12/3/14 14:53,Injury,2,Daylight
4888763,Bicyclist,33.370274,-84.433789,6/8/14 13:40,Injury,2,Daylight
4514648,Bicyclist,33.93539,-83.373607,6/25/13 12:50,Injury,2,Daylight
6474411,Bicyclist,33.607124,-84.202595,11/15/17 15:04,Injury,2,Daylight
5004727,Bicyclist,33.940089,-84.463062,9/30/14 18:28,Injury,2,Daylight
5353448,Bicyclist,33.466054,-81.945056,7/12/15 13:45,Injury,2,Daylight
4961654,Bicyclist,33.75419,-84.93564,8/25/14 8:50,Injury,2,Daylight
4730684,Bicyclist,33.399656,-84.58613,10/7/13 13:02,Injury,2,Daylight
4998933,Bicyclist,34.376341,-83.945022,9/27/14 14:50,Injury,2,Daylight
5858606,Bicyclist,33.797919,-84.394671,7/26/16 14:30,Injury,2,Daylight
6278013,Bicyclist,33.035193,-85.018982,6/17/17 19:33,Injury,2,Daylight
5809613,Bicyclist,34.163061,-84.494826,6/23/16 19:57,Injury,2,Daylight
6234987,Bicyclist,33.918806,-84.197787,5/11/17 17:05,Injury,2,Daylight
4356476,Bicyclist,32.061592,-81.09474,2/17/13 12:38,Injury,2,Daylight
5732003,Pedestrian,33.44698,-84.147176,4/21/16 16:33,Property Damaged Only,1,Daylight
4328374,Pedestrian,33.575342,-84.412294,1/16/13 16:14,Property Damaged Only,1,Daylight
4794208,Pedestrian,33.645655,-84.014005,3/23/14 14:26,Property Damaged Only,1,Daylight
5411779,Pedestrian,34.005455,-84.170232,7/16/15 7:30,Property Damaged Only,1,Daylight
5261849,Pedestrian,32.480645,-84.907838,4/23/15 10:31,Property Damaged Only,1,Daylight
4561392,Pedestrian,32.495214,-84.980332,9/4/13 19:55,Property Damaged Only,1,Daylight
5158703,Pedestrian,32.108361,-81.15711,1/13/15 15:32,Property Damaged Only,1,Daylight
5876290,Pedestrian,32.843312,-83.652035,8/13/16 19:29,Property Damaged Only,1,Daylight
5454568,Pedestrian,33.996924,-84.137476,8/29/15 11:24,Property Damaged Only,1,Daylight
4469161,Pedestrian,33.612847,-84.429801,6/6/13 12:26,Property Damaged Only,1,Daylight
4719953,Pedestrian,32.472022,-84.967201,1/31/14 8:30,Property Damaged Only,1,Daylight
4586322,Pedestrian,33.48505,-82.02993,8/29/13 17:46,Property Damaged Only,1,Daylight
4336232,Pedestrian,32.053286,-81.061499,1/24/13 16:32,Property Damaged Only,1,Daylight
5053279,Pedestrian,33.042953,-83.937907,11/17/14 8:43,Property Damaged Only,1,Daylight
6369123,Pedestrian,34.880218,-84.95685,8/25/17 18:00,Property Damaged Only,1,Daylight
6179965,Pedestrian,33.95116,-84.13273,4/4/17 13:33,Property Damaged Only,1,Daylight
4360329,Pedestrian,32.055744,-81.105297,2/20/13 11:55,Property Damaged Only,1,Daylight
4614268,Pedestrian,32.50134,-84.9901,10/21/13 9:00,Property Damaged Only,1,Daylight
6254710,Pedestrian,33.70098,-84.270143,5/30/17 18:18,Property Damaged Only,1,Daylight
5668084,Pedestrian,33.909035,-84.266768,3/5/16 16:16,Property Damaged Only,1,Daylight
6157867,Pedestrian,33.940763,-83.387431,3/18/17 11:00,Property Damaged Only,1,Daylight
4453591,Pedestrian,33.443187,-82.061341,5/2/13 17:08,Property Damaged Only,1,Daylight
5830635,Pedestrian,33.510502,-82.03835,7/13/16 12:40,Property Damaged Only,1,Daylight
5032448,Pedestrian,33.823583,-84.367321,10/24/14 18:10,Property Damaged Only,1,Daylight
5167189,Pedestrian,33.731919,-84.413311,11/17/14 8:00,Property Damaged Only,1,Daylight
5980854,Pedestrian,33.991002,-84.403534,10/29/16 12:32,Property Damaged Only,1,Daylight
4384506,Pedestrian,33.855793,-84.382656,3/15/13 8:25,Property Damaged Only,1,Daylight
4574295,Pedestrian,33.956333,-83.988376,9/19/13 15:28,Property Damaged Only,1,Daylight
6301092,Pedestrian,33.753112,-84.391322,7/5/17 19:13,Property Damaged Only,1,Daylight
4339898,Pedestrian,32.49351,-84.97045,1/30/13 7:35,Property Damaged Only,1,Daylight
5911556,Pedestrian,33.960997,-83.376468,9/9/16 13:48,Property Damaged Only,1,Daylight
5588424,Pedestrian,33.590138,-83.762288,8/27/14 18:23,Property Damaged Only,1,Daylight
5710063,Pedestrian,33.508893,-82.024109,4/8/16 13:55,Property Damaged Only,1,Daylight
4662895,Pedestrian,33.944273,-83.984366,11/29/13 13:53,Property Damaged Only,1,Daylight
6119740,Pedestrian,33.961616,-83.399118,2/15/17 16:08,Property Damaged Only,1,Daylight
4403586,Pedestrian,33.764651,-84.391183,3/31/13 12:02,Property Damaged Only,1,Daylight
4547578,Pedestrian,33.65419,-84.04066,7/25/13 11:48,Property Damaged Only,1,Daylight
6386636,Pedestrian,33.863522,-84.289277,9/9/17 16:22,Property Damaged Only,1,Daylight
4840660,Pedestrian,33.975486,-84.391345,5/8/14 8:32,Property Damaged Only,1,Daylight
4538145,Pedestrian,33.923354,-83.976015,8/12/13 17:28,Property Damaged Only,1,Daylight
5650118,Pedestrian,33.900781,-84.475174,2/24/16 10:42,Property Damaged Only,1,Daylight
5702148,Pedestrian,33.558802,-84.370883,4/5/16 11:05,Property Damaged Only,1,Daylight
4950399,Pedestrian,33.90389,-84.233373,8/21/14 19:53,Property Damaged Only,1,Daylight
5652880,Pedestrian,33.573675,-84.402059,2/27/16 17:22,Property Damaged Only,1,Daylight
4612024,Pedestrian,32.081404,-81.09347,10/19/13 15:26,Property Damaged Only,1,Daylight
5167680,Pedestrian,33.890637,-84.381318,2/5/15 9:09,Property Damaged Only,1,Daylight
4407429,Pedestrian,33.764991,-84.385556,4/5/13 13:04,Property Damaged Only,1,Daylight
4737318,Pedestrian,32.068641,-81.101603,2/18/14 13:59,Property Damaged Only,1,Daylight
4390843,Pedestrian,34.069168,-84.175127,2/18/13 17:45,Property Damaged Only,1,Daylight
6134252,Pedestrian,33.619829,-84.382968,3/1/17 10:59,Property Damaged Only,1,Daylight
6370322,Pedestrian,32.842003,-83.631419,8/28/17 7:35,Property Damaged Only,1,Daylight
5611131,Pedestrian,34.175943,-84.798479,1/25/16 21:48,Property Damaged Only,1,Daylight
5157425,Pedestrian,32.578018,-83.707578,9/25/14 17:22,Property Damaged Only,1,Daylight
4981538,Pedestrian,33.485455,-82.092796,9/16/14 13:06,Property Damaged Only,1,Daylight
4887193,Pedestrian,30.800035,-81.69025,6/5/14 16:50,Property Damaged Only,1,Daylight
4960766,Pedestrian,33.757117,-84.384242,8/29/14 17:45,Property Damaged Only,1,Daylight
6271143,Pedestrian,33.73786,-84.29089,6/11/17 14:00,Property Damaged Only,1,Daylight
6156277,Pedestrian,32.03285,-81.076404,3/19/17 17:19,Property Damaged Only,1,Daylight
4398869,Pedestrian,32.070077,-81.057296,3/31/13 13:57,Property Damaged Only,1,Daylight
5828479,Pedestrian,33.785586,-84.236759,7/6/16 12:50,Property Damaged Only,1,Daylight
4665306,Pedestrian,32.482695,-84.936307,12/6/13 13:24,Property Damaged Only,1,Daylight
4347150,Pedestrian,33.932073,-84.498649,1/15/13 16:05,Property Damaged Only,1,Daylight
5526207,Pedestrian,33.98537,-84.616658,11/27/15 9:48,Property Damaged Only,1,Daylight
4759365,Pedestrian,33.46823,-82.08017,3/12/14 12:11,Property Damaged Only,1,Daylight
4540408,Pedestrian,32.506869,-84.962409,8/15/13 14:20,Property Damaged Only,1,Daylight
4572901,Pedestrian,32.096102,-81.138276,9/17/13 15:30,Property Damaged Only,1,Daylight
5788860,Pedestrian,31.572852,-84.329122,6/8/16 11:42,Property Damaged Only,1,Daylight
6434962,Pedestrian,32.821448,-83.696876,10/20/17 7:22,Property Damaged Only,1,Daylight
5220413,Pedestrian,33.46854,-82.00053,3/18/15 15:33,Property Damaged Only,1,Daylight
6155572,Pedestrian,32.1807,-82.66751,3/16/17 16:50,Fatal,3,Daylight
6343895,Pedestrian,33.622473,-84.474364,8/5/17 16:59,Injury,2,Daylight
4998158,Pedestrian,33.51292,-84.138761,9/27/14 17:01,Injury,2,Daylight
5900730,Pedestrian,33.947255,-84.126701,8/30/16 16:27,Injury,2,Daylight
4609215,Pedestrian,31.156817,-81.489878,10/14/13 16:04,Injury,2,Daylight
6371953,Pedestrian,33.744083,-84.66375,8/24/17 10:23,Injury,2,Daylight
4713488,Pedestrian,33.791189,-84.31647,1/25/14 15:27,Injury,2,Daylight
4376609,Pedestrian,33.836202,-84.311445,3/8/13 14:19,Injury,2,Daylight
5384018,Pedestrian,31.766539,-81.632318,8/8/15 14:41,Injury,2,Daylight
5716503,Pedestrian,34.200813,-83.454202,4/7/16 13:40,Injury,2,Daylight
4882735,Pedestrian,33.938134,-84.096073,6/7/14 14:40,Injury,2,Daylight
6074780,Pedestrian,32.033024,-81.068296,1/11/17 8:41,Injury,2,Daylight
4622850,Pedestrian,33.697688,-84.457326,10/20/13 12:33,Injury,2,Daylight
4905253,Pedestrian,32.831801,-83.671014,7/11/14 16:56,Injury,2,Daylight
4785411,Pedestrian,33.880274,-84.274661,3/7/14 11:28,Injury,2,Daylight
5390180,Pedestrian,34.053224,-84.574973,8/12/15 8:32,Injury,2,Daylight
5419575,Pedestrian,33.708145,-84.379954,8/16/15 14:41,Injury,2,Daylight
5940746,Pedestrian,33.90205,-84.593715,9/28/16 18:30,Injury,2,Daylight
5593590,Pedestrian,33.860616,-84.337345,1/11/16 13:12,Injury,2,Daylight
5965756,Pedestrian,33.826775,-84.35395,10/18/16 16:38,Injury,2,Daylight
5701295,Pedestrian,34.269531,-85.148461,4/4/16 16:53,Injury,2,Daylight
5302363,Pedestrian,33.960357,-83.327176,5/23/15 18:48,Injury,2,Daylight
5924093,Pedestrian,33.938661,-83.376245,8/22/16 14:21,Injury,2,Daylight
4547095,Pedestrian,33.800724,-84.327013,8/22/13 8:00,Injury,2,Daylight
6253668,Pedestrian,31.92574,-81.30608,5/25/17 17:50,Injury,2,Daylight
5555034,Pedestrian,33.702627,-84.287987,12/15/15 18:49,Injury,2,Daylight
5239149,Pedestrian,34.9031,-85.284805,3/31/15 16:30,Injury,2,Daylight
4707032,Pedestrian,30.851611,-83.945583,12/5/13 15:11,Injury,2,Daylight
5292253,Pedestrian,33.850537,-84.362052,5/16/15 13:49,Injury,2,Daylight
6354821,Pedestrian,33.967054,-84.129983,8/12/17 13:49,Injury,2,Daylight
5760980,Pedestrian,34.193878,-84.535623,5/18/16 15:34,Injury,2,Daylight
4949080,Pedestrian,33.510508,-84.398691,8/22/14 17:49,Injury,2,Daylight
5553321,Pedestrian,33.761838,-84.196661,12/15/15 17:10,Injury,2,Daylight
5435680,Pedestrian,33.879944,-84.379863,7/8/15 13:28,Injury,2,Daylight
6206224,Pedestrian,34.252921,-84.088635,4/20/17 13:52,Injury,2,Daylight
5959717,Pedestrian,33.851684,-84.360844,10/14/16 17:16,Injury,2,Daylight
5700612,Pedestrian,33.981651,-84.017846,3/28/16 18:37,Injury,2,Daylight
5688055,Pedestrian,34.302301,-83.863182,3/23/16 18:50,Injury,2,Daylight