incidentIdNbr,crashType,latitude,longitude,dateOfIncidentDate,severity,Mag,lightCondition
5249389,Pedestrian,30.830487,-83.268916,4/10/15 16:30,Injury,2,Daylight
4833604,Pedestrian,32.059065,-81.085695,5/1/14 16:55,Injury,2,Daylight
6510041,Pedestrian,33.757133,-84.386103,11/28/17 9:24,Injury,2,Daylight
5688401,Pedestrian,32.820801,-83.709731,3/25/16 10:39,Injury,2,Daylight
6355585,Pedestrian,33.77753,-84.205345,8/15/17 17:29,Injury,2,Daylight
4564080,Pedestrian,34.50045,-84.95928,9/8/13 18:27,Injury,2,Daylight
6169659,Pedestrian,33.752512,-84.590171,3/26/17 10:25,Injury,2,Daylight
6507406,Pedestrian,34.3159,-83.75359,12/9/17 17:03,Injury,2,Daylight
6196410,Pedestrian,33.749736,-84.3879,4/13/17 10:50,Injury,2,Daylight
4557542,Pedestrian,32.072912,-81.083718,8/31/13 15:00,Injury,2,Daylight
6300802,Pedestrian,32.109336,-81.15837,6/29/17 11:45,Injury,2,Daylight
5770515,Pedestrian,33.952944,-84.14053,5/23/16 19:19,Injury,2,Daylight
5752952,Pedestrian,34.068611,-84.17038,4/28/16 13:04,Injury,2,Daylight
5283040,Pedestrian,34.807524,-83.425753,5/7/15 13:25,Injury,2,Daylight
4457515,Pedestrian,30.838571,-83.32529,5/23/13 8:00,Injury,2,Daylight
5683708,Pedestrian,33.69914,-84.159584,3/21/16 16:30,Injury,2,Daylight
5959541,Pedestrian,33.823607,-84.369158,10/14/16 13:56,Injury,2,Daylight
4784855,Pedestrian,33.31729,-83.39239,4/7/14 17:51,Injury,2,Daylight
4445962,Pedestrian,32.789515,-83.707666,4/22/13 15:52,Injury,2,Daylight
5093830,Pedestrian,32.790095,-83.645747,12/13/14 12:55,Injury,2,Daylight
5250494,Pedestrian,33.419292,-82.010646,4/10/15 18:28,Injury,2,Daylight
6057481,Pedestrian,31.617178,-81.874065,11/24/16 17:11,Injury,2,Daylight
6106899,Pedestrian,33.958744,-83.40517,2/5/17 13:31,Injury,2,Daylight
5458780,Pedestrian,33.750834,-84.389916,10/1/15 17:05,Injury,2,Daylight
4973694,Pedestrian,33.74685,-84.379286,9/8/14 12:50,Injury,2,Daylight
6480805,Pedestrian,33.841915,-84.233682,11/20/17 10:11,Injury,2,Daylight
5921044,Pedestrian,33.71208,-84.338539,9/15/16 18:43,Injury,2,Daylight
5078494,Pedestrian,31.208594,-81.980169,12/6/14 15:07,Injury,2,Daylight
6192708,Pedestrian & Bicyclist,32.214266,-82.405494,4/13/17 7:50,Property Damaged Only,1,Daylight
4398191,Pedestrian & Bicyclist,31.19038,-81.49463,3/29/13 18:23,Injury,2,Daylight
4880987,Pedestrian & Bicyclist,32.578099,-83.719976,5/30/14 15:51,Injury,2,Daylight
6406255,Pedestrian & Bicyclist,33.78117,-84.68437,9/18/17 19:16,Injury,2,Daylight
6387462,Pedestrian & Bicyclist,33.925682,-84.83941,9/4/17 16:00,Injury,2,Daylight
5870689,Bicyclist,33.799211,-84.097147,8/2/16 19:52,Property Damaged Only,1,Daylight
5063830,Bicyclist,33.773421,-84.367652,11/4/14 16:43,Property Damaged Only,1,Daylight
4566799,Bicyclist,32.792913,-83.649609,8/20/13 16:33,Property Damaged Only,1,Daylight
6461527,Bicyclist,33.384629,-84.569672,11/6/17 16:58,Property Damaged Only,1,Daylight
4696786,Bicyclist,33.736889,-85.15056,1/6/14 15:10,Property Damaged Only,1,Daylight
5030962,Bicyclist,33.843888,-84.371567,10/22/14 9:00,Property Damaged Only,1,Daylight
4784227,Bicyclist,33.804684,-84.393565,4/1/14 14:45,Property Damaged Only,1,Daylight
6108808,Bicyclist,32.104405,-81.152329,11/16/16 13:01,Property Damaged Only,1,Daylight
4473417,Bicyclist,33.94457,-83.9944,6/10/13 13:39,Property Damaged Only,1,Daylight
5926747,Bicyclist,33.944443,-83.380166,9/19/16 9:18,Property Damaged Only,1,Daylight
5285385,Bicyclist,33.869557,-84.62806,5/10/15 15:14,Property Damaged Only,1,Daylight
4961802,Bicyclist,32.539868,-82.944396,1/4/14 10:15,Property Damaged Only,1,Daylight
4468567,Bicyclist,33.995787,-84.507776,6/4/13 10:47,Property Damaged Only,1,Daylight
6470246,Bicyclist,33.776843,-84.388998,7/11/17 17:09,Property Damaged Only,1,Daylight
4895069,Bicyclist,33.835604,-84.150189,6/27/14 11:51,Property Damaged Only,1,Daylight
5772919,Bicyclist,33.764766,-84.38751,5/25/16 13:40,Property Damaged Only,1,Daylight
5252804,Bicyclist,32.061058,-81.092847,4/14/15 16:34,Property Damaged Only,1,Daylight
5363192,Bicyclist,33.781559,-84.384022,7/20/15 13:35,Property Damaged Only,1,Daylight
5780138,Bicyclist,32.05248,-81.102115,6/1/16 17:41,Property Damaged Only,1,Daylight
5512129,Bicyclist,33.927772,-84.311928,11/16/15 10:37,Property Damaged Only,1,Daylight
5667944,Bicyclist,30.847007,-83.275475,3/9/16 12:02,Property Damaged Only,1,Daylight
4360422,Bicyclist,33.812245,-84.151235,2/17/13 16:41,Property Damaged Only,1,Daylight
5177674,Bicyclist,30.843953,-83.977968,2/14/15 16:01,Property Damaged Only,1,Daylight
5072362,Bicyclist,32.049231,-81.089233,12/2/14 10:45,Property Damaged Only,1,Daylight
5792680,Bicyclist,33.756278,-84.29151,5/10/16 15:56,Property Damaged Only,1,Daylight
5811172,Bicyclist,32.540502,-82.928614,6/25/16 7:21,Property Damaged Only,1,Daylight
4512589,Bicyclist,34.119126,-84.278426,2/2/13 13:11,Fatal,3,Daylight
4841435,Bicyclist,31.595775,-84.175908,5/9/14 9:02,Injury,2,Daylight
4624180,Bicyclist,34.051938,-84.334692,9/18/13 13:36,Injury,2,Daylight
4867460,Bicyclist,34.010892,-84.432921,6/2/14 13:30,Injury,2,Daylight
5016779,Bicyclist,31.23675,-83.581535,10/11/14 12:15,Injury,2,Daylight
4526979,Bicyclist,33.988237,-83.357384,8/1/13 11:17,Injury,2,Daylight
6067784,Bicyclist,33.7976,-84.77139,1/3/17 14:22,Injury,2,Daylight
4879989,Bicyclist,33.921236,-83.341699,6/13/14 18:11,Injury,2,Daylight
5285557,Bicyclist,33.818122,-84.226372,5/10/15 11:19,Injury,2,Daylight
5301171,Bicyclist,33.948749,-83.409463,5/22/15 11:09,Injury,2,Daylight
6478624,Bicyclist,33.566559,-84.261636,11/18/17 19:03,Injury,2,Daylight
6173744,Bicyclist,32.752552,-83.849357,3/28/17 18:48,Injury,2,Daylight
6501693,Bicyclist,33.976107,-83.364582,12/5/17 16:11,Injury,2,Daylight
5259700,Bicyclist,33.756222,-84.310468,3/25/15 12:57,Injury,2,Daylight
6360991,Bicyclist,33.932205,-83.334393,8/18/17 15:56,Injury,2,Daylight
5422287,Bicyclist,33.969847,-84.398198,9/9/15 16:36,Injury,2,Daylight
5407531,Bicyclist,33.879079,-84.471639,8/26/15 20:30,Injury,2,Daylight
4795580,Bicyclist,33.944443,-83.380166,4/2/14 7:36,Injury,2,Daylight
6099897,Bicyclist,33.84969,-84.36617,1/30/17 15:52,Injury,2,Daylight
4872936,Bicyclist,32.06104,-84.21835,6/5/14 10:49,Injury,2,Daylight
5823990,Bicyclist,33.448717,-84.146129,7/7/16 9:16,Injury,2,Daylight
4443745,Bicyclist,34.027344,-84.472556,5/13/13 16:51,Injury,2,Daylight
5553064,Bicyclist,32.066967,-81.137565,12/15/15 6:59,Injury,2,Daylight
5631987,Bicyclist,33.785868,-84.410018,2/9/16 9:20,Injury,2,Daylight
5351024,Bicyclist,34.768839,-84.77191,7/9/15 18:35,Injury,2,Daylight
4600973,Bicyclist,32.438394,-81.7626,9/10/13 15:40,Injury,2,Daylight
5012148,Bicyclist,30.957842,-81.704552,10/5/14 9:45,Injury,2,Daylight
6058001,Bicyclist,32.449372,-81.793489,11/29/16 7:26,Injury,2,Daylight
6404805,Bicyclist,33.732955,-84.387927,9/22/17 15:56,Injury,2,Daylight
4421594,Bicyclist,34.0507,-83.18653,4/22/13 13:59,Injury,2,Daylight
6493860,Bicyclist,33.737919,-84.420494,10/13/17 16:35,Injury,2,Daylight
4846484,Bicyclist,33.92818,-83.299186,5/14/14 12:49,Injury,2,Daylight
5354842,Bicyclist,33.768675,-84.175952,7/13/15 18:06,Injury,2,Daylight
5283090,Bicyclist,33.56823,-84.57891,5/9/15 13:02,Injury,2,Daylight
5243492,Pedestrian,33.757401,-84.269701,4/3/15 17:19,Property Damaged Only,1,Daylight
4861283,Pedestrian,33.837259,-84.069917,5/23/14 18:58,Property Damaged Only,1,Daylight
5012223,Pedestrian,33.7828,-84.236762,10/9/14 9:10,Property Damaged Only,1,Daylight
6265859,Pedestrian,226.8856,144.35,6/7/17 9:27,Property Damaged Only,1,Daylight
5721040,Pedestrian,33.462276,-82.096524,4/20/16 12:50,Property Damaged Only,1,Daylight
6301235,Pedestrian,34.019829,-84.039135,7/6/17 15:38,Property Damaged Only,1,Daylight
5937921,Pedestrian,33.76959,-84.46375,9/27/16 16:20,Property Damaged Only,1,Daylight
5972231,Pedestrian,31.9632,-83.765325,10/24/16 17:51,Property Damaged Only,1,Daylight
5371139,Pedestrian,33.035223,-84.150918,7/21/15 13:00,Property Damaged Only,1,Daylight
6205843,Pedestrian,33.87011,-84.7648,4/23/17 17:10,Property Damaged Only,1,Daylight
5157845,Pedestrian,31.208156,-81.475046,2/2/15 7:42,Property Damaged Only,1,Daylight
5627530,Pedestrian,33.741663,-84.40279,2/2/16 16:03,Property Damaged Only,1,Daylight
5846009,Pedestrian,33.489125,-82.005628,7/20/16 10:27,Property Damaged Only,1,Daylight
5726409,Pedestrian,33.808449,-84.57751,4/18/16 18:20,Property Damaged Only,1,Daylight
6195232,Pedestrian,33.645148,-84.278068,4/16/17 9:43,Property Damaged Only,1,Daylight
6489886,Pedestrian,33.581298,-84.34036,11/17/17 13:59,Property Damaged Only,1,Daylight
6083105,Pedestrian,33.446988,-84.147223,1/14/17 11:08,Property Damaged Only,1,Daylight
5519336,Pedestrian,34.484628,-84.944796,11/22/15 14:55,Property Damaged Only,1,Daylight
5301217,Pedestrian,33.023784,-85.024143,5/24/15 13:05,Property Damaged Only,1,Daylight
6038378,Pedestrian,33.780442,-84.20405,11/9/16 8:25,Property Damaged Only,1,Daylight
5634342,Pedestrian,33.777366,-84.565741,2/9/16 16:35,Property Damaged Only,1,Daylight
6093029,Pedestrian,33.574805,-84.371716,1/25/17 10:25,Property Damaged Only,1,Daylight
4789399,Pedestrian,33.849967,-84.713024,4/9/14 18:00,Property Damaged Only,1,Daylight
4669831,Pedestrian,33.923797,-84.338174,12/10/13 17:07,Property Damaged Only,1,Daylight
5954879,Pedestrian,33.983635,-84.350392,10/11/16 12:22,Property Damaged Only,1,Daylight
5929110,Pedestrian,33.969378,-84.489044,9/19/16 10:51,Property Damaged Only,1,Daylight
4503179,Pedestrian,32.068573,-81.116465,7/13/13 13:30,Property Damaged Only,1,Daylight
5456331,Pedestrian,32.046936,-81.108647,10/5/15 10:09,Property Damaged Only,1,Daylight
5348561,Pedestrian,31.985323,-81.156344,7/7/15 8:15,Property Damaged Only,1,Daylight
6212095,Pedestrian,33.469323,-82.067831,4/29/17 18:59,Property Damaged Only,1,Daylight
5356096,Pedestrian,30.784867,-83.556506,6/27/15 11:10,Property Damaged Only,1,Daylight
5252607,Pedestrian,33.812009,-84.554408,4/13/15 16:03,Property Damaged Only,1,Daylight
6326429,Pedestrian,33.976695,-83.357905,7/27/17 7:00,Property Damaged Only,1,Daylight
4661714,Pedestrian,33.94224,-84.250141,12/3/13 10:20,Property Damaged Only,1,Daylight
4397879,Pedestrian,32.408213,-84.935768,3/29/13 9:20,Property Damaged Only,1,Daylight
5921733,Pedestrian,33.182634,-83.259527,9/13/16 10:25,Property Damaged Only,1,Daylight
6117966,Pedestrian,33.572372,-84.410628,2/13/17 16:14,Property Damaged Only,1,Daylight
5767883,Pedestrian,33.732711,-84.145266,5/23/16 13:32,Property Damaged Only,1,Daylight
4603137,Pedestrian,33.563957,-84.344638,10/10/13 16:30,Property Damaged Only,1,Daylight
4919910,Pedestrian,34.111153,-84.15254,2/27/14 7:51,Property Damaged Only,1,Daylight
5840410,Pedestrian,33.946623,-84.535822,7/15/16 8:39,Property Damaged Only,1,Daylight
6363868,Pedestrian,33.687829,-84.310748,8/14/17 19:01,Property Damaged Only,1,Daylight
4709878,Pedestrian,32.444322,-84.95305,1/21/14 16:20,Property Damaged Only,1,Daylight
5270135,Pedestrian,32.46602,-84.916659,4/29/15 11:09,Property Damaged Only,1,Daylight
6000367,Pedestrian,33.578441,-84.39185,11/15/16 8:43,Property Damaged Only,1,Daylight
6303563,Pedestrian,34.293996,-83.829645,7/8/17 4:26,Property Damaged Only,1,Daylight
5401549,Pedestrian,34.15575,-84.43172,8/24/15 7:04,Property Damaged Only,1,Daylight
4584554,Pedestrian,32.48233,84.94486,9/27/13 12:15,Property Damaged Only,1,Daylight
6193908,Pedestrian,32.079853,-81.140326,4/6/17 16:50,Property Damaged Only,1,Daylight
5588358,Pedestrian,33.585246,-83.970133,10/4/14 18:18,Property Damaged Only,1,Daylight
5493990,Pedestrian,33.91064,-84.20518,11/1/15 13:41,Property Damaged Only,1,Daylight
5726797,Pedestrian,33.748962,-84.681327,4/20/16 11:13,Property Damaged Only,1,Daylight
5161969,Pedestrian,33.775579,-84.298882,10/29/14 18:49,Property Damaged Only,1,Daylight
6004293,Pedestrian,34.476946,-85.347504,11/15/16 16:10,Property Damaged Only,1,Daylight
6370575,Pedestrian,33.69279,-84.260506,8/28/17 16:20,Property Damaged Only,1,Daylight
5879413,Pedestrian,33.999375,-84.565685,8/16/16 6:30,Property Damaged Only,1,Daylight
6038176,Pedestrian,33.863895,-84.218285,12/8/16 15:55,Property Damaged Only,1,Daylight
5173628,Pedestrian,33.838757,-84.343261,2/10/15 18:20,Property Damaged Only,1,Daylight
6094249,Pedestrian,33.780422,-84.238448,1/26/17 12:23,Property Damaged Only,1,Daylight
5282509,Pedestrian,33.812852,-84.307788,5/9/15 11:55,Property Damaged Only,1,Daylight
5533411,Pedestrian,31.865276,-82.599544,11/30/15 11:33,Property Damaged Only,1,Daylight
5747806,Pedestrian,31.574455,-84.094743,5/9/16 9:47,Property Damaged Only,1,Daylight
5964503,Pedestrian,32.07924,-81.088951,10/19/16 15:09,Property Damaged Only,1,Daylight
6390723,Pedestrian,34.059852,-84.383451,9/8/17 16:02,Property Damaged Only,1,Daylight
4549351,Pedestrian,33.887186,-84.629542,8/21/13 15:58,Property Damaged Only,1,Daylight
4866252,Pedestrian,33.701641,-84.235169,6/2/14 17:51,Property Damaged Only,1,Daylight
4947416,Pedestrian,31.607347,-84.1758,8/21/14 18:51,Property Damaged Only,1,Daylight
5909045,Pedestrian,33.108197,-83.227946,8/18/16 12:44,Property Damaged Only,1,Daylight
4755603,Pedestrian,33.810042,-84.392721,2/26/14 18:25,Property Damaged Only,1,Daylight
5905520,Pedestrian,33.764033,-84.233717,9/5/16 14:45,Property Damaged Only,1,Daylight
5720082,Pedestrian,32.103978,-81.149846,4/19/16 14:34,Property Damaged Only,1,Daylight
6067058,Pedestrian,32.082998,-81.09956,1/4/17 9:12,Property Damaged Only,1,Daylight
5340971,Pedestrian,34.372222,-82.89337,6/29/15 12:40,Property Damaged Only,1,Daylight
5993518,Pedestrian,33.463872,-82.495643,10/31/16 13:50,Property Damaged Only,1,Daylight
5064794,Pedestrian,34.274309,-85.219986,11/25/14 15:32,Property Damaged Only,1,Daylight
4626952,Pedestrian,33.47319,-81.98167,10/4/13 13:26,Property Damaged Only,1,Daylight
4377788,Pedestrian,32.507135,-84.988691,3/11/13 10:25,Property Damaged Only,1,Daylight
5967765,Pedestrian,32.802968,-83.66243,10/21/16 16:00,Property Damaged Only,1,Daylight
5301237,Pedestrian,32.042689,-81.066991,5/24/15 15:47,Property Damaged Only,1,Daylight
5867913,Pedestrian,31.632434,-82.019182,12/25/15 7:16,Property Damaged Only,1,Daylight
4829293,Pedestrian,33.419943,-82.040836,4/27/14 17:36,Property Damaged Only,1,Daylight
4924709,Pedestrian,31.575503,-84.145093,8/1/14 0:00,Property Damaged Only,1,Daylight
4895979,Pedestrian,33.947024,-83.40519,7/2/14 16:20,Property Damaged Only,1,Daylight
6417141,Pedestrian,32.386909,-83.355185,9/28/17 8:42,Property Damaged Only,1,Daylight
5426503,Pedestrian,32.262354,-83.741001,9/14/15 11:55,Fatal,3,Daylight
4433849,Pedestrian,33.70732,-84.76761,4/25/13 16:02,Injury,2,Daylight
4674262,Pedestrian,33.933757,-84.502749,12/11/13 17:14,Injury,2,Daylight
5880586,Pedestrian,33.241785,-84.211227,8/15/16 7:00,Injury,2,Daylight
5800813,Pedestrian,33.74173,-84.41094,6/15/16 14:12,Injury,2,Daylight
6006100,Pedestrian,33.751884,-84.467469,11/19/16 10:55,Injury,2,Daylight
4669991,Pedestrian,33.06952,-83.22392,11/24/13 13:50,Injury,2,Daylight
6323771,Pedestrian,33.642802,-84.454489,6/17/17 7:36,Injury,2,Daylight
4822453,Pedestrian,33.838166,-83.960042,4/21/14 17:14,Injury,2,Daylight
5931887,Pedestrian,31.205775,-81.375831,9/23/16 6:58,Injury,2,Daylight
5813837,Pedestrian,33.972841,-83.392479,6/27/16 15:00,Injury,2,Daylight
5403126,Pedestrian,33.842272,-84.22326,8/25/15 16:07,Injury,2,Daylight
5286514,Pedestrian,34.548234,-83.994191,5/12/15 17:00,Injury,2,Daylight
6495892,Pedestrian,33.649246,-84.011055,12/1/17 14:38,Injury,2,Daylight
4649935,Pedestrian,33.856039,-84.011214,11/20/13 15:05,Injury,2,Daylight
4354611,Pedestrian,32.49705,-84.96247,2/14/13 14:44,Injury,2,Daylight
5167344,Pedestrian,33.757097,-84.382339,11/14/14 12:55,Injury,2,Daylight
6439109,Pedestrian,33.694953,-84.457333,10/23/17 8:30,Injury,2,Daylight
6533999,Pedestrian,30.85369,-83.952508,12/30/17 13:36,Injury,2,Daylight
5906871,Pedestrian,34.346825,-84.657702,9/5/16 18:56,Injury,2,Daylight
5669619,Pedestrian,33.756613,-84.395477,3/4/16 17:05,Injury,2,Daylight
5885898,Pedestrian,33.604308,-84.368477,8/20/16 13:11,Injury,2,Daylight
6325662,Pedestrian,33.752069,-84.392145,7/25/17 16:33,Injury,2,Daylight
6417485,Pedestrian,33.972062,-84.537122,10/4/17 15:55,Injury,2,Daylight
5306416,Pedestrian,33.757117,-84.384242,5/27/15 7:10,Injury,2,Daylight
4439825,Pedestrian,33.806713,-84.393919,5/8/13 8:00,Injury,2,Daylight
4770899,Pedestrian,31.215608,-81.983734,3/23/14 10:49,Injury,2,Daylight
5857150,Pedestrian,33.570532,-84.412716,7/30/16 8:32,Injury,2,Daylight
6286912,Pedestrian,33.638723,-84.35647,6/24/17 16:37,Injury,2,Daylight
5801165,Pedestrian,31.180228,-83.762113,5/27/16 10:36,Injury,2,Daylight
5523795,Pedestrian,34.877086,-84.32479,11/23/15 13:07,Injury,2,Daylight
4490270,Pedestrian,33.891285,-84.578432,6/25/13 17:20,Injury,2,Daylight
5915380,Pedestrian,33.824944,-84.358698,9/11/16 16:29,Injury,2,Daylight
6270811,Pedestrian,32.520319,-84.964698,6/10/17 9:20,Injury,2,Daylight
5823098,Pedestrian,34.036759,-84.584744,7/6/16 13:54,Injury,2,Daylight
6166245,Pedestrian,34.097052,-84.580781,3/26/17 0:00,Injury,2,Daylight
5545674,Pedestrian,33.925893,-84.174629,12/8/15 14:00,Injury,2,Daylight
6078674,Pedestrian,33.922687,-84.484587,1/14/17 16:50,Injury,2,Daylight
5711363,Pedestrian,31.586443,-84.156045,4/11/16 15:17,Injury,2,Daylight
4556398,Pedestrian,33.738513,-84.73078,8/23/13 16:20,Injury,2,Daylight
4684786,Pedestrian,33.743538,-84.403976,12/17/13 15:00,Injury,2,Daylight
6197638,Pedestrian,33.810416,-84.193716,4/17/17 0:00,Injury,2,Daylight
4333063,Pedestrian,34.241302,-84.87646,1/19/13 6:55,Injury,2,Daylight
6162177,Pedestrian,33.7666,-84.506131,3/22/17 16:40,Injury,2,Daylight
5067557,Pedestrian,33.467786,-82.078514,11/26/14 17:26,Injury,2,Daylight
6484368,Pedestrian,32.4059,-84.92895,11/23/17 9:58,Injury,2,Daylight
4909663,Pedestrian,33.837084,-84.381406,7/12/14 17:20,Injury,2,Daylight
4951984,Pedestrian,31.609678,-84.2108,8/22/14 10:55,Injury,2,Daylight
6044163,Pedestrian,33.895478,-84.47061,12/14/16 15:14,Injury,2,Daylight
6215967,Pedestrian,32.197753,-81.346524,4/30/17 19:15,Injury,2,Daylight
5111460,Pedestrian,33.901752,-84.82974,12/20/14 10:53,Injury,2,Daylight
5598411,Pedestrian,34.016049,-84.614623,1/14/16 17:21,Injury,2,Daylight
4382625,Pedestrian,31.126066,-83.12365,3/3/13 13:40,Injury,2,Daylight
5742745,Pedestrian,33.77128,-84.38189,5/2/16 10:32,Injury,2,Daylight
5770406,Pedestrian,34.185495,-83.591547,5/24/16 15:45,Injury,2,Daylight
4354941,Pedestrian,33.8163,-84.883804,2/13/13 11:50,Injury,2,Daylight
5802743,Pedestrian,34.027114,-83.940071,6/17/16 16:21,Injury,2,Daylight
6425000,Pedestrian,31.430061,-81.42957,9/29/17 17:45,Injury,2,Daylight
5439785,Pedestrian,33.367482,-84.779462,9/21/15 11:26,Injury,2,Daylight
5284294,Pedestrian,33.782306,-84.368508,5/2/15 11:45,Injury,2,Daylight
6377497,Pedestrian,34.133827,-84.515723,9/1/17 9:29,Injury,2,Daylight
5978297,Pedestrian,33.025729,-85.023711,10/29/16 19:43,Injury,2,Daylight
6077597,Pedestrian,32.072705,-81.086232,1/13/17 10:12,Injury,2,Daylight
5037009,Pedestrian & Bicyclist,31.575361,-84.151383,10/31/14 16:37,Property Damaged Only,1,Daylight
5261715,Pedestrian & Bicyclist,33.7711,-84.377721,4/19/15 15:34,Property Damaged Only,1,Daylight
6033011,Pedestrian & Bicyclist,33.953755,-84.164953,12/6/16 9:23,Injury,2,Daylight
6017467,Pedestrian & Bicyclist,34.537271,-83.59295,11/25/16 16:59,Injury,2,Daylight
4575616,Bicyclist,34.058309,-84.065822,9/19/13 19:45,Property Damaged Only,1,Daylight
5768366,Bicyclist,33.42677,-82.006159,5/23/16 17:39,Property Damaged Only,1,Daylight
6342867,Bicyclist,34.48468,-84.944765,8/6/17 16:32,Property Damaged Only,1,Daylight
4684614,Bicyclist,33.966655,-84.035501,12/22/13 11:10,Property Damaged Only,1,Daylight
4888890,Bicyclist,33.89944,-84.54042,5/7/14 20:18,Property Damaged Only,1,Daylight
4540546,Bicyclist,34.03117,-84.582369,8/14/13 16:45,Property Damaged Only,1,Daylight
4429032,Bicyclist,33.6682,-84.01801,3/27/13 15:41,Property Damaged Only,1,Daylight
4622931,Bicyclist,30.908186,-84.565692,9/25/13 18:11,Property Damaged Only,1,Daylight
5149369,Bicyclist,33.95285,-83.37461,8/26/14 10:52,Property Damaged Only,1,Daylight
4401738,Bicyclist,33.86439,-84.05739,3/18/13 15:15,Property Damaged Only,1,Daylight
4543664,Bicyclist,33.790709,-84.429366,8/15/13 18:17,Property Damaged Only,1,Daylight
6216543,Bicyclist,33.431131,-84.177939,5/2/17 12:31,Property Damaged Only,1,Daylight
6551003,Bicyclist,33.776907,-84.39363,10/5/17 18:17,Property Damaged Only,1,Daylight
4455210,Bicyclist,33.51413,-84.417755,5/24/13 14:08,Property Damaged Only,1,Daylight
5737910,Bicyclist,30.81895,-83.314829,4/30/16 9:21,Property Damaged Only,1,Daylight
4874347,Bicyclist,33.950625,-84.129164,6/8/14 15:07,Property Damaged Only,1,Daylight
5008842,Bicyclist,33.866144,-84.602311,10/4/14 17:08,Property Damaged Only,1,Daylight
5873825,Bicyclist,33.562378,-84.491797,8/11/16 20:11,Property Damaged Only,1,Daylight
6426680,Bicyclist,33.945507,-83.408597,10/11/17 18:28,Property Damaged Only,1,Daylight
6332859,Bicyclist,33.77691,-84.393634,6/22/17 14:45,Property Damaged Only,1,Daylight
5159568,Bicyclist,33.924991,-84.838998,7/24/14 12:38,Property Damaged Only,1,Daylight
5877949,Bicyclist,33.712309,-84.383417,8/5/16 18:55,Property Damaged Only,1,Daylight
4875901,Bicyclist,33.851037,-84.207365,6/12/14 11:40,Property Damaged Only,1,Daylight
5990658,Bicyclist,31.304154,-82.241945,10/31/16 14:21,Property Damaged Only,1,Daylight
5422467,Bicyclist,30.844626,-83.289416,9/10/15 17:38,Property Damaged Only,1,Daylight
5661683,Bicyclist,34.260551,-84.105559,2/21/16 14:56,Property Damaged Only,1,Daylight
5369825,Bicyclist,33.775739,-84.468044,7/18/15 18:42,Property Damaged Only,1,Daylight
5648456,Bicyclist,32.07047,-81.096362,2/24/16 15:20,Property Damaged Only,1,Daylight
5035701,Bicyclist,33.740586,-84.414081,10/27/14 12:31,Property Damaged Only,1,Daylight
5844925,Bicyclist,31.568068,-84.176291,7/20/16 9:37,Property Damaged Only,1,Daylight
4788784,Bicyclist,32.077363,-81.091337,4/12/14 7:52,Property Damaged Only,1,Daylight
4348230,Bicyclist,34.252885,-84.088748,1/5/13 12:16,Property Damaged Only,1,Daylight
5927023,Bicyclist,33.47039,-81.998763,9/19/16 7:28,Property Damaged Only,1,Daylight
5986810,Bicyclist,31.972065,-81.152087,11/4/16 16:30,Property Damaged Only,1,Daylight
6015116,Bicyclist,33.856362,-84.59032,11/25/16 16:17,Property Damaged Only,1,Daylight
4438011,Bicyclist,33.72038,-84.49139,5/1/13 17:49,Property Damaged Only,1,Daylight
5903532,Bicyclist,32.436854,-84.955957,9/3/16 12:42,Injury,2,Daylight
6410691,Bicyclist,32.45623,-84.97157,9/29/17 16:55,Injury,2,Daylight
4675834,Bicyclist,33.531638,-82.098024,12/5/13 13:27,Injury,2,Daylight
5461734,Bicyclist,33.255893,-84.267986,10/7/15 18:08,Injury,2,Daylight
6385835,Bicyclist,33.425434,-84.686778,9/5/17 18:30,Injury,2,Daylight
4521245,Bicyclist,33.522515,-84.365874,7/24/13 15:10,Injury,2,Daylight
5258542,Bicyclist,32.477782,-84.900917,4/20/15 14:28,Injury,2,Daylight
4770252,Bicyclist,33.696854,-84.413955,3/13/14 19:20,Injury,2,Daylight
4740734,Bicyclist,33.755876,-84.237552,2/22/14 17:10,Injury,2,Daylight
4999351,Bicyclist,34.252158,-85.163804,9/29/14 10:11,Injury,2,Daylight
6328429,Bicyclist,33.965353,-84.085795,7/21/17 15:59,Injury,2,Daylight
4568910,Bicyclist,34.008242,-84.128899,7/30/13 11:20,Injury,2,Daylight
6332701,Bicyclist,33.632881,-82.399064,7/15/17 8:46,Injury,2,Daylight
4916379,Bicyclist,33.99257,-84.395921,7/22/14 19:11,Injury,2,Daylight
5717231,Bicyclist,33.752112,-84.323624,4/17/16 13:08,Injury,2,Daylight
4356126,Bicyclist,33.865908,-84.469973,2/15/13 9:40,Injury,2,Daylight
5040764,Bicyclist,31.943636,-81.122084,11/1/14 9:00,Injury,2,Daylight
4448588,Bicyclist,33.715659,-84.384671,4/20/13 18:00,Injury,2,Daylight