incidentIdNbr,crashType,latitude,longitude,dateOfIncidentDate,severity,Mag,lightCondition
4378991,Bicyclist,33.853649,-84.35957,3/8/13 13:00,Injury,2,Daylight
5929254,Bicyclist,33.754611,-84.36414,9/21/16 18:30,Injury,2,Daylight
5792281,Bicyclist,32.446368,-81.785948,5/12/16 11:48,Injury,2,Daylight
4508983,Bicyclist,32.03416,-81.06791,7/21/13 13:43,Injury,2,Daylight
4899561,Bicyclist,33.765551,-84.382049,7/2/14 8:50,Injury,2,Daylight
6048781,Bicyclist,32.034778,-81.090727,12/20/16 13:32,Injury,2,Daylight
5692369,Bicyclist,34.007992,-84.169754,2/23/16 8:06,Injury,2,Daylight
5325617,Bicyclist,31.208625,-82.354063,5/23/15 13:25,Injury,2,Daylight
4627395,Bicyclist,34.37691,-84.93268,10/24/13 7:30,Injury,2,Daylight
5032763,Bicyclist,33.94894,-84.77258,10/22/14 8:56,Injury,2,Daylight
4939736,Bicyclist,33.91993,-83.342407,8/14/14 16:00,Injury,2,Daylight
6344004,Bicyclist,33.927371,-84.243295,8/2/17 14:49,Injury,2,Daylight
5392511,Bicyclist,32.117676,-81.247835,8/14/15 16:08,Injury,2,Daylight
4873932,Bicyclist,34.268758,-83.778038,5/22/14 16:55,Injury,2,Daylight
4850423,Bicyclist,33.883185,-84.486196,4/2/14 16:35,Injury,2,Daylight
4782344,Bicyclist,33.988101,-84.553692,4/5/14 16:33,Injury,2,Daylight
4479528,Bicyclist,33.75756,-84.36492,6/8/13 15:26,Injury,2,Daylight
4430248,Bicyclist,33.962524,-83.98766,4/30/13 19:18,Injury,2,Daylight
5239259,Bicyclist,33.974514,-83.413865,3/30/15 18:01,Injury,2,Daylight
5354369,Pedestrian,32.064544,-81.096136,7/13/15 12:18,Property Damaged Only,1,Daylight
6004452,Pedestrian,33.738267,-84.412452,11/16/16 13:27,Property Damaged Only,1,Daylight
5880118,Pedestrian,32.079736,-81.089569,8/17/16 8:33,Property Damaged Only,1,Daylight
5023381,Pedestrian,30.877598,-84.2012,9/23/14 15:43,Property Damaged Only,1,Daylight
5973121,Pedestrian,32.815336,-83.707852,10/17/16 14:30,Property Damaged Only,1,Daylight
6400532,Pedestrian,34.352891,-82.925274,9/21/17 10:34,Property Damaged Only,1,Daylight
6131059,Pedestrian,33.962176,-83.413604,2/24/17 13:15,Property Damaged Only,1,Daylight
4688618,Pedestrian,32.070194,-81.082554,12/26/13 11:24,Property Damaged Only,1,Daylight
6146483,Pedestrian,33.47402,-81.97254,3/10/17 14:12,Property Damaged Only,1,Daylight
6237877,Pedestrian,33.86296,-84.251716,5/17/17 18:00,Property Damaged Only,1,Daylight
5877123,Pedestrian,33.760612,-84.389067,8/11/16 13:44,Property Damaged Only,1,Daylight
5955145,Pedestrian,33.73693,-84.422001,10/10/16 8:49,Property Damaged Only,1,Daylight
6263336,Pedestrian,32.42397,-84.94508,6/5/17 13:20,Property Damaged Only,1,Daylight
6061055,Pedestrian,33.705833,-84.216295,12/30/16 13:07,Property Damaged Only,1,Daylight
6047126,Pedestrian,34.475209,-84.922864,12/11/16 15:33,Property Damaged Only,1,Daylight
4521614,Pedestrian,33.733883,-84.34926,7/20/13 12:12,Property Damaged Only,1,Daylight
4531337,Pedestrian,33.751722,-84.383016,8/5/13 9:30,Property Damaged Only,1,Daylight
6408695,Pedestrian,33.894117,-84.28358,9/20/17 18:19,Property Damaged Only,1,Daylight
4579037,Pedestrian,33.814899,-84.353104,9/18/13 14:30,Property Damaged Only,1,Daylight
4609712,Pedestrian,33.75345,-84.23333,10/17/13 17:49,Property Damaged Only,1,Daylight
4893161,Pedestrian,33.613524,-83.974317,6/30/14 8:27,Property Damaged Only,1,Daylight
5754714,Pedestrian,33.768467,-84.251545,5/13/16 16:36,Property Damaged Only,1,Daylight
5876818,Pedestrian,32.199065,-81.194566,8/9/16 17:53,Property Damaged Only,1,Daylight
4795429,Pedestrian,33.468954,-82.069876,4/17/14 16:25,Property Damaged Only,1,Daylight
5909150,Pedestrian,32.014767,-81.110639,9/7/16 12:10,Property Damaged Only,1,Daylight
5386751,Pedestrian,33.764275,-84.417448,8/10/15 17:47,Property Damaged Only,1,Daylight
6084331,Pedestrian,32.81394,-83.645025,1/18/17 14:15,Property Damaged Only,1,Daylight
6002981,Pedestrian,33.768912,-84.417528,11/15/16 10:49,Property Damaged Only,1,Daylight
6439832,Pedestrian,32.44519,-84.94228,10/24/17 7:30,Property Damaged Only,1,Daylight
5665331,Pedestrian,33.882973,-84.317549,2/19/16 12:09,Property Damaged Only,1,Daylight
4848797,Pedestrian,33.941225,-84.535093,5/13/14 16:05,Property Damaged Only,1,Daylight
5672292,Pedestrian,33.938932,-83.459401,3/11/16 14:38,Property Damaged Only,1,Daylight
5324068,Pedestrian,33.932494,-83.382455,6/10/15 13:58,Property Damaged Only,1,Daylight
4881375,Pedestrian,33.781504,-84.399146,4/24/14 18:00,Property Damaged Only,1,Daylight
4685139,Pedestrian,33.672801,-84.393043,12/19/13 17:20,Property Damaged Only,1,Daylight
4933710,Pedestrian,33.773058,-84.415444,8/5/14 12:45,Property Damaged Only,1,Daylight
4673172,Pedestrian,33.587093,-84.470133,12/12/13 8:47,Property Damaged Only,1,Daylight
5877287,Pedestrian,33.758595,-84.351706,8/8/16 8:35,Property Damaged Only,1,Daylight
4938217,Pedestrian,33.792605,-84.281318,8/14/14 18:29,Property Damaged Only,1,Daylight
6186353,Pedestrian,33.822251,-84.367424,4/7/17 18:07,Property Damaged Only,1,Daylight
6042795,Pedestrian,31.246057,-81.505906,12/15/16 15:08,Property Damaged Only,1,Daylight
4349960,Pedestrian,33.8216,-84.2637,2/9/13 14:38,Property Damaged Only,1,Daylight
5560847,Pedestrian,33.763621,-84.455938,12/9/15 16:40,Property Damaged Only,1,Daylight
6210910,Pedestrian,32.003576,-81.113011,4/28/17 17:13,Property Damaged Only,1,Daylight
6255600,Pedestrian,33.827636,-84.228372,5/24/17 12:56,Property Damaged Only,1,Daylight
4691520,Pedestrian,34.287712,-83.841312,12/31/13 12:34,Property Damaged Only,1,Daylight
4555280,Pedestrian,33.737331,-84.344717,8/22/13 16:39,Property Damaged Only,1,Daylight
6376612,Pedestrian,34.75889,-84.99032,9/1/17 14:20,Property Damaged Only,1,Daylight
4722536,Pedestrian,34.067418,-84.52131,2/1/14 16:51,Property Damaged Only,1,Daylight
4759494,Pedestrian,33.545712,-84.247619,3/12/14 17:30,Property Damaged Only,1,Daylight
5955476,Pedestrian,33.952939,-84.130356,10/12/16 19:32,Property Damaged Only,1,Daylight
5047656,Pedestrian,32.031789,-81.091723,11/12/14 15:51,Property Damaged Only,1,Daylight
4413890,Pedestrian,33.793411,-84.396565,3/27/13 17:39,Property Damaged Only,1,Daylight
5629242,Pedestrian,34.096108,-83.899053,1/30/16 13:29,Property Damaged Only,1,Daylight
4548981,Pedestrian,33.900488,-84.448611,8/21/13 12:22,Property Damaged Only,1,Daylight
5531501,Pedestrian,30.78999,-81.65281,10/30/15 18:20,Property Damaged Only,1,Daylight
4514629,Pedestrian,32.831824,-83.671005,6/18/13 14:35,Property Damaged Only,1,Daylight
4476173,Pedestrian,34.159593,-84.593599,6/12/13 18:12,Property Damaged Only,1,Daylight
4890946,Pedestrian,32.80516,-83.674306,6/16/14 13:04,Property Damaged Only,1,Daylight
6475339,Pedestrian,33.611587,-84.471799,11/15/17 9:57,Property Damaged Only,1,Daylight
4334779,Pedestrian,33.911678,-84.264068,1/21/13 16:48,Property Damaged Only,1,Daylight
4400079,Pedestrian,33.909529,-84.178616,3/27/13 13:53,Property Damaged Only,1,Daylight
6249715,Pedestrian,33.731544,-84.217996,5/25/17 18:53,Property Damaged Only,1,Daylight
5482900,Pedestrian,32.225944,-82.405701,10/25/15 17:59,Property Damaged Only,1,Daylight
4574381,Pedestrian,33.74194,-84.25112,9/19/13 15:55,Property Damaged Only,1,Daylight
4963037,Pedestrian,32.52645,-82.916332,8/8/14 16:32,Property Damaged Only,1,Daylight
5094888,Pedestrian,33.74701,-84.39691,12/2/14 16:55,Property Damaged Only,1,Daylight
4702864,Pedestrian,33.702296,-84.038832,1/12/14 13:34,Property Damaged Only,1,Daylight
5231086,Pedestrian,31.415981,-83.502815,3/25/15 15:57,Property Damaged Only,1,Daylight
5571319,Pedestrian,33.641431,-83.987146,9/9/15 14:20,Property Damaged Only,1,Daylight
4936070,Pedestrian,33.759958,-84.462172,8/2/14 17:55,Property Damaged Only,1,Daylight
4834979,Pedestrian,33.0592,-85.034533,5/2/14 11:27,Property Damaged Only,1,Daylight
6314794,Pedestrian,34.77823,-85.03866,7/13/17 13:43,Fatal,3,Daylight
5917038,Pedestrian,33.798495,-84.221176,9/13/16 0:00,Fatal,3,Daylight
5946204,Pedestrian,33.963349,-83.435284,10/5/16 8:07,Injury,2,Daylight
4353590,Pedestrian,33.748511,-84.384807,2/9/13 13:54,Injury,2,Daylight
5597975,Pedestrian,33.919648,-84.378995,1/13/16 16:43,Injury,2,Daylight
4397756,Pedestrian,33.697214,-84.408117,3/27/13 13:38,Injury,2,Daylight
6603669,Pedestrian,33.658915,-84.422893,12/8/17 9:51,Injury,2,Daylight
5316434,Pedestrian,33.787807,-84.155816,6/6/15 9:21,Injury,2,Daylight
4887973,Pedestrian,32.071338,-81.096039,6/24/14 18:00,Injury,2,Daylight
4861229,Pedestrian,30.855251,-83.952537,5/28/14 8:39,Injury,2,Daylight
4899791,Pedestrian,33.671229,-84.215321,7/7/14 13:20,Injury,2,Daylight
6279045,Pedestrian,32.37261,-82.14852,6/16/17 11:52,Injury,2,Daylight
5790115,Pedestrian,33.882594,-84.276338,6/10/16 20:15,Injury,2,Daylight
5043069,Pedestrian,33.729347,-84.407668,11/5/14 11:00,Injury,2,Daylight
4351382,Pedestrian,33.0925,-83.23726,2/11/13 20:05,Injury,2,Daylight
6124674,Pedestrian,34.165574,-84.413116,2/20/17 8:04,Injury,2,Daylight
4398573,Pedestrian,33.603711,-84.457586,3/30/13 14:20,Injury,2,Daylight
6414170,Pedestrian,32.135482,-81.618705,10/2/17 7:50,Injury,2,Daylight
5564274,Pedestrian,33.82728,-84.614868,12/3/15 10:47,Injury,2,Daylight
4359617,Pedestrian,33.898671,-84.207793,2/16/13 15:30,Injury,2,Daylight
5285851,Pedestrian,33.870214,-84.188187,5/8/15 7:13,Injury,2,Daylight
4856203,Pedestrian,33.810015,-84.392874,5/17/14 15:00,Injury,2,Daylight
6491998,Pedestrian,33.928065,-84.345146,11/22/17 15:24,Injury,2,Daylight
4952446,Pedestrian,33.781556,-84.407421,8/23/14 10:00,Injury,2,Daylight
5425477,Pedestrian,33.888925,-84.197159,9/14/15 17:14,Injury,2,Daylight
5792647,Pedestrian,33.763302,-84.311078,5/16/16 10:13,Injury,2,Daylight
5800358,Pedestrian,33.86193,-84.488204,6/16/16 17:10,Injury,2,Daylight
4499176,Pedestrian,32.283478,-81.25225,7/10/13 18:01,Injury,2,Daylight
6176228,Pedestrian,33.75141,-84.39097,3/31/17 14:41,Injury,2,Daylight
5026716,Pedestrian,33.768614,-84.554553,10/20/14 13:56,Injury,2,Daylight
5279872,Pedestrian,32.618266,-83.659678,5/7/15 15:11,Injury,2,Daylight
5484780,Pedestrian,33.95333,-83.369838,10/21/15 8:48,Injury,2,Daylight
4539546,Pedestrian,32.39772,-82.06424,8/14/13 11:25,Injury,2,Daylight
4768107,Pedestrian,33.473875,-82.067467,3/20/14 18:49,Injury,2,Daylight
5224773,Pedestrian,33.719624,-84.289761,3/18/15 18:21,Injury,2,Daylight
5179987,Pedestrian,33.754284,-84.372087,1/31/15 9:00,Injury,2,Daylight
5790609,Pedestrian,32.483656,-84.974252,6/11/16 15:30,Injury,2,Daylight
4414403,Pedestrian,34.047866,-85.235363,4/12/13 17:32,Injury,2,Daylight
6445555,Pedestrian,30.896146,-83.32828,10/24/17 9:00,Injury,2,Daylight
5479496,Pedestrian,33.697562,-84.156168,10/22/15 14:48,Injury,2,Daylight
5178753,Pedestrian,34.292702,-83.807116,2/13/15 10:26,Injury,2,Daylight
4694708,Pedestrian,30.682218,-83.219024,1/2/14 11:44,Injury,2,Daylight
6399543,Pedestrian,31.95216,-81.084888,9/20/17 15:00,Injury,2,Daylight
6297324,Pedestrian,32.7243,-82.71791,7/3/17 20:12,Injury,2,Daylight
6113987,Pedestrian,33.871977,-84.250328,2/10/17 17:25,Injury,2,Daylight
5261004,Pedestrian,33.738772,-84.287099,4/22/15 7:34,Injury,2,Daylight
4419910,Pedestrian,34.048506,-84.622753,4/21/13 16:34,Injury,2,Daylight
6396971,Pedestrian,33.717655,-84.131099,9/18/17 0:00,Injury,2,Daylight
6214312,Pedestrian,31.598172,-84.175935,4/29/17 15:05,Injury,2,Daylight
4370975,Pedestrian,34.29153,-83.84611,3/2/13 12:10,Injury,2,Daylight
4661587,Pedestrian,33.816186,-84.351947,11/29/13 14:37,Injury,2,Daylight
5324863,Pedestrian,33.755543,-84.487589,6/12/15 17:00,Injury,2,Daylight
4909028,Pedestrian,33.937729,-84.068788,7/14/14 16:42,Injury,2,Daylight
5689302,Pedestrian,33.691087,-84.272309,3/26/16 10:51,Injury,2,Daylight
6406317,Pedestrian,33.988442,-83.91279,9/22/17 17:36,Injury,2,Daylight
5013621,Pedestrian,33.965968,-84.514749,10/8/14 11:11,Injury,2,Daylight
6001873,Pedestrian & Bicyclist,33.722375,-84.46358,11/9/16 12:33,Property Damaged Only,1,Daylight
4657992,Pedestrian & Bicyclist,31.21267,-81.48077,10/7/13 13:43,Property Damaged Only,1,Daylight
5018904,Pedestrian & Bicyclist,33.949329,-84.150793,10/13/14 15:54,Property Damaged Only,1,Daylight
4416557,Pedestrian & Bicyclist,33.980476,-84.481447,4/16/13 10:45,Property Damaged Only,1,Daylight
4888739,Pedestrian & Bicyclist,32.881515,-83.779372,6/9/14 18:31,Injury,2,Daylight
5412737,Bicyclist,33.952667,-84.47279,9/1/15 7:30,Property Damaged Only,1,Daylight
5875216,Bicyclist,33.601487,-83.840467,8/12/16 18:48,Property Damaged Only,1,Daylight
4979945,Bicyclist,33.451635,-81.997139,9/15/14 16:02,Property Damaged Only,1,Daylight
4461391,Bicyclist,33.540044,-84.385946,5/28/13 19:00,Property Damaged Only,1,Daylight
6084660,Bicyclist,33.716251,-84.41711,1/12/17 8:25,Property Damaged Only,1,Daylight
5348091,Bicyclist,34.684965,-83.681826,6/15/15 13:42,Property Damaged Only,1,Daylight
5597706,Bicyclist,32.062112,-81.093536,1/14/16 8:19,Property Damaged Only,1,Daylight
5568156,Bicyclist,32.075707,-81.097916,12/26/15 16:00,Property Damaged Only,1,Daylight
6196740,Bicyclist,33.729676,-84.427247,4/14/17 17:43,Property Damaged Only,1,Daylight
5549383,Bicyclist,32.478593,-84.959743,12/14/15 16:25,Property Damaged Only,1,Daylight
5432687,Bicyclist,32.036893,-81.102639,9/22/15 15:55,Property Damaged Only,1,Daylight
5656241,Bicyclist,33.894893,-84.480001,2/10/16 7:00,Property Damaged Only,1,Daylight
4738692,Bicyclist,32.063036,-81.06252,2/20/14 17:30,Property Damaged Only,1,Daylight
6541116,Bicyclist,32.533494,-82.925486,11/19/17 17:30,Property Damaged Only,1,Daylight
4670087,Bicyclist,32.506749,-84.956809,12/6/13 11:30,Property Damaged Only,1,Daylight
5161432,Bicyclist,33.934769,-83.370385,10/23/14 8:10,Property Damaged Only,1,Daylight
5326109,Bicyclist,30.765877,-81.576401,5/13/15 14:48,Property Damaged Only,1,Daylight
4896757,Bicyclist,33.898674,-84.207749,6/29/14 14:03,Property Damaged Only,1,Daylight
5692996,Bicyclist,31.552693,-84.15517,2/6/16 13:40,Property Damaged Only,1,Daylight
6311218,Bicyclist,33.826153,-84.581092,7/13/17 12:51,Property Damaged Only,1,Daylight
5034555,Bicyclist,33.75063,-84.38423,10/29/14 8:29,Property Damaged Only,1,Daylight
5118258,Bicyclist,33.366111,-82.052786,1/5/15 16:30,Property Damaged Only,1,Daylight
5688249,Bicyclist,33.940797,-84.100034,3/18/16 19:07,Property Damaged Only,1,Daylight
6483666,Bicyclist,32.49159,-84.975761,11/22/17 15:30,Property Damaged Only,1,Daylight
5256465,Bicyclist,32.080402,-81.092092,4/17/15 17:24,Property Damaged Only,1,Daylight
6244121,Bicyclist,32.048555,-81.105639,5/22/17 17:58,Property Damaged Only,1,Daylight
4533187,Bicyclist,32.848312,-83.620765,8/4/13 15:38,Property Damaged Only,1,Daylight
4986778,Bicyclist,32.496353,-84.963626,9/20/14 16:10,Property Damaged Only,1,Daylight
5291453,Bicyclist,34.17617,-83.440013,5/13/15 19:03,Fatal,3,Daylight
5916281,Bicyclist,31.17051,-81.421141,9/4/16 12:41,Fatal,3,Daylight
6386963,Bicyclist,33.092139,-83.231835,9/9/17 17:27,Injury,2,Daylight
6280453,Bicyclist,233.9665,144.99,6/11/17 14:44,Injury,2,Daylight
5789117,Bicyclist,34.67317,-83.638397,6/7/16 19:43,Injury,2,Daylight
5538925,Bicyclist,30.859796,-83.30199,12/4/15 14:19,Injury,2,Daylight
5570193,Bicyclist,34.17792,-84.785412,11/6/15 13:18,Injury,2,Daylight
5815950,Bicyclist,33.747074,-84.292914,6/27/16 15:55,Injury,2,Daylight
5415743,Bicyclist,33.550355,-85.12772,9/2/15 11:11,Injury,2,Daylight
4482074,Bicyclist,31.496452,-82.84995,6/18/13 13:05,Injury,2,Daylight
5478771,Bicyclist,33.879727,-85.004495,10/22/15 6:49,Injury,2,Daylight
5639945,Bicyclist,32.427993,-81.741558,2/15/16 16:51,Injury,2,Daylight
5781452,Bicyclist,33.42775,-82.036224,6/2/16 17:35,Injury,2,Daylight
4793362,Bicyclist,33.757133,-84.82564,4/12/14 13:06,Injury,2,Daylight
5494940,Bicyclist,30.85436,-83.280832,11/2/15 10:52,Injury,2,Daylight
4551806,Bicyclist,33.772701,-84.287887,7/19/13 20:48,Injury,2,Daylight
4842451,Bicyclist,31.57069,-84.176185,5/10/14 15:25,Injury,2,Daylight
5704541,Bicyclist,33.785636,-84.38626,4/6/16 12:31,Injury,2,Daylight
4684127,Bicyclist,30.835251,-83.951696,12/22/13 10:21,Injury,2,Daylight
4937971,Bicyclist,33.925215,-84.432686,8/11/14 16:30,Injury,2,Daylight
4505190,Bicyclist,33.211669,-84.257501,6/28/13 14:18,Injury,2,Daylight
5828012,Bicyclist,33.768068,-84.292619,6/22/16 18:15,Injury,2,Daylight
6238228,Bicyclist,33.814547,-84.351799,5/17/17 16:03,Injury,2,Daylight
5887250,Bicyclist,33.821196,-84.454394,8/20/16 9:06,Injury,2,Daylight
5330013,Bicyclist,32.064887,-81.059095,6/19/15 19:49,Injury,2,Daylight
4831869,Bicyclist,33.599245,-84.363408,4/20/14 11:44,Injury,2,Daylight
4548105,Bicyclist,33.873363,-84.531629,6/25/13 17:56,Injury,2,Daylight
5717673,Bicyclist,34.068403,-83.979841,4/13/16 14:27,Injury,2,Daylight
5789007,Bicyclist,33.858706,-84.340803,6/9/16 13:46,Injury,2,Daylight
6222362,Bicyclist,32.042188,-80.999667,5/7/17 18:08,Injury,2,Daylight
6604266,Bicyclist,33.778259,-84.398126,11/9/17 14:55,Injury,2,Daylight
5840394,Bicyclist,33.9588,-84.548962,7/14/16 16:38,Injury,2,Daylight
5313585,Bicyclist,34.002282,-84.524792,6/2/15 17:47,Injury,2,Daylight
4454559,Bicyclist,32.057706,-81.086521,5/20/13 15:31,Injury,2,Daylight
6084071,Bicyclist,33.908753,-84.206295,1/14/17 18:09,Injury,2,Daylight
5308969,Bicyclist,33.808589,-84.136913,5/25/15 13:14,Injury,2,Daylight
5964805,Bicyclist,34.048506,-84.211612,8/29/16 7:41,Injury,2,Daylight
4619226,Bicyclist,32.419964,-81.784992,9/9/13 14:25,Injury,2,Daylight
5858209,Bicyclist,34.004009,-84.040477,7/29/16 9:14,Injury,2,Daylight
5017568,Pedestrian,33.901956,-84.280204,10/13/14 17:07,Property Damaged Only,1,Daylight
4314234,Pedestrian,32.078096,-81.097041,1/1/13 15:04,Property Damaged Only,1,Daylight
5123966,Pedestrian,33.795836,-84.387731,1/7/15 17:09,Property Damaged Only,1,Daylight
5988777,Pedestrian,33.774396,-84.446028,11/3/16 17:48,Property Damaged Only,1,Daylight
5785685,Pedestrian,33.969553,-84.549817,5/31/16 17:20,Property Damaged Only,1,Daylight
6386056,Pedestrian,33.902473,-84.455748,9/6/17 18:20,Property Damaged Only,1,Daylight
5739297,Pedestrian,33.905408,-84.4648,4/29/16 11:40,Property Damaged Only,1,Daylight
5516536,Pedestrian,33.532984,-84.364228,11/19/15 15:15,Property Damaged Only,1,Daylight
4377919,Pedestrian,32.464655,-84.940076,3/11/13 17:25,Property Damaged Only,1,Daylight
5770019,Pedestrian,32.06214,-81.07801,5/24/16 19:29,Property Damaged Only,1,Daylight
6471891,Pedestrian,33.699211,-84.408084,10/27/17 18:01,Property Damaged Only,1,Daylight
5890208,Pedestrian,33.998801,-83.90552,8/23/16 14:32,Property Damaged Only,1,Daylight
5869995,Pedestrian,33.780723,-84.212228,8/9/16 7:27,Property Damaged Only,1,Daylight
6022776,Pedestrian,33.736743,-84.217945,12/2/16 16:23,Property Damaged Only,1,Daylight
4783235,Pedestrian,33.049308,-84.153437,4/7/14 8:34,Property Damaged Only,1,Daylight
4693809,Pedestrian,33.602077,-84.430203,1/2/14 15:50,Property Damaged Only,1,Daylight
4610737,Pedestrian,33.81965,-84.3885,10/8/13 15:40,Property Damaged Only,1,Daylight
4477494,Pedestrian,33.70292,-84.164906,6/14/13 19:37,Property Damaged Only,1,Daylight
6232679,Pedestrian,33.726137,-84.167012,5/14/17 15:09,Property Damaged Only,1,Daylight
6122613,Pedestrian,33.720004,-84.184263,2/18/17 18:00,Property Damaged Only,1,Daylight
5101476,Pedestrian,33.709506,-84.381307,12/18/14 15:00,Property Damaged Only,1,Daylight
4997537,Pedestrian,32.078704,-81.099372,9/26/14 16:01,Property Damaged Only,1,Daylight
5872411,Pedestrian,33.681306,-84.20831,8/10/16 15:45,Property Damaged Only,1,Daylight
6335768,Pedestrian,32.80036,-83.648003,8/2/17 0:00,Property Damaged Only,1,Daylight
5371305,Pedestrian,33.77787,-84.462299,7/24/15 20:40,Property Damaged Only,1,Daylight
4329877,Pedestrian,34.17899,-84.54929,1/17/13 14:02,Property Damaged Only,1,Daylight
6470652,Pedestrian,31.207185,-82.331328,11/9/17 12:30,Property Damaged Only,1,Daylight
6428146,Pedestrian,34.256454,-85.164563,10/9/17 13:35,Property Damaged Only,1,Daylight
5311596,Pedestrian,34.268859,-85.180441,5/18/15 14:30,Property Damaged Only,1,Daylight
6323652,Pedestrian,33.905288,-84.603692,7/24/17 9:56,Property Damaged Only,1,Daylight
4770879,Pedestrian,31.982852,-81.130327,3/24/14 15:53,Property Damaged Only,1,Daylight
4823602,Pedestrian,33.73824,-84.414131,4/9/14 11:23,Property Damaged Only,1,Daylight
5944584,Pedestrian,33.572782,-84.412526,10/4/16 16:11,Property Damaged Only,1,Daylight
6169905,Pedestrian,32.079352,-81.100963,3/29/17 9:29,Property Damaged Only,1,Daylight
5739564,Pedestrian,33.813519,-84.352081,4/28/16 19:30,Property Damaged Only,1,Daylight
6109274,Pedestrian,31.224981,-81.508935,2/7/17 9:56,Property Damaged Only,1,Daylight
4775396,Pedestrian,31.981591,-81.148587,3/29/14 17:47,Property Damaged Only,1,Daylight
5206592,Pedestrian,33.038751,-85.029703,3/5/15 8:13,Property Damaged Only,1,Daylight
4880978,Pedestrian,34.785345,-84.972519,5/12/14 17:54,Property Damaged Only,1,Daylight
4573027,Pedestrian,33.810943,-84.476324,9/4/13 15:30,Property Damaged Only,1,Daylight
4614677,Pedestrian,33.851981,-84.318557,10/10/13 12:15,Property Damaged Only,1,Daylight
5123221,Pedestrian,33.771347,-84.395356,1/3/15 12:20,Property Damaged Only,1,Daylight
4322202,Pedestrian,33.881383,-84.27194,1/11/13 14:30,Property Damaged Only,1,Daylight
4410131,Pedestrian,33.738269,-84.415157,4/3/13 16:00,Property Damaged Only,1,Daylight
5203443,Pedestrian,33.260954,-81.979839,3/2/15 16:58,Property Damaged Only,1,Daylight
5142592,Pedestrian,34.25033,-84.090457,12/24/14 14:27,Property Damaged Only,1,Daylight
5068113,Pedestrian,33.907619,-84.37888,11/30/14 15:05,Property Damaged Only,1,Daylight
4690883,Pedestrian,32.026001,-81.108829,12/30/13 16:27,Property Damaged Only,1,Daylight
5729275,Pedestrian,31.994079,-81.105644,4/25/16 12:25,Property Damaged Only,1,Daylight
6171095,Pedestrian,34.289115,-83.841169,3/11/17 14:45,Property Damaged Only,1,Daylight
4444839,Pedestrian,34.38102,-84.90637,5/15/13 11:50,Property Damaged Only,1,Daylight
4334871,Pedestrian,33.90216,-84.553376,1/21/13 8:48,Property Damaged Only,1,Daylight
5674881,Pedestrian,31.512599,-84.235867,3/15/16 17:55,Property Damaged Only,1,Daylight
6316997,Pedestrian,33.836681,-84.381608,7/12/17 13:11,Property Damaged Only,1,Daylight
6532848,Pedestrian,33.846401,-84.251642,12/29/17 14:46,Property Damaged Only,1,Daylight
5315315,Pedestrian,33.749225,-84.389595,9/23/14 16:15,Property Damaged Only,1,Daylight
5898088,Pedestrian,33.894571,-84.228667,8/30/16 0:00,Property Damaged Only,1,Daylight
6207032,Pedestrian,34.87232,-85.29158,4/11/17 15:44,Property Damaged Only,1,Daylight
5806935,Pedestrian,34.579231,-83.331544,5/1/15 10:02,Property Damaged Only,1,Daylight
5415405,Pedestrian,33.919004,-84.364096,9/3/15 7:05,Property Damaged Only,1,Daylight
4609085,Pedestrian,32.466902,-84.892355,10/16/13 7:20,Property Damaged Only,1,Daylight
4615180,Pedestrian,33.933085,-84.219085,10/21/13 13:20,Property Damaged Only,1,Daylight
5416223,Pedestrian,32.025514,-81.242721,9/2/15 19:03,Property Damaged Only,1,Daylight
6334146,Pedestrian,33.745769,-84.557139,7/31/17 17:10,Property Damaged Only,1,Daylight
5777463,Pedestrian,33.603519,-84.457606,5/30/16 18:09,Property Damaged Only,1,Daylight
5482598,Pedestrian,34.035508,-84.580007,10/8/15 10:55,Property Damaged Only,1,Daylight
4874764,Pedestrian,33.82059,-84.347246,6/11/14 9:50,Property Damaged Only,1,Daylight
4651286,Pedestrian,33.83942,-84.37985,11/18/13 16:00,Property Damaged Only,1,Daylight
5703349,Pedestrian,33.890366,-84.212735,3/31/16 18:19,Property Damaged Only,1,Daylight
6307174,Pedestrian,33.706945,-84.169053,7/12/17 16:57,Property Damaged Only,1,Daylight
4451025,Pedestrian,32.051882,-81.136618,5/21/13 10:30,Property Damaged Only,1,Daylight
5781625,Pedestrian,34.490552,-84.947695,6/3/16 9:18,Property Damaged Only,1,Daylight
5181349,Pedestrian,34.03457,-84.34659,2/13/15 16:28,Property Damaged Only,1,Daylight