incidentIdNbr,crashType,latitude,longitude,dateOfIncidentDate,severity,Mag,lightCondition
4528814,Pedestrian,32.472404,-84.987662,8/2/13 14:25,Property Damaged Only,1,Daylight
5630342,Pedestrian,33.943569,-84.31628,1/13/16 17:35,Property Damaged Only,1,Daylight
4950450,Pedestrian,33.741983,-84.401852,8/15/14 16:00,Property Damaged Only,1,Daylight
5287593,Pedestrian,32.469428,-84.96122,5/13/15 14:00,Property Damaged Only,1,Daylight
4374068,Pedestrian,33.97033,-84.55049,2/5/13 9:50,Property Damaged Only,1,Daylight
5693736,Pedestrian,33.709859,-84.261475,3/29/16 17:20,Property Damaged Only,1,Daylight
5885182,Pedestrian,33.793755,-84.27432,8/20/16 14:21,Property Damaged Only,1,Daylight
5792001,Pedestrian,33.883248,-84.477591,5/22/16 12:26,Property Damaged Only,1,Daylight
6206783,Pedestrian,31.37804,-84.93378,4/25/17 10:01,Property Damaged Only,1,Daylight
6067621,Pedestrian,33.633899,-84.387904,1/4/17 16:20,Property Damaged Only,1,Daylight
6254956,Pedestrian,34.944225,-83.38776,5/28/17 10:47,Fatal,3,Daylight
6130176,Pedestrian,33.840508,-84.825914,2/24/17 17:35,Fatal,3,Daylight
5966180,Pedestrian,32.501183,-84.951147,10/20/16 9:17,Fatal,3,Daylight
5578936,Pedestrian,34.062284,-83.926874,1/1/16 7:26,Fatal,3,Daylight
6383518,Pedestrian,30.88268,-84.34342,9/5/17 16:25,Fatal,3,Daylight
5669190,Pedestrian,34.266666,-85.155532,3/8/16 13:05,Injury,2,Daylight
4566603,Pedestrian,32.798392,-83.665637,8/17/13 12:22,Injury,2,Daylight
4413859,Pedestrian,33.784434,-84.453354,4/9/13 14:45,Injury,2,Daylight
5757026,Pedestrian,33.77584,-84.44849,5/13/16 16:25,Injury,2,Daylight
5765140,Pedestrian,33.724805,-84.187699,5/21/16 16:10,Injury,2,Daylight
5193644,Pedestrian,32.95624,-84.35422,2/17/15 15:41,Injury,2,Daylight
5743315,Pedestrian,33.593807,-84.302479,5/5/16 16:29,Injury,2,Daylight
5577587,Pedestrian,33.838021,-84.033859,12/27/15 11:06,Injury,2,Daylight
4696476,Pedestrian,33.764644,-84.388957,1/6/14 10:09,Injury,2,Daylight
6104567,Pedestrian,33.781772,-84.381286,1/23/17 10:04,Injury,2,Daylight
6099395,Pedestrian,33.797294,-84.223534,1/31/17 10:10,Injury,2,Daylight
5392029,Pedestrian,33.73801,-84.4177,8/12/15 13:20,Injury,2,Daylight
6419083,Pedestrian,34.222464,-83.494031,10/4/17 14:50,Injury,2,Daylight
6442380,Pedestrian,34.110287,-84.15306,10/2/17 14:58,Injury,2,Daylight
4587303,Pedestrian,33.251327,-84.28044,9/10/13 14:58,Injury,2,Daylight
5681930,Pedestrian,33.936349,-84.378779,3/20/16 16:09,Injury,2,Daylight
6434528,Pedestrian,32.83809,-83.65836,10/19/17 18:50,Injury,2,Daylight
5153426,Pedestrian,33.575905,-83.182607,1/30/15 15:22,Injury,2,Daylight
4954972,Pedestrian,33.77252,-84.381626,8/25/14 10:12,Injury,2,Daylight
4935108,Pedestrian,33.61941,-84.85945,8/11/14 8:16,Injury,2,Daylight
6272563,Pedestrian,32.90252,-84.29124,6/8/17 15:07,Injury,2,Daylight
5336489,Pedestrian,33.802452,-84.193651,6/24/15 9:41,Injury,2,Daylight
5503728,Pedestrian,33.968738,-84.260054,11/8/15 15:20,Injury,2,Daylight
6333309,Pedestrian,33.94639,-83.401637,7/31/17 12:50,Injury,2,Daylight
6171368,Pedestrian,33.724823,-84.587604,3/30/17 7:45,Injury,2,Daylight
6402064,Pedestrian,33.263049,-81.954458,9/22/17 11:30,Injury,2,Daylight
6219277,Pedestrian,30.844936,-83.317831,5/4/17 11:30,Injury,2,Daylight
5783571,Pedestrian,33.033376,-85.029717,6/3/16 18:50,Injury,2,Daylight
5019447,Pedestrian,32.043855,-81.18387,10/16/14 0:00,Injury,2,Daylight
6029465,Pedestrian,33.786616,-84.433243,11/27/16 9:01,Injury,2,Daylight
4605603,Pedestrian,31.998885,-81.12201,10/14/13 11:08,Injury,2,Daylight
4333400,Pedestrian,34.346164,-84.059,1/16/13 14:04,Injury,2,Daylight
4482091,Pedestrian,33.510665,-84.224157,6/19/13 10:35,Injury,2,Daylight
5051030,Pedestrian,33.931236,-85.001173,11/14/14 10:43,Injury,2,Daylight
4779283,Pedestrian,33.786778,-84.228058,4/1/14 17:00,Injury,2,Daylight
5268236,Pedestrian,33.815988,-84.316823,4/27/15 15:18,Injury,2,Daylight
6303272,Pedestrian,32.539,-84.9556,7/9/17 20:12,Injury,2,Daylight
5742349,Pedestrian,33.593189,-83.445296,4/30/16 12:08,Injury,2,Daylight
6075534,Pedestrian,34.005119,-85.250709,1/7/17 11:01,Injury,2,Daylight
5394484,Pedestrian,33.45752,-81.952714,8/15/15 17:46,Injury,2,Daylight
5935663,Pedestrian,32.592372,-83.643259,9/27/16 7:58,Injury,2,Daylight
5035975,Pedestrian,33.475596,-82.002016,10/30/14 17:20,Injury,2,Daylight
6029096,Pedestrian,32.19358,-81.343007,10/24/16 12:53,Injury,2,Daylight
5751470,Pedestrian,33.816707,-84.268075,5/11/16 8:27,Injury,2,Daylight
5320216,Pedestrian,33.958547,-83.352933,6/9/15 19:24,Injury,2,Daylight
5507623,Pedestrian,34.267419,-85.15702,11/12/15 10:25,Injury,2,Daylight
5284980,Pedestrian,32.054172,-81.267327,5/8/15 17:22,Injury,2,Daylight
4366061,Pedestrian,33.750959,-84.444279,2/5/13 15:10,Injury,2,Daylight
6338279,Pedestrian,33.781532,-84.390582,2/19/17 15:05,Injury,2,Daylight
5638989,Pedestrian,33.436521,-84.187671,2/11/16 15:58,Injury,2,Daylight
4609399,Pedestrian,33.728492,-84.8208,10/15/13 15:15,Injury,2,Daylight
6192416,Pedestrian,32.079251,-81.093043,4/13/17 12:03,Injury,2,Daylight
5716137,Pedestrian,33.59589,-84.420562,4/16/16 8:15,Injury,2,Daylight
6453624,Pedestrian,33.923712,-84.337903,10/30/17 16:24,Injury,2,Daylight
5011331,Pedestrian,33.96377,-83.401647,10/7/14 17:58,Injury,2,Daylight
5957697,Pedestrian,32.796269,-83.697983,10/14/16 15:10,Injury,2,Daylight
5865205,Pedestrian,31.99241,-80.84926,7/27/16 13:51,Injury,2,Daylight
5975367,Pedestrian,33.984035,-84.556688,10/27/16 13:14,Injury,2,Daylight
5075534,Pedestrian,33.074577,-81.995312,12/3/14 17:35,Injury,2,Daylight
5858818,Pedestrian,34.244053,-84.490328,7/31/16 16:20,Injury,2,Daylight
6478977,Pedestrian,33.922708,-83.34145,11/17/17 16:58,Injury,2,Daylight
5745399,Pedestrian,33.681592,-84.440364,5/6/16 7:23,Injury,2,Daylight
6460194,Pedestrian,22033.6175,13163.2987,11/4/17 13:47,Injury,2,Daylight
5567802,Pedestrian,33.678684,-84.70459,12/14/15 15:40,Injury,2,Daylight
4823083,Pedestrian,32.012373,-81.264085,4/22/14 12:39,Injury,2,Daylight
5909204,Pedestrian,33.388601,-82.02654,9/7/16 17:30,Injury,2,Daylight
5314632,Pedestrian,33.495451,-82.084971,6/4/15 19:40,Injury,2,Daylight
5288259,Pedestrian,32.97707,-84.57631,5/9/15 17:05,Injury,2,Daylight
4868882,Pedestrian,34.32676,-85.099756,6/3/14 15:52,Injury,2,Daylight
5811708,Pedestrian,33.829426,-84.387558,6/18/16 7:51,Injury,2,Daylight
4375642,Pedestrian,33.6924,-84.53827,3/5/13 15:22,Injury,2,Daylight
5754712,Pedestrian,33.655023,-84.225378,5/13/16 19:50,Injury,2,Daylight
4935906,Pedestrian,33.733563,-84.230441,8/12/14 15:25,Injury,2,Daylight
5974462,Pedestrian,33.764928,-84.404502,10/22/16 18:05,Injury,2,Daylight
6300387,Pedestrian & Bicyclist,32.183076,-82.320996,7/5/17 21:51,Property Damaged Only,1,Daylight
4662286,Pedestrian & Bicyclist,33.252844,-84.257126,11/4/13 13:36,Property Damaged Only,1,Daylight
4760089,Pedestrian & Bicyclist,33.755812,-84.473139,3/7/14 11:00,Property Damaged Only,1,Daylight
4571203,Pedestrian & Bicyclist,33.955173,-84.132242,9/13/13 16:40,Injury,2,Daylight
5470055,Pedestrian & Bicyclist,34.25854,-85.208232,10/15/15 13:06,Injury,2,Daylight
4822238,Bicyclist,34.759271,-84.990549,3/17/14 12:52,Property Damaged Only,1,Daylight
6166545,Bicyclist,33.946027,-84.334295,3/25/17 13:13,Property Damaged Only,1,Daylight
6605936,Bicyclist,33.776446,-84.280293,11/22/17 13:10,Property Damaged Only,1,Daylight
5953777,Bicyclist,30.856623,-83.278555,10/11/16 10:38,Property Damaged Only,1,Daylight
5679554,Bicyclist,32.07174,-81.099377,3/17/16 13:18,Property Damaged Only,1,Daylight
4639556,Bicyclist,33.775089,-84.27522,11/12/13 13:08,Property Damaged Only,1,Daylight
5141971,Bicyclist,33.44621,-84.15699,12/25/14 12:12,Property Damaged Only,1,Daylight
5754385,Bicyclist,33.483772,-82.069987,5/11/16 14:13,Property Damaged Only,1,Daylight
5348779,Bicyclist,32.502393,-84.936967,7/7/15 9:45,Property Damaged Only,1,Daylight
5147765,Bicyclist,33.744079,-84.769984,8/27/14 18:25,Property Damaged Only,1,Daylight
4852786,Bicyclist,34.043092,-84.301621,5/15/14 14:31,Property Damaged Only,1,Daylight
4791530,Bicyclist,33.772585,-84.289282,3/26/14 10:40,Property Damaged Only,1,Daylight
6013226,Bicyclist,33.901214,-84.308424,10/31/16 17:35,Property Damaged Only,1,Daylight
4396791,Bicyclist,33.675478,-84.442304,3/27/13 18:50,Property Damaged Only,1,Daylight
4835694,Bicyclist,32.037776,-81.253047,5/4/14 19:00,Property Damaged Only,1,Daylight
5800560,Bicyclist,32.822527,-83.662569,6/16/16 10:49,Property Damaged Only,1,Daylight
4702817,Bicyclist,34.308831,-84.105231,12/23/13 6:45,Property Damaged Only,1,Daylight
6531364,Bicyclist,32.040473,-81.140511,12/28/17 7:11,Property Damaged Only,1,Daylight
6263340,Bicyclist,34.270162,-85.2188,6/5/17 17:17,Property Damaged Only,1,Daylight
5363729,Bicyclist,33.935599,-84.379185,7/20/15 16:25,Property Damaged Only,1,Daylight
5042823,Bicyclist,34.030011,-83.949212,10/31/14 18:15,Property Damaged Only,1,Daylight
5399772,Bicyclist,33.866221,-84.63355,8/21/15 16:51,Property Damaged Only,1,Daylight
6219533,Bicyclist,33.91298,-84.286422,5/3/17 16:34,Property Damaged Only,1,Daylight
5623671,Bicyclist,33.849622,-84.361339,1/26/16 3:00,Property Damaged Only,1,Daylight
5866832,Bicyclist,33.931884,-84.327892,8/6/16 15:24,Property Damaged Only,1,Daylight
5428044,Bicyclist,33.915983,-83.344441,9/17/15 16:15,Property Damaged Only,1,Daylight
6315613,Bicyclist,33.758082,-84.409968,7/13/17 11:52,Property Damaged Only,1,Daylight
6121094,Bicyclist,33.803903,-84.238887,1/26/17 18:45,Property Damaged Only,1,Daylight
4479098,Bicyclist,33.801595,-84.222741,6/16/13 18:20,Property Damaged Only,1,Daylight
4574525,Bicyclist,33.665326,-84.408569,8/3/13 15:17,Property Damaged Only,1,Daylight
5434236,Bicyclist,31.573244,-84.176148,6/16/15 15:47,Property Damaged Only,1,Daylight
5895663,Bicyclist,33.722972,-84.750342,7/2/16 12:57,Property Damaged Only,1,Daylight
5343997,Bicyclist,30.80284,-81.687257,6/15/15 13:03,Property Damaged Only,1,Daylight
5617653,Bicyclist,32.078922,-81.091866,1/30/16 15:13,Property Damaged Only,1,Daylight
5881773,Bicyclist,30.860161,-83.280583,8/17/16 12:18,Property Damaged Only,1,Daylight
6278586,Bicyclist,32.045562,-81.109553,6/18/17 17:58,Property Damaged Only,1,Daylight
4845263,Bicyclist,33.929797,-84.550718,5/13/14 7:40,Property Damaged Only,1,Daylight
5201499,Bicyclist,32.399139,-83.305338,2/26/15 13:52,Fatal,3,Daylight
6342417,Bicyclist,33.922195,-84.338848,8/5/17 19:33,Injury,2,Daylight
5245974,Bicyclist,31.198599,-83.253736,3/31/15 17:30,Injury,2,Daylight
6400680,Bicyclist,33.720166,-84.226899,9/20/17 16:30,Injury,2,Daylight
5426852,Bicyclist,34.170381,-83.799001,9/14/15 19:13,Injury,2,Daylight
5132843,Bicyclist,32.048062,-81.103792,1/18/15 14:28,Injury,2,Daylight
5362337,Bicyclist,33.76678,-84.526829,7/20/15 15:33,Injury,2,Daylight
4424411,Bicyclist,33.953946,-83.974479,4/23/13 14:41,Injury,2,Daylight
5787592,Bicyclist,33.293225,-84.29168,6/6/16 9:45,Injury,2,Daylight
4944831,Bicyclist,31.45423,-82.34151,8/19/14 7:09,Injury,2,Daylight
5338907,Bicyclist,32.075525,-81.097962,6/27/15 17:38,Injury,2,Daylight
5735508,Bicyclist,33.33124,-84.311246,4/25/16 19:49,Injury,2,Daylight
6376820,Bicyclist,33.457567,-81.953672,9/1/17 18:20,Injury,2,Daylight
4360445,Bicyclist,33.933465,-84.319718,2/20/13 7:34,Injury,2,Daylight
6407331,Bicyclist,31.35577,-82.17531,9/23/17 8:15,Injury,2,Daylight
4842646,Bicyclist,34.106479,-84.589209,5/10/14 13:30,Injury,2,Daylight
4557592,Bicyclist,32.078924,-81.110642,9/1/13 12:36,Injury,2,Daylight
5272032,Bicyclist,33.752119,-84.323633,4/24/15 12:09,Injury,2,Daylight
6427331,Bicyclist,33.995171,-84.593687,10/13/17 12:19,Injury,2,Daylight
6257284,Bicyclist,34.151324,-84.173749,5/18/17 8:01,Injury,2,Daylight
6031001,Bicyclist,31.178708,-81.504224,12/7/16 7:35,Injury,2,Daylight
4892258,Bicyclist,34.214996,-84.33233,6/28/14 13:05,Injury,2,Daylight
4386401,Bicyclist,33.567947,-84.488988,3/17/13 16:24,Injury,2,Daylight
4465597,Bicyclist,30.82698,-83.26709,4/21/13 15:47,Injury,2,Daylight
5849433,Bicyclist,33.94271,-84.403696,7/14/16 17:59,Injury,2,Daylight
6496856,Bicyclist,33.931181,-83.378201,9/5/17 9:15,Injury,2,Daylight
5010780,Bicyclist,32.077027,-81.09142,10/8/14 10:43,Injury,2,Daylight
5103649,Bicyclist,33.776293,-84.407397,12/16/14 8:45,Injury,2,Daylight
4832366,Bicyclist,33.994389,-84.026538,4/24/14 18:28,Injury,2,Daylight
4353069,Bicyclist,30.682992,-83.2165,2/12/13 18:10,Injury,2,Daylight
5025052,Bicyclist,33.95771,-83.375235,10/22/14 15:00,Injury,2,Daylight
4954228,Bicyclist,34.094917,-84.645853,8/27/14 8:53,Injury,2,Daylight
5284647,Bicyclist,34.969426,-85.269303,5/8/15 19:30,Injury,2,Daylight
5942255,Bicyclist,33.781134,-84.38406,9/30/16 18:34,Injury,2,Daylight
4589897,Bicyclist,33.771251,-84.389306,9/30/13 8:33,Injury,2,Daylight
4750214,Bicyclist,32.60316,-83.005775,2/18/14 15:25,Injury,2,Daylight
5329230,Pedestrian,32.439818,-84.957416,6/18/15 18:33,Property Damaged Only,1,Daylight
5899949,Pedestrian,33.718676,-84.33509,8/31/16 15:48,Property Damaged Only,1,Daylight
5398301,Pedestrian,33.718255,-84.407956,8/15/15 18:09,Property Damaged Only,1,Daylight
5105147,Pedestrian,33.849179,-84.257259,12/23/14 15:30,Property Damaged Only,1,Daylight
6026177,Pedestrian,33.81502,-84.353031,12/2/16 7:40,Property Damaged Only,1,Daylight
4329855,Pedestrian,32.44379,-84.94587,1/16/13 15:00,Property Damaged Only,1,Daylight
6185238,Pedestrian,33.714503,-84.272873,4/9/17 16:58,Property Damaged Only,1,Daylight
4380570,Pedestrian,33.908127,-84.192196,3/11/13 16:43,Property Damaged Only,1,Daylight
5723135,Pedestrian,33.517567,-84.363825,4/21/16 18:30,Property Damaged Only,1,Daylight
4432147,Pedestrian,33.857804,-84.347011,5/3/13 10:25,Property Damaged Only,1,Daylight
4531586,Pedestrian,33.924037,-84.379079,6/9/13 9:50,Property Damaged Only,1,Daylight
4731599,Pedestrian,32.849438,-83.673321,1/23/14 9:21,Property Damaged Only,1,Daylight
4442095,Pedestrian,33.65912,-84.38712,5/1/13 14:45,Property Damaged Only,1,Daylight
4386174,Pedestrian,32.053182,-81.106228,3/19/13 17:06,Property Damaged Only,1,Daylight
6251244,Pedestrian,33.768683,-84.381991,5/26/17 13:00,Property Damaged Only,1,Daylight
5828026,Pedestrian,33.777795,-84.294784,6/7/16 8:05,Property Damaged Only,1,Daylight
6512588,Pedestrian,33.36359,-82.4696,12/11/17 16:45,Property Damaged Only,1,Daylight
4894643,Pedestrian,34.292033,-83.80507,7/1/14 15:44,Property Damaged Only,1,Daylight
5945183,Pedestrian,34.943016,-85.223727,9/19/16 19:15,Property Damaged Only,1,Daylight
4980737,Pedestrian,34.206957,-84.139153,9/9/14 8:46,Property Damaged Only,1,Daylight
5482111,Pedestrian,33.848642,-84.291258,10/23/15 14:58,Property Damaged Only,1,Daylight
5887320,Pedestrian,33.884822,-84.621634,8/21/16 12:55,Property Damaged Only,1,Daylight
5383057,Pedestrian,33.472471,-81.983443,8/7/15 14:29,Property Damaged Only,1,Daylight
5759277,Pedestrian,34.042663,-84.330338,5/17/16 14:03,Property Damaged Only,1,Daylight
6003814,Pedestrian,32.546512,-82.908986,11/17/16 8:48,Property Damaged Only,1,Daylight
4580042,Pedestrian,33.738962,-84.309692,9/20/13 7:50,Property Damaged Only,1,Daylight
5993293,Pedestrian,33.731277,-84.408082,10/24/16 15:53,Property Damaged Only,1,Daylight
6061579,Pedestrian,33.801298,-84.460332,12/30/16 17:00,Property Damaged Only,1,Daylight
4501448,Pedestrian,33.77373,-84.363113,7/9/13 19:21,Property Damaged Only,1,Daylight
5475324,Pedestrian,33.654354,-84.449433,9/1/15 13:22,Property Damaged Only,1,Daylight
6501006,Pedestrian,32.029704,-81.09263,12/5/17 12:09,Property Damaged Only,1,Daylight
6040579,Pedestrian,33.581284,-84.46947,12/11/16 16:32,Property Damaged Only,1,Daylight
5812596,Pedestrian,34.152693,-84.173883,6/6/16 14:38,Property Damaged Only,1,Daylight
5985837,Pedestrian,33.980931,-84.624388,11/3/16 14:17,Property Damaged Only,1,Daylight
5237192,Pedestrian,33.94553,-84.150297,3/16/15 8:45,Property Damaged Only,1,Daylight
4502922,Pedestrian,33.73232,-84.24574,7/12/13 16:15,Property Damaged Only,1,Daylight
6210586,Pedestrian,33.790691,-84.385158,4/26/17 11:20,Property Damaged Only,1,Daylight
6189091,Pedestrian,34.210081,-84.335043,4/11/17 13:48,Property Damaged Only,1,Daylight
4550654,Pedestrian,33.947054,-84.136595,8/23/13 18:56,Property Damaged Only,1,Daylight
4662809,Pedestrian,33.79223,-84.31392,12/4/13 8:00,Property Damaged Only,1,Daylight
5505259,Pedestrian,33.682328,-84.407772,11/9/15 15:30,Property Damaged Only,1,Daylight
5057774,Pedestrian,1,-1,11/20/14 11:05,Property Damaged Only,1,Daylight
4950718,Pedestrian,33.765037,-84.341782,8/20/14 17:30,Property Damaged Only,1,Daylight
5588329,Pedestrian,33.57263,-83.998626,9/20/14 12:58,Property Damaged Only,1,Daylight
5743489,Pedestrian,30.882716,-83.256908,5/5/16 15:30,Property Damaged Only,1,Daylight
4519054,Pedestrian,33.78537,-84.26328,7/23/13 14:19,Property Damaged Only,1,Daylight
5830048,Pedestrian,33.824759,-84.103985,7/9/16 12:30,Property Damaged Only,1,Daylight
4973601,Pedestrian,32.243659,-81.22266,2/22/14 14:51,Property Damaged Only,1,Daylight
6100890,Pedestrian,33.974969,-83.981148,1/29/17 12:31,Property Damaged Only,1,Daylight
6112436,Pedestrian,33.333494,-84.712115,12/5/16 9:00,Property Damaged Only,1,Daylight
5789292,Pedestrian,32.215402,-82.397916,6/9/16 17:00,Property Damaged Only,1,Daylight
5510304,Pedestrian,32.07739,-81.095021,11/14/15 8:30,Property Damaged Only,1,Daylight
4469235,Pedestrian,31.448584,-83.513508,6/6/13 11:10,Property Damaged Only,1,Daylight
4420584,Pedestrian,34.776067,-84.972998,3/12/13 18:24,Property Damaged Only,1,Daylight
4853376,Pedestrian,34.297175,-83.825999,5/20/14 16:50,Property Damaged Only,1,Daylight
4728395,Pedestrian,32.472403,-84.987593,2/10/14 17:15,Property Damaged Only,1,Daylight
5932406,Pedestrian,33.0292,-85.069455,9/24/16 18:30,Property Damaged Only,1,Daylight
5808555,Pedestrian,33.768225,-84.40767,6/17/16 11:20,Property Damaged Only,1,Daylight
5648450,Pedestrian,32.055078,-81.111845,2/24/16 15:49,Property Damaged Only,1,Daylight
5446532,Pedestrian,34.295172,-83.82448,9/25/15 16:47,Property Damaged Only,1,Daylight
5572676,Pedestrian,33.932427,-83.310862,12/28/15 17:25,Property Damaged Only,1,Daylight
5998944,Pedestrian,34.025154,-84.258918,9/23/16 8:32,Property Damaged Only,1,Daylight
6170172,Pedestrian,33.629268,-84.360246,3/29/17 9:55,Property Damaged Only,1,Daylight
5100861,Pedestrian,32.07469,-81.099492,12/18/14 15:24,Property Damaged Only,1,Daylight
4990879,Pedestrian,33.78366,-83.70872,8/14/14 13:52,Property Damaged Only,1,Daylight
5407877,Pedestrian,33.422851,-82.060807,8/30/15 14:50,Property Damaged Only,1,Daylight
4736992,Pedestrian,34.022996,-84.363204,2/16/14 12:33,Property Damaged Only,1,Daylight
4931831,Pedestrian,34.279574,-83.817671,8/8/14 11:29,Property Damaged Only,1,Daylight
5694999,Pedestrian,33.974964,-83.981105,3/24/16 13:21,Property Damaged Only,1,Daylight
6282326,Pedestrian,33.500786,-84.245148,6/21/17 11:01,Property Damaged Only,1,Daylight
5148866,Pedestrian,34.79773,-84.922756,1/16/14 12:20,Property Damaged Only,1,Daylight
6369414,Pedestrian,30.828633,-83.267887,8/16/17 15:58,Property Damaged Only,1,Daylight
5809526,Pedestrian,33.819728,-84.061988,6/23/16 9:36,Fatal,3,Daylight
6390504,Pedestrian,33.455075,-84.194616,9/12/17 12:13,Fatal,3,Daylight
6465422,Pedestrian,32.154037,-81.95033,11/2/17 18:02,Fatal,3,Daylight
5776229,Pedestrian,34.17986,-84.70641,5/27/16 16:30,Fatal,3,Daylight
6479797,Pedestrian,31.208686,-82.374886,11/17/17 15:33,Fatal,3,Daylight
6518059,Pedestrian,33.893947,-84.234623,12/15/17 14:13,Fatal,3,Daylight
5402899,Pedestrian,33.471718,-81.988281,8/25/15 8:47,Fatal,3,Daylight
6312280,Pedestrian,34.0518,-84.82808,7/13/17 17:58,Injury,2,Daylight
5215574,Pedestrian,32.544617,-82.915922,3/11/15 17:34,Injury,2,Daylight
4667440,Pedestrian,33.922791,-84.492027,12/5/13 15:48,Injury,2,Daylight
4789547,Pedestrian,33.428332,-84.097731,4/13/14 7:00,Injury,2,Daylight
4370070,Pedestrian,33.80073,-83.85889,2/25/13 16:08,Injury,2,Daylight
4849390,Pedestrian,33.50828,-82.23555,5/18/14 14:48,Injury,2,Daylight
6410916,Pedestrian,33.587748,-84.372736,9/29/17 15:10,Injury,2,Daylight
6311219,Pedestrian,33.916412,-84.54839,7/13/17 15:40,Injury,2,Daylight
4461143,Pedestrian,33.66587,-84.02721,4/10/13 17:00,Injury,2,Daylight
5944738,Pedestrian,33.623492,-85.041393,10/2/16 17:38,Injury,2,Daylight
6511974,Pedestrian,33.801384,-83.716033,12/12/17 8:53,Injury,2,Daylight
6449176,Pedestrian,33.697344,-84.792323,10/26/17 16:17,Injury,2,Daylight
5003829,Pedestrian,33.808091,-84.396681,9/23/14 17:08,Injury,2,Daylight
5113056,Pedestrian,34.27302,-83.71753,12/13/14 12:39,Injury,2,Daylight
6416764,Pedestrian,33.583954,-84.514308,10/2/17 18:15,Injury,2,Daylight
5358617,Pedestrian,32.006099,-81.116216,7/16/15 11:50,Injury,2,Daylight
4633908,Pedestrian,32.88769,-84.33877,11/6/13 17:00,Injury,2,Daylight
4459948,Pedestrian,33.621839,-84.499435,5/28/13 15:45,Injury,2,Daylight
5822350,Pedestrian,32.538859,-82.941872,7/5/16 16:27,Injury,2,Daylight
5267009,Pedestrian,33.465566,-81.974641,4/26/15 19:03,Injury,2,Daylight
6405559,Pedestrian,33.733272,-84.252088,9/25/17 17:00,Injury,2,Daylight
4700443,Pedestrian,34.284283,-83.80157,1/11/14 16:52,Injury,2,Daylight
5303865,Pedestrian,32.01598,-80.84863,5/15/15 9:36,Injury,2,Daylight
5816757,Pedestrian,31.569398,-84.107771,6/29/16 15:00,Injury,2,Daylight
6039170,Pedestrian,34.144342,-83.885727,11/5/16 18:05,Injury,2,Daylight
5332129,Pedestrian,33.805447,-84.367337,6/18/15 13:51,Injury,2,Daylight
5431068,Pedestrian,33.694332,-84.506217,9/16/15 8:10,Injury,2,Daylight
5753233,Pedestrian,32.035603,-81.067152,5/12/16 20:04,Injury,2,Daylight
4713267,Pedestrian,34.466236,-84.46016,1/19/14 12:30,Injury,2,Daylight
5277258,Pedestrian,33.725416,-84.181499,5/5/15 13:51,Injury,2,Daylight
6182472,Pedestrian,32.0775,-81.098339,4/6/17 8:57,Injury,2,Daylight
6079181,Pedestrian,31.300612,-81.96652,1/12/17 16:47,Injury,2,Daylight
4739909,Pedestrian,34.25245,-84.44488,2/9/14 12:17,Injury,2,Daylight
4736978,Pedestrian,33.989096,-84.507804,2/15/14 17:15,Injury,2,Daylight
4854620,Pedestrian,33.789759,-84.26053,5/21/14 16:21,Injury,2,Daylight
4640312,Pedestrian,34.823455,-84.87744,11/13/13 17:13,Injury,2,Daylight
4781640,Pedestrian,33.689167,-84.02174,2/8/14 16:00,Injury,2,Daylight
6367768,Pedestrian,33.480523,-81.9954,8/25/17 13:00,Injury,2,Daylight
5225840,Pedestrian,32.527772,-82.913961,3/21/15 10:00,Injury,2,Daylight
5851771,Pedestrian,32.026546,-81.101878,7/26/16 10:46,Injury,2,Daylight
6318095,Pedestrian,34.054836,-84.174011,5/15/17 7:55,Injury,2,Daylight
5017349,Pedestrian,33.708472,-84.747368,10/11/14 18:40,Injury,2,Daylight
6135688,Pedestrian,33.38622,-84.818356,3/1/17 16:04,Injury,2,Daylight
6410201,Pedestrian,34.034242,-83.929567,9/28/17 10:04,Injury,2,Daylight
6468509,Pedestrian,33.683871,-84.309904,11/11/17 13:18,Injury,2,Daylight
5763770,Pedestrian,33.847915,-84.213278,5/20/16 8:38,Injury,2,Daylight
4797377,Pedestrian,32.490647,-84.986721,4/20/14 18:07,Injury,2,Daylight
5413530,Pedestrian,33.754463,-84.38422,8/31/15 16:50,Injury,2,Daylight
5573526,Pedestrian,31.979586,-81.099903,12/29/15 15:51,Injury,2,Daylight
4959825,Pedestrian,33.750831,-84.38991,8/28/14 15:30,Injury,2,Daylight
5508363,Pedestrian,34.072413,-83.117472,11/11/15 14:55,Injury,2,Daylight
6146635,Pedestrian,34.60829,-83.50664,3/3/17 10:39,Injury,2,Daylight
5511866,Pedestrian,33.960042,-84.105088,11/13/15 8:13,Injury,2,Daylight
4983950,Pedestrian,33.96229,-83.396608,9/17/14 16:49,Injury,2,Daylight
4505182,Pedestrian,33.248886,-84.2813,6/27/13 13:49,Injury,2,Daylight
6403667,Pedestrian,33.66464,-84.034045,9/24/17 16:14,Injury,2,Daylight
4714728,Pedestrian,33.765434,-84.385704,1/22/14 12:30,Injury,2,Daylight
4767893,Pedestrian,31.54444,-82.80786,3/20/14 0:00,Injury,2,Daylight
6141681,Pedestrian,33.89208,-84.031569,3/2/17 8:14,Injury,2,Daylight