incidentIdNbr,crashType,latitude,longitude,dateOfIncidentDate,severity,Mag,lightCondition
4986239,Pedestrian,32.052167,-81.096025,9/17/14 11:59,Injury,2,Daylight
5793496,Pedestrian & Bicyclist,31.568141,-84.176192,6/7/16 11:20,Property Damaged Only,1,Daylight
5803269,Pedestrian & Bicyclist,31.716438,-83.240505,4/28/16 18:03,Injury,2,Daylight
4426630,Bicyclist,33.89944,-84.54042,3/31/13 20:43,Property Damaged Only,1,Daylight
4758688,Bicyclist,34.040268,-84.580266,2/20/14 17:15,Property Damaged Only,1,Daylight
6237291,Bicyclist,32.430956,-84.940114,5/16/17 14:40,Property Damaged Only,1,Daylight
4731371,Bicyclist,32.41667,-81.770543,1/11/14 16:03,Property Damaged Only,1,Daylight
4840117,Bicyclist,33.261374,-84.261797,5/7/14 19:23,Property Damaged Only,1,Daylight
5166461,Bicyclist,33.930789,-84.343818,1/28/15 17:51,Property Damaged Only,1,Daylight
6369219,Bicyclist,33.868856,-84.121736,8/25/17 7:07,Property Damaged Only,1,Daylight
4780786,Bicyclist,33.905097,-84.057529,4/2/14 18:10,Property Damaged Only,1,Daylight
4436214,Bicyclist,33.902233,-84.454069,5/3/13 7:30,Property Damaged Only,1,Daylight
5691359,Bicyclist,33.945596,-84.335477,3/28/16 16:39,Property Damaged Only,1,Daylight
5100534,Bicyclist,33.764884,-84.333006,12/18/14 8:42,Property Damaged Only,1,Daylight
6335305,Bicyclist,33.75593,-84.391683,7/31/17 12:35,Property Damaged Only,1,Daylight
5939687,Bicyclist,32.503881,-84.988761,9/30/16 15:40,Property Damaged Only,1,Daylight
5801857,Bicyclist,33.912535,-84.160558,6/15/16 8:15,Property Damaged Only,1,Daylight
5159653,Bicyclist,30.798808,-81.63732,10/3/14 14:44,Property Damaged Only,1,Daylight
5518548,Bicyclist,33.601157,-84.074635,11/19/15 16:04,Property Damaged Only,1,Daylight
4603624,Bicyclist,34.072237,-83.917779,10/10/13 15:43,Property Damaged Only,1,Daylight
5011734,Bicyclist,31.90997,-81.276004,9/2/14 10:01,Property Damaged Only,1,Daylight
4394251,Bicyclist,34.542322,-83.362081,3/2/13 10:09,Property Damaged Only,1,Daylight
6187097,Bicyclist,32.415782,-81.783857,2/28/17 13:48,Property Damaged Only,1,Daylight
5473685,Bicyclist,33.811504,-84.138226,10/17/15 13:06,Property Damaged Only,1,Daylight
5041463,Bicyclist,33.94183,-84.522099,11/3/14 15:55,Property Damaged Only,1,Daylight
5755410,Bicyclist,33.487584,-82.073066,5/14/16 16:20,Property Damaged Only,1,Daylight
5849742,Bicyclist,33.587745,-83.42981,7/23/16 7:51,Fatal,3,Daylight
5769835,Bicyclist,32.045143,-81.102177,5/24/16 13:41,Injury,2,Daylight
6458003,Bicyclist,31.607178,-81.885323,10/30/17 15:30,Injury,2,Daylight
5191176,Bicyclist,34.768717,-84.947184,11/21/14 17:07,Injury,2,Daylight
4890594,Bicyclist,32.073662,-81.09981,6/26/14 13:28,Injury,2,Daylight
4955181,Bicyclist,33.838298,-84.132447,8/28/14 7:41,Injury,2,Daylight
5406094,Bicyclist,33.734693,-85.312081,8/27/15 10:15,Injury,2,Daylight
4687281,Bicyclist,32.842346,-84.65515,12/20/13 16:26,Injury,2,Daylight
5005165,Bicyclist,33.777323,-84.384358,9/29/14 6:30,Injury,2,Daylight
6282877,Bicyclist,31.58106,-84.05172,6/19/17 16:22,Injury,2,Daylight
5338820,Bicyclist,33.941195,-83.994336,6/27/15 17:10,Injury,2,Daylight
5884907,Bicyclist,33.776889,-84.392098,7/11/16 9:10,Injury,2,Daylight
4718492,Bicyclist,32.800383,-83.649084,1/6/14 15:45,Injury,2,Daylight
5755682,Bicyclist,33.769208,-84.216119,5/14/16 20:32,Injury,2,Daylight
4991169,Bicyclist,33.09005,-82.019731,4/27/14 13:57,Injury,2,Daylight
6439514,Bicyclist,32.078674,-81.102877,10/24/17 11:05,Injury,2,Daylight
5349800,Bicyclist,34.002817,-84.012904,7/7/15 8:04,Injury,2,Daylight
5479803,Bicyclist,33.939452,-83.38091,10/22/15 12:18,Injury,2,Daylight
4890661,Bicyclist,33.609756,-85.14265,6/24/14 17:19,Injury,2,Daylight
5877874,Bicyclist,32.047836,-81.08725,8/15/16 17:51,Injury,2,Daylight
5697525,Bicyclist,34.341409,-83.900925,3/25/16 17:20,Injury,2,Daylight
4384694,Bicyclist,33.439118,-84.121524,2/3/13 16:43,Injury,2,Daylight
4468119,Bicyclist,32.023258,-81.109985,6/5/13 9:25,Injury,2,Daylight
5203127,Bicyclist,30.771952,-81.582622,1/7/15 16:37,Injury,2,Daylight
6084373,Bicyclist,32.484256,-84.929203,1/18/17 13:15,Injury,2,Daylight
5438087,Bicyclist,32.609995,-83.613097,8/26/15 7:28,Injury,2,Daylight
6170083,Bicyclist,33.753808,-84.374381,3/29/17 11:55,Injury,2,Daylight
4514677,Bicyclist,34.009952,-84.324026,6/22/13 10:35,Injury,2,Daylight
4996406,Bicyclist,33.65619,-83.718545,8/3/13 11:27,Injury,2,Daylight
4922114,Bicyclist,32.425892,-84.950042,7/29/14 17:30,Injury,2,Daylight
6107551,Bicyclist,33.921717,-84.791028,2/5/17 17:30,Injury,2,Daylight
5167401,Pedestrian,33.772556,-84.380201,11/16/14 16:30,Property Damaged Only,1,Daylight
6070147,Pedestrian,33.803284,-84.193276,1/6/17 13:57,Property Damaged Only,1,Daylight
6375486,Pedestrian,33.680556,-84.230453,8/31/17 14:47,Property Damaged Only,1,Daylight
4425151,Pedestrian,33.753076,-84.391343,4/19/13 10:32,Property Damaged Only,1,Daylight
6266194,Pedestrian,33.903518,-84.348699,6/5/17 13:45,Property Damaged Only,1,Daylight
5837876,Pedestrian,33.566514,-84.412848,7/15/16 8:01,Property Damaged Only,1,Daylight
5794485,Pedestrian,33.841618,-84.504477,6/2/16 8:48,Property Damaged Only,1,Daylight
4688630,Pedestrian,33.90004,-84.00544,12/27/13 9:39,Property Damaged Only,1,Daylight
6217589,Pedestrian,33.987017,-84.63119,5/2/17 9:01,Property Damaged Only,1,Daylight
6285733,Pedestrian,33.379304,-84.78015,6/20/17 11:42,Property Damaged Only,1,Daylight
5331717,Pedestrian,33.701434,-84.419998,6/14/15 18:46,Property Damaged Only,1,Daylight
6310543,Pedestrian,32.223192,-82.407344,7/14/17 11:11,Property Damaged Only,1,Daylight
5453545,Pedestrian,31.220621,-82.362788,8/11/15 6:40,Property Damaged Only,1,Daylight
5511556,Pedestrian,33.723948,-84.538965,11/13/15 13:44,Property Damaged Only,1,Daylight
5222544,Pedestrian,33.976754,-84.52286,3/18/15 16:07,Property Damaged Only,1,Daylight
5468488,Pedestrian,32.082451,-81.112466,10/14/15 13:45,Property Damaged Only,1,Daylight
4982566,Pedestrian,33.320076,-83.408228,8/21/14 13:05,Property Damaged Only,1,Daylight
5322539,Pedestrian,33.819453,-84.33514,6/12/15 14:53,Property Damaged Only,1,Daylight
4548639,Pedestrian,33.759272,-84.367831,8/21/13 9:05,Property Damaged Only,1,Daylight
5650418,Pedestrian,34.075355,-83.884976,2/23/16 13:34,Property Damaged Only,1,Daylight
6501883,Pedestrian,33.781515,-84.397715,9/5/17 9:25,Property Damaged Only,1,Daylight
5627657,Pedestrian,32.074128,-81.099765,2/8/16 7:55,Property Damaged Only,1,Daylight
4490506,Pedestrian,33.718584,-84.227275,6/30/13 16:15,Property Damaged Only,1,Daylight
4926290,Pedestrian,33.675766,-84.430769,8/4/14 7:39,Property Damaged Only,1,Daylight
5362523,Pedestrian,34.283335,-83.800636,7/16/15 14:20,Property Damaged Only,1,Daylight
5587902,Pedestrian,33.602534,-83.785113,10/15/13 18:50,Property Damaged Only,1,Daylight
5171731,Pedestrian,33.918754,-84.277939,1/5/15 9:48,Property Damaged Only,1,Daylight
5637123,Pedestrian,33.765463,-84.349144,2/14/16 13:19,Property Damaged Only,1,Daylight
6312696,Pedestrian,33.776944,-84.192328,7/17/17 18:37,Property Damaged Only,1,Daylight
6130523,Pedestrian,32.051798,-81.108583,2/26/17 10:54,Property Damaged Only,1,Daylight
5371495,Pedestrian,33.586688,-84.479291,7/24/15 15:26,Property Damaged Only,1,Daylight
6435034,Pedestrian,33.753211,-84.389544,10/19/17 17:33,Property Damaged Only,1,Daylight
5138873,Pedestrian,33.70173,-84.171342,1/24/15 15:40,Property Damaged Only,1,Daylight
5960771,Pedestrian,33.867703,-84.630903,10/16/16 18:30,Property Damaged Only,1,Daylight
5764027,Pedestrian,32.511117,-84.97366,5/20/16 16:05,Property Damaged Only,1,Daylight
4549402,Pedestrian,33.562603,-84.413369,8/23/13 20:05,Property Damaged Only,1,Daylight
5925713,Pedestrian,33.768164,-84.28456,8/24/16 17:21,Property Damaged Only,1,Daylight
6585533,Pedestrian,34.166834,-84.795935,12/16/17 13:07,Property Damaged Only,1,Daylight
6282178,Pedestrian,33.662044,-84.30558,6/21/17 0:00,Property Damaged Only,1,Daylight
5055459,Pedestrian,32.801727,-83.647235,11/18/14 16:05,Property Damaged Only,1,Daylight
5730835,Pedestrian,31.207973,-82.366021,1/24/16 15:00,Property Damaged Only,1,Daylight
5517760,Pedestrian,33.430805,-84.194634,11/20/15 8:35,Property Damaged Only,1,Daylight
4901196,Pedestrian,33.928469,-84.345943,7/7/14 13:34,Property Damaged Only,1,Daylight
6371068,Pedestrian,33.904748,-84.271727,8/24/17 14:40,Property Damaged Only,1,Daylight
6369327,Pedestrian,33.85193,-84.360882,8/17/17 8:50,Property Damaged Only,1,Daylight
5781206,Pedestrian,33.935228,-84.353559,6/1/16 17:13,Property Damaged Only,1,Daylight
4696722,Pedestrian,33.70308,-84.11571,1/7/14 9:00,Property Damaged Only,1,Daylight
5360522,Pedestrian,32.820829,-83.712721,7/18/15 9:45,Property Damaged Only,1,Daylight
5028618,Pedestrian,33.846103,-84.12698,10/15/14 12:30,Property Damaged Only,1,Daylight
4468364,Pedestrian,31.981125,-81.226887,6/5/13 15:26,Property Damaged Only,1,Daylight
6242595,Pedestrian,31.158217,-81.488501,5/21/17 16:53,Property Damaged Only,1,Daylight
5692173,Pedestrian,34.021549,-84.269968,2/10/16 13:43,Property Damaged Only,1,Daylight
5646438,Pedestrian,33.882146,-84.190041,2/19/16 17:27,Property Damaged Only,1,Daylight
4643289,Pedestrian,32.823125,-83.669437,10/27/13 17:17,Property Damaged Only,1,Daylight
4967911,Pedestrian,33.952639,-84.102877,8/31/14 15:04,Property Damaged Only,1,Daylight
5824726,Pedestrian,34.074247,-84.412885,7/7/16 9:08,Property Damaged Only,1,Daylight
6355301,Pedestrian,33.801491,-84.337492,8/15/17 16:50,Property Damaged Only,1,Daylight
4630994,Pedestrian,33.837654,-84.237597,11/4/13 15:10,Property Damaged Only,1,Daylight
4375814,Pedestrian,33.761838,-84.196661,3/7/13 13:07,Property Damaged Only,1,Daylight
4844185,Pedestrian,33.842254,-84.330026,5/11/14 18:14,Property Damaged Only,1,Daylight
4487952,Pedestrian,32.071027,-81.083068,6/27/13 8:46,Property Damaged Only,1,Daylight
6370937,Pedestrian,32.472024,-84.967203,8/29/17 7:50,Property Damaged Only,1,Daylight
5778460,Pedestrian,33.544144,-84.367216,5/31/16 13:50,Property Damaged Only,1,Daylight
5928775,Pedestrian,31.045527,-83.392272,9/19/16 10:08,Property Damaged Only,1,Daylight
4535547,Pedestrian,33.707459,-84.454836,8/3/13 20:55,Property Damaged Only,1,Daylight
6319650,Pedestrian,33.73018,-84.762056,5/25/17 19:36,Property Damaged Only,1,Daylight
4953900,Pedestrian,34.171791,-84.78237,3/22/14 11:46,Property Damaged Only,1,Daylight
5762067,Pedestrian,33.711305,-84.271639,5/19/16 14:00,Property Damaged Only,1,Daylight
6345547,Pedestrian,30.866274,-83.259546,8/4/17 19:18,Property Damaged Only,1,Daylight
6476679,Pedestrian,34.088485,-84.341562,11/15/17 16:42,Property Damaged Only,1,Daylight
6189497,Pedestrian,33.996342,-84.349363,4/10/17 14:26,Property Damaged Only,1,Daylight
4698689,Pedestrian,32.543065,-84.96955,1/9/14 13:55,Property Damaged Only,1,Daylight
5137019,Pedestrian,32.455236,-84.960842,1/21/15 16:28,Property Damaged Only,1,Daylight
6113430,Pedestrian,33.75364,-84.390362,2/9/17 12:27,Property Damaged Only,1,Daylight
5181798,Pedestrian,32.05248,-81.102115,2/18/15 10:25,Property Damaged Only,1,Daylight
6519596,Pedestrian,33.730555,-84.408049,12/15/17 11:35,Property Damaged Only,1,Daylight
4443326,Pedestrian,33.773826,-84.350836,3/12/13 6:13,Property Damaged Only,1,Daylight
5281575,Pedestrian,33.924104,-84.379252,5/1/15 9:25,Property Damaged Only,1,Daylight
4829117,Pedestrian,31.168736,-81.492436,4/22/14 18:32,Property Damaged Only,1,Daylight
5138597,Pedestrian,32.06005,-81.06705,1/24/15 16:00,Property Damaged Only,1,Daylight
6258972,Pedestrian,33.262136,-84.261249,6/1/17 7:30,Property Damaged Only,1,Daylight
6336240,Pedestrian,33.764541,-84.385754,7/24/17 14:30,Property Damaged Only,1,Daylight
4758931,Pedestrian,30.784871,-83.558148,2/19/14 13:41,Property Damaged Only,1,Daylight
5508621,Pedestrian,33.924063,-84.469935,11/9/15 16:46,Property Damaged Only,1,Daylight
5313388,Pedestrian,32.799045,-83.665269,6/3/15 14:08,Fatal,3,Daylight
5819508,Pedestrian,32.341656,-81.398271,6/30/16 15:39,Injury,2,Daylight
5979598,Pedestrian,33.815838,-84.235458,10/14/16 15:30,Injury,2,Daylight
5297515,Pedestrian,33.885673,-84.20862,5/20/15 17:00,Injury,2,Daylight
4954487,Pedestrian,33.977712,-84.555647,8/26/14 8:15,Injury,2,Daylight
4875930,Pedestrian,33.433682,-84.161565,6/12/14 11:36,Injury,2,Daylight
6114791,Pedestrian,32.069706,-81.103056,2/11/17 16:47,Injury,2,Daylight
6345336,Pedestrian,33.755583,-84.386108,8/7/17 11:47,Injury,2,Daylight
4967381,Pedestrian,32.493555,-84.975755,9/7/14 19:04,Injury,2,Daylight
4634660,Pedestrian,34.175623,-84.417911,11/8/13 13:56,Injury,2,Daylight
4584912,Pedestrian,33.61443,-84.47263,9/27/13 19:04,Injury,2,Daylight
6323014,Pedestrian,34.880836,-83.95562,7/24/17 17:30,Injury,2,Daylight
5115344,Pedestrian,33.697584,-84.448505,1/1/15 18:12,Injury,2,Daylight
6383454,Pedestrian,33.915642,-84.074137,8/26/17 9:10,Injury,2,Daylight
5738746,Pedestrian,33.949185,-84.13817,4/30/16 14:37,Injury,2,Daylight
5822903,Pedestrian,33.723597,-84.407878,6/28/16 18:29,Injury,2,Daylight
6032391,Pedestrian,31.241503,-81.513075,12/7/16 7:48,Injury,2,Daylight
5724367,Pedestrian,31.595832,-84.162509,4/20/16 15:52,Injury,2,Daylight
5910294,Pedestrian,32.110906,-81.987767,9/6/16 18:20,Injury,2,Daylight
4364072,Pedestrian,33.295303,-84.2816,2/19/13 15:32,Injury,2,Daylight
6108524,Pedestrian,33.658855,-84.503403,1/13/17 14:02,Injury,2,Daylight
4881712,Pedestrian,32.043256,-81.058095,6/17/14 14:41,Injury,2,Daylight
6115993,Pedestrian,34.283289,-83.83904,2/11/17 16:45,Injury,2,Daylight
4875667,Pedestrian,33.887076,-84.052368,6/10/14 17:53,Injury,2,Daylight
5330092,Pedestrian,31.181584,-81.500501,6/18/15 12:18,Injury,2,Daylight
5149416,Pedestrian,34.064974,-84.212527,8/23/14 10:26,Injury,2,Daylight
4472808,Pedestrian,32.024974,-84.38819,6/8/13 18:20,Injury,2,Daylight
6457081,Pedestrian,33.718228,-84.425215,10/27/17 8:45,Injury,2,Daylight
5383600,Pedestrian,33.353724,-84.296421,8/1/15 18:34,Injury,2,Daylight
4901215,Pedestrian,33.883517,-84.656772,7/6/14 14:18,Injury,2,Daylight
4856756,Pedestrian,33.817966,-84.233576,5/23/14 10:17,Injury,2,Daylight
4533622,Pedestrian,33.952269,-84.549078,8/5/13 14:00,Injury,2,Daylight
5723439,Pedestrian,32.574541,-83.895646,4/19/16 19:40,Injury,2,Daylight
5931815,Pedestrian,33.470122,-82.054073,9/21/16 18:20,Injury,2,Daylight
4510209,Pedestrian,34.78876,-84.98594,5/16/13 8:31,Injury,2,Daylight
6165324,Pedestrian,33.470722,-82.493114,3/23/17 13:55,Injury,2,Daylight
5665153,Pedestrian,33.623732,-84.354075,2/5/16 16:13,Injury,2,Daylight
6340580,Pedestrian,32.103497,-81.149337,7/4/17 18:34,Injury,2,Daylight
5372123,Pedestrian,34.20668,-84.135155,7/22/15 15:21,Injury,2,Daylight
4935837,Pedestrian,33.915014,-84.498342,8/10/14 21:45,Injury,2,Daylight
5445769,Pedestrian,32.39563,-81.7844,9/23/15 8:35,Injury,2,Daylight
6479356,Pedestrian,30.703432,-83.028035,11/17/17 9:27,Injury,2,Daylight
5432446,Pedestrian,33.77317,-84.372747,9/19/15 11:20,Injury,2,Daylight
5701073,Pedestrian,33.547681,-84.620311,4/4/16 13:00,Injury,2,Daylight
4426205,Pedestrian,32.865133,-83.661583,4/12/13 17:14,Injury,2,Daylight
5220356,Pedestrian,32.071482,-81.157275,3/17/15 12:09,Injury,2,Daylight
4466476,Pedestrian,32.889694,-84.31459,5/30/13 16:00,Injury,2,Daylight
5085728,Pedestrian,32.620455,-83.62094,5/6/13 19:23,Injury,2,Daylight
4577266,Pedestrian,32.320327,-84.531295,9/21/13 16:00,Injury,2,Daylight
5818838,Pedestrian,33.647494,-84.012511,7/1/16 12:31,Injury,2,Daylight
6056742,Pedestrian,33.971206,-84.047694,12/23/16 8:05,Injury,2,Daylight
5086072,Pedestrian,34.886673,-84.3406,12/8/14 10:23,Injury,2,Daylight
5037510,Pedestrian & Bicyclist,32.43878,-84.97538,11/2/14 0:00,Property Damaged Only,1,Daylight
5838251,Pedestrian & Bicyclist,33.884938,-84.47025,7/12/16 9:55,Property Damaged Only,1,Daylight
6551047,Pedestrian & Bicyclist,34.024772,-84.200058,11/27/17 15:39,Injury,2,Daylight
4460998,Pedestrian & Bicyclist,33.979333,-84.166906,4/2/13 7:32,Injury,2,Daylight
5481028,Bicyclist,33.813501,-84.141795,10/18/15 16:27,Property Damaged Only,1,Daylight
5211278,Bicyclist,33.879031,-84.309391,2/11/15 0:00,Property Damaged Only,1,Daylight
5488077,Bicyclist,33.900568,-84.12871,10/23/15 16:46,Property Damaged Only,1,Daylight
4524787,Bicyclist,32.058859,-81.081533,7/30/13 10:59,Property Damaged Only,1,Daylight
4924904,Bicyclist,34.089988,-84.36153,7/31/14 19:32,Property Damaged Only,1,Daylight
4404015,Bicyclist,33.854706,-84.209472,4/3/13 16:50,Property Damaged Only,1,Daylight
5548415,Bicyclist,33.61634,-84.472776,10/1/15 17:18,Property Damaged Only,1,Daylight
5125722,Bicyclist,33.860181,-84.593721,1/11/15 15:15,Property Damaged Only,1,Daylight
6384331,Bicyclist,32.076181,-81.095816,9/7/17 16:50,Property Damaged Only,1,Daylight
4743561,Bicyclist,33.760216,-84.469736,2/8/14 12:20,Property Damaged Only,1,Daylight
5217728,Bicyclist,33.75265,-84.33286,3/11/15 18:15,Property Damaged Only,1,Daylight
4558075,Bicyclist,31.62255,-84.21535,9/1/13 17:58,Property Damaged Only,1,Daylight
4586846,Bicyclist,33.673585,-84.497078,9/25/13 11:30,Property Damaged Only,1,Daylight
4785530,Bicyclist,33.765527,-83.309483,3/11/14 17:10,Property Damaged Only,1,Daylight
5227233,Bicyclist,32.871378,-83.690322,2/27/15 8:34,Property Damaged Only,1,Daylight
5296902,Bicyclist,34.232985,-85.167311,5/20/15 8:08,Property Damaged Only,1,Daylight
5065830,Bicyclist,31.575362,-84.151382,10/31/14 16:37,Property Damaged Only,1,Daylight
4623540,Bicyclist,33.733306,-84.356059,10/3/13 15:51,Property Damaged Only,1,Daylight
5979490,Bicyclist,34.976778,-84.372096,9/16/16 19:13,Property Damaged Only,1,Daylight
6270868,Bicyclist,33.750628,-84.395115,6/9/17 18:03,Property Damaged Only,1,Daylight
5853894,Bicyclist,32.034068,-81.049895,4/13/16 17:16,Property Damaged Only,1,Daylight
6060197,Bicyclist,33.411892,-82.027679,12/29/16 16:31,Property Damaged Only,1,Daylight
5885945,Bicyclist,33.611967,-84.293635,8/21/16 15:18,Property Damaged Only,1,Daylight
6280873,Bicyclist,32.442188,-81.745719,6/13/17 11:23,Property Damaged Only,1,Daylight
6335578,Bicyclist,34.191267,-84.79649,5/7/17 10:51,Property Damaged Only,1,Daylight
4402261,Bicyclist,33.951189,-83.40381,3/22/13 18:47,Property Damaged Only,1,Daylight
4580687,Bicyclist,33.771079,-84.292615,8/24/13 11:10,Property Damaged Only,1,Daylight
5614178,Bicyclist,33.762501,-84.337106,1/4/16 17:01,Property Damaged Only,1,Daylight
6264317,Bicyclist,33.541468,-84.423626,6/4/17 18:53,Property Damaged Only,1,Daylight
4758147,Bicyclist,32.846352,-83.6594,2/14/14 10:39,Property Damaged Only,1,Daylight
5987660,Bicyclist,32.054846,-81.105615,11/5/16 15:51,Property Damaged Only,1,Daylight
4993812,Bicyclist,33.474193,-81.984632,9/24/14 8:29,Property Damaged Only,1,Daylight
5120295,Bicyclist,33.456948,-82.01382,1/7/15 7:15,Property Damaged Only,1,Daylight
5857934,Bicyclist,33.960153,-83.381863,7/29/16 16:11,Injury,2,Daylight
4488836,Bicyclist,30.83556,-83.96891,5/29/13 10:02,Injury,2,Daylight
5406647,Bicyclist,33.831791,-84.323,8/28/15 11:27,Injury,2,Daylight
6432880,Bicyclist,34.038723,-84.508606,10/12/17 12:39,Injury,2,Daylight
4839263,Bicyclist,33.805609,-84.069057,5/4/14 18:38,Injury,2,Daylight
4890957,Bicyclist,32.849955,-83.648077,6/14/14 15:27,Injury,2,Daylight
4423675,Bicyclist,31.333223,-83.043235,4/22/13 13:00,Injury,2,Daylight
4842817,Bicyclist,33.7902,-83.70412,5/10/14 17:25,Injury,2,Daylight
5826286,Bicyclist,33.927193,-84.428971,7/7/16 15:05,Injury,2,Daylight
6313881,Bicyclist,32.055869,-81.082587,7/18/17 14:26,Injury,2,Daylight
6189966,Bicyclist,31.77247,-84.45075,4/9/17 17:56,Injury,2,Daylight
5567235,Bicyclist,32.402585,-81.646293,12/25/15 15:40,Injury,2,Daylight
6332861,Bicyclist,33.77691,-84.393634,6/23/17 11:23,Injury,2,Daylight
5220588,Bicyclist,34.09732,-84.368905,3/17/15 15:30,Injury,2,Daylight
4940265,Bicyclist,31.570927,-84.107684,8/11/14 10:52,Injury,2,Daylight
5947894,Bicyclist,33.77231,-84.50767,4/17/16 17:15,Injury,2,Daylight
4957828,Bicyclist,34.15022,-83.24951,8/31/14 14:20,Injury,2,Daylight
5247396,Bicyclist,33.848936,-83.995378,4/8/15 19:16,Injury,2,Daylight
5425475,Bicyclist,34.066008,-84.687913,9/9/15 15:16,Injury,2,Daylight
4921315,Bicyclist,31.50413,-82.849593,7/22/14 9:08,Injury,2,Daylight
6365658,Bicyclist,33.814563,-84.353301,8/23/17 17:33,Injury,2,Daylight
6171099,Bicyclist,34.330444,-83.839519,3/10/17 15:40,Injury,2,Daylight
6293071,Bicyclist,33.795631,-84.12482,6/28/17 7:52,Injury,2,Daylight
4829842,Bicyclist,33.754453,-84.382306,4/24/14 9:00,Injury,2,Daylight
4965763,Bicyclist,33.60748,-84.343887,9/5/14 12:22,Injury,2,Daylight
6345510,Bicyclist,33.678552,-84.663674,8/7/17 8:36,Injury,2,Daylight
4540310,Bicyclist,30.890001,-83.27711,8/9/13 16:03,Injury,2,Daylight
5992287,Bicyclist,33.58961,-84.35156,11/6/16 16:45,Injury,2,Daylight
4871342,Bicyclist,33.786781,-84.162914,6/8/14 11:33,Injury,2,Daylight
4478009,Bicyclist,34.008944,-84.341636,6/2/13 11:27,Injury,2,Daylight
4885338,Pedestrian,33.456776,-81.986167,6/23/14 7:00,Property Damaged Only,1,Daylight
4857838,Pedestrian,33.812439,-84.307913,5/25/14 12:55,Property Damaged Only,1,Daylight
4782491,Pedestrian,33.564056,-84.371073,4/6/14 9:35,Property Damaged Only,1,Daylight
5533024,Pedestrian,33.608287,-84.442961,12/2/15 8:00,Property Damaged Only,1,Daylight
4954016,Pedestrian,34.175804,-84.786627,4/18/14 12:11,Property Damaged Only,1,Daylight
4672688,Pedestrian,33.873937,-84.530609,10/15/13 13:53,Property Damaged Only,1,Daylight
5155841,Pedestrian,33.819466,-84.335104,2/2/15 7:45,Property Damaged Only,1,Daylight
6056982,Pedestrian,33.806378,-84.043224,12/23/16 12:14,Property Damaged Only,1,Daylight
5813871,Pedestrian,33.958308,-83.372761,6/27/16 8:45,Property Damaged Only,1,Daylight
6212888,Pedestrian,33.840829,-84.201955,4/30/17 16:16,Property Damaged Only,1,Daylight
4793439,Pedestrian,34.007765,-84.633632,4/16/14 10:55,Property Damaged Only,1,Daylight
5965448,Pedestrian,34.016116,-84.164145,8/25/16 19:23,Property Damaged Only,1,Daylight
6399324,Pedestrian,32.030597,-81.114938,9/20/17 13:30,Property Damaged Only,1,Daylight
5634158,Pedestrian,31.583121,-84.174065,2/10/16 18:19,Property Damaged Only,1,Daylight
5106852,Pedestrian,33.706961,-84.272021,12/26/14 11:39,Property Damaged Only,1,Daylight
6385178,Pedestrian,32.448219,-81.783488,9/7/17 9:27,Property Damaged Only,1,Daylight
4758795,Pedestrian,33.828906,-83.912333,2/21/14 14:33,Property Damaged Only,1,Daylight
4853479,Pedestrian,34.050092,-84.337962,5/19/14 8:39,Property Damaged Only,1,Daylight
5171248,Pedestrian,32.068637,-81.101699,2/9/15 9:10,Property Damaged Only,1,Daylight
5893001,Pedestrian,31.629693,-84.232084,8/17/16 16:30,Property Damaged Only,1,Daylight
5169803,Pedestrian,33.678664,-84.178379,2/7/15 13:55,Property Damaged Only,1,Daylight
5239557,Pedestrian,33.758421,-84.387098,4/1/15 14:30,Property Damaged Only,1,Daylight
5989840,Pedestrian,32.042899,-81.103087,11/3/16 7:40,Property Damaged Only,1,Daylight
5368221,Pedestrian,32.458665,-84.950576,7/24/15 0:00,Property Damaged Only,1,Daylight
6165334,Pedestrian,33.93917,-83.376319,1/26/17 9:15,Property Damaged Only,1,Daylight
4979125,Pedestrian,33.781812,-84.379209,9/13/14 19:00,Property Damaged Only,1,Daylight
6395056,Pedestrian,33.714625,-84.305264,9/17/17 8:30,Property Damaged Only,1,Daylight
4646785,Pedestrian,32.852352,-83.676633,10/31/13 15:19,Property Damaged Only,1,Daylight
5961297,Pedestrian,33.825826,-84.36213,10/17/16 13:22,Property Damaged Only,1,Daylight
4718128,Pedestrian,34.203803,-84.236978,1/3/14 8:35,Property Damaged Only,1,Daylight
4679365,Pedestrian,33.994481,-84.0348,12/17/13 11:26,Property Damaged Only,1,Daylight
6117979,Pedestrian,32.478586,-84.961136,2/14/17 16:23,Property Damaged Only,1,Daylight
5410253,Pedestrian,32.825433,-83.678807,8/28/15 16:06,Property Damaged Only,1,Daylight