incidentIdNbr,crashType,latitude,longitude,dateOfIncidentDate,severity,Mag,lightCondition
4610140,Pedestrian,34.7762,-84.96551,9/29/13 15:42,Property Damaged Only,1,Daylight
4346059,Pedestrian,34.681194,-84.61578,2/4/13 14:36,Property Damaged Only,1,Daylight
6532830,Pedestrian,33.845273,-84.245696,12/29/17 13:24,Property Damaged Only,1,Daylight
5070731,Pedestrian,33.777097,-84.243961,12/2/14 9:41,Property Damaged Only,1,Daylight
4396425,Pedestrian,33.758396,-84.348877,3/24/13 16:10,Property Damaged Only,1,Daylight
6306565,Pedestrian,33.587455,-84.378108,7/12/17 8:50,Property Damaged Only,1,Daylight
5439698,Pedestrian,34.087565,-84.26933,9/21/15 10:58,Property Damaged Only,1,Daylight
4349389,Pedestrian,32.080085,-81.096324,2/8/13 12:08,Property Damaged Only,1,Daylight
4883263,Pedestrian,34.434634,-83.110854,5/27/14 6:44,Property Damaged Only,1,Daylight
5900401,Pedestrian,33.738202,-84.412347,8/31/16 12:50,Property Damaged Only,1,Daylight
6323062,Pedestrian,33.744489,-85.292688,7/23/17 11:46,Property Damaged Only,1,Daylight
6357052,Pedestrian,33.725251,-84.405432,8/12/17 17:25,Property Damaged Only,1,Daylight
5239879,Pedestrian,32.105265,-81.152222,4/2/15 7:24,Property Damaged Only,1,Daylight
5575110,Pedestrian,31.983405,-81.163194,12/30/15 17:09,Property Damaged Only,1,Daylight
5200682,Pedestrian,32.006025,-81.286145,2/28/15 0:00,Property Damaged Only,1,Daylight
5669009,Pedestrian,34.29255,-83.807321,2/16/16 7:30,Property Damaged Only,1,Daylight
5314160,Pedestrian,32.61441,-83.66098,5/30/15 15:59,Property Damaged Only,1,Daylight
6309963,Pedestrian,34.16891,-83.95227,7/14/17 15:00,Property Damaged Only,1,Daylight
4375585,Pedestrian,33.76226,-84.38901,3/6/13 12:17,Property Damaged Only,1,Daylight
5558759,Pedestrian,33.559636,-84.345583,12/18/15 15:30,Property Damaged Only,1,Daylight
6038086,Pedestrian,33.621661,-84.504599,12/9/16 15:55,Property Damaged Only,1,Daylight
5298014,Pedestrian,31.993967,-81.129351,5/21/15 0:00,Property Damaged Only,1,Daylight
4521385,Pedestrian,34.524143,-83.97374,7/26/13 10:01,Property Damaged Only,1,Daylight
6190013,Pedestrian,32.836415,-83.622194,4/11/17 10:31,Property Damaged Only,1,Daylight
5952557,Pedestrian,33.859376,-84.116205,10/3/16 14:34,Property Damaged Only,1,Daylight
5560178,Pedestrian,34.209592,-84.509628,12/20/15 13:31,Property Damaged Only,1,Daylight
6129195,Pedestrian,33.759429,-84.240125,2/24/17 0:00,Property Damaged Only,1,Daylight
5963487,Pedestrian,33.773453,-84.399664,8/31/16 11:20,Property Damaged Only,1,Daylight
5908369,Pedestrian,33.83318,-84.38371,9/1/16 17:22,Property Damaged Only,1,Daylight
5855158,Pedestrian,30.844878,-83.272237,7/27/16 17:42,Property Damaged Only,1,Daylight
4866206,Pedestrian,33.881859,-84.011173,6/1/14 18:19,Property Damaged Only,1,Daylight
6157537,Pedestrian,31.606707,-84.195126,3/18/17 15:44,Property Damaged Only,1,Daylight
4893303,Pedestrian,32.079778,-81.092264,6/30/14 10:02,Property Damaged Only,1,Daylight
4775947,Pedestrian,33.827864,-84.328909,3/30/14 17:10,Property Damaged Only,1,Daylight
6034333,Pedestrian,33.717554,-84.145819,12/9/16 6:10,Fatal,3,Daylight
6114596,Pedestrian,32.166469,-81.198217,2/10/17 11:11,Fatal,3,Daylight
5328556,Pedestrian,34.431715,-83.094198,6/17/15 18:38,Fatal,3,Daylight
6250301,Pedestrian,33.786626,-84.384317,5/25/17 17:25,Injury,2,Daylight
4394771,Pedestrian,33.746917,-84.38939,3/14/13 7:40,Injury,2,Daylight
4571476,Pedestrian,33.776734,-84.452457,9/11/13 19:00,Injury,2,Daylight
5911645,Pedestrian,34.178636,-84.538334,9/9/16 14:48,Injury,2,Daylight
4459814,Pedestrian,34.70004,-84.48173,5/28/13 11:38,Injury,2,Daylight
4568553,Pedestrian,33.865554,-84.289779,9/12/13 18:06,Injury,2,Daylight
4747021,Pedestrian,33.928568,-84.385335,2/28/14 11:16,Injury,2,Daylight
6519570,Pedestrian,31.937887,-83.799762,12/7/17 16:33,Injury,2,Daylight
4416737,Pedestrian,33.771166,-84.37278,4/10/13 12:28,Injury,2,Daylight
4979820,Pedestrian,32.397373,-82.06374,9/12/14 7:54,Injury,2,Daylight
6213448,Pedestrian,33.06564,-85.00391,4/30/17 20:29,Injury,2,Daylight
6362278,Pedestrian,33.377387,-84.216558,8/21/17 17:29,Injury,2,Daylight
5961672,Pedestrian,32.719598,-82.750937,10/17/16 15:22,Injury,2,Daylight
4433259,Pedestrian,33.81059,-84.88817,5/4/13 11:52,Injury,2,Daylight
6378420,Pedestrian,34.204162,-83.757,9/3/17 18:35,Injury,2,Daylight
6432423,Pedestrian,33.752413,-84.349224,10/17/17 7:30,Injury,2,Daylight
6205414,Pedestrian,33.846306,-84.254301,4/24/17 13:30,Injury,2,Daylight
4565982,Pedestrian,31.559029,-84.170985,9/10/13 7:56,Injury,2,Daylight
5250763,Pedestrian,34.214926,-84.506797,4/7/15 14:00,Injury,2,Daylight
6348504,Pedestrian,33.743141,-84.21343,8/10/17 0:00,Injury,2,Daylight
4424814,Pedestrian,33.922004,-84.578187,4/24/13 17:06,Injury,2,Daylight
5918723,Pedestrian,33.430829,-82.014796,9/14/16 16:21,Injury,2,Daylight
5447949,Pedestrian,33.562938,-84.518049,9/29/15 10:07,Injury,2,Daylight
4435908,Pedestrian,32.5178,-84.96081,5/6/13 15:08,Injury,2,Daylight
4535838,Pedestrian,33.017416,-85.045877,8/9/13 17:32,Injury,2,Daylight
4501743,Pedestrian,33.779562,-84.384192,7/7/13 16:55,Injury,2,Daylight
4932623,Pedestrian,32.816911,-83.644723,8/9/14 13:45,Injury,2,Daylight
5779889,Pedestrian,33.827651,-84.329799,6/1/16 16:47,Injury,2,Daylight
4520756,Pedestrian,33.595657,-83.469535,7/24/13 18:00,Injury,2,Daylight
4726908,Pedestrian,33.727584,-84.237942,2/9/14 14:38,Injury,2,Daylight
6409340,Pedestrian,32.799236,-83.645934,9/28/17 17:27,Injury,2,Daylight
6013527,Pedestrian,33.616352,-84.472081,9/25/16 8:45,Injury,2,Daylight
4470370,Pedestrian,33.785354,-84.461392,6/5/13 8:01,Injury,2,Daylight
6350095,Pedestrian,32.794282,-83.654502,8/11/17 12:54,Injury,2,Daylight
6441516,Pedestrian,33.755494,-84.38428,10/9/17 14:35,Injury,2,Daylight
4858696,Pedestrian,33.996401,-84.096758,5/26/14 8:49,Injury,2,Daylight
5222199,Pedestrian,34.020516,-83.343612,3/12/15 15:10,Injury,2,Daylight
5853419,Pedestrian,33.900068,-84.447851,7/26/16 15:05,Injury,2,Daylight
6266121,Pedestrian,32.540657,-81.94088,6/4/17 14:53,Injury,2,Daylight
5914067,Pedestrian,33.848701,-84.366394,9/8/16 14:30,Injury,2,Daylight
5914353,Pedestrian,33.772368,-84.417382,9/10/16 10:43,Injury,2,Daylight
4618379,Pedestrian,33.940097,-84.121864,10/16/13 17:30,Injury,2,Daylight
6520702,Pedestrian,33.939009,-83.369157,11/16/17 11:52,Injury,2,Daylight
5480523,Pedestrian,33.74356,-84.403974,10/22/15 16:36,Injury,2,Daylight
6395110,Pedestrian,34.41803,-83.42598,9/15/17 17:18,Injury,2,Daylight
4679419,Pedestrian,33.0816,-83.2253,12/18/13 9:37,Injury,2,Daylight
4876071,Pedestrian,33.689234,-84.457259,6/12/14 15:53,Injury,2,Daylight
6151844,Pedestrian,33.722116,-84.393795,3/14/17 15:15,Injury,2,Daylight
4849169,Pedestrian,33.731504,-84.194955,5/18/14 9:44,Injury,2,Daylight
5281747,Pedestrian,31.613478,-84.230401,5/1/15 17:50,Injury,2,Daylight
6470524,Pedestrian,33.702093,-84.170921,11/13/17 9:15,Injury,2,Daylight
4851777,Pedestrian,33.932574,-84.153183,5/17/14 14:56,Injury,2,Daylight
5967329,Pedestrian,33.657822,-84.000874,10/19/16 0:00,Injury,2,Daylight
6504623,Pedestrian,34.946147,-83.754091,12/7/17 13:05,Injury,2,Daylight
4568140,Pedestrian,32.087048,-81.11384,5/21/13 11:00,Injury,2,Daylight
6202597,Pedestrian,34.123764,-83.82863,4/20/17 16:55,Injury,2,Daylight
4863142,Pedestrian,31.16884,-84.39166,5/28/14 18:50,Injury,2,Daylight
5780424,Pedestrian,33.714236,-84.391292,5/31/16 17:35,Injury,2,Daylight
5263049,Pedestrian,33.951929,-85.388229,4/11/15 13:03,Injury,2,Daylight
4859070,Pedestrian,33.49671,-84.401682,5/26/14 19:23,Injury,2,Daylight
6120019,Pedestrian,32.408672,-81.776353,2/15/17 16:09,Injury,2,Daylight
5900671,Pedestrian,33.89521,-84.213368,8/27/16 15:01,Injury,2,Daylight
5688973,Pedestrian,33.731834,-84.283225,3/25/16 16:05,Injury,2,Daylight
6427284,Pedestrian,33.800641,-84.201573,10/13/17 0:00,Injury,2,Daylight
4837983,Pedestrian,33.95759,-83.37687,5/6/14 10:45,Injury,2,Daylight
6136125,Pedestrian,33.93289,-84.548281,2/25/17 14:45,Injury,2,Daylight
5870543,Pedestrian,33.466992,-84.821039,8/5/15 13:45,Injury,2,Daylight
6102704,Pedestrian,32.056823,-84.227501,10/4/16 15:57,Injury,2,Daylight
4849194,Pedestrian,32.07852,-81.09788,5/14/14 11:10,Injury,2,Daylight
4949249,Pedestrian,33.469407,-82.064705,8/23/14 15:52,Injury,2,Daylight
4979385,Pedestrian,33.467559,-84.34931,9/15/14 8:53,Injury,2,Daylight
5322295,Pedestrian,33.823494,-84.367469,6/11/15 13:20,Injury,2,Daylight
4668187,Pedestrian,33.764632,-84.385703,12/3/13 8:30,Injury,2,Daylight
6002608,Pedestrian & Bicyclist,31.591738,-84.170803,11/15/16 7:24,Injury,2,Daylight
4969243,Pedestrian & Bicyclist,34.008612,-83.816609,10/16/13 9:25,Injury,2,Daylight
6247916,Bicyclist,34.036269,-84.56987,5/23/17 13:40,Property Damaged Only,1,Daylight
5873406,Bicyclist,34.002463,-84.080686,8/10/16 9:29,Property Damaged Only,1,Daylight
4536889,Bicyclist,32.47947,-84.97001,8/11/13 17:00,Property Damaged Only,1,Daylight
6125580,Bicyclist,32.064854,-81.097281,2/21/17 16:32,Property Damaged Only,1,Daylight
5732002,Bicyclist,33.430678,-84.137167,4/21/16 16:43,Property Damaged Only,1,Daylight
5431030,Bicyclist,33.905276,-84.271158,9/20/15 20:00,Property Damaged Only,1,Daylight
4791574,Bicyclist,33.777794,-84.294824,3/18/14 16:40,Property Damaged Only,1,Daylight
6348725,Bicyclist,33.736777,-84.393494,8/3/17 9:28,Property Damaged Only,1,Daylight
4442830,Bicyclist,33.77691,-84.39364,4/17/13 14:05,Property Damaged Only,1,Daylight
4769619,Bicyclist,33.925234,-84.432667,3/20/14 16:26,Property Damaged Only,1,Daylight
5489327,Bicyclist,32.052818,-81.104099,10/29/15 8:32,Property Damaged Only,1,Daylight
5449516,Bicyclist,34.479241,-84.936956,9/30/15 15:44,Property Damaged Only,1,Daylight
6286222,Bicyclist,33.425704,-82.018022,6/23/17 12:55,Property Damaged Only,1,Daylight
4859766,Bicyclist,33.482487,-82.015334,5/27/14 11:43,Property Damaged Only,1,Daylight
5269633,Bicyclist,33.475461,-81.9911,4/23/15 11:56,Property Damaged Only,1,Daylight
5160756,Bicyclist,33.57214,-83.47735,10/9/14 13:58,Property Damaged Only,1,Daylight
5423027,Bicyclist,34.025047,-84.611485,9/8/15 8:48,Property Damaged Only,1,Daylight
5957630,Bicyclist,30.846957,-83.31856,10/14/16 12:38,Property Damaged Only,1,Daylight
4384923,Bicyclist,33.428634,-82.081001,2/23/13 9:36,Property Damaged Only,1,Daylight
4525134,Bicyclist,33.948531,-84.230844,7/30/13 12:50,Property Damaged Only,1,Daylight
5162881,Bicyclist,33.653347,-84.397241,10/23/14 16:18,Property Damaged Only,1,Daylight
4480562,Bicyclist,34.001506,-84.518523,6/14/13 16:20,Property Damaged Only,1,Daylight
5758754,Bicyclist,31.853209,-81.57918,5/16/16 16:04,Property Damaged Only,1,Daylight
6251876,Bicyclist,31.20153,-82.32922,5/26/17 14:35,Property Damaged Only,1,Daylight
4968055,Bicyclist,33.777513,-84.386812,9/2/14 8:10,Property Damaged Only,1,Daylight
4720848,Bicyclist,33.37635,-84.798004,1/25/14 13:10,Property Damaged Only,1,Daylight
5442857,Bicyclist,32.025924,-81.069971,9/22/15 10:57,Property Damaged Only,1,Daylight
6098192,Bicyclist,33.497894,-84.290628,1/30/17 15:59,Property Damaged Only,1,Daylight
6147445,Bicyclist,33.411351,-82.026151,3/10/17 9:02,Property Damaged Only,1,Daylight
5739864,Bicyclist,33.84618,-84.372653,5/2/16 16:17,Property Damaged Only,1,Daylight
4624988,Bicyclist,33.773824,-84.369618,10/26/13 16:13,Property Damaged Only,1,Daylight
4771046,Bicyclist,32.074149,-81.094953,3/24/14 17:05,Property Damaged Only,1,Daylight
5715887,Bicyclist,32.436078,-84.953439,4/16/16 20:11,Property Damaged Only,1,Daylight
4486954,Bicyclist,33.732044,-84.403802,5/29/13 14:30,Property Damaged Only,1,Daylight
5802012,Bicyclist,33.885388,-84.247477,6/20/16 14:45,Property Damaged Only,1,Daylight
5319702,Bicyclist,34.270893,-83.813934,6/8/15 16:43,Fatal,3,Daylight
5620808,Bicyclist,33.595022,-83.469732,1/11/16 18:43,Injury,2,Daylight
5992540,Bicyclist,33.607736,-84.471283,11/9/16 8:30,Injury,2,Daylight
5039660,Bicyclist,33.950414,-84.319445,10/19/14 14:08,Injury,2,Daylight
4614511,Bicyclist,33.866215,-84.3382,8/31/13 19:36,Injury,2,Daylight
6357547,Bicyclist,32.84623,-84.91704,8/17/17 10:10,Injury,2,Daylight
4488642,Bicyclist,34.085246,-83.990245,6/23/13 17:11,Injury,2,Daylight
4715239,Bicyclist,33.775653,-84.561971,1/14/14 13:54,Injury,2,Daylight
5912203,Bicyclist,30.857415,-83.265935,9/8/16 15:53,Injury,2,Daylight
4448851,Bicyclist,33.758451,-84.384235,5/13/13 9:53,Injury,2,Daylight
5438567,Bicyclist,33.858733,-84.340798,9/5/15 14:42,Injury,2,Daylight
5931130,Bicyclist,33.478694,-82.506042,9/22/16 12:15,Injury,2,Daylight
5109270,Bicyclist,31.16274,-81.39802,12/29/14 13:03,Injury,2,Daylight
5293910,Bicyclist,31.850406,-81.605907,3/15/15 16:06,Injury,2,Daylight
5805455,Bicyclist,33.564783,-84.031478,6/21/16 14:30,Injury,2,Daylight
5779929,Bicyclist,32.260751,-81.223799,5/30/16 19:01,Injury,2,Daylight
6222264,Bicyclist,33.807076,-84.18208,5/7/17 17:50,Injury,2,Daylight
5911234,Bicyclist,33.29,-84.547037,9/7/16 18:41,Injury,2,Daylight
5243132,Bicyclist,32.053998,-81.105936,4/6/15 14:37,Injury,2,Daylight
6176019,Bicyclist,33.28871,-84.65362,3/28/17 19:25,Injury,2,Daylight
5895281,Bicyclist,34.28172,-83.79061,8/27/16 4:51,Injury,2,Daylight
5290157,Bicyclist,33.800638,-84.212086,5/15/15 16:35,Injury,2,Daylight
4590553,Bicyclist,33.805612,-84.043164,10/3/13 17:46,Injury,2,Daylight
5813661,Bicyclist,33.788899,-84.548695,6/24/16 11:43,Injury,2,Daylight
5717867,Bicyclist,31.169508,-81.382669,4/7/16 12:40,Injury,2,Daylight
5837043,Bicyclist,31.270758,-81.354978,7/15/16 7:30,Injury,2,Daylight
5323378,Bicyclist,32.051379,-81.093018,6/13/15 17:52,Injury,2,Daylight
4567122,Bicyclist,33.45581,-82.4977,8/28/13 18:22,Injury,2,Daylight
5356133,Bicyclist,33.567527,-84.580405,7/13/15 15:57,Injury,2,Daylight
6174618,Bicyclist,30.821111,-83.263923,4/1/17 14:15,Injury,2,Daylight
4946797,Bicyclist,31.311203,-82.213523,8/19/14 17:10,Injury,2,Daylight
5896229,Bicyclist,33.77766,-84.266893,8/28/16 10:18,Injury,2,Daylight
5723578,Bicyclist,33.944006,-83.64504,3/8/16 4:56,Injury,2,Daylight
5703183,Bicyclist,33.944406,-83.380166,4/5/16 9:25,Injury,2,Daylight
4388085,Bicyclist,33.702846,-84.15607,3/20/13 17:35,Injury,2,Daylight
6459315,Bicyclist,32.601292,-83.660691,11/4/17 17:06,Injury,2,Daylight
5954363,Pedestrian,34.091451,-84.017622,10/4/16 13:54,Property Damaged Only,1,Daylight
5709270,Pedestrian,33.748344,-84.417564,4/2/16 10:01,Property Damaged Only,1,Daylight
6336220,Pedestrian,33.740501,-84.430626,7/13/17 18:51,Property Damaged Only,1,Daylight
4345817,Pedestrian,33.049375,-85.028706,2/5/13 12:23,Property Damaged Only,1,Daylight
4935353,Pedestrian,33.475437,-81.990822,8/12/14 11:03,Property Damaged Only,1,Daylight
4974324,Pedestrian,34.313311,-83.827685,8/26/14 14:30,Property Damaged Only,1,Daylight
5248554,Pedestrian,31.98827,-81.12875,4/10/15 8:25,Property Damaged Only,1,Daylight
5907349,Pedestrian,33.952324,-83.371561,8/18/16 17:43,Property Damaged Only,1,Daylight
6175101,Pedestrian,32.045091,-81.104918,4/2/17 19:00,Property Damaged Only,1,Daylight
5853360,Pedestrian,34.032016,-84.58132,7/26/16 17:24,Property Damaged Only,1,Daylight
5369235,Pedestrian,33.573603,-84.4627,7/24/15 12:50,Property Damaged Only,1,Daylight
4709313,Pedestrian,33.748059,-84.349218,10/14/13 12:29,Property Damaged Only,1,Daylight
4587825,Pedestrian,34.35605,-83.89289,9/30/13 18:36,Property Damaged Only,1,Daylight
6403393,Pedestrian,33.666896,-84.033762,9/23/17 10:58,Property Damaged Only,1,Daylight
5014499,Pedestrian,34.699732,-83.723486,10/11/14 14:32,Property Damaged Only,1,Daylight
5808504,Pedestrian,33.959193,-84.246869,6/21/16 13:00,Property Damaged Only,1,Daylight
5937880,Pedestrian,33.916862,-84.054695,9/19/16 20:00,Property Damaged Only,1,Daylight
6162228,Pedestrian,33.95165,-83.374319,2/13/17 10:24,Property Damaged Only,1,Daylight
4887429,Pedestrian,32.806898,-83.568811,6/24/14 10:02,Property Damaged Only,1,Daylight
4433456,Pedestrian,33.976518,-84.545999,5/3/13 12:40,Property Damaged Only,1,Daylight
4424166,Pedestrian,32.03232,-81.09158,4/25/13 7:48,Property Damaged Only,1,Daylight
5850979,Pedestrian,31.693518,-83.652001,7/19/16 13:00,Property Damaged Only,1,Daylight
5809799,Pedestrian,33.477048,-81.96584,6/24/16 12:15,Property Damaged Only,1,Daylight
4972747,Pedestrian,32.433191,-84.955561,9/10/14 14:03,Property Damaged Only,1,Daylight
5722156,Pedestrian,33.75285,-84.393511,4/20/16 16:45,Property Damaged Only,1,Daylight
4770362,Pedestrian,33.964482,-84.129963,3/17/14 8:59,Property Damaged Only,1,Daylight
6094635,Pedestrian,33.521856,-84.410528,1/26/17 15:44,Property Damaged Only,1,Daylight
4405145,Pedestrian,33.78668,-84.387816,4/2/13 15:12,Property Damaged Only,1,Daylight
4441490,Pedestrian,33.994025,-84.041698,5/4/13 21:11,Property Damaged Only,1,Daylight
6182173,Pedestrian,31.946897,-81.929127,8/28/16 11:14,Property Damaged Only,1,Daylight
4512194,Pedestrian,33.90744,-84.30996,5/28/13 9:45,Property Damaged Only,1,Daylight
4354745,Pedestrian,33.858175,-84.204074,2/14/13 15:30,Property Damaged Only,1,Daylight
6236174,Pedestrian,33.920481,-84.345371,5/16/17 9:02,Property Damaged Only,1,Daylight
5326784,Pedestrian,33.035415,-85.026945,6/16/15 12:00,Property Damaged Only,1,Daylight
5159691,Pedestrian,33.26817,-84.58253,9/29/14 9:58,Property Damaged Only,1,Daylight
6283095,Pedestrian,33.353912,-84.118223,6/19/17 14:08,Property Damaged Only,1,Daylight
6516381,Pedestrian,33.922558,-84.338458,12/15/17 12:47,Property Damaged Only,1,Daylight
6470245,Pedestrian,33.779334,-84.393605,7/9/17 13:45,Property Damaged Only,1,Daylight
5132944,Pedestrian,32.079592,-81.092959,1/18/15 15:20,Property Damaged Only,1,Daylight
5200051,Pedestrian,33.421372,-82.044016,2/27/15 16:12,Property Damaged Only,1,Daylight
5841272,Pedestrian,33.81501,-84.353052,7/11/16 18:34,Property Damaged Only,1,Daylight
4934049,Pedestrian,33.853433,-84.009229,8/8/14 15:34,Property Damaged Only,1,Daylight
5105185,Pedestrian,34.02538,-84.360436,12/22/14 17:15,Property Damaged Only,1,Daylight
5617539,Pedestrian,33.082017,-83.225447,1/28/16 16:10,Property Damaged Only,1,Daylight
6051072,Pedestrian,33.782076,-84.237263,12/22/16 12:48,Property Damaged Only,1,Daylight
5058550,Pedestrian,33.475729,-82.000267,11/2/14 10:24,Property Damaged Only,1,Daylight
6527943,Pedestrian,32.450556,-84.963282,12/25/17 17:10,Property Damaged Only,1,Daylight
5978879,Pedestrian,33.77445,-84.377679,10/19/16 10:00,Property Damaged Only,1,Daylight
4894819,Pedestrian,33.456226,-81.968447,7/1/14 17:32,Property Damaged Only,1,Daylight
4957204,Pedestrian,32.075351,-81.083371,8/29/14 19:05,Property Damaged Only,1,Daylight
4874118,Pedestrian,34.951769,-85.25386,5/24/14 17:16,Property Damaged Only,1,Daylight
4986546,Pedestrian,33.294347,-83.961628,9/17/14 12:58,Property Damaged Only,1,Daylight
4532744,Pedestrian,33.709816,-84.271863,8/6/13 16:41,Property Damaged Only,1,Daylight
4529238,Pedestrian,33.957411,-84.248524,7/31/13 16:44,Property Damaged Only,1,Daylight
6007629,Pedestrian,33.374359,-84.799603,11/18/16 12:54,Property Damaged Only,1,Daylight
4743017,Pedestrian,33.366212,-81.995634,2/23/14 10:59,Property Damaged Only,1,Daylight
5709960,Pedestrian,33.786969,-84.233611,4/11/16 15:23,Property Damaged Only,1,Daylight
5970114,Pedestrian,33.939283,-84.091005,10/17/16 15:10,Property Damaged Only,1,Daylight
4921767,Pedestrian,33.759351,-84.241115,7/29/14 11:17,Property Damaged Only,1,Daylight
4662196,Pedestrian,31.578177,-84.089518,12/3/13 16:25,Property Damaged Only,1,Daylight
4661635,Pedestrian,33.754858,-84.267621,12/3/13 13:30,Property Damaged Only,1,Daylight
4776042,Pedestrian,34.505203,-83.08908,3/30/14 17:19,Property Damaged Only,1,Daylight
5001415,Pedestrian,30.909972,-84.57012,6/18/14 14:14,Property Damaged Only,1,Daylight
5704167,Pedestrian,33.723853,-84.510266,4/6/16 15:30,Property Damaged Only,1,Daylight
4930440,Pedestrian,33.947108,-84.136628,8/4/14 16:19,Property Damaged Only,1,Daylight
5938399,Pedestrian,33.739984,-84.406451,9/28/16 8:00,Property Damaged Only,1,Daylight
5431564,Pedestrian,33.854697,-84.209473,9/21/15 14:47,Property Damaged Only,1,Daylight
6448240,Pedestrian,33.71849,-84.339961,10/28/17 14:11,Property Damaged Only,1,Daylight
4637627,Pedestrian,33.88498,-84.191605,11/10/13 18:58,Property Damaged Only,1,Daylight
4856666,Pedestrian,33.825211,-84.193596,5/23/14 12:15,Property Damaged Only,1,Daylight
6409593,Pedestrian,31.829586,-81.616774,9/28/17 18:04,Property Damaged Only,1,Daylight
5634256,Pedestrian,33.959357,-83.398502,2/11/16 8:55,Property Damaged Only,1,Daylight
5634225,Pedestrian,33.905077,-84.429896,2/11/16 12:34,Property Damaged Only,1,Daylight
4487148,Pedestrian,33.787774,-84.413657,6/24/13 15:35,Property Damaged Only,1,Daylight
4664167,Pedestrian,33.726597,-84.502763,12/3/13 15:26,Fatal,3,Daylight
6603904,Pedestrian,33.886342,-84.285059,2/18/17 13:16,Fatal,3,Daylight
6308218,Pedestrian,34.0735,-85.09078,7/8/17 11:20,Fatal,3,Daylight
6022440,Pedestrian,31.50864,-82.843474,12/1/16 16:22,Injury,2,Daylight
4375396,Pedestrian,32.287031,-81.233849,3/5/13 17:45,Injury,2,Daylight
6145201,Pedestrian,33.952271,-84.548235,3/6/17 11:04,Injury,2,Daylight
5287652,Pedestrian,33.77336,-84.118751,5/13/15 16:17,Injury,2,Daylight
4538304,Pedestrian,33.999289,-83.97855,8/9/13 17:06,Injury,2,Daylight
4795260,Pedestrian,33.992464,-84.34609,4/16/14 19:29,Injury,2,Daylight
4913513,Pedestrian,33.977726,-83.995548,6/30/14 16:18,Injury,2,Daylight
5195534,Pedestrian,33.83816,-84.379969,2/21/15 16:57,Injury,2,Daylight
5818261,Pedestrian,33.800645,-84.201544,7/1/16 19:07,Injury,2,Daylight
6395814,Pedestrian,34.63093,-83.482025,9/14/17 16:16,Injury,2,Daylight
4504175,Pedestrian,34.27112,-82.873115,7/13/13 15:54,Injury,2,Daylight
4930408,Pedestrian,33.81031,-84.290876,8/7/14 11:38,Injury,2,Daylight
5059947,Pedestrian,32.07899,-81.08391,11/21/14 16:12,Injury,2,Daylight
4368200,Pedestrian,33.943187,-83.387793,2/3/13 12:28,Injury,2,Daylight
5404643,Pedestrian,33.596678,-84.454702,8/26/15 0:00,Injury,2,Daylight
4942180,Pedestrian,33.779322,-84.106032,8/18/14 17:00,Injury,2,Daylight
4419553,Pedestrian,32.485085,-84.967337,4/20/13 18:15,Injury,2,Daylight
4847352,Pedestrian,31.774446,-81.63341,5/11/14 11:37,Injury,2,Daylight
6329948,Pedestrian,32.229557,-83.757078,7/28/17 10:33,Injury,2,Daylight
5932268,Pedestrian,31.983595,-81.132665,9/24/16 19:03,Injury,2,Daylight
5212007,Pedestrian,33.549662,-84.275152,3/10/15 19:00,Injury,2,Daylight
5265978,Pedestrian,32.048353,-81.114271,4/24/15 18:01,Injury,2,Daylight
5156380,Pedestrian,34.94947,-85.23781,9/5/14 18:00,Injury,2,Daylight
6421653,Pedestrian,33.961569,-83.390537,10/6/17 8:08,Injury,2,Daylight
5279778,Pedestrian,33.46549,-82.08738,5/7/15 10:08,Injury,2,Daylight
4708230,Pedestrian,33.73777,-84.194348,1/19/14 18:25,Injury,2,Daylight
6364314,Pedestrian,33.975307,-84.162336,8/17/17 13:51,Injury,2,Daylight
5267805,Pedestrian,31.528445,-84.112204,4/18/15 12:39,Injury,2,Daylight
6082379,Pedestrian,32.184507,-81.244676,1/16/17 16:49,Injury,2,Daylight
6212069,Pedestrian,32.052096,-81.106643,4/29/17 18:38,Injury,2,Daylight
4944788,Pedestrian,33.72142,-84.150859,8/20/14 8:39,Injury,2,Daylight
5993699,Pedestrian,33.78178,-84.377729,11/9/16 16:20,Injury,2,Daylight
6118681,Pedestrian,33.462674,-82.500321,2/14/17 7:55,Injury,2,Daylight
4676517,Pedestrian,33.75136,-84.49052,12/8/13 11:00,Injury,2,Daylight
4396700,Pedestrian,34.236516,-84.510794,3/20/13 10:30,Injury,2,Daylight
5581704,Pedestrian,33.907408,-84.363289,1/5/16 11:32,Injury,2,Daylight
5799674,Pedestrian,33.55316,-84.347279,6/18/16 14:45,Injury,2,Daylight
4534139,Pedestrian,32.081207,-81.092322,8/8/13 8:40,Injury,2,Daylight
5437062,Pedestrian,33.856198,-83.97456,7/30/15 13:40,Injury,2,Daylight
5003680,Pedestrian,33.939526,-84.525494,9/30/14 8:55,Injury,2,Daylight