incidentIdNbr,crashType,latitude,longitude,dateOfIncidentDate,severity,Mag,lightCondition
6470173,Pedestrian,30.72052,-84.77989,11/11/17 11:55,Injury,2,Daylight
6041264,Pedestrian,34.017563,-84.311867,12/9/16 8:30,Injury,2,Daylight
4791504,Pedestrian,34.597928,-83.610907,3/9/14 10:38,Injury,2,Daylight
5927265,Pedestrian,33.780406,-84.147845,9/20/16 7:15,Injury,2,Daylight
6084022,Pedestrian,34.258318,-84.494024,1/16/17 15:06,Injury,2,Daylight
5978501,Pedestrian,33.641082,-84.25813,10/29/16 18:41,Injury,2,Daylight
6188975,Pedestrian,32.28332,-83.47024,4/10/17 11:20,Injury,2,Daylight
5694576,Pedestrian,33.539008,-84.350982,3/30/16 15:49,Injury,2,Daylight
4950723,Pedestrian,33.993094,-83.898574,8/21/14 16:00,Injury,2,Daylight
6126486,Pedestrian,33.854156,-84.364386,2/16/17 9:47,Injury,2,Daylight
6086214,Pedestrian,33.390128,-84.173104,1/19/17 12:16,Injury,2,Daylight
5794948,Pedestrian,33.441065,-84.113665,6/14/16 14:12,Injury,2,Daylight
4400172,Pedestrian,33.51526,-83.99124,3/30/13 13:42,Injury,2,Daylight
5746173,Pedestrian,32.728027,-82.719606,5/6/16 10:11,Injury,2,Daylight
6441988,Pedestrian,33.816555,-84.81475,10/19/17 16:50,Injury,2,Daylight
4843646,Pedestrian,33.777565,-84.73258,5/5/14 18:00,Injury,2,Daylight
6002578,Pedestrian,32.88799,-84.327201,11/14/16 13:53,Injury,2,Daylight
5467894,Pedestrian & Bicyclist,31.790447,-81.608336,8/20/15 17:57,Property Damaged Only,1,Daylight
4540548,Pedestrian & Bicyclist,34.034423,-84.464546,8/14/13 12:50,Property Damaged Only,1,Daylight
5736041,Pedestrian & Bicyclist,33.681392,-84.425539,4/28/16 19:37,Property Damaged Only,1,Daylight
4545136,Pedestrian & Bicyclist,34.182514,-84.291448,7/16/13 19:29,Property Damaged Only,1,Daylight
4830670,Pedestrian & Bicyclist,33.611923,-84.471901,4/28/14 17:10,Property Damaged Only,1,Daylight
5245584,Pedestrian & Bicyclist,30.792866,-83.697674,3/26/15 12:10,Fatal,3,Daylight
6372916,Pedestrian & Bicyclist,32.548294,-82.88251,7/20/16 14:34,Injury,2,Daylight
4381138,Pedestrian & Bicyclist,34.231777,-83.31401,3/11/13 16:52,Injury,2,Daylight
5293416,Bicyclist,33.490544,-82.241586,4/25/15 17:05,Property Damaged Only,1,Daylight
4907627,Bicyclist,33.809133,-84.17712,7/12/14 10:36,Property Damaged Only,1,Daylight
5029302,Bicyclist,30.828889,-83.313693,10/24/14 11:39,Property Damaged Only,1,Daylight
5791315,Bicyclist,33.998143,-84.350641,6/12/16 19:20,Property Damaged Only,1,Daylight
4843077,Bicyclist,33.771084,-84.200057,5/8/14 13:00,Property Damaged Only,1,Daylight
6546783,Bicyclist,32.423927,-81.790119,11/7/17 15:24,Property Damaged Only,1,Daylight
6417433,Bicyclist,31.142951,-81.398858,10/4/17 17:49,Property Damaged Only,1,Daylight
6271643,Bicyclist,32.629126,-83.61122,6/10/17 18:58,Property Damaged Only,1,Daylight
4326877,Bicyclist,33.808402,-84.393588,1/7/13 11:10,Property Damaged Only,1,Daylight
5292252,Bicyclist,33.746692,-84.368098,5/15/15 14:00,Property Damaged Only,1,Daylight
4889760,Bicyclist,31.576316,-84.113431,6/25/14 14:00,Property Damaged Only,1,Daylight
5211027,Bicyclist,32.415793,-81.783884,2/5/15 18:17,Property Damaged Only,1,Daylight
5019283,Bicyclist,33.655358,-84.003732,10/15/14 17:35,Property Damaged Only,1,Daylight
5368127,Bicyclist,33.433856,-84.300747,7/24/15 9:30,Property Damaged Only,1,Daylight
5466553,Bicyclist,31.262628,-81.51144,10/13/15 11:52,Property Damaged Only,1,Daylight
6491300,Bicyclist,32.063104,-81.09315,11/29/17 15:21,Property Damaged Only,1,Daylight
6076390,Bicyclist,34.02965,-84.675732,12/18/16 16:00,Property Damaged Only,1,Daylight
4516690,Bicyclist,33.44899,-84.49187,6/27/13 20:28,Property Damaged Only,1,Daylight
4829618,Bicyclist,33.744379,-85.288104,4/20/14 14:00,Property Damaged Only,1,Daylight
4980977,Bicyclist,31.377689,-84.936212,5/18/13 17:32,Property Damaged Only,1,Daylight
5269717,Bicyclist,34.085998,-84.232542,4/28/15 14:40,Property Damaged Only,1,Daylight
5773627,Bicyclist,33.912631,-84.392329,4/3/13 18:02,Property Damaged Only,1,Daylight
5743368,Bicyclist,32.479506,-84.944521,5/5/16 18:15,Property Damaged Only,1,Daylight
5259271,Bicyclist,33.776144,-84.281473,3/19/15 13:10,Property Damaged Only,1,Daylight
4460871,Bicyclist,33.997485,-84.147742,4/25/13 15:45,Property Damaged Only,1,Daylight
6415883,Bicyclist,32.04457,-81.072365,10/3/17 12:45,Property Damaged Only,1,Daylight
5737835,Bicyclist,33.85036,-84.362005,4/20/16 14:47,Property Damaged Only,1,Daylight
6518646,Bicyclist,33.774784,-84.279539,12/18/17 16:46,Property Damaged Only,1,Daylight
4673817,Bicyclist,31.57381,-84.155354,12/13/13 11:38,Property Damaged Only,1,Daylight
4775355,Bicyclist,33.213764,-84.82327,3/28/14 14:40,Property Damaged Only,1,Daylight
6142661,Bicyclist,33.453719,-84.167789,3/6/17 16:31,Injury,2,Daylight
4761343,Bicyclist,32.43022,-81.77913,3/14/14 16:29,Injury,2,Daylight
6238930,Bicyclist,31.87882,-81.39499,5/18/17 8:00,Injury,2,Daylight
5473414,Bicyclist,32.339647,-83.295057,10/18/15 18:20,Injury,2,Daylight
4879565,Bicyclist,33.73939,-84.69962,6/12/14 14:52,Injury,2,Daylight
4484201,Bicyclist,34.496906,-85.33394,6/21/13 9:30,Injury,2,Daylight
5822076,Bicyclist,33.466923,-82.010606,7/5/16 15:59,Injury,2,Daylight
6337700,Bicyclist,31.985654,-81.160926,8/3/17 8:42,Injury,2,Daylight
5636557,Bicyclist,32.827397,-83.666973,2/14/16 10:40,Injury,2,Daylight
4385250,Bicyclist,33.475054,-81.965214,2/21/13 16:25,Injury,2,Daylight
5692846,Bicyclist,34.002947,-84.169728,1/27/16 7:58,Injury,2,Daylight
4596629,Bicyclist,33.90305,-84.27399,4/8/13 16:16,Injury,2,Daylight
5212320,Bicyclist,31.508487,-82.838742,3/10/15 17:09,Injury,2,Daylight
4768568,Bicyclist,33.771515,-84.432661,3/16/14 15:35,Injury,2,Daylight
5297433,Bicyclist,34.093099,-83.889459,5/20/15 18:56,Injury,2,Daylight
6195203,Bicyclist,32.848231,-83.609231,4/15/17 16:36,Injury,2,Daylight
4691737,Bicyclist,34.77817,-84.27119,12/31/13 17:19,Injury,2,Daylight
5333774,Bicyclist,34.489547,-84.81976,6/20/15 7:55,Injury,2,Daylight
5313457,Bicyclist,33.475193,-81.987864,6/2/15 18:52,Injury,2,Daylight
5974164,Bicyclist,33.957081,-83.976924,10/22/16 16:38,Injury,2,Daylight
6248564,Bicyclist,33.944729,-83.343575,5/22/17 18:34,Injury,2,Daylight
6253885,Bicyclist,227.1431,142.7683,5/24/17 17:37,Injury,2,Daylight
5667099,Bicyclist,33.697053,-84.392805,3/6/16 16:38,Injury,2,Daylight
6262613,Bicyclist,33.935965,-83.496117,6/2/17 13:10,Injury,2,Daylight
5951188,Bicyclist,33.448084,-84.073213,10/5/16 17:49,Injury,2,Daylight
6444359,Bicyclist,32.415782,-81.783857,10/9/17 7:54,Injury,2,Daylight
5816380,Bicyclist,33.825988,-84.593753,6/22/16 6:44,Injury,2,Daylight
5365143,Bicyclist,34.105397,-84.071222,7/21/15 16:31,Injury,2,Daylight
5414682,Bicyclist,33.760275,-84.349026,8/31/15 10:19,Injury,2,Daylight
4648379,Bicyclist,34.22039,-84.46342,10/20/13 16:30,Injury,2,Daylight
5739801,Bicyclist,32.644832,-83.784773,4/27/16 7:32,Injury,2,Daylight
4328998,Bicyclist,34.238528,-84.463484,1/5/13 16:51,Injury,2,Daylight
5925717,Bicyclist,33.77614,-84.282824,8/27/16 9:35,Injury,2,Daylight
4357957,Bicyclist,33.776922,-84.393753,1/23/13 12:01,Injury,2,Daylight
5238727,Bicyclist,33.837487,-84.311914,4/1/15 19:11,Injury,2,Daylight
5858870,Bicyclist,33.856775,-84.492115,8/1/16 14:46,Injury,2,Daylight
4700062,Pedestrian,34.270805,-85.221748,1/10/14 14:59,Property Damaged Only,1,Daylight
5261631,Pedestrian,33.7979,-84.41612,4/18/15 17:42,Property Damaged Only,1,Daylight
5242031,Pedestrian,33.69895,-84.271641,4/5/15 18:48,Property Damaged Only,1,Daylight
6362999,Pedestrian,32.850612,-83.626482,8/22/17 10:13,Property Damaged Only,1,Daylight
4745754,Pedestrian,32.058746,-81.098293,2/27/14 11:50,Property Damaged Only,1,Daylight
6393671,Pedestrian,33.933584,-84.37998,9/15/17 13:18,Property Damaged Only,1,Daylight
5393136,Pedestrian,32.047346,-81.094504,8/18/15 0:00,Property Damaged Only,1,Daylight
6446776,Pedestrian,33.419712,-84.169084,10/25/17 10:55,Property Damaged Only,1,Daylight
5685627,Pedestrian,33.44165,-81.995791,3/21/16 16:37,Property Damaged Only,1,Daylight
6441769,Pedestrian,33.619778,-84.238826,10/25/17 12:05,Property Damaged Only,1,Daylight
4733075,Pedestrian,33.884553,-84.283529,1/23/14 16:23,Property Damaged Only,1,Daylight
5629960,Pedestrian,33.795259,-84.367427,2/6/16 10:45,Property Damaged Only,1,Daylight
5882370,Pedestrian,32.044709,-81.109499,8/17/16 20:51,Property Damaged Only,1,Daylight
5007535,Pedestrian,33.758149,-84.503656,9/17/14 18:39,Property Damaged Only,1,Daylight
5736949,Pedestrian,33.919129,-84.378991,4/30/16 18:42,Property Damaged Only,1,Daylight
4506967,Pedestrian,33.724223,-85.137435,7/11/13 17:11,Property Damaged Only,1,Daylight
6147997,Pedestrian,33.653074,-84.493807,3/9/17 7:24,Property Damaged Only,1,Daylight
5657449,Pedestrian,33.849206,-84.363526,2/26/16 18:10,Property Damaged Only,1,Daylight
6297301,Pedestrian,33.631227,-84.014483,7/3/17 18:33,Property Damaged Only,1,Daylight
6018178,Pedestrian,32.473699,-84.939435,11/29/16 7:20,Property Damaged Only,1,Daylight
5228092,Pedestrian,33.65003,-84.366231,3/13/15 9:30,Property Damaged Only,1,Daylight
5760193,Pedestrian,33.927275,-84.34372,5/2/16 13:40,Property Damaged Only,1,Daylight
5132169,Pedestrian,34.024602,-84.384588,1/17/15 10:29,Property Damaged Only,1,Daylight
4710826,Pedestrian,33.372699,-84.288804,1/11/14 15:45,Property Damaged Only,1,Daylight
6446476,Pedestrian,33.96321,-83.374349,10/26/17 13:02,Property Damaged Only,1,Daylight
4864052,Pedestrian,33.572512,-84.412546,5/31/14 11:54,Property Damaged Only,1,Daylight
4934955,Pedestrian,31.613404,-81.878316,7/10/14 15:40,Property Damaged Only,1,Daylight
5865192,Pedestrian,32.046828,-81.10868,8/5/16 17:30,Property Damaged Only,1,Daylight
4548814,Pedestrian,33.715248,-84.273383,8/23/13 10:47,Property Damaged Only,1,Daylight
5925650,Pedestrian,34.376934,-83.955298,8/28/16 17:44,Property Damaged Only,1,Daylight
5587416,Pedestrian,33.78928,-84.382602,1/7/16 13:08,Property Damaged Only,1,Daylight
5970023,Pedestrian,33.79184,-84.387768,10/23/16 11:42,Property Damaged Only,1,Daylight
6449851,Pedestrian,33.728716,-84.427265,10/14/17 8:40,Property Damaged Only,1,Daylight
4521131,Pedestrian,33.734939,-84.285774,7/25/13 18:30,Property Damaged Only,1,Daylight
4620328,Pedestrian,33.589898,-84.373783,10/21/13 17:00,Property Damaged Only,1,Daylight
6428615,Pedestrian,33.786316,-84.396035,10/12/17 18:00,Property Damaged Only,1,Daylight
6248070,Pedestrian,33.970344,-84.550487,5/23/17 14:20,Property Damaged Only,1,Daylight
5706498,Pedestrian,34.004818,-84.085845,4/7/16 15:27,Property Damaged Only,1,Daylight
5805174,Pedestrian,32.559674,-82.91406,3/17/16 13:26,Property Damaged Only,1,Daylight
4669626,Pedestrian,33.707201,-84.224167,12/10/13 11:05,Property Damaged Only,1,Daylight
4828549,Pedestrian,31.550056,-84.152941,4/26/14 10:24,Property Damaged Only,1,Daylight
5537633,Pedestrian,33.773552,-84.102731,12/4/15 7:40,Property Damaged Only,1,Daylight
5878714,Pedestrian,31.622198,-81.897457,7/26/16 12:01,Property Damaged Only,1,Daylight
5595202,Pedestrian,32.54471,-84.952938,1/12/16 8:15,Property Damaged Only,1,Daylight
4931673,Pedestrian,33.575591,-84.414528,8/8/14 16:58,Property Damaged Only,1,Daylight
5930006,Pedestrian,31.785633,-81.683968,6/4/15 7:55,Property Damaged Only,1,Daylight
4765305,Pedestrian,32.778955,-83.696253,1/15/14 17:49,Property Damaged Only,1,Daylight
4524841,Pedestrian,33.717025,-84.361495,7/27/13 12:08,Property Damaged Only,1,Daylight
5034116,Pedestrian,31.59711,-84.180297,10/29/14 17:15,Property Damaged Only,1,Daylight
5424043,Pedestrian,32.087758,-80.99392,9/14/15 10:49,Property Damaged Only,1,Daylight
5651754,Pedestrian,33.773514,-84.289632,1/27/16 17:22,Property Damaged Only,1,Daylight
6091407,Pedestrian,34.204995,-83.03086,1/23/17 15:09,Property Damaged Only,1,Daylight
4406028,Pedestrian,31.5795,-84.08824,4/6/13 12:55,Property Damaged Only,1,Daylight
6069408,Pedestrian,33.963859,-84.139524,12/27/16 11:27,Property Damaged Only,1,Daylight
6094198,Pedestrian,33.798819,-84.323997,1/26/17 8:40,Property Damaged Only,1,Daylight
4718952,Pedestrian,31.575347,-84.154069,1/29/14 17:28,Property Damaged Only,1,Daylight
5309540,Pedestrian,31.977866,-81.135827,6/1/15 9:25,Property Damaged Only,1,Daylight
5750766,Pedestrian,33.777301,-84.476027,4/5/16 16:30,Property Damaged Only,1,Daylight
5746342,Pedestrian,30.843782,-83.985979,5/6/16 9:48,Property Damaged Only,1,Daylight
5658513,Pedestrian,32.07479,-81.095935,3/2/16 10:45,Property Damaged Only,1,Daylight
6144358,Pedestrian,33.753889,-84.392591,3/3/17 15:07,Property Damaged Only,1,Daylight
4585700,Pedestrian,33.790001,-84.230794,9/29/13 15:28,Property Damaged Only,1,Daylight
5687545,Pedestrian,32.814803,-83.679544,3/18/16 12:24,Property Damaged Only,1,Daylight
6060718,Pedestrian,32.026679,-81.108655,12/30/16 7:58,Property Damaged Only,1,Daylight
5242779,Pedestrian,32.011157,-81.103754,4/6/15 11:54,Property Damaged Only,1,Daylight
5358633,Pedestrian,32.088604,-81.126964,7/16/15 12:21,Property Damaged Only,1,Daylight
5119839,Pedestrian,32.564002,-82.914515,11/7/14 16:02,Property Damaged Only,1,Daylight
6201519,Pedestrian,33.965231,-84.281824,4/19/17 10:30,Property Damaged Only,1,Daylight
5678340,Pedestrian,33.929205,-84.334623,3/17/16 12:26,Property Damaged Only,1,Daylight
6374471,Pedestrian,33.907829,-84.354921,8/30/17 16:19,Property Damaged Only,1,Daylight
4451809,Pedestrian,33.969479,-84.228661,5/9/13 16:30,Property Damaged Only,1,Daylight
6497261,Pedestrian,33.737191,-84.2304,12/3/17 8:04,Property Damaged Only,1,Daylight
6206416,Pedestrian,234.317508,149.01742,4/22/17 7:24,Property Damaged Only,1,Daylight
5349820,Pedestrian,33.822692,-84.262773,7/8/15 6:38,Property Damaged Only,1,Daylight
6385476,Pedestrian,33.895003,-84.283056,8/31/17 16:37,Property Damaged Only,1,Daylight
4565515,Pedestrian,33.773871,-84.3556,9/6/13 15:22,Property Damaged Only,1,Daylight
4959443,Pedestrian,33.753409,-84.334796,8/30/14 12:34,Property Damaged Only,1,Daylight
5555066,Pedestrian,33.938509,-83.732989,12/14/15 15:00,Property Damaged Only,1,Daylight
4614652,Pedestrian,33.88072,-84.34224,10/4/13 9:51,Property Damaged Only,1,Daylight
6137681,Pedestrian,33.764622,-84.350343,2/25/17 16:13,Property Damaged Only,1,Daylight
6048955,Pedestrian,33.482395,-82.505393,12/16/16 11:28,Property Damaged Only,1,Daylight
6489464,Pedestrian,33.899047,-84.243346,11/28/17 9:10,Property Damaged Only,1,Daylight
4844435,Pedestrian,33.753165,-84.391281,5/9/14 13:00,Property Damaged Only,1,Daylight
5269730,Pedestrian,33.722203,-84.3934,4/23/15 7:45,Property Damaged Only,1,Daylight
6083481,Pedestrian,32.820495,-83.693336,1/17/17 14:30,Property Damaged Only,1,Daylight
6012053,Pedestrian,33.710203,-84.209903,11/24/16 0:00,Property Damaged Only,1,Daylight
4339576,Pedestrian,34.3243,-85.172195,1/28/13 12:09,Property Damaged Only,1,Daylight
4895057,Pedestrian,33.897946,-84.006087,6/27/14 11:20,Property Damaged Only,1,Daylight
5508042,Pedestrian,33.809983,-84.392876,11/9/15 14:45,Property Damaged Only,1,Daylight
6406694,Pedestrian,34.111931,-84.153399,9/26/17 16:00,Property Damaged Only,1,Daylight
6037770,Pedestrian,34.103476,-84.038414,12/6/16 9:22,Property Damaged Only,1,Daylight
5013446,Pedestrian,32.047703,-81.083531,10/9/14 16:31,Property Damaged Only,1,Daylight
4442278,Pedestrian,32.4157,-83.0299,5/12/13 10:01,Fatal,3,Daylight
4452174,Pedestrian,34.98641,-84.36193,5/20/13 16:59,Fatal,3,Daylight
4437906,Pedestrian,32.068809,-81.102252,5/8/13 19:50,Fatal,3,Daylight
4864476,Pedestrian,34.461292,-84.911151,5/23/14 11:30,Fatal,3,Daylight
5141327,Pedestrian,33.77136,-84.416459,11/29/14 16:40,Fatal,3,Daylight
5660310,Pedestrian,32.36044,-83.31575,2/27/16 13:19,Fatal,3,Daylight
4337377,Pedestrian,33.593536,-84.408108,1/26/13 14:34,Fatal,3,Daylight
4995110,Pedestrian,33.95295,-83.3765,9/19/14 19:23,Injury,2,Daylight
5629358,Pedestrian,32.072139,-81.098248,2/9/16 8:48,Injury,2,Daylight
4478200,Pedestrian,33.659538,-84.410789,5/30/13 9:43,Injury,2,Daylight
4584087,Pedestrian,33.739201,-84.3479,9/23/13 8:20,Injury,2,Daylight
5015076,Pedestrian,33.975528,-83.456292,10/12/14 8:00,Injury,2,Daylight
5735067,Pedestrian,33.441323,-84.176253,4/28/16 18:37,Injury,2,Daylight
5874023,Pedestrian,33.747394,-84.326291,8/11/16 16:15,Injury,2,Daylight
5234168,Pedestrian,34.060228,-84.146905,3/29/15 10:32,Injury,2,Daylight
5565315,Pedestrian,34.095072,-84.276874,12/17/15 12:16,Injury,2,Daylight
6103624,Pedestrian,32.658449,-84.867161,2/1/17 8:54,Injury,2,Daylight
6314618,Pedestrian,33.957225,-83.989641,7/17/17 11:38,Injury,2,Daylight
6372327,Pedestrian,32.549171,-82.905296,2/1/17 16:49,Injury,2,Daylight
5820448,Pedestrian,33.919429,-84.544938,7/3/16 19:18,Injury,2,Daylight
5266250,Pedestrian,34.696686,-84.738159,4/25/15 10:41,Injury,2,Daylight
4767907,Pedestrian,34.94794,-84.371826,3/20/14 10:39,Injury,2,Daylight
5984791,Pedestrian,33.7589,-84.378671,11/2/16 16:23,Injury,2,Daylight
4966532,Pedestrian,31.178872,-83.781644,9/5/14 17:12,Injury,2,Daylight
6217352,Pedestrian,32.49805,-84.96117,5/3/17 16:10,Injury,2,Daylight
5431622,Pedestrian,33.725692,-84.322208,9/21/15 16:09,Injury,2,Daylight
4936461,Pedestrian,33.57932,-83.16873,8/12/14 15:19,Injury,2,Daylight
4391422,Pedestrian,32.035443,-81.120655,3/23/13 10:53,Injury,2,Daylight
5754284,Pedestrian,34.488723,-85.339917,5/9/16 13:30,Injury,2,Daylight
4934742,Pedestrian,33.319806,-83.375147,3/29/14 18:30,Injury,2,Daylight
4530333,Pedestrian,34.11867,-84.73963,8/2/13 16:34,Injury,2,Daylight
5244895,Pedestrian,34.48427,-84.9189,3/31/15 12:42,Injury,2,Daylight
5255060,Pedestrian,33.56253,-84.32175,3/25/15 18:12,Injury,2,Daylight
5179666,Pedestrian,33.820868,-84.36438,1/27/15 14:40,Injury,2,Daylight
4986356,Pedestrian,33.711269,-84.191672,9/19/14 17:48,Injury,2,Daylight
4542104,Pedestrian,33.41851,-84.0112,8/17/13 12:47,Injury,2,Daylight
6311138,Pedestrian,33.747913,-84.38783,7/13/17 10:49,Injury,2,Daylight
4472213,Pedestrian,32.838439,-83.627454,3/22/13 17:02,Injury,2,Daylight
5952773,Pedestrian,32.002415,-81.245695,10/10/16 16:48,Injury,2,Daylight
5428997,Pedestrian,34.000403,-84.765307,9/14/15 8:41,Injury,2,Daylight
4901151,Pedestrian,33.8196,-83.89378,7/7/14 10:47,Injury,2,Daylight
6135122,Pedestrian,33.800352,-84.407833,2/27/17 13:30,Injury,2,Daylight
4444338,Pedestrian,33.44766,-84.14159,5/15/13 13:27,Injury,2,Daylight
5839590,Pedestrian,33.876447,-84.411565,7/16/16 18:56,Injury,2,Daylight
5625537,Pedestrian,34.707237,-84.98261,2/3/16 8:35,Injury,2,Daylight
5295411,Pedestrian,33.421618,-82.063199,5/18/15 6:55,Injury,2,Daylight
4701568,Pedestrian,34.767772,-84.84287,1/11/14 13:35,Injury,2,Daylight
6266456,Pedestrian,33.752416,-84.486639,5/26/17 12:01,Injury,2,Daylight
4571617,Pedestrian,33.779524,-84.369416,9/12/13 18:03,Injury,2,Daylight
4865650,Pedestrian,33.789248,-84.332872,6/2/14 7:38,Injury,2,Daylight
4994441,Pedestrian,33.573961,-83.523506,9/23/14 16:09,Injury,2,Daylight
4400193,Pedestrian,32.446374,-84.929591,4/1/13 11:05,Injury,2,Daylight
4414175,Pedestrian,32.005145,-80.844115,4/13/13 11:15,Injury,2,Daylight
5416648,Pedestrian,32.411772,-84.953787,9/7/15 13:30,Injury,2,Daylight
4619933,Pedestrian,33.517684,-82.046,10/20/13 17:58,Injury,2,Daylight
5478054,Pedestrian,31.824124,-81.627461,10/17/15 15:12,Injury,2,Daylight
6431496,Pedestrian,34.439067,-84.101808,10/17/17 18:29,Injury,2,Daylight
5978719,Pedestrian,33.019791,-85.052587,10/29/16 15:32,Injury,2,Daylight
5385199,Pedestrian,33.740162,-84.313884,8/7/15 17:25,Injury,2,Daylight
5045672,Pedestrian,33.74994,-84.393829,11/4/14 13:29,Injury,2,Daylight
5008195,Pedestrian,33.84507,-84.368843,9/30/14 10:01,Injury,2,Daylight
5354277,Pedestrian,33.774782,-84.383079,7/9/15 18:08,Injury,2,Daylight
5740979,Pedestrian,33.693356,-84.174261,5/3/16 19:24,Injury,2,Daylight
6589956,Pedestrian,33.969743,-84.146299,10/15/17 15:03,Injury,2,Daylight
5388084,Pedestrian,33.594141,-84.549544,8/11/15 12:05,Injury,2,Daylight
4916274,Pedestrian,33.792004,-84.285398,7/22/14 17:40,Injury,2,Daylight
4491553,Pedestrian,33.9113,-84.26347,7/1/13 19:20,Injury,2,Daylight
5015277,Pedestrian,34.03373,-84.267825,9/17/14 16:14,Injury,2,Daylight
6345395,Pedestrian,33.855751,-84.215073,8/8/17 8:15,Injury,2,Daylight
5425874,Pedestrian,33.548308,-84.412104,9/15/15 17:14,Injury,2,Daylight
4655545,Pedestrian,33.763706,-84.93232,11/24/13 13:45,Injury,2,Daylight
4793893,Pedestrian,34.272045,-83.81753,4/14/14 15:00,Injury,2,Daylight
4569663,Pedestrian,33.943849,-84.207366,9/13/13 12:30,Injury,2,Daylight
5922271,Pedestrian,33.71942,-84.34949,9/16/16 16:15,Injury,2,Daylight
4378404,Pedestrian,32.858306,-83.615777,2/15/13 14:19,Injury,2,Daylight
5371150,Pedestrian,34.263447,-85.189242,7/28/15 8:35,Injury,2,Daylight
4706350,Pedestrian,33.901894,-84.205205,1/15/14 12:47,Injury,2,Daylight
5444982,Pedestrian,33.941261,-84.122307,9/11/15 14:38,Injury,2,Daylight
5310151,Pedestrian,33.620594,-84.376501,5/21/15 11:19,Injury,2,Daylight
5875766,Pedestrian,33.638976,-84.494857,8/14/16 11:02,Injury,2,Daylight
5435454,Pedestrian & Bicyclist,33.951994,-84.354114,7/3/15 8:48,Property Damaged Only,1,Daylight
4460249,Pedestrian & Bicyclist,32.930114,-84.35224,5/21/13 19:45,Injury,2,Daylight
6157541,Pedestrian & Bicyclist,31.600456,-84.182825,3/19/17 14:24,Injury,2,Daylight
4933727,Bicyclist,33.8086,-84.136927,8/10/14 13:09,Property Damaged Only,1,Daylight
4836367,Bicyclist,33.74742,-84.33186,4/27/14 10:03,Property Damaged Only,1,Daylight
6434408,Bicyclist,31.598176,-84.175934,10/17/17 10:14,Property Damaged Only,1,Daylight
6412732,Bicyclist,33.806558,-84.393914,9/23/17 10:25,Property Damaged Only,1,Daylight
4703787,Bicyclist,34.060805,-84.324572,1/13/14 12:05,Property Damaged Only,1,Daylight
5469850,Bicyclist,32.078342,-81.097959,10/15/15 15:20,Property Damaged Only,1,Daylight
4793988,Bicyclist,33.902178,-84.488592,4/14/14 18:15,Property Damaged Only,1,Daylight
6217960,Bicyclist,232.6578,139.1596,5/1/17 16:13,Property Damaged Only,1,Daylight
4942404,Bicyclist,32.45528,-83.743965,8/4/14 8:26,Property Damaged Only,1,Daylight
5674573,Bicyclist,32.08621,-81.120041,3/15/16 18:41,Property Damaged Only,1,Daylight
5212292,Bicyclist,31.994734,-81.108274,3/11/15 8:03,Property Damaged Only,1,Daylight
5539309,Bicyclist,32.0804,-81.09209,12/6/15 16:15,Property Damaged Only,1,Daylight
5027543,Bicyclist,32.874963,-83.710816,10/23/14 12:51,Property Damaged Only,1,Daylight
4839746,Bicyclist,32.476672,-84.948546,5/7/14 10:37,Property Damaged Only,1,Daylight
6288415,Bicyclist,33.959538,-84.035211,6/22/17 9:07,Property Damaged Only,1,Daylight
6021472,Bicyclist,33.852901,-83.890527,12/1/16 14:22,Property Damaged Only,1,Daylight
5355161,Bicyclist,33.784926,-84.292921,6/16/15 16:10,Property Damaged Only,1,Daylight
5658532,Bicyclist,33.772501,-84.381781,3/1/16 12:47,Property Damaged Only,1,Daylight
5309513,Bicyclist,30.91345,-84.59133,6/1/15 7:50,Property Damaged Only,1,Daylight
4574119,Bicyclist,33.886467,-84.615884,9/19/13 8:29,Property Damaged Only,1,Daylight
4790575,Bicyclist,33.79068,-84.38517,4/11/14 15:16,Property Damaged Only,1,Daylight
4760553,Bicyclist,33.95992,-84.537105,3/11/14 19:31,Property Damaged Only,1,Daylight
4571501,Bicyclist,33.771449,-84.39793,9/12/13 18:19,Property Damaged Only,1,Daylight
5283395,Bicyclist,31.99476,-81.10831,5/10/15 19:55,Property Damaged Only,1,Daylight
6482688,Bicyclist,32.044778,-81.072777,11/19/17 15:17,Property Damaged Only,1,Daylight
4551264,Bicyclist,34.035214,-84.445681,8/25/13 13:09,Property Damaged Only,1,Daylight
5702495,Bicyclist,33.441171,-84.327647,3/27/15 12:20,Property Damaged Only,1,Daylight
6135332,Bicyclist,32.852363,-83.676648,3/2/17 10:02,Property Damaged Only,1,Daylight
4700810,Bicyclist,33.445084,-82.0054,1/11/14 12:54,Property Damaged Only,1,Daylight
6335506,Bicyclist,33.781773,-84.3728,8/1/17 11:20,Property Damaged Only,1,Daylight