incidentIdNbr,crashType,latitude,longitude,dateOfIncidentDate,severity,Mag,lightCondition
5808218,Bicyclist,30.856597,-83.284424,6/22/16 17:37,Property Damaged Only,1,Daylight
5275851,Bicyclist,34.881857,-85.28364,9/21/14 18:31,Property Damaged Only,1,Daylight
5394704,Bicyclist,34.812397,-84.941848,7/4/15 11:59,Property Damaged Only,1,Daylight
5690747,Bicyclist,33.957472,-84.137753,3/24/16 15:26,Property Damaged Only,1,Daylight
6164717,Bicyclist,33.797824,-84.411336,3/24/17 18:40,Property Damaged Only,1,Daylight
5785498,Bicyclist,32.076965,-81.084808,6/6/16 17:37,Property Damaged Only,1,Daylight
4635495,Bicyclist,34.8633,-84.32432,11/6/13 17:30,Property Damaged Only,1,Daylight
4867621,Bicyclist,31.5753,-84.151373,6/3/14 16:59,Property Damaged Only,1,Daylight
5742398,Bicyclist,33.999547,-84.084745,5/2/16 11:35,Property Damaged Only,1,Daylight
5385189,Bicyclist,33.771249,-84.379159,8/7/15 15:52,Property Damaged Only,1,Daylight
4841785,Bicyclist,31.236437,-81.494489,5/9/14 10:00,Property Damaged Only,1,Daylight
5279764,Bicyclist,33.689493,-84.606073,5/5/15 15:03,Property Damaged Only,1,Daylight
6045986,Bicyclist,33.788455,-84.383868,12/9/16 12:40,Property Damaged Only,1,Daylight
5278144,Bicyclist,34.139151,-83.793417,5/4/15 13:35,Fatal,3,Daylight
5204611,Bicyclist,31.931052,-81.297604,3/2/15 14:39,Injury,2,Daylight
5267547,Bicyclist,33.77853,-84.38431,4/23/15 16:33,Injury,2,Daylight
5633475,Bicyclist,31.174611,-83.78177,1/13/16 17:28,Injury,2,Daylight
5640742,Bicyclist,30.836743,-83.273843,2/17/16 8:35,Injury,2,Daylight
4382916,Bicyclist,33.881313,-84.7455,3/15/13 17:51,Injury,2,Daylight
4479016,Bicyclist,32.5226,-84.90478,6/15/13 18:55,Injury,2,Daylight
6261139,Bicyclist,34.762946,-84.931085,6/3/17 19:23,Injury,2,Daylight
4960549,Bicyclist,33.944443,-83.380166,9/2/14 9:08,Injury,2,Daylight
4957418,Bicyclist,33.866197,-84.633527,8/29/14 18:01,Injury,2,Daylight
5858443,Bicyclist,32.045818,-81.086098,8/1/16 10:36,Injury,2,Daylight
4598962,Bicyclist,33.813806,-84.147339,10/5/13 12:39,Injury,2,Daylight
4403777,Bicyclist,32.074257,-81.09002,4/3/13 14:59,Injury,2,Daylight
6462853,Bicyclist,33.798776,-84.237328,11/7/17 7:33,Injury,2,Daylight
6234198,Bicyclist,32.028996,-81.110837,5/15/17 11:44,Injury,2,Daylight
4912745,Bicyclist,32.547855,-83.65981,7/13/14 20:10,Injury,2,Daylight
5037653,Bicyclist,32.146459,-81.160387,10/27/14 17:48,Injury,2,Daylight
5267200,Bicyclist,34.488582,-84.020325,4/25/15 13:30,Injury,2,Daylight
6440703,Bicyclist,33.95227,-84.242394,10/19/17 17:17,Injury,2,Daylight
6046936,Pedestrian,32.8493,-83.624678,12/11/16 17:10,Property Damaged Only,1,Daylight
5935315,Pedestrian,31.173776,-81.503811,9/22/16 17:12,Property Damaged Only,1,Daylight
5800147,Pedestrian,33.593199,-84.468297,6/19/16 15:00,Property Damaged Only,1,Daylight
5774783,Pedestrian,33.743569,-84.258482,5/27/16 15:50,Property Damaged Only,1,Daylight
5079530,Pedestrian,33.739541,-84.30966,12/7/14 13:40,Property Damaged Only,1,Daylight
6331862,Pedestrian,32.00427,-81.07506,7/31/17 13:04,Property Damaged Only,1,Daylight
6528317,Pedestrian,33.781295,-84.238008,12/26/17 17:07,Property Damaged Only,1,Daylight
4773887,Pedestrian,33.623171,-83.99632,3/27/14 16:10,Property Damaged Only,1,Daylight
4488714,Pedestrian,31.969227,-83.772718,6/27/13 19:02,Property Damaged Only,1,Daylight
4534685,Pedestrian,31.18895,-83.79576,5/27/13 18:03,Property Damaged Only,1,Daylight
5935733,Pedestrian,33.783253,-84.247748,9/27/16 13:25,Property Damaged Only,1,Daylight
6008329,Pedestrian,33.797037,-84.335614,11/21/16 6:50,Property Damaged Only,1,Daylight
5433659,Pedestrian,33.860039,-84.31075,5/30/15 12:43,Property Damaged Only,1,Daylight
4452171,Pedestrian,34.756012,-84.18895,5/21/13 19:38,Property Damaged Only,1,Daylight
5429401,Pedestrian,34.18385,-85.175135,9/18/15 19:12,Property Damaged Only,1,Daylight
4431548,Pedestrian,34.019486,-83.574675,4/27/13 11:45,Property Damaged Only,1,Daylight
5808873,Pedestrian,32.004824,-81.117644,6/23/16 13:26,Property Damaged Only,1,Daylight
4672562,Pedestrian,33.87254,-83.439,11/13/13 11:20,Property Damaged Only,1,Daylight
4630943,Pedestrian,33.795655,-84.236411,11/4/13 15:00,Property Damaged Only,1,Daylight
4511528,Pedestrian,33.397865,-84.765322,5/29/13 13:39,Property Damaged Only,1,Daylight
6236072,Pedestrian,33.93301,-84.353872,5/16/17 13:23,Property Damaged Only,1,Daylight
5658959,Pedestrian,32.480789,-84.974288,3/2/16 17:55,Property Damaged Only,1,Daylight
6007108,Pedestrian,33.739173,-84.565006,11/17/16 8:15,Property Damaged Only,1,Daylight
5237390,Pedestrian,33.032115,-85.035664,3/31/15 17:00,Property Damaged Only,1,Daylight
5408344,Pedestrian,32.405579,-81.781515,8/15/15 19:15,Property Damaged Only,1,Daylight
6317123,Pedestrian,34.206957,-84.139149,7/19/17 7:39,Property Damaged Only,1,Daylight
6003116,Pedestrian,32.048221,-81.085295,11/17/16 7:20,Property Damaged Only,1,Daylight
5909712,Pedestrian,33.793578,-84.290027,9/8/16 13:35,Property Damaged Only,1,Daylight
5491948,Pedestrian,33.921198,-84.614805,10/31/15 18:08,Property Damaged Only,1,Daylight
5853076,Pedestrian,31.625541,-84.125711,6/23/16 19:23,Property Damaged Only,1,Daylight
5843593,Pedestrian,33.70949,-84.449696,7/13/16 20:20,Property Damaged Only,1,Daylight
4964702,Pedestrian,32.41846,-84.95154,9/4/14 17:27,Property Damaged Only,1,Daylight
4640404,Pedestrian,33.778223,-84.053292,11/10/13 13:32,Property Damaged Only,1,Daylight
5260650,Pedestrian,32.50376,-84.96081,4/22/15 7:45,Property Damaged Only,1,Daylight
5985012,Pedestrian,33.928232,-84.139275,10/30/16 10:00,Property Damaged Only,1,Daylight
5732278,Pedestrian,33.526716,-84.262909,4/25/16 18:42,Property Damaged Only,1,Daylight
6373965,Pedestrian,33.711558,-84.287498,8/26/17 15:00,Property Damaged Only,1,Daylight
6019584,Pedestrian,33.970288,-84.55532,11/29/16 7:00,Property Damaged Only,1,Daylight
4862138,Pedestrian,33.848933,-84.21264,5/29/14 7:50,Property Damaged Only,1,Daylight
5471076,Pedestrian,33.711012,-84.166985,10/15/15 18:23,Property Damaged Only,1,Daylight
6198660,Pedestrian,33.847939,-84.323772,4/17/17 16:04,Property Damaged Only,1,Daylight
6249305,Pedestrian,34.052239,-84.525329,5/16/17 6:56,Property Damaged Only,1,Daylight
5333724,Pedestrian,31.995629,-81.073607,6/23/15 11:28,Property Damaged Only,1,Daylight
5952221,Pedestrian,33.83095,-84.575968,10/6/16 19:00,Property Damaged Only,1,Daylight
5708560,Pedestrian,33.409697,-84.685993,4/9/16 13:33,Property Damaged Only,1,Daylight
6268417,Pedestrian,33.761797,-84.196499,6/9/17 17:27,Property Damaged Only,1,Daylight
6052448,Pedestrian,33.81101,-84.475607,12/16/16 13:56,Property Damaged Only,1,Daylight
6431999,Pedestrian,34.76152,-84.96915,10/13/17 13:35,Property Damaged Only,1,Daylight
6179076,Pedestrian,33.670534,-84.636408,4/4/17 9:18,Property Damaged Only,1,Daylight
5460355,Pedestrian,34.040718,-84.582536,10/7/15 11:00,Property Damaged Only,1,Daylight
5804088,Pedestrian,32.542772,-82.907543,10/20/15 8:36,Property Damaged Only,1,Daylight
6003249,Pedestrian,31.97379,-81.144339,11/17/16 8:56,Property Damaged Only,1,Daylight
4320300,Pedestrian,33.701923,-84.147776,1/10/13 7:25,Property Damaged Only,1,Daylight
6175348,Pedestrian,33.847875,-84.244604,4/2/17 10:30,Property Damaged Only,1,Daylight
5285975,Pedestrian,33.957243,-83.996126,5/11/15 12:52,Property Damaged Only,1,Daylight
5221188,Pedestrian,34.216943,-84.13513,3/17/15 18:12,Property Damaged Only,1,Daylight
5004806,Pedestrian,33.569778,-84.402939,10/2/14 19:26,Property Damaged Only,1,Daylight
4625586,Pedestrian,34.56748,-83.30234,10/24/13 18:14,Property Damaged Only,1,Daylight
5097214,Pedestrian,33.722131,-84.407871,12/15/14 16:20,Property Damaged Only,1,Daylight
5201583,Pedestrian,32.057449,-81.120687,3/1/15 17:38,Property Damaged Only,1,Daylight
4635944,Pedestrian,33.95995,-84.365461,11/10/13 14:29,Property Damaged Only,1,Daylight
4603653,Pedestrian,33.950909,-84.521023,10/9/13 9:30,Property Damaged Only,1,Daylight
5175722,Pedestrian,32.051354,-81.097405,2/12/15 17:46,Property Damaged Only,1,Daylight
6480571,Pedestrian,32.42386,-84.94568,11/20/17 12:40,Property Damaged Only,1,Daylight
5044271,Pedestrian,33.112257,-84.002692,11/9/14 12:46,Property Damaged Only,1,Daylight
5320394,Pedestrian,33.529775,-84.317511,6/10/15 15:40,Property Damaged Only,1,Daylight
4440661,Pedestrian,34.032022,-84.581131,5/7/13 15:20,Property Damaged Only,1,Daylight
4343645,Pedestrian,33.681184,-84.229708,2/2/13 12:42,Property Damaged Only,1,Daylight
5881076,Pedestrian,34.046619,-84.222972,7/28/16 10:04,Property Damaged Only,1,Daylight
5945376,Pedestrian,33.75094,-84.393036,10/4/16 11:13,Property Damaged Only,1,Daylight
5820577,Pedestrian,33.180782,-83.409287,6/19/16 14:56,Property Damaged Only,1,Daylight
5301528,Pedestrian,33.58823,-83.88121,5/19/15 19:57,Property Damaged Only,1,Daylight
4544657,Pedestrian,33.498913,-84.247797,8/20/13 10:30,Property Damaged Only,1,Daylight
6345599,Pedestrian,33.901452,-84.205112,8/5/17 18:58,Property Damaged Only,1,Daylight
5303672,Pedestrian,31.854526,-82.611078,5/25/15 15:08,Fatal,3,Daylight
5706608,Pedestrian,33.227453,-84.267845,3/31/16 15:10,Fatal,3,Daylight
5139925,Pedestrian,34.972292,-85.298774,1/24/15 13:30,Fatal,3,Daylight
5949393,Pedestrian,32.38835,-84.957083,10/8/16 10:30,Injury,2,Daylight
5865025,Pedestrian,33.786683,-84.162304,8/4/16 15:05,Injury,2,Daylight
4709094,Pedestrian,33.758383,-84.384203,1/14/14 9:22,Injury,2,Daylight
4620510,Pedestrian,33.78517,-84.26947,10/26/13 14:20,Injury,2,Daylight
6003894,Pedestrian,33.522263,-84.389862,11/14/16 17:30,Injury,2,Daylight
4375586,Pedestrian,33.931864,-84.221969,3/4/13 8:30,Injury,2,Daylight
4375951,Pedestrian,33.89293,-84.23287,3/7/13 17:25,Injury,2,Daylight
5243161,Pedestrian,32.618889,-83.609183,4/6/15 7:39,Injury,2,Daylight
5223166,Pedestrian,32.482866,-84.939203,3/20/15 11:12,Injury,2,Daylight
5358007,Pedestrian,33.989719,-83.429773,6/30/15 6:11,Injury,2,Daylight
4830221,Pedestrian,32.453445,-84.932159,4/28/14 18:58,Injury,2,Daylight
5499658,Pedestrian,34.37469,-83.8587,11/5/15 15:28,Injury,2,Daylight
5818118,Pedestrian,33.537017,-84.322427,7/1/16 9:00,Injury,2,Daylight
4859888,Pedestrian,31.594205,-83.249372,5/27/14 11:44,Injury,2,Daylight
6123996,Pedestrian,22470.705,13976.0337,2/2/17 8:29,Injury,2,Daylight
5754930,Pedestrian,33.76227,-84.390548,5/13/16 14:27,Injury,2,Daylight
4629220,Pedestrian,32.075717,-81.097931,11/2/13 15:30,Injury,2,Daylight
6190454,Pedestrian,228.9524,141.3629,4/11/17 19:32,Injury,2,Daylight
4932762,Pedestrian,33.85897,-84.218644,8/10/14 9:34,Injury,2,Daylight
6157710,Pedestrian,32.815406,-83.690621,3/20/17 19:08,Injury,2,Daylight
4851924,Pedestrian,33.425184,-84.374691,5/16/14 19:50,Injury,2,Daylight
4402216,Pedestrian,33.937453,-84.367681,3/24/13 17:57,Injury,2,Daylight
5092898,Pedestrian,33.884987,-84.273506,12/13/14 16:51,Injury,2,Daylight
4689230,Pedestrian,33.79751,-83.742515,12/24/13 10:35,Injury,2,Daylight
5122602,Pedestrian,33.670939,-84.394356,12/25/14 13:47,Injury,2,Daylight
5505444,Pedestrian,32.085766,-81.085284,11/10/15 10:47,Injury,2,Daylight
5101083,Pedestrian,34.034803,-84.480696,12/15/14 16:28,Injury,2,Daylight
5794378,Pedestrian,34.183159,-84.220113,4/27/16 10:53,Injury,2,Daylight
5235254,Pedestrian,33.395149,-82.098692,3/30/15 8:07,Injury,2,Daylight
5184476,Pedestrian,33.865998,-84.003879,2/16/15 16:27,Injury,2,Daylight
5309062,Pedestrian,33.756789,-84.197225,5/31/15 19:11,Injury,2,Daylight
5829422,Pedestrian,33.397624,-81.996499,7/12/16 14:56,Injury,2,Daylight
4974858,Pedestrian,33.83949,-84.273113,9/11/14 17:47,Injury,2,Daylight
5466950,Pedestrian,33.83822,-84.380729,10/7/15 8:54,Injury,2,Daylight
6044071,Pedestrian,33.848984,-84.614895,12/10/16 12:30,Injury,2,Daylight
4848281,Pedestrian,33.573011,-84.468412,5/12/14 13:38,Injury,2,Daylight
6319458,Pedestrian,32.449868,-81.794422,6/15/17 16:35,Injury,2,Daylight
5017722,Pedestrian,33.811865,-84.366731,10/9/14 15:05,Injury,2,Daylight
5696042,Pedestrian,33.840249,-84.378509,3/30/16 20:40,Injury,2,Daylight
5167314,Pedestrian,33.753167,-84.38761,11/14/14 11:40,Injury,2,Daylight
4789390,Pedestrian,33.843664,-84.328019,4/9/14 18:45,Injury,2,Daylight
6424569,Pedestrian,33.5882,-84.338108,8/4/17 14:20,Injury,2,Daylight
6285389,Pedestrian,33.880213,-84.516506,6/23/17 8:56,Injury,2,Daylight
4469103,Pedestrian,30.680912,-83.22661,6/4/13 6:40,Injury,2,Daylight
5489581,Pedestrian,30.63448,-83.032882,10/28/15 14:04,Injury,2,Daylight
5057167,Pedestrian,33.483204,-84.194746,11/20/14 8:15,Injury,2,Daylight
5741421,Pedestrian,32.017177,-81.067013,5/4/16 8:09,Injury,2,Daylight
6411990,Pedestrian,33.825598,-84.322879,10/1/17 14:02,Injury,2,Daylight
4318021,Pedestrian,33.94181,-84.2499,1/1/13 16:48,Injury,2,Daylight
5314727,Pedestrian,30.876821,-83.280858,6/4/15 13:03,Injury,2,Daylight
6259859,Pedestrian,33.822826,-84.383953,5/30/17 8:49,Injury,2,Daylight
4952033,Pedestrian,33.836116,-84.200553,8/26/14 12:15,Injury,2,Daylight
5907181,Pedestrian,33.942716,-83.340737,9/6/16 18:30,Injury,2,Daylight
6478286,Pedestrian,33.765064,-84.416511,10/6/17 11:35,Injury,2,Daylight
4372158,Pedestrian,31.207555,-83.249244,2/26/13 15:28,Injury,2,Daylight
4845528,Pedestrian,34.111473,-82.86702,5/13/14 10:30,Injury,2,Daylight
6390538,Pedestrian,33.921729,-84.244497,9/7/17 16:54,Injury,2,Daylight
5766324,Pedestrian,33.790673,-84.385156,5/22/16 15:29,Injury,2,Daylight
5459356,Pedestrian,33.763472,-84.419892,10/4/15 12:14,Injury,2,Daylight
5744357,Pedestrian,33.737815,-84.251986,5/5/16 15:10,Injury,2,Daylight
4582341,Pedestrian & Bicyclist,34.81437,-84.95157,8/28/13 19:08,Property Damaged Only,1,Daylight
6307840,Pedestrian & Bicyclist,34.07508,-84.164601,7/12/17 16:00,Property Damaged Only,1,Daylight
4894281,Pedestrian & Bicyclist,33.994131,-83.913551,6/27/14 17:41,Injury,2,Daylight
6359437,Pedestrian & Bicyclist,33.938134,-84.163392,8/15/17 18:20,Injury,2,Daylight
5158101,Bicyclist,34.025992,-84.332281,2/1/15 13:41,Property Damaged Only,1,Daylight
4535423,Bicyclist,32.01074,-80.84108,8/9/13 11:03,Property Damaged Only,1,Daylight
5528076,Bicyclist,33.957393,-83.986955,11/27/15 15:31,Property Damaged Only,1,Daylight
6366635,Bicyclist,33.895183,-84.210199,8/23/17 16:41,Property Damaged Only,1,Daylight
6175924,Bicyclist,31.180349,-84.724746,3/26/17 17:11,Property Damaged Only,1,Daylight
6196361,Bicyclist,233.5541,148.4813,4/12/17 14:15,Property Damaged Only,1,Daylight
4851649,Bicyclist,33.547007,-84.41528,5/19/14 12:48,Property Damaged Only,1,Daylight
4669388,Bicyclist,31.178097,-81.490287,12/10/13 7:54,Property Damaged Only,1,Daylight
6206821,Bicyclist,34.353398,-82.936588,4/25/17 11:09,Property Damaged Only,1,Daylight
4447801,Bicyclist,32.00459,-81.11803,5/18/13 15:11,Property Damaged Only,1,Daylight
6236804,Bicyclist,30.835473,-83.971879,5/12/17 16:38,Property Damaged Only,1,Daylight
6399483,Bicyclist,33.602962,-83.851144,9/20/17 13:52,Property Damaged Only,1,Daylight
6037129,Bicyclist,31.531978,-83.833589,6/24/16 19:33,Property Damaged Only,1,Daylight
6420080,Bicyclist,33.849606,-84.376653,10/5/17 12:18,Property Damaged Only,1,Daylight
5147174,Bicyclist,31.584478,-84.204799,1/29/15 10:22,Property Damaged Only,1,Daylight
6440644,Bicyclist,33.976351,-83.944996,10/17/17 17:02,Property Damaged Only,1,Daylight
5367083,Bicyclist,34.022753,-84.269822,6/3/15 14:53,Property Damaged Only,1,Daylight
5068999,Bicyclist,33.88346,-84.47085,11/28/14 16:21,Property Damaged Only,1,Daylight
5323990,Bicyclist,33.173044,-84.914796,6/13/15 13:49,Property Damaged Only,1,Daylight
5299845,Bicyclist,33.903773,-84.116403,5/21/15 12:38,Property Damaged Only,1,Daylight
5846528,Bicyclist,34.075684,-84.650654,7/22/16 10:40,Property Damaged Only,1,Daylight
4530718,Bicyclist,32.073775,-81.08813,8/5/13 10:45,Property Damaged Only,1,Daylight
6063869,Bicyclist,32.081125,-81.094827,12/30/16 13:52,Property Damaged Only,1,Daylight
6458114,Bicyclist,31.581481,-84.176213,11/3/17 16:50,Property Damaged Only,1,Daylight
6476241,Bicyclist,32.617663,-83.689772,11/15/17 17:20,Property Damaged Only,1,Daylight
5965830,Bicyclist,31.847467,-81.600226,10/20/16 7:32,Property Damaged Only,1,Daylight
4339793,Bicyclist,34.053547,-84.484955,1/27/13 16:55,Property Damaged Only,1,Daylight
4462075,Bicyclist,33.544647,-84.368461,5/29/13 7:45,Property Damaged Only,1,Daylight
6123935,Bicyclist,33.469662,-82.03853,2/20/17 9:57,Property Damaged Only,1,Daylight
6054686,Bicyclist,33.479542,-84.442595,12/7/16 12:57,Property Damaged Only,1,Daylight
4612143,Bicyclist,32.26014,-83.70573,9/21/13 8:54,Property Damaged Only,1,Daylight
5944835,Bicyclist,31.611616,-84.171946,10/3/16 17:35,Property Damaged Only,1,Daylight
5956487,Bicyclist,33.847721,-84.048292,10/12/16 13:54,Property Damaged Only,1,Daylight
5357354,Bicyclist,32.469362,-84.974442,7/15/15 10:55,Property Damaged Only,1,Daylight
4865184,Bicyclist,33.643893,-84.363553,5/26/14 9:47,Property Damaged Only,1,Daylight
5244549,Bicyclist,31.228498,-81.76173,1/10/15 11:24,Property Damaged Only,1,Daylight
6215909,Bicyclist,32.537139,-84.965906,5/2/17 12:42,Property Damaged Only,1,Daylight
4629746,Bicyclist,32.051476,-81.106868,11/3/13 11:06,Property Damaged Only,1,Daylight
5936330,Bicyclist,33.955658,-83.347615,9/27/16 11:11,Property Damaged Only,1,Daylight
4997926,Bicyclist,32.045764,-81.076649,9/26/14 18:22,Property Damaged Only,1,Daylight
5440997,Bicyclist,30.906499,-84.576559,9/17/15 15:58,Property Damaged Only,1,Daylight
5042650,Bicyclist,33.966507,-83.398399,11/6/14 23:21,Property Damaged Only,1,Daylight
5293738,Bicyclist,33.602241,-84.379637,2/26/13 16:01,Property Damaged Only,1,Daylight
5971563,Bicyclist,33.568095,-84.57921,10/24/16 16:10,Property Damaged Only,1,Daylight
4604870,Bicyclist,33.87889,-84.694347,10/12/13 9:39,Property Damaged Only,1,Daylight
4884572,Bicyclist,33.866341,-84.626864,6/19/14 18:05,Property Damaged Only,1,Daylight
6339729,Bicyclist,32.37846,-84.3947,8/1/17 17:27,Property Damaged Only,1,Daylight
6241758,Bicyclist,33.847505,-84.58557,5/19/17 15:27,Property Damaged Only,1,Daylight
5417853,Bicyclist,32.0664,-81.058737,9/9/15 8:28,Injury,2,Daylight
5546878,Bicyclist,32.415131,-81.768639,12/11/15 13:25,Injury,2,Daylight
5558883,Bicyclist,34.057856,-84.361035,12/17/15 14:13,Injury,2,Daylight
5334715,Bicyclist,31.847305,-81.599297,4/22/15 17:40,Injury,2,Daylight
5786357,Bicyclist,32.056075,-81.080542,6/7/16 9:42,Injury,2,Daylight
6145989,Bicyclist,33.83969,-84.369442,3/2/17 14:17,Injury,2,Daylight
5117691,Bicyclist,30.990814,-83.375053,1/3/15 17:52,Injury,2,Daylight
6293267,Bicyclist,31.98107,-82.9249,6/28/17 9:15,Injury,2,Daylight
4884373,Bicyclist,33.812388,-84.15111,6/19/14 19:45,Injury,2,Daylight
5850674,Bicyclist,34.445141,-83.779,7/23/16 9:01,Injury,2,Daylight
5161744,Bicyclist,33.904114,-84.296086,10/21/14 17:19,Injury,2,Daylight
6097989,Bicyclist,33.73811,-84.398322,1/26/17 14:45,Injury,2,Daylight
6450237,Bicyclist,33.756542,-84.382241,10/19/17 14:10,Injury,2,Daylight
5359905,Bicyclist,33.60922,-84.345435,7/15/15 13:04,Injury,2,Daylight
5058556,Bicyclist,31.448342,-83.51584,11/20/14 0:00,Injury,2,Daylight
4917890,Bicyclist,34.089065,-84.58418,7/23/14 8:48,Injury,2,Daylight
6332569,Bicyclist,32.454129,-84.937644,7/31/17 20:05,Injury,2,Daylight
6288832,Bicyclist,33.476529,-82.012899,6/26/17 20:16,Injury,2,Daylight
5551826,Bicyclist,33.801377,-84.415554,12/10/15 12:45,Injury,2,Daylight
5908335,Bicyclist,33.945387,-83.371148,9/6/16 12:22,Injury,2,Daylight
5788969,Bicyclist,33.746465,-84.897942,6/9/16 14:54,Injury,2,Daylight
5847853,Bicyclist,31.162058,-81.408691,7/23/16 8:40,Injury,2,Daylight
6409506,Bicyclist,32.695457,-84.85676,9/28/17 17:10,Injury,2,Daylight
5173114,Bicyclist,31.933387,-81.929917,12/19/14 15:15,Injury,2,Daylight
5975103,Bicyclist,32.073695,-81.117032,10/21/16 17:03,Injury,2,Daylight
6405478,Bicyclist,34.62729,-83.95513,9/24/17 13:12,Injury,2,Daylight
4976239,Bicyclist,33.84007,-84.81228,9/4/14 10:07,Injury,2,Daylight
6424650,Bicyclist,33.58049,-84.340178,10/10/17 12:33,Injury,2,Daylight
4790455,Bicyclist,34.090241,-84.275229,4/11/14 10:15,Injury,2,Daylight
5678402,Bicyclist,32.064496,-81.0926,3/17/16 15:04,Injury,2,Daylight
4827624,Bicyclist,33.460073,-81.938486,4/25/14 16:53,Injury,2,Daylight
4425422,Pedestrian,33.638275,-84.631316,4/26/13 7:06,Property Damaged Only,1,Daylight
5646926,Pedestrian,34.86763,-85.294899,2/17/16 15:59,Property Damaged Only,1,Daylight
5138934,Pedestrian,32.056437,-81.100544,1/24/15 16:48,Property Damaged Only,1,Daylight
6479198,Pedestrian,33.953604,-83.393618,11/17/17 15:03,Property Damaged Only,1,Daylight
6023502,Pedestrian,32.440323,-84.940066,12/3/16 14:29,Property Damaged Only,1,Daylight
5152111,Pedestrian,32.075691,-81.088413,1/30/15 15:37,Property Damaged Only,1,Daylight
5903483,Pedestrian,32.000185,-81.077472,9/3/16 11:36,Property Damaged Only,1,Daylight
4842997,Pedestrian,32.434594,-84.95923,5/11/14 15:55,Property Damaged Only,1,Daylight
4372274,Pedestrian,32.479558,-84.979508,3/4/13 11:54,Property Damaged Only,1,Daylight
6280553,Pedestrian,32.59772,-84.09312,6/15/17 15:17,Property Damaged Only,1,Daylight
5290825,Pedestrian,34.064075,-84.423463,5/16/15 16:33,Property Damaged Only,1,Daylight
4448577,Pedestrian,33.75592,-84.49109,3/18/13 14:56,Property Damaged Only,1,Daylight
4392840,Pedestrian,33.034975,-83.938498,3/15/13 19:23,Property Damaged Only,1,Daylight
5747814,Pedestrian,33.73792,-84.251324,5/4/16 15:17,Property Damaged Only,1,Daylight
5023279,Pedestrian,33.566235,-84.343899,10/21/14 7:36,Property Damaged Only,1,Daylight
4336744,Pedestrian,30.843462,-83.991373,1/24/13 13:33,Property Damaged Only,1,Daylight
6179510,Pedestrian,32.043901,-81.066928,4/5/17 7:40,Property Damaged Only,1,Daylight
6247169,Pedestrian,33.900592,-84.299624,4/8/17 14:20,Property Damaged Only,1,Daylight
4337281,Pedestrian,34.49218,-85.33595,1/26/13 10:11,Property Damaged Only,1,Daylight
5021115,Pedestrian,33.704924,-84.277009,10/18/14 12:10,Property Damaged Only,1,Daylight
5069835,Pedestrian,33.68067,-84.38175,11/28/14 12:45,Property Damaged Only,1,Daylight
4747098,Pedestrian,33.715065,-84.215178,2/28/14 16:22,Property Damaged Only,1,Daylight
5863300,Pedestrian,33.878088,-84.271717,8/3/16 16:00,Property Damaged Only,1,Daylight
4465656,Pedestrian,33.751186,-84.726239,4/3/13 11:39,Property Damaged Only,1,Daylight
6012881,Pedestrian,31.599289,-84.178083,11/23/16 14:37,Property Damaged Only,1,Daylight
6442872,Pedestrian,33.671111,-84.340882,10/25/17 0:00,Property Damaged Only,1,Daylight
5773043,Pedestrian,34.280425,-83.877031,5/26/16 17:40,Property Damaged Only,1,Daylight
6336259,Pedestrian,34.044943,-84.309833,8/2/17 17:16,Property Damaged Only,1,Daylight
4669355,Pedestrian,33.826387,-84.366981,12/5/13 16:16,Property Damaged Only,1,Daylight
6054746,Pedestrian,32.494885,-84.895746,12/26/16 15:35,Property Damaged Only,1,Daylight
5459889,Pedestrian,33.846249,-84.372709,9/28/15 13:03,Property Damaged Only,1,Daylight
5778264,Pedestrian,31.988291,-81.12883,5/31/16 7:57,Property Damaged Only,1,Daylight
4956289,Pedestrian,33.800798,-84.415848,8/22/14 13:00,Property Damaged Only,1,Daylight
5753530,Pedestrian,32.08181,-81.094585,5/6/16 12:25,Property Damaged Only,1,Daylight
6031175,Pedestrian,33.745693,-84.417558,11/28/16 12:38,Property Damaged Only,1,Daylight
4832917,Pedestrian,33.75513,-84.26792,4/29/14 17:45,Property Damaged Only,1,Daylight
6104302,Pedestrian,33.748119,-84.37662,1/17/17 7:25,Property Damaged Only,1,Daylight
5797577,Pedestrian,32.894105,-84.3133,6/15/16 15:05,Property Damaged Only,1,Daylight
4915215,Pedestrian,33.705722,-84.12633,7/22/14 10:32,Property Damaged Only,1,Daylight
5043448,Pedestrian,31.591731,-84.176031,11/7/14 17:48,Property Damaged Only,1,Daylight
4969654,Pedestrian,34.016976,-83.651842,2/23/14 14:56,Property Damaged Only,1,Daylight