incidentIdNbr,crashType,latitude,longitude,dateOfIncidentDate,severity,Mag,lightCondition
4935090,Pedestrian,32.038419,-81.065649,8/11/14 12:34,Property Damaged Only,1,Daylight
4458955,Pedestrian,33.927572,-84.332907,5/27/13 17:03,Property Damaged Only,1,Daylight
4718484,Pedestrian,32.858396,-83.588504,1/6/14 14:15,Property Damaged Only,1,Daylight
5918890,Pedestrian,33.907883,-84.354585,9/12/16 10:56,Property Damaged Only,1,Daylight
5798958,Pedestrian,32.029038,-81.110883,6/17/16 17:32,Property Damaged Only,1,Daylight
4852155,Pedestrian,33.849358,-84.194414,5/19/14 16:40,Property Damaged Only,1,Daylight
4379270,Pedestrian,33.800326,-84.196764,3/12/13 14:57,Property Damaged Only,1,Daylight
4599548,Pedestrian,34.50275,-84.95494,10/7/13 11:40,Property Damaged Only,1,Daylight
5605940,Pedestrian,34.59704,-83.763236,1/14/16 16:40,Property Damaged Only,1,Daylight
4501489,Pedestrian,33.91159,-83.979553,7/11/13 11:28,Property Damaged Only,1,Daylight
4842008,Pedestrian,33.878947,-84.013389,5/8/14 11:00,Property Damaged Only,1,Daylight
4743178,Pedestrian,33.562876,-84.497575,2/20/14 18:23,Property Damaged Only,1,Daylight
5708121,Pedestrian,32.538959,-84.954672,4/9/16 16:23,Property Damaged Only,1,Daylight
4618908,Pedestrian,33.733331,-84.252086,10/24/13 17:10,Property Damaged Only,1,Daylight
5273841,Pedestrian,33.748786,-84.279076,5/1/15 15:09,Property Damaged Only,1,Daylight
4778048,Pedestrian,34.190429,-85.173966,4/1/14 18:06,Fatal,3,Daylight
4881661,Pedestrian,33.578043,-84.558168,6/18/14 11:08,Fatal,3,Daylight
6159855,Pedestrian,33.939633,-84.092337,3/21/17 16:11,Fatal,3,Daylight
5852795,Pedestrian,33.75611,-84.16537,7/27/16 14:04,Injury,2,Daylight
6048857,Pedestrian,33.80047,-84.415931,12/19/16 12:19,Injury,2,Daylight
4757618,Pedestrian,32.472597,-84.987426,3/11/14 16:49,Injury,2,Daylight
5808602,Pedestrian,33.581189,-84.46934,6/22/16 16:05,Injury,2,Daylight
4874781,Pedestrian,34.94791,-83.49434,6/10/14 12:23,Injury,2,Daylight
4439132,Pedestrian,34.266876,-83.77913,5/8/13 13:00,Injury,2,Daylight
4604915,Pedestrian,33.724064,-84.924384,9/25/13 16:29,Injury,2,Daylight
5692576,Pedestrian,33.433692,-84.17451,3/26/16 15:15,Injury,2,Daylight
6055547,Pedestrian,33.360986,-84.78906,12/25/16 15:42,Injury,2,Daylight
4440617,Pedestrian,33.057559,-85.028622,5/11/13 16:34,Injury,2,Daylight
4615025,Pedestrian,34.275189,-85.023654,10/20/13 18:30,Injury,2,Daylight
6062423,Pedestrian,31.177935,-84.726352,12/29/16 12:10,Injury,2,Daylight
6127536,Pedestrian,33.781499,-84.389194,2/23/17 8:40,Injury,2,Daylight
4727748,Pedestrian,33.741203,-84.417771,1/22/14 8:40,Injury,2,Daylight
5685117,Pedestrian,33.474344,-81.984593,3/21/16 9:04,Injury,2,Daylight
6386400,Pedestrian,33.558997,-84.024683,7/29/17 14:01,Injury,2,Daylight
5933133,Pedestrian,33.593768,-84.407765,9/25/16 18:11,Injury,2,Daylight
4447160,Pedestrian,33.926559,-84.551284,5/17/13 7:06,Injury,2,Daylight
5630419,Pedestrian,33.936671,-84.293935,1/24/16 15:35,Injury,2,Daylight
5492518,Pedestrian,32.495382,-84.980218,11/1/15 17:34,Injury,2,Daylight
6131855,Pedestrian,33.731844,-84.283905,2/27/17 9:58,Injury,2,Daylight
5284286,Pedestrian,33.834891,-84.382441,5/6/15 16:53,Injury,2,Daylight
4948907,Pedestrian,33.743009,-84.290105,8/22/14 18:03,Injury,2,Daylight
5912537,Pedestrian,33.841004,-84.207925,9/10/16 17:51,Injury,2,Daylight
6335958,Pedestrian,34.20368,-84.80849,7/28/17 11:56,Injury,2,Daylight
4840151,Pedestrian,33.39682,-84.75163,5/7/14 17:10,Injury,2,Daylight
5196100,Pedestrian,32.077112,-81.103575,2/18/15 7:23,Injury,2,Daylight
5973851,Pedestrian,33.771291,-84.385361,10/25/16 12:05,Injury,2,Daylight
6194669,Pedestrian,33.738293,-84.259109,4/15/17 13:40,Injury,2,Daylight
6308409,Pedestrian,33.884955,-84.704099,7/12/17 18:50,Injury,2,Daylight
4370433,Pedestrian,32.98392,-84.57472,2/25/13 16:15,Injury,2,Daylight
4835167,Pedestrian,33.950891,-84.518286,4/29/14 10:30,Injury,2,Daylight
6510489,Pedestrian,33.684211,-84.392925,12/9/17 15:19,Injury,2,Daylight
5197697,Pedestrian,33.4566,-82.51308,2/23/15 15:17,Injury,2,Daylight
4934632,Pedestrian,32.852911,-83.689958,7/31/14 19:19,Injury,2,Daylight
4736839,Pedestrian,31.616544,-84.220049,2/18/14 16:08,Injury,2,Daylight
5927308,Pedestrian,33.748221,-84.280183,9/20/16 13:20,Injury,2,Daylight
4947007,Pedestrian,33.786187,-84.397677,8/18/14 8:44,Injury,2,Daylight
5209740,Pedestrian,33.794656,-83.704811,3/7/15 11:20,Injury,2,Daylight
5934819,Pedestrian,33.55321,-84.258866,9/25/16 13:30,Injury,2,Daylight
6257752,Pedestrian,32.020786,-81.07288,5/31/17 19:01,Injury,2,Daylight
4555613,Pedestrian,34.737953,-85.08054,8/29/13 8:25,Injury,2,Daylight
5864964,Pedestrian,32.834705,-83.625898,8/4/16 18:17,Injury,2,Daylight
5665231,Pedestrian,33.805444,-84.62123,1/13/16 15:17,Injury,2,Daylight
5666852,Pedestrian,31.552243,-84.160757,3/7/16 17:50,Injury,2,Daylight
6167988,Pedestrian,34.018529,-83.63699,1/12/17 17:00,Injury,2,Daylight
5997914,Pedestrian,34.244479,-84.488982,11/13/16 15:00,Injury,2,Daylight
4642153,Pedestrian,33.4831,-81.99805,11/14/13 11:37,Injury,2,Daylight
5485141,Pedestrian,33.838173,-84.378433,10/23/15 14:28,Injury,2,Daylight
6196534,Pedestrian,33.734469,-84.491759,4/12/17 8:22,Injury,2,Daylight
6397352,Pedestrian,33.71125,-84.187057,9/19/17 7:56,Injury,2,Daylight
4462913,Pedestrian,33.380706,-83.86567,5/27/13 14:59,Injury,2,Daylight
5435597,Pedestrian,33.943258,-84.539758,7/1/15 17:23,Injury,2,Daylight
5729085,Pedestrian,34.979931,-84.937249,4/20/16 10:35,Injury,2,Daylight
4497852,Pedestrian,32.06106,-81.08079,7/9/13 11:50,Injury,2,Daylight
5328674,Pedestrian,32.589848,-84.358335,6/12/15 12:05,Injury,2,Daylight
6244764,Pedestrian,33.951334,-83.37708,4/14/17 8:45,Injury,2,Daylight
5130778,Pedestrian,32.777543,-84.556999,1/13/15 9:32,Injury,2,Daylight
5404992,Pedestrian,34.054041,-83.176428,8/21/15 13:27,Injury,2,Daylight
5586013,Pedestrian & Bicyclist,33.464575,-83.907744,7/18/14 14:58,Property Damaged Only,1,Daylight
4794368,Bicyclist,33.691637,-84.020336,3/9/14 19:19,Property Damaged Only,1,Daylight
6281528,Bicyclist,32.49364,-84.98018,6/20/17 19:15,Property Damaged Only,1,Daylight
5480258,Bicyclist,31.224688,-82.350854,9/29/15 12:54,Property Damaged Only,1,Daylight
5248423,Bicyclist,30.866302,-83.289599,4/9/15 14:44,Property Damaged Only,1,Daylight
6526648,Bicyclist,30.836748,-83.978483,12/22/17 14:55,Property Damaged Only,1,Daylight
6200769,Bicyclist,33.809328,-84.239464,4/9/17 19:30,Property Damaged Only,1,Daylight
4673930,Bicyclist,33.72532,-85.12774,12/13/13 11:22,Property Damaged Only,1,Daylight
5949262,Bicyclist,33.41043,-84.566664,10/7/16 16:06,Property Damaged Only,1,Daylight
5283944,Bicyclist,33.756324,-84.33667,4/24/15 19:00,Property Damaged Only,1,Daylight
5756354,Bicyclist,32.068366,-81.092215,5/15/16 11:59,Property Damaged Only,1,Daylight
6195592,Bicyclist,32.627563,-83.612887,4/14/17 15:31,Property Damaged Only,1,Daylight
5792958,Bicyclist,33.740515,-84.739738,4/19/16 19:43,Property Damaged Only,1,Daylight
5436064,Bicyclist,32.604107,-83.650232,7/18/15 17:25,Property Damaged Only,1,Daylight
6081338,Bicyclist,33.612332,-83.936472,12/9/16 12:24,Property Damaged Only,1,Daylight
5715727,Bicyclist,33.57592,-84.562889,4/15/16 14:40,Property Damaged Only,1,Daylight
4619504,Bicyclist,33.81965,-84.3885,10/11/13 20:22,Property Damaged Only,1,Daylight
5794688,Bicyclist,33.632077,-84.374793,5/22/16 17:37,Property Damaged Only,1,Daylight
5457786,Bicyclist,33.947585,-83.373211,9/11/15 11:14,Property Damaged Only,1,Daylight
4785840,Bicyclist,33.805365,-84.095964,4/3/14 17:22,Property Damaged Only,1,Daylight
6257025,Bicyclist,34.203436,-84.166492,4/26/17 12:54,Property Damaged Only,1,Daylight
4728956,Bicyclist,30.764733,-81.576388,1/9/14 15:49,Property Damaged Only,1,Daylight
4612191,Bicyclist,34.4761,-84.92936,10/19/13 18:19,Property Damaged Only,1,Daylight
4371954,Bicyclist,31.95389,-83.750465,3/3/13 14:51,Property Damaged Only,1,Daylight
6029862,Bicyclist,31.573802,-84.164858,12/6/16 16:58,Property Damaged Only,1,Daylight
5905337,Bicyclist,32.042793,-81.067202,9/5/16 12:25,Property Damaged Only,1,Daylight
6132061,Bicyclist,32.006099,-81.116216,2/27/17 17:50,Property Damaged Only,1,Daylight
6551007,Bicyclist,33.77691,-84.393634,10/18/17 18:16,Property Damaged Only,1,Daylight
5632846,Bicyclist,33.649988,-84.449763,1/25/16 16:03,Property Damaged Only,1,Daylight
5949844,Bicyclist,30.849473,-83.280428,10/8/16 11:37,Property Damaged Only,1,Daylight
6239761,Bicyclist,33.76997,-84.385121,5/18/17 17:27,Property Damaged Only,1,Daylight
4352185,Bicyclist,34.075399,-84.571233,2/6/13 16:00,Fatal,3,Daylight
4830623,Bicyclist,33.939164,-83.386623,4/28/14 10:06,Injury,2,Daylight
4353482,Bicyclist,30.74292,-81.55418,1/20/13 15:20,Injury,2,Daylight
5749476,Bicyclist,33.523963,-83.909713,5/8/16 15:46,Injury,2,Daylight
6489315,Bicyclist,34.078685,-83.919638,11/19/17 7:50,Injury,2,Daylight
6251200,Bicyclist,33.764867,-84.327896,5/20/17 15:35,Injury,2,Daylight
5169962,Bicyclist,32.067552,-81.12858,2/7/15 16:09,Injury,2,Daylight
6510562,Bicyclist,33.740574,-84.358161,12/5/17 16:48,Injury,2,Daylight
6125966,Bicyclist,33.77283,-84.341686,2/20/17 16:41,Injury,2,Daylight
6332487,Bicyclist,31.212835,-81.375456,7/30/17 17:08,Injury,2,Daylight
4959244,Bicyclist,33.813792,-84.147347,3/29/13 17:15,Injury,2,Daylight
5259913,Bicyclist,33.407125,-84.606696,3/31/15 11:36,Injury,2,Daylight
5240306,Bicyclist,33.813801,-84.14734,3/27/15 13:19,Injury,2,Daylight
4632874,Bicyclist,33.985749,-84.422977,11/3/13 16:28,Injury,2,Daylight
4516168,Bicyclist,34.02794,-84.56456,6/7/13 16:37,Injury,2,Daylight
5889734,Bicyclist,33.172223,-84.529073,8/7/16 8:27,Injury,2,Daylight
6396080,Bicyclist,33.733423,-84.414147,9/9/17 12:50,Injury,2,Daylight
5325167,Bicyclist,34.275314,-83.781548,6/15/15 14:50,Injury,2,Daylight
4918203,Bicyclist,31.10418,-81.62246,7/23/14 12:43,Injury,2,Daylight
5053481,Bicyclist,31.208985,-81.946933,11/10/14 13:44,Injury,2,Daylight
5008167,Bicyclist,34.247259,-84.80798,10/1/14 12:38,Injury,2,Daylight
6605110,Bicyclist,33.970976,-84.188712,6/22/17 16:30,Injury,2,Daylight
5433963,Bicyclist,34.019204,-84.314863,6/9/15 16:02,Injury,2,Daylight
4365681,Bicyclist,33.942918,-83.383226,2/9/13 16:40,Injury,2,Daylight
5525759,Bicyclist,33.930552,-84.194467,11/26/15 15:09,Injury,2,Daylight
4455397,Bicyclist,33.819139,-84.260682,5/24/13 16:58,Injury,2,Daylight
5409465,Bicyclist,33.933653,-84.353922,8/27/15 9:46,Injury,2,Daylight
5973682,Pedestrian,33.970189,-84.226467,10/25/16 10:41,Property Damaged Only,1,Daylight
5975684,Pedestrian,34.305131,-85.174402,10/27/16 18:25,Property Damaged Only,1,Daylight
4705088,Pedestrian,32.08036,-81.09724,1/15/14 10:25,Property Damaged Only,1,Daylight
4778123,Pedestrian,33.412288,-82.026113,4/1/14 11:56,Property Damaged Only,1,Daylight
5205861,Pedestrian,33.772553,-84.194185,3/4/15 18:50,Property Damaged Only,1,Daylight
4889629,Pedestrian,33.689162,-84.408197,6/15/14 13:35,Property Damaged Only,1,Daylight
4696770,Pedestrian,33.038735,-85.031172,1/7/14 11:19,Property Damaged Only,1,Daylight
6050869,Pedestrian,33.967313,-83.886936,10/14/16 15:00,Property Damaged Only,1,Daylight
5276611,Pedestrian,32.493583,-84.979771,5/4/15 18:35,Property Damaged Only,1,Daylight
4617761,Pedestrian,33.781555,-84.40757,10/23/13 11:25,Property Damaged Only,1,Daylight
4626339,Pedestrian,31.215015,-81.484737,9/29/13 18:07,Property Damaged Only,1,Daylight
4662044,Pedestrian,33.908932,-84.349753,12/2/13 13:59,Property Damaged Only,1,Daylight
6469937,Pedestrian,33.961,-83.376469,11/12/17 15:47,Property Damaged Only,1,Daylight
6008720,Pedestrian,32.594334,-83.631763,11/21/16 13:30,Property Damaged Only,1,Daylight
5369461,Pedestrian,32.900486,-83.687596,7/26/15 13:02,Property Damaged Only,1,Daylight
4539249,Pedestrian,32.060547,-81.080959,8/14/13 8:15,Property Damaged Only,1,Daylight
5102323,Pedestrian,34.029424,-84.650032,12/19/14 12:26,Property Damaged Only,1,Daylight
5785787,Pedestrian,32.040217,-81.157055,5/26/16 8:43,Property Damaged Only,1,Daylight
6115601,Pedestrian,33.761042,-84.1254,2/12/17 15:30,Property Damaged Only,1,Daylight
4889496,Pedestrian,33.759428,-84.240915,6/25/14 12:05,Property Damaged Only,1,Daylight
6512302,Pedestrian,33.75094,-84.393036,12/6/17 12:30,Property Damaged Only,1,Daylight
5848038,Pedestrian,33.452976,-82.50379,7/14/16 17:45,Property Damaged Only,1,Daylight
6256673,Pedestrian,34.17651,-84.191824,4/17/17 10:54,Property Damaged Only,1,Daylight
6183944,Pedestrian,33.782858,-84.966717,4/7/17 15:20,Property Damaged Only,1,Daylight
5771072,Pedestrian,33.760793,-84.244356,5/25/16 8:30,Property Damaged Only,1,Daylight
5358943,Pedestrian,33.902469,-84.568165,7/15/15 18:52,Property Damaged Only,1,Daylight
5233564,Pedestrian,33.426251,-82.052371,3/27/15 16:09,Property Damaged Only,1,Daylight
5966357,Pedestrian,33.950714,-84.535933,10/19/16 13:10,Property Damaged Only,1,Daylight
4927624,Pedestrian,33.70996,-84.35248,7/27/14 19:40,Property Damaged Only,1,Daylight
5652718,Pedestrian,31.980896,-81.166978,2/28/16 14:41,Property Damaged Only,1,Daylight
5770203,Pedestrian,34.05163,-84.335001,5/23/16 20:17,Property Damaged Only,1,Daylight
6024696,Pedestrian,33.837867,-84.499318,11/22/16 15:35,Property Damaged Only,1,Daylight
4570303,Pedestrian,33.715903,-84.933872,9/14/13 9:41,Property Damaged Only,1,Daylight
4841533,Pedestrian,34.074775,-83.873085,5/5/14 12:40,Property Damaged Only,1,Daylight
4615703,Pedestrian,32.078348,-81.089721,10/22/13 17:04,Property Damaged Only,1,Daylight
5675183,Pedestrian,33.780777,-84.384935,3/15/16 15:59,Property Damaged Only,1,Daylight
5362326,Pedestrian,32.07705,-81.08475,7/20/15 15:22,Property Damaged Only,1,Daylight
4944408,Pedestrian,33.932164,-84.222399,8/5/14 12:20,Property Damaged Only,1,Daylight
4746934,Pedestrian,33.80003,-84.19826,2/26/14 12:33,Property Damaged Only,1,Daylight
5544317,Pedestrian,33.928654,-84.551113,12/8/15 16:20,Property Damaged Only,1,Daylight
6050295,Pedestrian,33.901112,-84.160294,12/21/16 7:27,Property Damaged Only,1,Daylight
5186444,Pedestrian,33.929162,-84.269972,2/20/15 14:25,Property Damaged Only,1,Daylight
5782597,Pedestrian,32.072731,-81.095485,6/3/16 14:23,Property Damaged Only,1,Daylight
5642619,Pedestrian,33.532405,-84.366061,2/19/16 7:56,Property Damaged Only,1,Daylight
4633204,Pedestrian,33.758341,-84.345416,11/2/13 17:46,Property Damaged Only,1,Daylight
4892605,Pedestrian,32.017328,-81.076013,6/29/14 11:44,Property Damaged Only,1,Daylight
6127233,Pedestrian,33.749968,-84.388525,2/22/17 15:27,Property Damaged Only,1,Daylight
4789998,Pedestrian,33.166794,-84.913714,3/25/14 17:25,Property Damaged Only,1,Daylight
6271330,Pedestrian,33.751204,-84.229502,6/12/17 14:51,Property Damaged Only,1,Daylight
4378922,Pedestrian,33.800965,-84.254969,3/12/13 11:36,Property Damaged Only,1,Daylight
4577624,Pedestrian,33.981481,-84.426575,9/19/13 17:30,Property Damaged Only,1,Daylight
4482529,Pedestrian,32.428164,-84.940217,6/19/13 19:05,Property Damaged Only,1,Daylight
6275769,Pedestrian,235.7086,138.5782,6/8/17 14:03,Property Damaged Only,1,Daylight
6079031,Pedestrian,33.678989,-84.775288,1/12/17 18:30,Property Damaged Only,1,Daylight
5115938,Pedestrian,33.456394,-82.06651,1/2/15 13:39,Property Damaged Only,1,Daylight
5417445,Pedestrian,32.506247,-84.917203,9/8/15 16:28,Property Damaged Only,1,Daylight
6010016,Pedestrian,33.88121,-84.200565,11/19/16 11:52,Property Damaged Only,1,Daylight
6084642,Pedestrian,33.77255,-84.377703,1/13/17 14:12,Property Damaged Only,1,Daylight
4360971,Pedestrian,33.84906,-84.430067,2/20/13 11:40,Property Damaged Only,1,Daylight
5180934,Pedestrian,33.753353,-84.333116,2/10/15 12:45,Property Damaged Only,1,Daylight
6229905,Pedestrian,34.260482,-85.166874,5/10/17 9:36,Property Damaged Only,1,Daylight
4874422,Pedestrian,32.655273,-83.751337,6/10/14 9:57,Property Damaged Only,1,Daylight
6347398,Pedestrian,33.565651,-83.902271,8/8/17 16:30,Property Damaged Only,1,Daylight
4328191,Pedestrian,32.029971,-81.115127,1/16/13 17:34,Property Damaged Only,1,Daylight
4990123,Pedestrian,34.07579,-84.650865,6/15/14 12:18,Property Damaged Only,1,Daylight
5011746,Pedestrian,31.926663,-81.332329,6/27/14 16:35,Property Damaged Only,1,Daylight
5906226,Pedestrian,33.562969,-84.51807,9/4/16 13:20,Property Damaged Only,1,Daylight
4559169,Pedestrian,33.72068,-84.39338,8/27/13 13:52,Property Damaged Only,1,Daylight
5705390,Pedestrian,34.977172,-85.242842,4/6/16 14:45,Property Damaged Only,1,Daylight
6043581,Pedestrian,33.505607,-82.008105,12/17/16 10:05,Property Damaged Only,1,Daylight
5542560,Pedestrian,32.051328,-81.0855,12/8/15 12:26,Property Damaged Only,1,Daylight
4497749,Pedestrian,32.47262,-84.48741,7/9/13 8:10,Property Damaged Only,1,Daylight
4454255,Pedestrian,33.036733,-85.017154,5/21/13 17:02,Property Damaged Only,1,Daylight
4760051,Pedestrian,33.831068,-84.367949,3/10/14 17:51,Property Damaged Only,1,Daylight
6141397,Pedestrian,31.044602,-82.750381,3/7/17 7:51,Property Damaged Only,1,Daylight
4626102,Pedestrian,33.768036,-84.251985,10/30/13 16:51,Property Damaged Only,1,Daylight
6052964,Pedestrian,33.71827,-84.407862,12/6/16 14:40,Property Damaged Only,1,Daylight
6532577,Pedestrian,33.736145,-84.417733,12/23/17 14:45,Property Damaged Only,1,Daylight
6519397,Pedestrian,30.827888,-83.292917,12/11/17 15:00,Property Damaged Only,1,Daylight
5436144,Pedestrian,34.050064,-84.280911,7/16/15 12:02,Property Damaged Only,1,Daylight
4831574,Pedestrian,34.18822,-82.87723,4/27/14 19:05,Fatal,3,Daylight
6375350,Pedestrian,34.765196,-84.92904,8/29/17 17:17,Fatal,3,Daylight
6193501,Pedestrian,30.80819,-83.94034,4/9/17 12:52,Fatal,3,Daylight
4483198,Pedestrian,33.790899,-84.300694,6/20/13 8:20,Fatal,3,Daylight
5019898,Pedestrian,33.76349,-84.425121,10/10/14 12:51,Fatal,3,Daylight
5068822,Pedestrian,33.438027,-82.094141,11/29/14 15:53,Fatal,3,Daylight
6320078,Pedestrian,33.71125,-84.19082,7/22/17 7:25,Fatal,3,Daylight
6518092,Pedestrian,30.8029,-83.81579,12/12/17 8:19,Fatal,3,Daylight
4683054,Pedestrian,33.716544,-84.766282,11/20/13 14:50,Injury,2,Daylight
5579264,Pedestrian,33.760996,-84.391941,12/26/15 12:15,Injury,2,Daylight
4912547,Pedestrian,32.801598,-83.673893,7/2/14 19:46,Injury,2,Daylight
6371481,Pedestrian,33.519567,-84.258714,8/28/17 19:44,Injury,2,Daylight
5137024,Pedestrian,32.001895,-81.113685,1/22/15 17:55,Injury,2,Daylight
5023817,Pedestrian,33.462043,-81.969525,10/21/14 18:00,Injury,2,Daylight
4638751,Pedestrian,32.089546,-81.123036,11/12/13 16:25,Injury,2,Daylight
6373466,Pedestrian,32.05361,-81.11548,8/30/17 7:45,Injury,2,Daylight
5964702,Pedestrian,34.831461,-85.532531,8/19/16 12:40,Injury,2,Daylight
4432178,Pedestrian,33.934913,-84.175688,4/28/13 14:07,Injury,2,Daylight
4367241,Pedestrian,33.752148,-84.203887,2/26/13 13:45,Injury,2,Daylight
5157479,Pedestrian,33.53224,-82.14305,9/30/14 15:14,Injury,2,Daylight
4358736,Pedestrian,33.595661,-84.560545,1/26/13 17:09,Injury,2,Daylight
4932013,Pedestrian,30.835282,-83.957626,8/8/14 10:43,Injury,2,Daylight
4396621,Pedestrian,33.709478,-84.245999,3/26/13 15:04,Injury,2,Daylight
6334374,Pedestrian,32.46194,-84.93049,8/1/17 16:20,Injury,2,Daylight
6093269,Pedestrian,34.100246,-84.012329,1/17/17 10:30,Injury,2,Daylight
4700089,Pedestrian,32.004091,-80.846045,1/10/14 15:45,Injury,2,Daylight
6154970,Pedestrian,33.849304,-84.322735,3/17/17 18:53,Injury,2,Daylight
5072145,Pedestrian,33.753326,-84.467438,12/2/14 7:25,Injury,2,Daylight
5597146,Pedestrian,32.061397,-81.098625,1/13/16 13:19,Injury,2,Daylight
5031209,Pedestrian,34.260492,-84.409185,10/27/14 12:36,Injury,2,Daylight
5634259,Pedestrian,33.962786,-84.14206,2/10/16 8:36,Injury,2,Daylight
6264067,Pedestrian,33.67797,-84.02018,6/2/17 17:05,Injury,2,Daylight
6199128,Pedestrian,31.191878,-82.363252,4/18/17 19:27,Injury,2,Daylight
6373477,Pedestrian,33.945525,-84.517731,8/29/17 15:04,Injury,2,Daylight
5224420,Pedestrian,34.222745,-83.515056,3/17/15 18:00,Injury,2,Daylight
5123857,Pedestrian,33.854425,-84.381052,1/4/15 11:22,Injury,2,Daylight
5884826,Pedestrian,34.774067,-84.960237,7/28/16 11:23,Injury,2,Daylight
5810067,Pedestrian,32.211553,-82.394755,6/24/16 13:33,Injury,2,Daylight
6396040,Pedestrian,33.934985,-84.512056,9/15/17 16:35,Injury,2,Daylight
5941447,Pedestrian,33.783791,-83.697617,9/30/16 18:25,Injury,2,Daylight
6464404,Pedestrian,33.945249,-84.535436,11/3/17 13:21,Injury,2,Daylight
5404707,Pedestrian,33.72536,-84.12571,8/26/15 15:39,Injury,2,Daylight
6091117,Pedestrian,33.752894,-84.232545,1/23/17 16:00,Injury,2,Daylight
5448654,Pedestrian,33.744067,-84.970206,9/29/15 17:15,Injury,2,Daylight
4724068,Pedestrian,33.807783,-84.654336,1/26/14 13:24,Injury,2,Daylight
4635265,Pedestrian,31.14598,-81.48782,11/5/13 16:39,Injury,2,Daylight
6016172,Pedestrian,33.785987,-84.491342,11/19/16 16:13,Injury,2,Daylight
5534198,Pedestrian,33.881009,-84.464573,11/27/15 15:27,Injury,2,Daylight
5042501,Pedestrian,33.4654,-82.05113,11/6/14 11:54,Injury,2,Daylight
6427881,Pedestrian,31.771456,-84.448191,10/12/17 16:03,Injury,2,Daylight
5476554,Pedestrian,33.935034,-84.353614,10/19/15 15:00,Injury,2,Daylight
5818666,Pedestrian,32.005225,-80.84408,7/2/16 19:22,Injury,2,Daylight
4566052,Pedestrian,33.698009,-84.30428,9/10/13 14:31,Injury,2,Daylight
6269327,Pedestrian,33.682599,-84.255676,6/10/17 17:24,Injury,2,Daylight
5817780,Pedestrian,33.738024,-84.256931,7/1/16 17:55,Injury,2,Daylight
6361698,Pedestrian,34.943744,-85.20295,8/18/17 11:30,Injury,2,Daylight
5690811,Pedestrian,33.588883,-84.470227,3/24/16 18:00,Injury,2,Daylight
5881525,Pedestrian,32.025828,-81.098997,8/17/16 17:07,Injury,2,Daylight
4468672,Pedestrian,32.062595,-82.883155,5/29/13 9:30,Injury,2,Daylight
4522858,Pedestrian,33.939483,-83.32281,7/26/13 16:00,Injury,2,Daylight
6210976,Pedestrian,33.716572,-84.135074,4/28/17 18:00,Injury,2,Daylight
4394602,Pedestrian,33.723024,-84.167038,3/25/13 17:50,Injury,2,Daylight
5275773,Pedestrian,33.931771,-84.224348,5/3/15 13:01,Injury,2,Daylight
4841751,Pedestrian,34.02857,-84.335995,5/9/14 8:58,Injury,2,Daylight
4923671,Pedestrian,33.932869,-84.001367,7/31/14 11:42,Injury,2,Daylight
6118410,Pedestrian,33.764815,-84.349224,2/13/17 18:15,Injury,2,Daylight
5808522,Pedestrian,33.818008,-84.218217,6/23/16 10:00,Injury,2,Daylight
5845716,Pedestrian,33.902428,-84.45416,7/11/16 9:33,Injury,2,Daylight
4560733,Pedestrian,33.949823,-84.153472,8/30/13 8:43,Injury,2,Daylight
5832019,Pedestrian,33.798193,-85.197412,6/15/16 16:20,Injury,2,Daylight
4569401,Pedestrian & Bicyclist,33.89101,-84.22793,9/13/13 15:45,Property Damaged Only,1,Daylight
4965782,Pedestrian & Bicyclist,33.951934,-85.38809,9/1/14 11:28,Fatal,3,Daylight
5048343,Pedestrian & Bicyclist,34.405017,-85.03322,11/6/14 17:22,Fatal,3,Daylight
6125221,Pedestrian & Bicyclist,33.494232,-84.6672,2/14/17 16:52,Injury,2,Daylight
5996743,Pedestrian & Bicyclist,33.471223,-84.684391,11/7/16 16:12,Injury,2,Daylight
5445893,Bicyclist,34.869583,-85.293655,9/27/15 11:20,Property Damaged Only,1,Daylight
6267197,Bicyclist,34.047472,-84.69877,5/30/17 17:36,Property Damaged Only,1,Daylight
5988573,Bicyclist,33.983676,-84.427238,11/4/16 16:53,Property Damaged Only,1,Daylight
5090282,Bicyclist,30.834509,-83.983134,12/11/14 10:20,Property Damaged Only,1,Daylight
5739248,Bicyclist,33.951648,-84.520796,4/30/16 16:46,Property Damaged Only,1,Daylight
4431117,Bicyclist,33.795703,-84.227671,5/1/13 17:33,Property Damaged Only,1,Daylight
6136205,Bicyclist,32.793098,-83.65485,3/2/17 14:39,Property Damaged Only,1,Daylight
5336153,Bicyclist,33.953653,-84.130836,6/19/15 16:35,Property Damaged Only,1,Daylight
5783938,Bicyclist,31.998878,-81.103729,6/5/16 15:40,Property Damaged Only,1,Daylight
5835830,Bicyclist,33.55224,-84.370355,7/14/16 15:00,Property Damaged Only,1,Daylight