incidentIdNbr,crashType,latitude,longitude,dateOfIncidentDate,severity,Mag,lightCondition
6067352,Bicyclist,33.96,-84.553775,1/3/17 7:43,Property Damaged Only,1,Daylight
5668873,Bicyclist,33.957217,-83.38874,12/8/14 16:13,Property Damaged Only,1,Daylight
5050453,Bicyclist,33.47456,-81.98571,11/13/14 9:20,Property Damaged Only,1,Daylight
4630053,Bicyclist,32.37628,-82.99492,11/2/13 12:15,Property Damaged Only,1,Daylight
4927410,Bicyclist,34.003271,-84.293384,8/2/14 16:58,Property Damaged Only,1,Daylight
5585313,Bicyclist,32.493577,-84.987626,1/6/16 17:35,Property Damaged Only,1,Daylight
5868451,Bicyclist,33.941964,-84.12704,8/2/16 8:49,Property Damaged Only,1,Daylight
4539512,Bicyclist,33.767039,-84.312918,8/14/13 8:27,Property Damaged Only,1,Daylight
6492651,Bicyclist,31.599281,-84.175915,10/14/17 8:35,Property Damaged Only,1,Daylight
6196874,Bicyclist,32.517629,-84.967112,4/10/17 16:30,Property Damaged Only,1,Daylight
4865538,Bicyclist,33.927951,-84.145745,5/27/14 19:13,Property Damaged Only,1,Daylight
4334451,Bicyclist,33.786641,-84.383213,1/22/13 10:00,Property Damaged Only,1,Daylight
5770816,Bicyclist,33.912025,-84.192441,5/23/16 18:03,Property Damaged Only,1,Daylight
4431699,Bicyclist,33.579172,-84.383381,5/2/13 16:25,Property Damaged Only,1,Daylight
4681850,Bicyclist,32.593713,-83.624701,10/18/13 7:28,Property Damaged Only,1,Daylight
5404671,Bicyclist,33.810232,-84.2176,8/26/15 18:21,Property Damaged Only,1,Daylight
4475931,Bicyclist,31.996332,-81.115207,6/12/13 14:42,Property Damaged Only,1,Daylight
4566733,Bicyclist,32.09511,-81.14572,7/13/13 17:01,Property Damaged Only,1,Daylight
4615570,Bicyclist,30.801673,-84.01939,10/20/13 18:36,Fatal,3,Daylight
5526707,Bicyclist,34.018432,-84.326619,10/10/15 9:23,Fatal,3,Daylight
4659157,Bicyclist,33.857549,-83.943778,11/29/13 15:40,Fatal,3,Daylight
5835608,Bicyclist,34.637142,-83.956458,7/9/16 10:35,Fatal,3,Daylight
5313531,Bicyclist,32.507223,-84.940234,6/3/15 20:19,Injury,2,Daylight
5689770,Bicyclist,31.201938,-81.48376,3/25/16 15:33,Injury,2,Daylight
4511582,Bicyclist,33.66558,-84.01599,5/7/13 18:28,Injury,2,Daylight
4979725,Bicyclist,32.542076,-82.31484,9/13/14 11:05,Injury,2,Daylight
5838811,Bicyclist,33.854416,-84.63263,7/16/16 9:42,Injury,2,Daylight
5384892,Bicyclist,33.930751,-84.146443,8/5/15 10:03,Injury,2,Daylight
4513634,Bicyclist,30.827963,-83.27254,5/6/13 8:51,Injury,2,Daylight
5749831,Bicyclist,32.077734,-81.092729,5/10/16 12:44,Injury,2,Daylight
4444971,Bicyclist,32.00671,-81.101325,5/16/13 11:57,Injury,2,Daylight
5884963,Bicyclist,33.813796,-84.147317,8/14/16 14:18,Injury,2,Daylight
6431528,Bicyclist,33.723246,-84.273394,10/17/17 18:30,Injury,2,Daylight
5551282,Bicyclist,33.931385,-84.315967,12/10/15 9:45,Injury,2,Daylight
5276732,Bicyclist,30.84152,-83.284409,5/4/15 13:06,Injury,2,Daylight
4440042,Bicyclist,32.055675,-81.095837,5/10/13 18:20,Injury,2,Daylight
4775799,Bicyclist,33.584077,-84.286796,3/30/14 14:05,Injury,2,Daylight
5555529,Bicyclist,34.020256,-83.986449,12/11/15 15:01,Injury,2,Daylight
4542780,Bicyclist,33.414735,-84.573102,7/25/13 17:02,Injury,2,Daylight
4843311,Bicyclist,34.09754,-83.968385,5/11/14 17:53,Injury,2,Daylight
4699455,Bicyclist,31.57067,-84.176169,1/10/14 11:26,Injury,2,Daylight
4472617,Bicyclist,33.962446,-83.398405,5/24/13 16:56,Injury,2,Daylight
4561209,Bicyclist,32.067005,-81.098898,9/4/13 16:55,Injury,2,Daylight
4952204,Bicyclist,33.844715,-84.213308,8/26/14 15:30,Injury,2,Daylight
4968583,Bicyclist,33.999503,-85.041417,4/26/13 19:18,Injury,2,Daylight
5314537,Bicyclist,34.191964,-84.788856,6/4/15 17:55,Injury,2,Daylight
6396828,Bicyclist,34.06292,-83.27799,9/13/17 12:20,Injury,2,Daylight
5357640,Bicyclist,32.858512,-83.581172,7/15/15 14:21,Injury,2,Daylight
5468951,Bicyclist,30.830869,-83.982754,10/14/15 15:49,Injury,2,Daylight
5266990,Bicyclist,31.617276,-84.221386,4/26/15 13:25,Injury,2,Daylight
5028318,Bicyclist,33.853332,-84.381592,10/20/14 11:40,Injury,2,Daylight
4835436,Bicyclist,33.510916,-82.033915,5/4/14 10:40,Injury,2,Daylight
5757956,Bicyclist,33.345797,-82.14508,5/16/16 18:55,Injury,2,Daylight
6018925,Pedestrian,33.893327,-84.478537,11/22/16 11:55,Property Damaged Only,1,Daylight
5637118,Pedestrian,33.771177,-84.371773,2/1/16 8:35,Property Damaged Only,1,Daylight
5704666,Pedestrian,33.957472,-84.137753,4/6/16 13:09,Property Damaged Only,1,Daylight
6331211,Pedestrian,34.013865,-84.549143,7/30/17 19:00,Property Damaged Only,1,Daylight
4885281,Pedestrian,33.45179,-84.327269,5/23/14 16:38,Property Damaged Only,1,Daylight
4654641,Pedestrian,32.03125,-81.09203,11/25/13 13:46,Property Damaged Only,1,Daylight
4648893,Pedestrian,34.276168,-85.221333,11/20/13 7:41,Property Damaged Only,1,Daylight
5047368,Pedestrian,32.296128,-84.024934,11/10/14 7:45,Property Damaged Only,1,Daylight
6010887,Pedestrian,33.896315,-84.197231,11/18/16 17:06,Property Damaged Only,1,Daylight
5760298,Pedestrian,33.931573,-84.337392,5/10/16 18:28,Property Damaged Only,1,Daylight
6127395,Pedestrian,33.820892,-84.231211,2/20/17 7:00,Property Damaged Only,1,Daylight
6197463,Pedestrian,33.842507,-84.329289,4/17/17 14:02,Property Damaged Only,1,Daylight
5314058,Pedestrian,32.077598,-81.096157,6/4/15 10:33,Property Damaged Only,1,Daylight
6474937,Pedestrian,32.990923,-82.795457,11/15/17 9:21,Property Damaged Only,1,Daylight
5739631,Pedestrian,33.760952,-84.384971,4/29/16 14:10,Property Damaged Only,1,Daylight
6263855,Pedestrian,34.970392,-85.232603,5/5/17 12:47,Property Damaged Only,1,Daylight
4922254,Pedestrian,33.825849,-84.367144,7/19/14 9:16,Property Damaged Only,1,Daylight
6343649,Pedestrian,33.709815,-84.218416,8/7/17 8:48,Property Damaged Only,1,Daylight
5061819,Pedestrian,33.754555,-84.388488,11/13/14 9:30,Property Damaged Only,1,Daylight
4344612,Pedestrian,33.716938,-84.656295,1/26/13 16:00,Property Damaged Only,1,Daylight
6403176,Pedestrian,31.570745,-84.156095,9/22/17 9:27,Property Damaged Only,1,Daylight
6523899,Pedestrian,33.89841,-83.96037,12/17/17 15:39,Property Damaged Only,1,Daylight
5192147,Pedestrian,33.706882,-84.218598,2/21/15 14:50,Property Damaged Only,1,Daylight
4613203,Pedestrian,33.689515,-84.487702,10/12/13 18:00,Property Damaged Only,1,Daylight
5687400,Pedestrian,30.848629,-83.99255,3/24/16 8:24,Property Damaged Only,1,Daylight
5170508,Pedestrian,1,-1,2/8/15 16:59,Property Damaged Only,1,Daylight
6504372,Pedestrian,32.050625,-81.116593,12/7/17 7:20,Property Damaged Only,1,Daylight
5140418,Pedestrian,31.172266,-81.495754,1/26/15 15:00,Property Damaged Only,1,Daylight
5122749,Pedestrian,33.765342,-84.396136,12/28/14 10:40,Property Damaged Only,1,Daylight
6417785,Pedestrian,33.71941,-84.3103,8/5/17 13:00,Property Damaged Only,1,Daylight
5223782,Pedestrian,31.575229,-84.151382,3/20/15 14:49,Property Damaged Only,1,Daylight
5483323,Pedestrian,31.51862,-82.847623,10/20/15 22:10,Property Damaged Only,1,Daylight
5927211,Pedestrian,33.788319,-84.436647,9/13/16 10:58,Property Damaged Only,1,Daylight
4470427,Pedestrian,33.811468,-84.426754,6/5/13 13:00,Property Damaged Only,1,Daylight
6408538,Pedestrian,33.771176,-84.371773,9/22/17 14:01,Property Damaged Only,1,Daylight
4767816,Pedestrian,33.730407,-84.940502,3/20/14 15:59,Property Damaged Only,1,Daylight
4368779,Pedestrian,33.701854,-84.429071,2/23/13 9:45,Property Damaged Only,1,Daylight
5934547,Pedestrian,33.89501,-84.196944,9/24/16 12:34,Property Damaged Only,1,Daylight
4624676,Pedestrian,32.008219,-81.107317,10/29/13 17:09,Property Damaged Only,1,Daylight
4348462,Pedestrian,33.731835,-84.283406,2/7/13 9:30,Property Damaged Only,1,Daylight
4597982,Pedestrian,32.078179,-81.094693,10/5/13 16:02,Property Damaged Only,1,Daylight
4391930,Pedestrian,31.28106,-84.18794,2/12/13 14:46,Property Damaged Only,1,Daylight
5228115,Pedestrian,33.672738,-84.38766,3/17/15 17:23,Property Damaged Only,1,Daylight
4886802,Pedestrian,33.939512,-83.976802,5/1/14 7:32,Property Damaged Only,1,Daylight
4667859,Pedestrian,33.754209,-84.417574,11/26/13 14:10,Property Damaged Only,1,Daylight
4949706,Pedestrian,32.89044,-84.68106,8/24/14 9:55,Property Damaged Only,1,Daylight
6069674,Pedestrian,33.78649,-84.38216,1/5/17 15:18,Property Damaged Only,1,Daylight
5308935,Pedestrian,33.73406,-84.532682,5/31/15 12:24,Property Damaged Only,1,Daylight
5899578,Pedestrian,33.741582,-84.402945,8/25/16 9:35,Property Damaged Only,1,Daylight
4728273,Pedestrian,33.752711,-84.39351,2/7/14 15:20,Property Damaged Only,1,Daylight
6183002,Pedestrian,33.811687,-84.189273,4/6/17 16:39,Property Damaged Only,1,Daylight
5726382,Pedestrian,34.038345,-84.454828,4/21/16 13:31,Property Damaged Only,1,Daylight
5694084,Pedestrian,33.822365,-84.36743,3/29/16 18:07,Property Damaged Only,1,Daylight
4828563,Pedestrian,32.057548,-81.094099,4/26/14 12:13,Property Damaged Only,1,Daylight
5309593,Pedestrian,33.73584,-84.414115,5/29/15 16:27,Property Damaged Only,1,Daylight
4911212,Pedestrian,33.712075,-84.252506,7/15/14 11:25,Property Damaged Only,1,Daylight
5404282,Pedestrian,33.468699,-82.028268,8/26/15 11:11,Property Damaged Only,1,Daylight
5742895,Pedestrian,32.052702,-81.103032,5/5/16 13:23,Property Damaged Only,1,Daylight
6225505,Pedestrian,34.024042,-84.258262,3/27/17 22:48,Property Damaged Only,1,Daylight
5123834,Pedestrian,33.74855,-84.39153,12/23/14 10:15,Property Damaged Only,1,Daylight
6499687,Pedestrian,33.905528,-84.10027,11/24/17 17:10,Property Damaged Only,1,Daylight
4660199,Pedestrian,33.784504,-84.389102,11/26/13 13:22,Property Damaged Only,1,Daylight
5971138,Pedestrian,33.998502,-84.587245,10/18/16 8:29,Property Damaged Only,1,Daylight
6309219,Pedestrian,32.006858,-81.110131,7/14/17 10:31,Property Damaged Only,1,Daylight
5226738,Pedestrian,34.020368,-84.318519,3/20/15 13:26,Property Damaged Only,1,Daylight
5650851,Pedestrian,33.722514,-85.011471,1/26/16 7:31,Property Damaged Only,1,Daylight
4358087,Pedestrian,33.366921,-82.060555,1/25/13 7:23,Property Damaged Only,1,Daylight
4884832,Pedestrian,32.017035,-80.84569,6/21/14 16:20,Property Damaged Only,1,Daylight
5958459,Pedestrian,32.803362,-83.650033,10/10/16 9:06,Property Damaged Only,1,Daylight
5882782,Pedestrian,33.836889,-84.239039,8/17/16 16:29,Property Damaged Only,1,Daylight
5003046,Pedestrian,33.932254,-84.222431,10/1/14 7:00,Property Damaged Only,1,Daylight
4489759,Pedestrian,34.1105,-84.5516,6/28/13 16:00,Property Damaged Only,1,Daylight
6186468,Pedestrian,33.724849,-84.152736,4/10/17 8:58,Property Damaged Only,1,Daylight
5332178,Pedestrian,33.788168,-84.377586,6/18/15 15:45,Property Damaged Only,1,Daylight
4491819,Pedestrian,31.590247,-84.156066,7/2/13 8:44,Property Damaged Only,1,Daylight
5015698,Pedestrian,31.555164,-84.130992,10/13/14 14:28,Property Damaged Only,1,Daylight
6159006,Pedestrian,34.059852,-84.383451,3/20/17 7:51,Property Damaged Only,1,Daylight
4451747,Pedestrian,32.45545,-84.94584,5/22/13 8:13,Property Damaged Only,1,Daylight
4721864,Pedestrian,33.96725,-84.02014,1/31/14 14:34,Property Damaged Only,1,Daylight
4493702,Pedestrian,32.46966,-84.89315,7/3/13 20:13,Property Damaged Only,1,Daylight
6232703,Pedestrian,31.569202,-84.158888,5/14/17 13:40,Property Damaged Only,1,Daylight
5299374,Pedestrian,33.661722,-84.024326,5/20/15 7:02,Property Damaged Only,1,Daylight
5845092,Pedestrian,31.993882,-81.129085,7/21/16 13:23,Property Damaged Only,1,Daylight
6058399,Pedestrian,33.873072,-84.74435,12/25/16 17:41,Fatal,3,Daylight
4854651,Pedestrian,31.149074,-81.495133,3/26/14 11:55,Fatal,3,Daylight
4601723,Pedestrian,33.35292,-84.124849,10/7/13 11:43,Fatal,3,Daylight
5741254,Pedestrian,33.652766,-84.488243,5/2/16 11:40,Fatal,3,Daylight
5894887,Pedestrian,33.946274,-84.484959,8/28/16 12:47,Injury,2,Daylight
6147159,Pedestrian,34.900462,-85.212781,3/9/17 9:45,Injury,2,Daylight
6184169,Pedestrian,34.041682,-84.734742,4/1/17 19:30,Injury,2,Daylight
6019963,Pedestrian,32.116018,-81.248599,11/30/16 8:31,Injury,2,Daylight
6457131,Pedestrian,30.857,-83.279,10/13/17 11:35,Injury,2,Daylight
4559517,Pedestrian,33.689239,-84.457335,9/3/13 17:00,Injury,2,Daylight
5969722,Pedestrian,34.331899,-83.786802,10/23/16 11:35,Injury,2,Daylight
4835150,Pedestrian,32.492585,-84.972148,5/3/14 19:45,Injury,2,Daylight
5023213,Pedestrian,33.796158,-84.407851,10/17/14 14:10,Injury,2,Daylight
5390557,Pedestrian,34.19338,-84.876794,8/14/15 15:30,Injury,2,Daylight
6167890,Pedestrian,33.947231,-83.509337,3/27/17 13:15,Injury,2,Daylight
5878450,Pedestrian,33.88723,-84.75288,8/14/16 12:35,Injury,2,Daylight
4494168,Pedestrian,33.608752,-85.084966,7/3/13 22:23,Injury,2,Daylight
4507906,Pedestrian,34.20253,-83.846344,7/15/13 12:15,Injury,2,Daylight
5678098,Pedestrian,33.839204,-84.473962,3/11/16 12:59,Injury,2,Daylight
5205490,Pedestrian,31.150614,-81.4896,3/4/15 9:07,Injury,2,Daylight
5690952,Pedestrian,33.745425,-84.418272,3/27/16 16:17,Injury,2,Daylight
6082242,Pedestrian,32.058225,-81.10437,1/16/17 15:47,Injury,2,Daylight
5943983,Pedestrian,33.798876,-84.220801,10/4/16 7:50,Injury,2,Daylight
4752382,Pedestrian,33.84174,-84.636397,3/3/14 8:22,Injury,2,Daylight
4552789,Pedestrian,33.787197,-84.367258,8/22/13 20:00,Injury,2,Daylight
4394900,Pedestrian,32.927845,-84.90767,3/16/13 20:35,Injury,2,Daylight
5973185,Pedestrian,33.979349,-84.141013,10/24/16 15:44,Injury,2,Daylight
6249419,Pedestrian,31.203551,-82.333624,5/25/17 14:14,Injury,2,Daylight
6317575,Pedestrian,33.771587,-84.291092,5/30/17 11:15,Injury,2,Daylight
5178438,Pedestrian,34.519441,-85.314919,2/16/15 12:59,Injury,2,Daylight
5414267,Pedestrian,34.260595,-85.174806,9/3/15 20:49,Injury,2,Daylight
4597973,Pedestrian,34.19679,-84.7909,9/27/13 17:34,Injury,2,Daylight
5844915,Pedestrian,32.080333,-81.097286,7/21/16 9:20,Injury,2,Daylight
6531826,Pedestrian,32.077158,-81.150124,10/30/17 10:04,Injury,2,Daylight
4536209,Pedestrian,32.04,-81.111333,8/10/13 15:37,Injury,2,Daylight
5495616,Pedestrian,33.457666,-84.408225,10/13/15 13:18,Injury,2,Daylight
5278641,Pedestrian,32.09282,-81.12506,5/6/15 18:41,Injury,2,Daylight
5190066,Pedestrian,34.021562,-84.273708,11/20/14 12:43,Injury,2,Daylight
5772023,Pedestrian,32.785716,-83.702383,5/25/16 18:07,Injury,2,Daylight
5699716,Pedestrian,33.677866,-84.477194,4/3/16 13:25,Injury,2,Daylight
6377010,Pedestrian,33.737935,-84.251434,9/1/17 19:54,Injury,2,Daylight
5752402,Pedestrian,33.786671,-84.383174,5/11/16 6:21,Injury,2,Daylight
5447508,Pedestrian,33.660357,-83.727361,9/28/15 15:08,Injury,2,Daylight
4622073,Pedestrian,33.368183,-84.779457,9/14/13 19:30,Injury,2,Daylight
6453346,Pedestrian,33.891736,-84.292628,11/1/17 6:35,Injury,2,Daylight
6370812,Pedestrian,31.16506,-83.804989,7/27/17 11:16,Injury,2,Daylight
5960730,Pedestrian,33.963154,-84.494149,10/15/16 14:20,Injury,2,Daylight
5861435,Pedestrian,31.569294,-84.155931,7/31/16 17:02,Injury,2,Daylight
4588502,Pedestrian,30.868769,-83.969044,9/29/13 11:50,Injury,2,Daylight
4411435,Pedestrian,32.028736,-83.714645,4/10/13 19:13,Injury,2,Daylight
5822518,Pedestrian,32.004372,-81.113966,7/6/16 15:45,Injury,2,Daylight
6318318,Pedestrian,34.490343,-84.947643,7/21/17 14:35,Injury,2,Daylight
5833071,Pedestrian,34.410187,-83.946875,7/9/16 12:12,Injury,2,Daylight
4846706,Pedestrian,32.173526,-81.91286,5/13/14 18:38,Injury,2,Daylight
5976370,Pedestrian,33.620135,-84.364691,10/18/16 10:26,Injury,2,Daylight
5371951,Pedestrian,34.032105,-84.581275,7/27/15 13:37,Injury,2,Daylight
6226809,Pedestrian,33.710312,-84.27174,5/9/17 18:32,Injury,2,Daylight
4651983,Pedestrian,32.093328,-81.261515,5/31/13 16:25,Injury,2,Daylight
6353225,Pedestrian,34.281761,-83.791239,8/12/17 16:20,Injury,2,Daylight
4602976,Pedestrian,32.020364,-80.855862,9/30/13 17:20,Injury,2,Daylight
5473328,Pedestrian,33.924786,-83.339857,10/16/15 13:20,Injury,2,Daylight
4514642,Pedestrian,34.02815,-84.33531,6/24/13 21:04,Injury,2,Daylight
6322408,Pedestrian,31.577013,-84.171824,7/21/17 16:23,Injury,2,Daylight
6107382,Pedestrian,33.785759,-84.243392,2/6/17 11:25,Injury,2,Daylight
6076838,Pedestrian,33.802215,-84.193628,1/13/17 6:50,Injury,2,Daylight
5931586,Pedestrian,34.049843,-84.337787,9/22/16 8:21,Injury,2,Daylight
4743181,Pedestrian,33.463956,-82.034419,2/24/14 13:21,Injury,2,Daylight
5088658,Pedestrian,32.599837,-83.623309,12/10/14 10:10,Injury,2,Daylight
4939742,Pedestrian,33.958254,-83.372759,8/15/14 16:05,Injury,2,Daylight
5307741,Pedestrian,33.711372,-84.157355,5/29/15 16:47,Injury,2,Daylight
4847298,Pedestrian,33.869394,-84.014773,5/14/14 14:09,Injury,2,Daylight
5429980,Pedestrian,33.570332,-84.2659,9/18/15 16:50,Injury,2,Daylight
6323065,Pedestrian,33.860727,-84.219208,7/25/17 6:48,Injury,2,Daylight
6242431,Pedestrian & Bicyclist,34.320653,-85.172163,4/29/17 13:20,Property Damaged Only,1,Daylight
5317228,Pedestrian & Bicyclist,33.700638,-83.761071,6/7/15 15:10,Injury,2,Daylight
5874600,Pedestrian & Bicyclist,34.376882,-84.916492,6/24/16 14:03,Injury,2,Daylight
5324458,Bicyclist,33.862235,-84.365351,6/9/15 19:00,Property Damaged Only,1,Daylight
4580121,Bicyclist,34.218236,-84.502721,8/23/13 17:42,Property Damaged Only,1,Daylight
4871214,Bicyclist,33.966523,-83.371422,6/6/14 18:13,Property Damaged Only,1,Daylight
6326715,Bicyclist,33.624674,-84.474251,7/5/17 12:39,Property Damaged Only,1,Daylight
4445926,Bicyclist,32.841223,-83.646544,4/26/13 8:45,Property Damaged Only,1,Daylight
5768786,Bicyclist,33.535826,-84.318332,5/24/16 7:00,Property Damaged Only,1,Daylight
4334327,Bicyclist,33.708451,-84.507225,1/12/13 10:40,Property Damaged Only,1,Daylight
6010711,Bicyclist,34.200726,-84.134239,11/17/16 16:21,Property Damaged Only,1,Daylight
5151582,Bicyclist,30.84174,-83.985459,1/29/15 15:42,Property Damaged Only,1,Daylight
5240706,Bicyclist,34.245034,-85.167037,4/3/15 14:31,Property Damaged Only,1,Daylight
6228729,Bicyclist,33.77691,-84.393634,11/22/16 9:35,Property Damaged Only,1,Daylight
4483153,Bicyclist,33.823582,-84.367247,6/18/13 15:48,Property Damaged Only,1,Daylight
5972366,Bicyclist,33.975062,-84.553102,10/25/16 12:08,Property Damaged Only,1,Daylight
4766069,Bicyclist,31.826607,-81.620937,2/17/14 18:10,Property Damaged Only,1,Daylight
5754184,Bicyclist,33.81864,-84.38865,5/12/16 18:20,Property Damaged Only,1,Daylight
6114600,Bicyclist,32.058179,-81.097226,2/8/17 9:37,Property Damaged Only,1,Daylight
4962364,Bicyclist,31.780937,-81.619758,3/19/14 17:40,Property Damaged Only,1,Daylight
4702251,Bicyclist,34.00828,-84.527163,1/8/14 16:50,Property Damaged Only,1,Daylight
5940774,Bicyclist,33.867717,-84.48336,9/28/16 12:48,Property Damaged Only,1,Daylight
5922938,Bicyclist,33.247598,-84.28689,9/17/16 17:12,Property Damaged Only,1,Daylight
5507997,Bicyclist,32.074209,-81.088991,11/12/15 11:01,Property Damaged Only,1,Daylight
5816704,Bicyclist,33.956573,-84.357164,6/30/16 18:14,Property Damaged Only,1,Daylight
5171478,Bicyclist,33.80069,-84.172497,1/1/15 17:52,Property Damaged Only,1,Daylight
5328370,Bicyclist,34.102788,-84.575858,6/17/15 18:45,Property Damaged Only,1,Daylight
4680805,Bicyclist,33.951969,-83.987954,12/18/13 9:10,Property Damaged Only,1,Daylight
4942750,Bicyclist,34.790391,-84.962206,7/24/14 16:45,Property Damaged Only,1,Daylight
6102745,Bicyclist,32.077601,-84.235495,10/14/16 8:02,Property Damaged Only,1,Daylight
5426836,Bicyclist,31.999428,-81.103474,9/16/15 16:32,Property Damaged Only,1,Daylight
6491931,Bicyclist,33.93811,-84.337963,11/15/17 9:00,Property Damaged Only,1,Daylight
6212097,Bicyclist,32.600221,-83.613173,4/29/17 21:34,Property Damaged Only,1,Daylight
5614770,Bicyclist,33.759692,-84.38606,1/22/16 10:58,Property Damaged Only,1,Daylight
5993102,Bicyclist,32.073461,-81.091533,11/9/16 15:20,Property Damaged Only,1,Daylight
4466692,Bicyclist,33.802883,-84.249287,6/3/13 16:28,Property Damaged Only,1,Daylight
5364198,Bicyclist,34.798476,-85.003661,6/4/15 20:01,Property Damaged Only,1,Daylight
5837330,Bicyclist,32.063265,-81.09791,7/15/16 15:06,Property Damaged Only,1,Daylight
4704100,Bicyclist,33.44431,-84.131718,12/6/13 16:30,Property Damaged Only,1,Daylight
5231560,Bicyclist,33.853119,-84.360225,3/24/15 9:30,Property Damaged Only,1,Daylight
5276960,Bicyclist,33.47199,-81.97863,5/4/15 13:35,Property Damaged Only,1,Daylight
4541033,Bicyclist,33.37442,-83.56987,8/12/13 8:40,Fatal,3,Daylight
4866848,Bicyclist,33.963834,-84.062678,6/2/14 7:55,Injury,2,Daylight
6531416,Bicyclist,34.021395,-84.488775,12/28/17 10:16,Injury,2,Daylight
5936255,Bicyclist,32.077092,-81.103499,9/22/16 15:05,Injury,2,Daylight
6165966,Bicyclist,31.599184,-84.16551,3/25/17 10:15,Injury,2,Daylight
4634013,Bicyclist,32.411286,-81.781395,10/4/13 13:57,Injury,2,Daylight
5346991,Bicyclist,33.754386,-84.376599,6/26/15 7:15,Injury,2,Daylight
6379455,Bicyclist,32.105654,-81.252476,9/1/17 14:59,Injury,2,Daylight
6327524,Bicyclist,30.825064,-83.27941,7/20/17 16:44,Injury,2,Daylight
4566846,Bicyclist,31.20483,-81.508981,6/14/13 8:13,Injury,2,Daylight
5650237,Bicyclist,30.854298,-83.266087,2/25/16 17:53,Injury,2,Daylight
4899562,Bicyclist,33.781564,-84.391469,7/2/14 9:01,Injury,2,Daylight
6416934,Bicyclist,34.022661,-83.930939,9/30/17 9:25,Injury,2,Daylight
4461375,Bicyclist,33.65528,-84.00362,4/18/13 8:45,Injury,2,Daylight
5941580,Bicyclist,34.023446,-84.613498,9/29/16 18:00,Injury,2,Daylight
6198095,Bicyclist,34.27218,-85.239041,4/18/17 8:14,Injury,2,Daylight
4482021,Bicyclist,32.02449,-81.109462,6/19/13 11:11,Injury,2,Daylight
5373556,Bicyclist,33.935608,-84.090804,7/28/15 17:35,Injury,2,Daylight
5663826,Bicyclist,33.800002,-84.152384,3/5/16 10:35,Injury,2,Daylight
6330344,Bicyclist,33.996075,-84.507661,7/29/17 8:00,Injury,2,Daylight
5981177,Bicyclist,34.059346,-84.242183,10/31/16 15:51,Injury,2,Daylight
6422310,Bicyclist,33.885564,-84.047541,10/6/17 14:23,Injury,2,Daylight
6254573,Bicyclist,32.798112,-83.702337,5/30/17 17:42,Injury,2,Daylight
5913090,Bicyclist,34.271856,-85.208783,9/11/16 13:19,Injury,2,Daylight
4823736,Bicyclist,33.49413,-82.243034,4/9/14 9:44,Injury,2,Daylight
5275742,Bicyclist,34.171648,-84.315363,4/29/15 19:36,Injury,2,Daylight
4535307,Bicyclist,34.24508,-85.166909,8/9/13 8:25,Injury,2,Daylight
6402897,Bicyclist,33.742803,-84.37939,9/19/17 12:38,Injury,2,Daylight
5738254,Bicyclist,32.550462,-83.89463,4/26/16 12:00,Injury,2,Daylight
4431486,Bicyclist,33.835149,-84.115024,4/30/13 16:44,Injury,2,Daylight
5792625,Bicyclist,33.766146,-84.306584,5/26/16 7:25,Injury,2,Daylight
6414652,Bicyclist,33.753883,-84.389003,10/3/17 9:38,Injury,2,Daylight
5310973,Bicyclist,33.747406,-84.650764,5/17/15 14:20,Injury,2,Daylight
6007852,Bicyclist,33.97514,-84.548118,11/18/16 13:00,Injury,2,Daylight
6336744,Bicyclist,32.427209,-81.777037,4/25/17 17:05,Injury,2,Daylight
5396752,Bicyclist,33.595803,-84.479106,8/19/15 14:00,Injury,2,Daylight
5288746,Bicyclist,33.959823,-84.13326,5/8/15 18:31,Injury,2,Daylight
5224114,Bicyclist,34.040835,-84.21858,2/13/15 17:34,Injury,2,Daylight
5953696,Bicyclist,33.944443,-83.380166,10/11/16 9:21,Injury,2,Daylight
5708422,Bicyclist,32.52938,-84.9882,4/10/16 9:00,Injury,2,Daylight
5424082,Pedestrian,33.738244,-84.414093,9/9/15 17:44,Property Damaged Only,1,Daylight
4742966,Pedestrian,33.882901,-84.057467,2/24/14 10:43,Property Damaged Only,1,Daylight
5817186,Pedestrian,33.894505,-83.911351,6/30/16 19:52,Property Damaged Only,1,Daylight
5989808,Pedestrian,33.7939,-84.27644,11/7/16 0:00,Property Damaged Only,1,Daylight
5325050,Pedestrian,32.474319,-84.987707,6/8/15 12:02,Property Damaged Only,1,Daylight
5745508,Pedestrian,32.078261,-81.092305,5/6/16 13:30,Property Damaged Only,1,Daylight
6489748,Pedestrian,34.209153,-84.526002,11/28/17 16:28,Property Damaged Only,1,Daylight
4648891,Pedestrian,33.99992,-83.908953,11/19/13 10:26,Property Damaged Only,1,Daylight
4552224,Pedestrian,34.774186,-84.971721,7/26/13 10:34,Property Damaged Only,1,Daylight
6008260,Pedestrian,33.742087,-84.349644,11/21/16 9:43,Property Damaged Only,1,Daylight