incidentIdNbr,crashType,latitude,longitude,dateOfIncidentDate,severity,Mag,lightCondition
4525155,Pedestrian,31.982468,-81.056068,7/30/13 15:02,Property Damaged Only,1,Daylight
5095276,Pedestrian,33.828616,-84.387497,12/10/14 9:32,Property Damaged Only,1,Daylight
5973852,Pedestrian,33.71854,-84.407863,10/25/16 12:11,Property Damaged Only,1,Daylight
5295403,Pedestrian,33.827568,-84.387467,5/16/15 18:16,Property Damaged Only,1,Daylight
5305288,Pedestrian,33.943871,-84.124161,5/26/15 11:16,Property Damaged Only,1,Daylight
4582227,Pedestrian,33.779527,-84.384146,9/25/13 20:50,Property Damaged Only,1,Daylight
6422390,Pedestrian,33.720052,-84.507922,10/5/17 10:57,Property Damaged Only,1,Daylight
6345609,Pedestrian,31.98132,-81.148566,8/8/17 10:36,Property Damaged Only,1,Daylight
5331656,Pedestrian,33.738218,-84.413407,6/4/15 18:55,Property Damaged Only,1,Daylight
4436433,Pedestrian,33.7531,-84.47071,5/2/13 7:30,Property Damaged Only,1,Daylight
4319821,Pedestrian,32,-84,1/9/13 14:50,Property Damaged Only,1,Daylight
4682252,Pedestrian,33.24713,-84.26398,12/10/13 10:54,Property Damaged Only,1,Daylight
5457153,Pedestrian,33.580521,-84.411739,10/5/15 12:07,Property Damaged Only,1,Daylight
5634622,Pedestrian,33.702207,-84.269168,2/11/16 16:30,Property Damaged Only,1,Daylight
4364542,Pedestrian,32.50724,-84.96964,2/23/13 16:45,Property Damaged Only,1,Daylight
4617755,Pedestrian,32.094606,-81.135837,10/24/13 10:18,Property Damaged Only,1,Daylight
5533917,Pedestrian,34.72744,-84.509905,10/3/15 15:00,Property Damaged Only,1,Daylight
4911658,Pedestrian,34.356773,-84.045454,7/5/14 14:13,Property Damaged Only,1,Daylight
4835218,Pedestrian,33.747131,-84.222332,5/3/14 16:41,Property Damaged Only,1,Daylight
5278844,Pedestrian,33.745604,-84.165516,5/6/15 18:53,Property Damaged Only,1,Daylight
5725294,Pedestrian,31.17709,-83.763769,3/6/16 17:41,Property Damaged Only,1,Daylight
6310128,Pedestrian,34.203773,-85.01573,7/12/17 15:40,Property Damaged Only,1,Daylight
6101021,Pedestrian,33.823137,-84.112549,1/24/17 16:50,Property Damaged Only,1,Daylight
5411030,Pedestrian,33.693157,-84.260123,8/26/15 16:51,Property Damaged Only,1,Daylight
5729189,Pedestrian,33.448155,-82.000194,4/25/16 8:00,Property Damaged Only,1,Daylight
5816666,Pedestrian,32.8493,-83.624678,6/30/16 19:37,Property Damaged Only,1,Daylight
5549270,Pedestrian,33.770006,-84.29574,10/20/15 18:09,Property Damaged Only,1,Daylight
4831483,Pedestrian,33.960072,-84.302525,4/29/14 12:31,Property Damaged Only,1,Daylight
6113712,Pedestrian,33.942824,-84.243078,2/5/17 17:40,Property Damaged Only,1,Daylight
6199052,Pedestrian,33.982441,-84.42913,4/17/17 15:35,Property Damaged Only,1,Daylight
4540586,Pedestrian,33.814584,-84.247585,8/15/13 19:57,Property Damaged Only,1,Daylight
5136510,Pedestrian,33.082711,-83.227504,1/22/15 12:28,Property Damaged Only,1,Daylight
5652101,Pedestrian,33.727016,-84.243085,2/27/16 12:30,Property Damaged Only,1,Daylight
5517784,Pedestrian,33.993444,-84.347403,11/20/15 10:31,Property Damaged Only,1,Daylight
6172730,Pedestrian,31.445223,-83.497669,2/23/17 16:15,Property Damaged Only,1,Daylight
6343283,Pedestrian,33.673852,-84.024814,8/2/17 14:45,Property Damaged Only,1,Daylight
6482112,Pedestrian,33.798211,-84.221907,11/21/17 0:00,Property Damaged Only,1,Daylight
5695986,Pedestrian,33.865129,-84.391781,3/29/16 1:08,Property Damaged Only,1,Daylight
6268130,Pedestrian,33.72308,-84.283387,6/9/17 13:15,Property Damaged Only,1,Daylight
5787417,Pedestrian,33.923455,-84.314636,6/7/16 11:26,Property Damaged Only,1,Daylight
4755971,Pedestrian,33.6729,-84.393417,3/2/14 18:00,Property Damaged Only,1,Daylight
4517744,Pedestrian,33.63245,-84.04224,7/22/13 14:23,Property Damaged Only,1,Daylight
4540927,Pedestrian,32.0062,-81.09954,8/16/13 9:29,Property Damaged Only,1,Daylight
5622053,Pedestrian,33.806481,-84.178126,1/26/16 14:28,Property Damaged Only,1,Daylight
5926018,Pedestrian,33.784549,-84.407967,9/10/16 12:40,Property Damaged Only,1,Daylight
4507841,Pedestrian,33.761356,-84.507326,7/18/13 15:55,Property Damaged Only,1,Daylight
4990376,Pedestrian,34.013067,-85.272682,6/16/14 6:45,Property Damaged Only,1,Daylight
5277937,Pedestrian,34.265124,-85.159797,5/4/15 13:04,Property Damaged Only,1,Daylight
6352354,Pedestrian,33.956172,-83.348806,8/10/17 9:00,Property Damaged Only,1,Daylight
6135133,Pedestrian,33.828493,-84.068434,3/1/17 6:41,Property Damaged Only,1,Daylight
4589155,Pedestrian,33.764316,-84.53203,10/2/13 11:30,Property Damaged Only,1,Daylight
4883583,Pedestrian,33.68814,-84.310887,6/19/14 8:10,Property Damaged Only,1,Daylight
4784559,Pedestrian,34.049827,-84.016744,3/25/14 12:01,Property Damaged Only,1,Daylight
6085673,Pedestrian,33.994085,-83.717867,11/23/16 15:50,Property Damaged Only,1,Daylight
6198403,Pedestrian,33.587341,-84.377918,4/18/17 8:05,Property Damaged Only,1,Daylight
4663826,Pedestrian,33.59682,-83.86123,12/4/13 12:33,Property Damaged Only,1,Daylight
4680974,Pedestrian,33.973427,-84.03195,12/18/13 22:50,Property Damaged Only,1,Daylight
4686223,Pedestrian,33.42353,-82.06363,12/24/13 10:46,Property Damaged Only,1,Daylight
6208933,Pedestrian,33.822221,-84.36742,4/26/17 19:47,Property Damaged Only,1,Daylight
4568628,Pedestrian,33.879898,-84.45186,9/10/13 8:14,Property Damaged Only,1,Daylight
5779021,Pedestrian,33.959395,-83.379611,5/31/16 9:59,Property Damaged Only,1,Daylight
5827206,Pedestrian,32.013861,-80.845911,7/11/16 14:16,Property Damaged Only,1,Daylight
6202547,Pedestrian,32.077782,-81.096084,4/21/17 15:00,Property Damaged Only,1,Daylight
5059212,Pedestrian,31.6527,-81.866691,10/23/14 13:08,Property Damaged Only,1,Daylight
6313763,Pedestrian,32.499611,-84.98663,7/18/17 13:04,Property Damaged Only,1,Daylight
4371031,Pedestrian,32.474405,-84.968073,3/2/13 9:10,Property Damaged Only,1,Daylight
4935698,Pedestrian,31.99522,-81.10523,8/11/14 19:46,Property Damaged Only,1,Daylight
6012429,Pedestrian,32.841141,-83.646925,11/23/16 14:46,Property Damaged Only,1,Daylight
5733213,Pedestrian,33.4126,-84.199176,4/26/16 10:12,Fatal,3,Daylight
4863138,Pedestrian,34.002652,-84.57253,5/25/14 19:18,Fatal,3,Daylight
6254460,Pedestrian,33.566537,-84.434837,5/27/17 17:41,Injury,2,Daylight
4324687,Pedestrian,33.69816,-84.447999,1/14/13 9:28,Injury,2,Daylight
4465252,Pedestrian,33.94812,-84.078326,5/29/13 18:27,Injury,2,Daylight
5303917,Pedestrian,33.904194,-83.481309,5/22/15 12:59,Injury,2,Daylight
6076047,Pedestrian,32.422011,-84.956396,1/12/17 13:10,Injury,2,Daylight
5245611,Pedestrian,34.134756,-83.22527,4/1/15 12:00,Injury,2,Daylight
6049315,Pedestrian,33.750881,-84.390004,12/21/16 11:50,Injury,2,Daylight
5973084,Pedestrian,33.76307,-84.357833,10/22/16 18:08,Injury,2,Daylight
4846847,Pedestrian,33.718207,-84.425196,5/12/14 7:58,Injury,2,Daylight
5372484,Pedestrian,33.772745,-84.390008,7/17/15 11:43,Injury,2,Daylight
6014518,Pedestrian,34.060122,-84.165874,10/21/16 17:23,Injury,2,Daylight
5736128,Pedestrian,32.005232,-81.110657,4/29/16 14:52,Injury,2,Daylight
5099460,Pedestrian,34.025903,-84.332381,12/16/14 15:15,Injury,2,Daylight
6255366,Pedestrian,31.491584,-82.82604,5/21/17 19:55,Injury,2,Daylight
6363364,Pedestrian,33.943528,-84.24063,8/21/17 12:54,Injury,2,Daylight
6297040,Pedestrian,31.517053,-82.85042,6/29/17 13:50,Injury,2,Daylight
5005662,Pedestrian,33.559586,-84.019934,10/3/14 16:49,Injury,2,Daylight
6127390,Pedestrian,33.806536,-84.241362,1/26/17 17:30,Injury,2,Daylight
5160908,Pedestrian,33.56424,-82.17607,10/23/14 16:27,Injury,2,Daylight
4334533,Pedestrian,33.7678,-84.34903,1/16/13 12:54,Injury,2,Daylight
4462699,Pedestrian,30.963802,-83.827,5/24/13 13:53,Injury,2,Daylight
6412441,Pedestrian,32.612202,-83.714772,10/1/17 18:32,Injury,2,Daylight
5258640,Pedestrian,33.64578,-84.35674,4/20/15 16:50,Injury,2,Daylight
4826404,Pedestrian,33.842356,-84.213283,4/24/14 10:00,Injury,2,Daylight
6415810,Pedestrian,33.446957,-82.024538,10/2/17 16:37,Injury,2,Daylight
4726748,Pedestrian,33.939135,-84.34626,2/8/14 11:44,Injury,2,Daylight
6385367,Pedestrian,32.982915,-82.810904,9/6/17 12:35,Injury,2,Daylight
5312298,Pedestrian,33.563485,-82.355407,5/15/15 14:29,Injury,2,Daylight
6014253,Pedestrian,31.986284,-81.139608,11/26/16 13:16,Injury,2,Daylight
5801647,Pedestrian,33.793534,-84.227367,6/20/16 9:05,Injury,2,Daylight
4937930,Pedestrian,34.195953,-83.85789,8/12/14 14:00,Injury,2,Daylight
4887232,Pedestrian,31.211121,-82.349182,5/17/14 13:34,Injury,2,Daylight
4554670,Pedestrian,34.18358,-84.79471,8/27/13 13:28,Injury,2,Daylight
5861179,Pedestrian,32.001827,-81.09061,8/3/16 7:08,Injury,2,Daylight
6277275,Pedestrian,34.349952,-84.052536,6/16/17 14:46,Injury,2,Daylight
6407804,Pedestrian,32.396318,-83.360531,9/26/17 18:48,Injury,2,Daylight
6148324,Pedestrian,33.74158,-84.402944,3/3/17 15:43,Injury,2,Daylight
5865436,Pedestrian,33.770107,-84.747969,6/16/16 13:40,Injury,2,Daylight
6461502,Pedestrian,32.859129,-83.698893,11/5/17 15:40,Injury,2,Daylight
6083586,Pedestrian,34.486162,-84.94457,1/17/17 15:46,Injury,2,Daylight
4547200,Pedestrian,34.69586,-84.48095,8/20/13 16:58,Injury,2,Daylight
5350972,Pedestrian,34.505816,-84.951546,7/9/15 16:39,Injury,2,Daylight
4633426,Pedestrian,33.96978,-83.368095,11/6/13 11:33,Injury,2,Daylight
4915029,Pedestrian,33.825489,-84.360774,7/21/14 9:22,Injury,2,Daylight
6150134,Pedestrian,33.89234,-84.83226,3/13/17 15:48,Injury,2,Daylight
4960761,Pedestrian,34.300823,-83.828742,9/3/14 9:02,Injury,2,Daylight
6190222,Pedestrian,33.834087,-84.333363,4/4/17 13:51,Injury,2,Daylight
5402136,Pedestrian,33.777015,-84.239501,8/24/15 18:47,Injury,2,Daylight
5543979,Pedestrian & Bicyclist,33.952266,-84.548107,12/9/15 13:30,Property Damaged Only,1,Daylight
5542418,Pedestrian & Bicyclist,31.548992,-84.246131,12/3/15 14:06,Property Damaged Only,1,Daylight
4891636,Bicyclist,34.27395,-84.74792,6/20/14 9:25,Property Damaged Only,1,Daylight
6388092,Bicyclist,34.941213,-85.337056,9/10/17 11:59,Property Damaged Only,1,Daylight
5605795,Bicyclist,31.493983,-82.825973,1/13/16 17:47,Property Damaged Only,1,Daylight
4760486,Bicyclist,31.990954,-81.156103,3/13/14 18:08,Property Damaged Only,1,Daylight
5488849,Bicyclist,30.826468,-83.98073,10/29/15 18:02,Property Damaged Only,1,Daylight
5270595,Bicyclist,33.991761,-84.278735,4/28/15 12:41,Property Damaged Only,1,Daylight
4542009,Bicyclist,31.58462,-84.15893,8/17/13 14:20,Property Damaged Only,1,Daylight
5028551,Bicyclist,33.47561,-81.997313,10/24/14 11:03,Property Damaged Only,1,Daylight
4776880,Bicyclist,31.575379,-84.148952,3/31/14 18:56,Property Damaged Only,1,Daylight
5794454,Bicyclist,33.89451,-84.538537,5/31/16 9:42,Property Damaged Only,1,Daylight
5185255,Bicyclist,33.597791,-84.319293,2/19/15 13:55,Property Damaged Only,1,Daylight
6370533,Bicyclist,32.046998,-81.108643,8/27/17 18:42,Property Damaged Only,1,Daylight
4867791,Bicyclist,33.947284,-84.550263,5/21/14 16:25,Property Damaged Only,1,Daylight
5129468,Bicyclist,30.845938,-83.28028,1/13/15 11:38,Property Damaged Only,1,Daylight
4954776,Bicyclist,32.851795,-83.607626,7/15/13 16:03,Property Damaged Only,1,Daylight
6155456,Bicyclist,32.069856,-81.097807,3/18/17 16:32,Property Damaged Only,1,Daylight
6324057,Bicyclist,33.767429,-84.304705,6/4/17 10:24,Property Damaged Only,1,Daylight
6427814,Bicyclist,33.865703,-83.48121,10/10/17 9:42,Property Damaged Only,1,Daylight
4591158,Bicyclist,33.910249,-84.289577,2/15/13 8:36,Property Damaged Only,1,Daylight
6433444,Bicyclist,33.776187,-84.47351,10/17/17 16:22,Property Damaged Only,1,Daylight
6228397,Bicyclist,33.907676,-84.356448,5/8/17 16:10,Property Damaged Only,1,Daylight
4527179,Bicyclist,34.25469,-85.1717,8/1/13 17:30,Property Damaged Only,1,Daylight
5655657,Bicyclist,34.076577,-84.18248,2/12/16 8:05,Property Damaged Only,1,Daylight
4935441,Bicyclist,33.805476,-84.218605,8/12/14 8:55,Property Damaged Only,1,Daylight
5961603,Bicyclist,31.470059,-83.501599,10/18/16 10:49,Property Damaged Only,1,Daylight
6125946,Bicyclist,33.775947,-84.381447,2/16/17 18:19,Property Damaged Only,1,Daylight
4366512,Bicyclist,33.590878,-84.447276,2/25/13 16:02,Property Damaged Only,1,Daylight
6322565,Bicyclist,33.89476,-84.538646,7/20/17 12:57,Property Damaged Only,1,Daylight
5693133,Bicyclist,32.070892,-81.082986,3/29/16 13:35,Property Damaged Only,1,Daylight
5952517,Bicyclist,34.076468,-84.302822,10/7/16 12:13,Injury,2,Daylight
6080965,Bicyclist,33.593636,-83.744044,6/11/16 9:00,Injury,2,Daylight
4777284,Bicyclist,33.808804,-84.42039,3/14/14 17:50,Injury,2,Daylight
5147456,Bicyclist,33.95534,-83.37647,9/5/14 17:22,Injury,2,Daylight
5354485,Bicyclist,33.783442,-84.35455,7/10/15 16:10,Injury,2,Daylight
4789400,Bicyclist,33.966019,-84.416017,4/10/14 16:28,Injury,2,Daylight
4903064,Bicyclist,33.420065,-82.032531,7/10/14 12:00,Injury,2,Daylight
4604345,Bicyclist,33.957136,-83.389082,10/11/13 11:36,Injury,2,Daylight
5887392,Bicyclist,33.882267,-84.417999,8/21/16 11:49,Injury,2,Daylight
5203225,Bicyclist,33.947593,-83.376475,1/9/15 13:17,Injury,2,Daylight
6228720,Bicyclist,33.778164,-84.396443,11/4/16 7:50,Injury,2,Daylight
6241856,Bicyclist,33.946289,-83.976872,5/18/17 18:35,Injury,2,Daylight
6501909,Bicyclist,33.777045,-84.395337,9/14/17 18:05,Injury,2,Daylight
6502238,Bicyclist,32.263153,-81.364511,11/29/17 15:32,Injury,2,Daylight
5074389,Bicyclist,32.004862,-81.11448,12/4/14 14:17,Injury,2,Daylight
4840568,Bicyclist,33.970391,-83.377272,5/8/14 8:38,Injury,2,Daylight
4735424,Bicyclist,33.764351,-84.355571,2/9/14 17:02,Injury,2,Daylight
6007724,Bicyclist,33.796622,-85.202296,11/18/16 16:05,Injury,2,Daylight
5428583,Bicyclist,33.965631,-84.007745,8/25/15 13:01,Injury,2,Daylight
6011618,Bicyclist,33.88024,-84.516381,11/20/16 16:10,Injury,2,Daylight
4945105,Bicyclist,34.638385,-83.95756,8/16/14 14:17,Injury,2,Daylight
5405434,Bicyclist,32.281254,-81.224414,8/26/15 17:18,Injury,2,Daylight
5060735,Bicyclist,33.872022,-84.737708,11/20/14 17:22,Injury,2,Daylight
5479354,Bicyclist,34.730297,-84.935031,10/21/15 15:56,Injury,2,Daylight
5434460,Bicyclist,31.567927,-84.194054,6/12/15 10:22,Injury,2,Daylight
5500068,Bicyclist,30.836479,-83.294545,11/4/15 17:16,Injury,2,Daylight
5310993,Bicyclist,33.775023,-84.341583,5/27/15 8:37,Injury,2,Daylight
4672883,Bicyclist,33.488186,-84.38467,12/12/13 13:45,Injury,2,Daylight
5896714,Bicyclist,33.954454,-84.503997,8/27/16 14:42,Injury,2,Daylight
6446909,Pedestrian,33.868985,-84.096581,10/17/17 21:13,Property Damaged Only,1,Daylight
5180103,Pedestrian,33.68142,-84.39555,2/2/15 10:00,Property Damaged Only,1,Daylight
4859789,Pedestrian,33.804496,-84.077197,5/24/14 11:56,Property Damaged Only,1,Daylight
4733684,Pedestrian,33.757141,-84.385941,2/8/14 12:00,Property Damaged Only,1,Daylight
5830563,Pedestrian,34.070932,-84.684248,7/14/16 7:47,Property Damaged Only,1,Daylight
5617474,Pedestrian,33.592346,-84.454671,1/29/16 7:30,Property Damaged Only,1,Daylight
5091359,Pedestrian,33.851136,-84.37927,12/12/14 9:48,Property Damaged Only,1,Daylight
4356051,Pedestrian,33.67349,-84.449369,2/15/13 17:46,Property Damaged Only,1,Daylight
6174187,Pedestrian,33.723815,-84.16726,4/1/17 11:50,Property Damaged Only,1,Daylight
6152425,Pedestrian,33.658925,-84.429617,3/15/17 17:05,Property Damaged Only,1,Daylight
5207983,Pedestrian,33.090427,-84.737365,3/4/15 10:45,Property Damaged Only,1,Daylight
5771951,Pedestrian,33.420389,-84.772014,5/20/16 14:20,Property Damaged Only,1,Daylight
6000272,Pedestrian,33.656412,-84.509796,11/12/16 14:30,Property Damaged Only,1,Daylight
4659093,Pedestrian,33.96672,-84.035718,11/28/13 14:15,Property Damaged Only,1,Daylight
4530450,Pedestrian,33.793312,-84.387903,7/30/13 14:00,Property Damaged Only,1,Daylight
5219496,Pedestrian,33.76083,-84.541014,3/17/15 17:30,Property Damaged Only,1,Daylight
6206951,Pedestrian,33.748548,-84.39154,4/25/17 10:17,Property Damaged Only,1,Daylight
6107509,Pedestrian,33.79983,-84.39311,2/6/17 9:00,Property Damaged Only,1,Daylight
5415434,Pedestrian,32.466566,-84.96685,8/30/15 18:20,Property Damaged Only,1,Daylight
5052918,Pedestrian,33.786689,-84.236101,11/15/14 16:30,Property Damaged Only,1,Daylight
5179515,Pedestrian,33.752159,-84.468406,1/27/15 8:19,Property Damaged Only,1,Daylight
5664299,Pedestrian,33.706765,-84.380119,3/3/16 7:57,Property Damaged Only,1,Daylight
6340438,Pedestrian,32.102009,-81.147322,5/12/17 15:34,Property Damaged Only,1,Daylight
4620478,Pedestrian,31.195693,-81.487268,10/22/13 8:43,Property Damaged Only,1,Daylight
5057174,Pedestrian,33.841569,-84.131388,11/19/14 11:16,Property Damaged Only,1,Daylight
6268121,Pedestrian,33.80047,-84.201588,6/9/17 12:45,Property Damaged Only,1,Daylight
5579923,Pedestrian,32.808871,-83.721114,1/4/16 17:16,Property Damaged Only,1,Daylight
4509480,Pedestrian,33.913381,-84.165743,7/20/13 17:06,Property Damaged Only,1,Daylight
5677540,Pedestrian,33.951729,-84.547717,3/15/16 7:51,Property Damaged Only,1,Daylight
6095332,Pedestrian,33.453257,-84.167208,1/15/17 12:29,Property Damaged Only,1,Daylight
4651325,Pedestrian,33.808044,-84.475722,11/19/13 8:30,Property Damaged Only,1,Daylight
5479384,Pedestrian,31.992391,-81.140573,10/22/15 15:40,Property Damaged Only,1,Daylight
5423806,Pedestrian,33.956162,-83.355,9/13/15 14:45,Property Damaged Only,1,Daylight
5645048,Pedestrian,34.107092,-82.856283,2/8/16 14:32,Property Damaged Only,1,Daylight
4959692,Pedestrian,32.286243,-84.013119,7/24/14 10:55,Property Damaged Only,1,Daylight
5397664,Pedestrian,33.923998,-84.239253,8/19/15 8:05,Property Damaged Only,1,Daylight
5053555,Pedestrian,33.213496,-82.386459,10/7/14 16:15,Property Damaged Only,1,Daylight
4360356,Pedestrian,33.789052,-84.332607,2/20/13 8:19,Property Damaged Only,1,Daylight
5484384,Pedestrian,33.888062,-84.381609,10/24/15 13:21,Property Damaged Only,1,Daylight
6231360,Pedestrian,34.013658,-84.385981,5/10/17 13:11,Property Damaged Only,1,Daylight
4956953,Pedestrian,33.910947,-84.262465,8/9/14 12:34,Property Damaged Only,1,Daylight
5992803,Pedestrian,33.7987,-84.22079,11/9/16 14:00,Property Damaged Only,1,Daylight
5955730,Pedestrian,33.731834,-84.283225,10/13/16 8:35,Property Damaged Only,1,Daylight
4527219,Pedestrian,31.565156,-84.176276,8/1/13 16:22,Property Damaged Only,1,Daylight
5292040,Pedestrian,33.999062,-84.017597,5/14/15 8:00,Property Damaged Only,1,Daylight
4943598,Pedestrian,33.795806,-84.236386,8/19/14 10:28,Property Damaged Only,1,Daylight
5206758,Pedestrian,34.266598,-85.21273,3/5/15 13:06,Property Damaged Only,1,Daylight
5030080,Pedestrian,33.969606,-83.368473,10/25/14 12:54,Property Damaged Only,1,Daylight
5180361,Pedestrian,33.812303,-84.39223,2/1/15 8:00,Property Damaged Only,1,Daylight
5620284,Pedestrian,33.776632,-84.454452,1/27/16 14:43,Property Damaged Only,1,Daylight
4985805,Pedestrian,33.036497,-85.048833,9/18/14 7:41,Property Damaged Only,1,Daylight
5811329,Pedestrian,32.928904,-83.743134,6/26/16 14:52,Property Damaged Only,1,Daylight
4559551,Pedestrian,33.6986,-84.15863,9/3/13 18:07,Property Damaged Only,1,Daylight
4420193,Pedestrian,33.579966,-84.381425,4/22/13 7:42,Property Damaged Only,1,Daylight
5410538,Pedestrian,33.87751,-84.396781,8/29/15 18:50,Property Damaged Only,1,Daylight
6215932,Pedestrian,33.705138,-84.271574,5/2/17 18:19,Property Damaged Only,1,Daylight
5761160,Pedestrian,34.258623,-83.848238,5/17/16 12:30,Property Damaged Only,1,Daylight
4771662,Pedestrian,34.42126,-84.11669,3/25/14 8:20,Property Damaged Only,1,Daylight
4397726,Pedestrian,33.75094,-84.393037,3/27/13 8:10,Property Damaged Only,1,Daylight
4822766,Pedestrian,33.66636,-84.02644,4/4/14 11:14,Property Damaged Only,1,Daylight
5837016,Pedestrian,33.753753,-84.269467,7/15/16 11:45,Property Damaged Only,1,Daylight
5755301,Pedestrian,34.247879,-83.890395,5/14/16 10:01,Property Damaged Only,1,Daylight
5318293,Pedestrian,30.896352,-84.581847,5/15/15 14:29,Property Damaged Only,1,Daylight
5475431,Pedestrian,33.943272,-84.534221,10/19/15 9:00,Property Damaged Only,1,Daylight
6224858,Pedestrian,33.772778,-84.294934,3/8/17 16:26,Property Damaged Only,1,Daylight
5342846,Pedestrian,33.702881,-84.166796,7/1/15 14:32,Property Damaged Only,1,Daylight
5639882,Pedestrian,33.961935,-84.132262,2/11/16 16:05,Property Damaged Only,1,Daylight
5232126,Pedestrian,33.951122,-83.389548,3/26/15 13:45,Property Damaged Only,1,Daylight
5052634,Pedestrian,33.078853,-83.231691,11/16/14 11:48,Property Damaged Only,1,Daylight
5517136,Pedestrian,34.024248,-84.074815,11/18/15 9:12,Property Damaged Only,1,Daylight
4909850,Pedestrian,33.727945,-84.404011,6/29/14 15:50,Property Damaged Only,1,Daylight
6512169,Pedestrian,33.948033,-84.519171,12/12/17 17:00,Property Damaged Only,1,Daylight
6283437,Pedestrian,33.792426,-84.398774,6/21/17 19:50,Property Damaged Only,1,Daylight
5357011,Pedestrian,32.029273,-81.116133,7/15/15 9:05,Property Damaged Only,1,Daylight
4338396,Pedestrian,33.68881,-84.36951,1/19/13 18:30,Property Damaged Only,1,Daylight
4735471,Pedestrian,33.763481,-84.403142,2/10/14 16:45,Property Damaged Only,1,Daylight
6378015,Pedestrian,32.51587,-84.91341,9/3/17 12:05,Property Damaged Only,1,Daylight
5729254,Pedestrian,33.7788,-84.38438,4/20/16 16:00,Property Damaged Only,1,Daylight
6035350,Pedestrian,32.422169,-84.946643,12/10/16 15:35,Property Damaged Only,1,Daylight
6427207,Pedestrian,33.749193,-84.392717,10/11/17 9:14,Property Damaged Only,1,Daylight
4908929,Pedestrian,34.246595,-85.16866,7/17/14 11:29,Property Damaged Only,1,Daylight
4794533,Pedestrian,33.771266,-84.387396,4/13/14 15:50,Property Damaged Only,1,Daylight
6113417,Pedestrian,33.507951,-84.226638,2/10/17 8:22,Property Damaged Only,1,Daylight
5014217,Pedestrian,33.952288,-84.550191,10/8/14 17:43,Property Damaged Only,1,Daylight
4753133,Pedestrian,33.828014,-84.250784,3/6/14 12:24,Fatal,3,Daylight
5274238,Pedestrian,34.311534,-83.780975,4/26/15 12:25,Fatal,3,Daylight
4832592,Pedestrian,32.73136,-82.71963,3/24/14 17:44,Injury,2,Daylight
5689000,Pedestrian,32.855298,-83.654264,3/25/16 18:49,Injury,2,Daylight
5002295,Pedestrian,33.718772,-84.659707,9/29/14 11:40,Injury,2,Daylight
4855697,Pedestrian,33.760995,-84.245914,5/21/14 15:45,Injury,2,Daylight
4552779,Pedestrian,33.929096,-83.3429,8/27/13 7:51,Injury,2,Daylight
5264976,Pedestrian,33.688704,-84.03391,4/22/15 18:50,Injury,2,Daylight
5279416,Pedestrian,33.852932,-83.72973,5/5/15 17:50,Injury,2,Daylight
6458948,Pedestrian,32.81199,-81.94813,11/3/17 10:09,Injury,2,Daylight
5761960,Pedestrian,34.054135,-83.896082,5/17/16 19:30,Injury,2,Daylight
4569142,Pedestrian,34.040434,-84.326515,9/10/13 15:26,Injury,2,Daylight
4488254,Pedestrian,33.487888,-84.089776,6/26/13 12:15,Injury,2,Daylight
5495084,Pedestrian,33.865352,-83.89894,10/31/15 7:30,Injury,2,Daylight
4397377,Pedestrian,32.060511,-81.087644,3/28/13 14:56,Injury,2,Daylight
4655790,Pedestrian,33.570364,-84.544699,11/25/13 9:16,Injury,2,Daylight
4350961,Pedestrian,34.122083,-84.755375,2/7/13 16:53,Injury,2,Daylight
5026813,Pedestrian,30.825156,-83.973535,10/22/14 15:10,Injury,2,Daylight
5845153,Pedestrian,33.754499,-84.386451,7/21/16 13:45,Injury,2,Daylight
5901430,Pedestrian,33.863877,-84.21829,9/1/16 16:20,Injury,2,Daylight
4573483,Pedestrian,33.932978,-84.548161,9/18/13 18:31,Injury,2,Daylight
6246277,Pedestrian,34.042563,-84.32684,5/13/17 13:02,Injury,2,Daylight
6229739,Pedestrian,237.180451,148.44228,5/10/17 12:30,Injury,2,Daylight
6125161,Pedestrian,32.045176,-81.074595,2/21/17 8:16,Injury,2,Daylight
4933606,Pedestrian,33.586848,-84.45395,8/7/14 16:25,Injury,2,Daylight
6281971,Pedestrian,33.469636,-82.062119,6/19/17 12:21,Injury,2,Daylight
6000130,Pedestrian,33.433662,-84.149835,11/14/16 14:58,Injury,2,Daylight
4358164,Pedestrian,33.935093,-84.503756,1/21/13 15:50,Injury,2,Daylight
5325353,Pedestrian,33.738485,-84.827671,6/11/15 17:05,Injury,2,Daylight
6122959,Pedestrian,33.533571,-84.364026,2/19/17 14:25,Injury,2,Daylight