incidentIdNbr,crashType,latitude,longitude,dateOfIncidentDate,severity,Mag,lightCondition
4954131,Pedestrian,34.16314,-84.803453,10/12/13 13:51,Injury,2,Daylight
6467242,Pedestrian,33.478137,-81.968856,11/10/17 7:51,Injury,2,Daylight
4633596,Pedestrian,33.469596,-82.12917,11/3/13 17:25,Injury,2,Daylight
5658764,Pedestrian,33.944626,-84.081821,2/29/16 15:43,Injury,2,Daylight
5565191,Pedestrian,32.827099,-83.636645,12/23/15 10:47,Injury,2,Daylight
4361592,Pedestrian,32.59389,-83.63008,1/26/13 16:53,Injury,2,Daylight
5982950,Pedestrian,33.420102,-82.03277,11/1/16 15:37,Injury,2,Daylight
4872101,Pedestrian,34.123996,-83.82871,6/5/14 9:20,Injury,2,Daylight
5330916,Pedestrian,32.834239,-83.628692,6/21/15 9:10,Injury,2,Daylight
6410871,Pedestrian,34.0249,-84.528586,9/27/17 17:45,Injury,2,Daylight
4738128,Pedestrian,30.8218,-83.985126,2/19/14 12:56,Injury,2,Daylight
4609437,Pedestrian,33.944702,-83.34294,10/13/13 13:41,Injury,2,Daylight
4829418,Pedestrian,32.54259,-82.959045,4/24/14 12:55,Injury,2,Daylight
4930611,Pedestrian,33.883093,-84.244802,8/7/14 18:33,Injury,2,Daylight
4734672,Pedestrian,32.457722,-84.892449,2/15/14 16:00,Injury,2,Daylight
5216632,Pedestrian,32.440091,-84.923794,3/14/15 16:37,Injury,2,Daylight
6262230,Pedestrian,33.773675,-84.473649,5/21/17 13:06,Injury,2,Daylight
6036457,Pedestrian,33.978147,-84.41763,12/8/16 11:25,Injury,2,Daylight
5017141,Pedestrian,34.81437,-84.93612,10/14/14 9:38,Injury,2,Daylight
4437612,Pedestrian,32.036681,-81.074877,5/7/13 14:30,Injury,2,Daylight
5753393,Pedestrian,34.031715,-83.240321,5/6/16 17:23,Injury,2,Daylight
5747287,Pedestrian,34.34529,-83.862383,5/6/16 13:39,Injury,2,Daylight
6395008,Pedestrian,33.67109,-84.76342,9/14/17 15:02,Injury,2,Daylight
4457941,Pedestrian,33.515502,-84.184017,5/23/13 14:18,Injury,2,Daylight
4967905,Pedestrian,33.961907,-84.132421,9/3/14 18:59,Injury,2,Daylight
5847181,Pedestrian,34.17205,-84.562213,7/23/16 7:50,Injury,2,Daylight
4866884,Pedestrian,33.974105,-84.032128,5/16/14 9:36,Injury,2,Daylight
4837984,Pedestrian,34.54762,-83.245513,5/5/14 14:00,Injury,2,Daylight
6209687,Pedestrian,32.45966,-84.9608,4/27/17 16:57,Injury,2,Daylight
6421840,Pedestrian,34.101364,-84.040252,10/6/17 8:11,Injury,2,Daylight
4773833,Pedestrian,33.652162,-84.007152,3/27/14 18:10,Injury,2,Daylight
5967991,Pedestrian,33.849082,-84.006404,10/20/16 16:02,Injury,2,Daylight
4420003,Pedestrian,32.146854,-81.247356,4/17/13 18:00,Injury,2,Daylight
5383422,Pedestrian,34.464711,-83.722984,8/6/15 19:17,Injury,2,Daylight
5378861,Pedestrian,33.758118,-84.417737,7/29/15 11:46,Injury,2,Daylight
5843465,Pedestrian,33.878805,-84.24905,7/20/16 8:55,Injury,2,Daylight
5589052,Pedestrian,33.988656,-84.351431,1/8/16 10:04,Injury,2,Daylight
4848043,Pedestrian,31.597107,-84.200283,5/16/14 6:48,Injury,2,Daylight
4462057,Pedestrian,33.608818,-83.10435,5/28/13 12:28,Injury,2,Daylight
6280733,Pedestrian,32.051981,-81.099647,6/20/17 9:34,Injury,2,Daylight
6452056,Pedestrian,34.066263,-84.315824,10/30/17 17:50,Injury,2,Daylight
5344703,Pedestrian & Bicyclist,33.173448,-84.910871,6/30/15 16:45,Property Damaged Only,1,Daylight
5034079,Pedestrian & Bicyclist,34.021353,-84.488777,10/28/14 17:53,Property Damaged Only,1,Daylight
5531538,Pedestrian & Bicyclist,34.129476,-84.253989,10/7/15 17:12,Injury,2,Daylight
6345043,Pedestrian & Bicyclist,34.14868,-84.51124,8/4/17 9:02,Injury,2,Daylight
6421507,Pedestrian & Bicyclist,32.030316,-81.057467,10/7/17 7:10,Injury,2,Daylight
5667981,Pedestrian & Bicyclist,34.982174,-85.28778,3/9/16 12:52,Injury,2,Daylight
5879782,Bicyclist,33.120956,-83.210962,8/16/16 19:54,Property Damaged Only,1,Daylight
4632194,Bicyclist,33.75337,-84.33463,10/31/13 15:10,Property Damaged Only,1,Daylight
5123717,Bicyclist,33.75492,-84.39054,12/19/14 13:00,Property Damaged Only,1,Daylight
5668136,Bicyclist,33.775423,-84.35872,3/6/16 11:50,Property Damaged Only,1,Daylight
5400245,Bicyclist,30.831604,-82.00609,8/22/15 8:00,Property Damaged Only,1,Daylight
4739654,Bicyclist,34.175353,-84.452607,2/18/14 17:04,Property Damaged Only,1,Daylight
4889701,Bicyclist,32.042707,-81.067241,6/25/14 13:35,Property Damaged Only,1,Daylight
6253556,Bicyclist,33.775172,-84.274182,5/26/17 18:30,Property Damaged Only,1,Daylight
4617137,Bicyclist,32.07348,-81.08926,10/23/13 17:14,Property Damaged Only,1,Daylight
5335252,Bicyclist,33.784419,-84.389224,6/19/15 7:28,Property Damaged Only,1,Daylight
6121409,Bicyclist,32.461272,-84.960207,2/17/17 12:50,Property Damaged Only,1,Daylight
4383455,Bicyclist,33.69847,-84.32467,3/17/13 11:44,Property Damaged Only,1,Daylight
4650698,Bicyclist,32.8557,-83.61747,11/1/13 10:28,Property Damaged Only,1,Daylight
6336015,Bicyclist,34.047229,-84.376539,8/1/17 19:46,Property Damaged Only,1,Daylight
4998554,Bicyclist,32.058205,-81.097245,9/27/14 18:25,Property Damaged Only,1,Daylight
4506818,Bicyclist,33.833208,-84.383834,7/17/13 14:45,Property Damaged Only,1,Daylight
6417791,Bicyclist,33.787939,-84.327439,10/5/17 16:09,Property Damaged Only,1,Daylight
5828372,Bicyclist,34.260631,-85.182124,7/12/16 13:54,Property Damaged Only,1,Daylight
4442941,Bicyclist,34.020164,-84.160357,3/21/13 15:55,Property Damaged Only,1,Daylight
6349684,Bicyclist,33.95181,-84.1239,8/9/17 20:17,Property Damaged Only,1,Daylight
5390734,Bicyclist,32.080928,-81.094086,8/15/15 17:52,Property Damaged Only,1,Daylight
5186934,Bicyclist,33.776928,-84.393543,1/30/15 16:39,Property Damaged Only,1,Daylight
5916197,Bicyclist,32.085272,-84.226687,12/15/15 17:02,Property Damaged Only,1,Daylight
4745967,Bicyclist,33.854743,-84.641253,2/20/14 15:00,Property Damaged Only,1,Daylight
4512513,Bicyclist,33.473655,-82.06984,6/5/13 14:01,Property Damaged Only,1,Daylight
5729018,Bicyclist,33.75104,-84.367125,4/16/16 18:26,Property Damaged Only,1,Daylight
5869233,Bicyclist,33.96302,-84.42525,8/2/16 17:50,Property Damaged Only,1,Daylight
5535528,Bicyclist,34.04191,-84.341699,11/14/15 10:50,Property Damaged Only,1,Daylight
6172869,Bicyclist,33.952709,-84.144056,3/30/17 7:41,Property Damaged Only,1,Daylight
4899123,Bicyclist,32.787492,-83.650556,6/24/14 20:20,Property Damaged Only,1,Daylight
5530403,Bicyclist,34.076381,-83.917748,11/10/15 15:51,Property Damaged Only,1,Daylight
5656594,Bicyclist,33.463999,-84.449657,2/17/16 12:18,Property Damaged Only,1,Daylight
5744407,Bicyclist,34.025979,-84.332276,5/5/16 8:50,Property Damaged Only,1,Daylight
4520044,Bicyclist,31.17405,-83.76907,6/3/13 13:10,Property Damaged Only,1,Daylight
5397129,Bicyclist,30.84309,-83.281408,8/19/15 16:23,Property Damaged Only,1,Daylight
4938458,Bicyclist,33.76485,-84.37194,8/13/14 16:25,Property Damaged Only,1,Daylight
4349951,Bicyclist,33.921696,-84.542705,2/8/13 12:00,Property Damaged Only,1,Daylight
6459438,Bicyclist,33.718414,-84.936676,11/4/17 13:15,Property Damaged Only,1,Daylight
5157288,Bicyclist,32.622653,-83.641461,9/4/14 16:25,Property Damaged Only,1,Daylight
4882413,Bicyclist,33.939757,-84.101022,6/18/14 14:07,Fatal,3,Daylight
6399708,Bicyclist,34.260512,-85.176424,9/20/17 16:20,Fatal,3,Daylight
5477469,Bicyclist,33.876939,-83.414822,10/18/15 15:50,Injury,2,Daylight
4866187,Bicyclist,34.028547,-84.357272,5/31/14 16:11,Injury,2,Daylight
4875450,Bicyclist,30.829777,-83.300508,6/3/14 13:49,Injury,2,Daylight
4472038,Bicyclist,33.763336,-84.402868,5/31/13 12:26,Injury,2,Daylight
5050560,Bicyclist,34.006424,-84.32853,11/12/14 17:16,Injury,2,Daylight
4890444,Bicyclist,33.78669,-84.39194,6/21/14 10:10,Injury,2,Daylight
4627973,Bicyclist,34.096847,-84.014357,10/29/13 14:50,Injury,2,Daylight
4773943,Bicyclist,33.950989,-84.523764,3/21/14 19:30,Injury,2,Daylight
5180123,Bicyclist,33.836995,-84.371121,1/23/15 13:57,Injury,2,Daylight
5737581,Bicyclist,34.032354,-84.550096,4/26/16 11:43,Injury,2,Daylight
6416237,Bicyclist,34.27224,-85.240319,10/4/17 14:22,Injury,2,Daylight
6275436,Bicyclist,33.895055,-84.572937,6/15/17 19:00,Injury,2,Daylight
4616068,Bicyclist,33.776927,-84.393954,9/26/13 10:55,Injury,2,Daylight
5655085,Bicyclist,31.849718,-81.587017,1/25/16 16:13,Injury,2,Daylight
6435980,Bicyclist,33.591322,-85.052743,10/12/15 16:29,Injury,2,Daylight
4479794,Bicyclist,32.100212,-84.53179,6/14/13 17:03,Injury,2,Daylight
5289349,Bicyclist,34.007252,-84.014187,5/12/15 18:01,Injury,2,Daylight
6496598,Bicyclist,33.93539,-83.373596,8/24/17 9:05,Injury,2,Daylight
5240170,Bicyclist,33.468966,-81.950556,4/1/15 17:05,Injury,2,Daylight
4390523,Bicyclist,33.404861,-84.567008,3/8/13 15:27,Injury,2,Daylight
4524794,Bicyclist,31.381576,-83.22328,7/28/13 14:55,Injury,2,Daylight
4761342,Bicyclist,32.472954,-84.896713,3/14/14 18:50,Injury,2,Daylight
5353153,Bicyclist,34.017922,-84.49156,7/9/15 13:44,Injury,2,Daylight
4414580,Bicyclist,34.49064,-85.33723,4/11/13 15:39,Injury,2,Daylight
5889301,Bicyclist,34.052031,-84.577544,8/23/16 16:48,Injury,2,Daylight
4544698,Bicyclist,33.929023,-83.34275,8/20/13 9:10,Injury,2,Daylight
5376027,Bicyclist,34.04151,-84.477129,7/31/15 15:00,Injury,2,Daylight
5739619,Bicyclist,33.64774,-84.012224,4/28/16 16:00,Injury,2,Daylight
5184318,Bicyclist,34.042835,-84.333246,2/18/15 15:33,Injury,2,Daylight
6078377,Bicyclist,32.840224,-83.642472,1/13/17 17:14,Injury,2,Daylight
5614350,Pedestrian,33.763992,-84.38753,1/14/16 9:50,Property Damaged Only,1,Daylight
4646011,Pedestrian,33.822574,-84.298889,11/18/13 8:30,Property Damaged Only,1,Daylight
4345619,Pedestrian,33.746686,-84.141179,1/17/13 13:00,Property Damaged Only,1,Daylight
5861117,Pedestrian,33.846712,-84.359324,8/2/16 15:59,Property Damaged Only,1,Daylight
4928711,Pedestrian,31.515101,-82.847842,8/5/14 19:35,Property Damaged Only,1,Daylight
5882943,Pedestrian,33.708763,-84.393511,6/30/16 19:25,Property Damaged Only,1,Daylight
5273772,Pedestrian,32.040532,-81.111123,5/1/15 17:19,Property Damaged Only,1,Daylight
4823456,Pedestrian,33.871155,-84.456518,4/16/14 8:03,Property Damaged Only,1,Daylight
4924741,Pedestrian,33.819309,-84.55641,7/16/14 17:00,Property Damaged Only,1,Daylight
5545072,Pedestrian,33.737396,-84.234396,12/10/15 10:00,Property Damaged Only,1,Daylight
6243214,Pedestrian,33.818039,-84.312517,5/22/17 7:40,Property Damaged Only,1,Daylight
5261846,Pedestrian,33.75103,-84.44412,4/20/15 8:13,Property Damaged Only,1,Daylight
4412901,Pedestrian,33.679203,-84.440275,4/13/13 9:55,Property Damaged Only,1,Daylight
6331269,Pedestrian,33.752783,-84.393459,7/30/17 15:58,Property Damaged Only,1,Daylight
5423942,Pedestrian,33.655152,-84.503192,9/14/15 9:18,Property Damaged Only,1,Daylight
4634787,Pedestrian,33.75598,-84.16541,11/8/13 15:13,Property Damaged Only,1,Daylight
5916956,Pedestrian,33.791966,-84.283584,9/13/16 11:00,Property Damaged Only,1,Daylight
4436220,Pedestrian,33.771283,-84.383438,4/29/13 14:13,Property Damaged Only,1,Daylight
4469309,Pedestrian,32.041265,-81.110856,6/6/13 17:52,Property Damaged Only,1,Daylight
4960174,Pedestrian,32.066269,-81.092635,9/2/14 17:53,Property Damaged Only,1,Daylight
4950996,Pedestrian,32.046912,-81.056749,8/25/14 15:30,Property Damaged Only,1,Daylight
4550349,Pedestrian,33.812204,-84.392396,7/25/13 13:24,Property Damaged Only,1,Daylight
5421099,Pedestrian,33.761417,-84.36913,9/9/15 8:39,Property Damaged Only,1,Daylight
6441712,Pedestrian,33.722164,-84.404821,10/21/17 9:00,Property Damaged Only,1,Daylight
6190564,Pedestrian,34.754395,-84.967178,4/12/17 16:26,Property Damaged Only,1,Daylight
5532552,Pedestrian,33.731889,-84.358631,11/25/15 9:55,Property Damaged Only,1,Daylight
5035927,Pedestrian,33.747884,-84.383833,10/28/14 9:05,Property Damaged Only,1,Daylight
6163823,Pedestrian,31.56239,-82.79438,3/22/17 10:54,Property Damaged Only,1,Daylight
5150949,Pedestrian,30.838383,-83.978938,1/28/15 13:00,Property Damaged Only,1,Daylight
4664212,Pedestrian,33.918969,-84.352049,12/5/13 12:59,Property Damaged Only,1,Daylight
5907799,Pedestrian,32.483312,-84.981958,9/7/16 12:10,Property Damaged Only,1,Daylight
6499321,Pedestrian,33.715439,-84.273522,12/4/17 18:00,Property Damaged Only,1,Daylight
4845115,Pedestrian,34.193912,-84.535644,5/13/14 7:34,Property Damaged Only,1,Daylight
6003523,Pedestrian,33.844894,-83.927816,11/16/16 8:21,Property Damaged Only,1,Daylight
5425736,Pedestrian,33.722502,-84.461727,9/8/15 18:35,Property Damaged Only,1,Daylight
5591610,Pedestrian,33.861592,-84.326451,1/8/16 10:31,Property Damaged Only,1,Daylight
6015145,Pedestrian,32.510056,-84.982324,11/27/16 16:30,Property Damaged Only,1,Daylight
5926129,Pedestrian,33.810003,-84.360516,9/17/16 13:50,Property Damaged Only,1,Daylight
4900954,Pedestrian,33.772501,-84.381782,7/8/14 14:29,Property Damaged Only,1,Daylight
5325560,Pedestrian,33.655049,-84.4024,5/27/15 12:50,Property Damaged Only,1,Daylight
5706147,Pedestrian,34.312875,-85.014416,4/2/16 13:56,Property Damaged Only,1,Daylight
5233617,Pedestrian,33.671407,-84.180009,3/28/15 8:39,Property Damaged Only,1,Daylight
4903536,Pedestrian,33.601722,-83.84043,7/10/14 19:01,Property Damaged Only,1,Daylight
6305273,Pedestrian,33.781773,-84.3728,7/10/17 16:15,Property Damaged Only,1,Daylight
6190950,Pedestrian,33.940637,-84.552292,2/17/17 13:30,Property Damaged Only,1,Daylight
5935293,Pedestrian,33.758259,-84.387591,9/23/16 15:33,Property Damaged Only,1,Daylight
5090856,Pedestrian,33.511355,-82.038093,12/12/14 7:48,Property Damaged Only,1,Daylight
6042892,Pedestrian,33.963663,-83.437079,12/16/16 12:09,Property Damaged Only,1,Daylight
5734558,Pedestrian,33.771396,-84.379162,4/26/16 7:30,Property Damaged Only,1,Daylight
5934108,Pedestrian,33.294358,-83.967347,2/1/16 16:20,Property Damaged Only,1,Daylight
4958234,Pedestrian,33.467882,-82.078221,9/1/14 12:29,Property Damaged Only,1,Daylight
4695950,Pedestrian,33.781739,-84.382486,1/3/14 10:30,Property Damaged Only,1,Daylight
5284402,Pedestrian,33.698164,-84.486199,4/2/15 8:50,Property Damaged Only,1,Daylight
6367167,Pedestrian,32.500026,-84.976835,8/25/17 8:30,Property Damaged Only,1,Daylight
5130374,Pedestrian,34.42846,-83.10643,1/15/15 16:45,Property Damaged Only,1,Daylight
5503871,Pedestrian,33.389498,-82.095451,11/8/15 14:40,Property Damaged Only,1,Daylight
5425867,Pedestrian,32.003756,-81.090625,9/15/15 17:49,Property Damaged Only,1,Daylight
5948753,Pedestrian,33.908974,-84.378765,10/7/16 14:34,Property Damaged Only,1,Daylight
4995630,Pedestrian,32.445201,-84.923546,9/19/14 7:35,Property Damaged Only,1,Daylight
5850392,Pedestrian,33.877083,-84.623259,7/24/16 17:20,Property Damaged Only,1,Daylight
5175782,Pedestrian,31.135791,-81.489189,2/10/15 10:25,Property Damaged Only,1,Daylight
4522503,Pedestrian,34.339439,-82.922278,7/26/13 16:08,Property Damaged Only,1,Daylight
4755410,Pedestrian,33.477872,-81.972775,3/9/14 14:25,Property Damaged Only,1,Daylight
4492086,Pedestrian,33.962323,-84.167047,6/26/13 16:52,Property Damaged Only,1,Daylight
5774971,Pedestrian,33.751323,-84.391011,5/17/16 12:39,Property Damaged Only,1,Daylight
4763271,Pedestrian,33.853332,-84.381592,3/10/14 7:15,Property Damaged Only,1,Daylight
5687565,Pedestrian,32.933064,-83.70265,3/22/16 14:34,Fatal,3,Daylight
5351118,Pedestrian,33.763637,-84.203883,7/9/15 17:03,Fatal,3,Daylight
5750651,Pedestrian,32.393962,-82.06055,5/6/16 9:09,Fatal,3,Daylight
5458228,Pedestrian,33.852025,-84.008252,10/2/15 14:31,Injury,2,Daylight
4775206,Pedestrian,33.783878,-84.235924,3/29/14 6:15,Injury,2,Daylight
4945394,Pedestrian,34.000747,-84.067036,8/19/14 11:39,Injury,2,Daylight
6474427,Pedestrian,33.743911,-84.218813,11/15/17 14:57,Injury,2,Daylight
4546995,Pedestrian,33.753814,-84.269483,8/22/13 12:12,Injury,2,Daylight
4764482,Pedestrian,33.783924,-84.59043,3/13/14 14:39,Injury,2,Daylight
4838564,Pedestrian,33.732974,-84.157956,5/6/14 17:40,Injury,2,Daylight
6342184,Pedestrian,33.629744,-84.453883,8/5/17 16:43,Injury,2,Daylight
5373732,Pedestrian,33.771219,-84.377842,7/23/15 13:20,Injury,2,Daylight
5655870,Pedestrian,34.001104,-84.64885,2/28/16 16:00,Injury,2,Daylight
4708309,Pedestrian,32.265304,-81.22223,1/16/14 16:51,Injury,2,Daylight
5682131,Pedestrian,32.227466,-82.409343,3/20/16 17:31,Injury,2,Daylight
6398103,Pedestrian,34.130224,-84.132691,9/19/17 8:21,Injury,2,Daylight
5283271,Pedestrian,33.579091,-84.469486,5/10/15 14:20,Injury,2,Daylight
6259385,Pedestrian,34.028082,-83.382211,6/1/17 14:04,Injury,2,Daylight
5953785,Pedestrian,30.856791,-83.310373,10/11/16 18:30,Injury,2,Daylight
6022574,Pedestrian,33.546835,-84.250305,12/2/16 7:54,Injury,2,Daylight
4916489,Pedestrian,33.87011,-83.38895,7/23/14 14:00,Injury,2,Daylight
5881987,Pedestrian,33.059146,-85.0003,8/18/16 7:28,Injury,2,Daylight
6374019,Pedestrian,33.873975,-84.530631,8/29/17 18:18,Injury,2,Daylight
5166995,Pedestrian,33.75721,-84.38218,11/8/14 1:30,Injury,2,Daylight
6128663,Pedestrian,32.010888,-80.973592,2/24/17 7:50,Injury,2,Daylight
5650403,Pedestrian,33.810455,-84.36781,2/24/16 17:25,Injury,2,Daylight
5546628,Pedestrian,31.994992,-81.133499,12/11/15 9:14,Injury,2,Daylight
4875528,Pedestrian,33.683078,-84.441361,6/7/14 8:04,Injury,2,Daylight
5649191,Pedestrian,32.023839,-81.225831,2/25/16 11:57,Injury,2,Daylight
5189611,Pedestrian,33.891807,-84.294678,11/20/14 17:16,Injury,2,Daylight
6314596,Pedestrian,30.903931,-84.567472,4/21/17 10:18,Injury,2,Daylight
5080647,Pedestrian,33.74696,-84.3782,11/24/14 14:46,Injury,2,Daylight
5791264,Pedestrian,32.439065,-84.933082,6/12/16 16:34,Injury,2,Daylight
6355935,Pedestrian,33.475793,-82.004654,8/15/17 15:54,Injury,2,Daylight
6190239,Pedestrian,33.771237,-84.38884,4/11/17 10:00,Injury,2,Daylight
4895508,Pedestrian,34.878324,-83.400901,10/25/13 16:45,Injury,2,Daylight
4983772,Pedestrian,33.78542,-84.340918,9/17/14 19:00,Injury,2,Daylight
5764582,Pedestrian,33.73636,-84.4368,5/18/16 16:26,Injury,2,Daylight
5965519,Pedestrian,33.767832,-84.524383,10/19/16 18:10,Injury,2,Daylight
4503679,Pedestrian,33.87175,-84.33233,7/14/13 16:39,Injury,2,Daylight
6404184,Pedestrian,33.369388,-82.088166,9/24/17 18:50,Injury,2,Daylight
5553194,Pedestrian,33.429566,-82.015488,12/15/15 15:29,Injury,2,Daylight
5127724,Pedestrian,32.500245,-84.957216,1/13/15 18:03,Injury,2,Daylight
4681885,Pedestrian,34.021696,-84.264169,11/10/13 16:55,Injury,2,Daylight
5346049,Pedestrian,33.596185,-83.860238,7/3/15 18:42,Injury,2,Daylight
5738947,Pedestrian,33.712158,-84.252542,5/2/16 14:47,Injury,2,Daylight
6302447,Pedestrian,34.258071,-85.234505,7/7/17 13:35,Injury,2,Daylight
6016827,Pedestrian,34.475076,-84.925621,11/28/16 10:58,Injury,2,Daylight
5709781,Pedestrian,34.868554,-85.514196,3/31/16 12:51,Injury,2,Daylight
4899509,Pedestrian,31.40481,-83.47108,7/5/14 10:20,Injury,2,Daylight
4545767,Pedestrian,33.981944,-84.345576,8/16/13 7:10,Injury,2,Daylight
5377879,Pedestrian,33.738817,-84.14414,8/3/15 10:05,Injury,2,Daylight
5190910,Pedestrian,32.616747,-83.635513,11/4/14 15:33,Injury,2,Daylight
5416729,Pedestrian,32.858196,-84.21441,9/7/15 10:22,Injury,2,Daylight
5360875,Pedestrian,32.848246,-83.625862,7/18/15 17:25,Injury,2,Daylight
4904085,Pedestrian,32.051513,-81.097409,7/11/14 9:46,Injury,2,Daylight
5741734,Pedestrian,33.787995,-84.262763,4/28/16 18:36,Injury,2,Daylight
4908310,Pedestrian,33.791084,-84.62128,7/11/14 12:12,Injury,2,Daylight
5746381,Pedestrian,33.58284,-83.858339,5/7/16 14:54,Injury,2,Daylight
5974020,Pedestrian,33.575171,-84.371784,10/26/16 15:33,Injury,2,Daylight
5663184,Pedestrian & Bicyclist,33.091191,-83.235143,3/5/16 11:43,Property Damaged Only,1,Daylight
5207686,Pedestrian & Bicyclist,33.804155,-83.719637,2/28/15 16:50,Injury,2,Daylight
5716174,Pedestrian & Bicyclist,30.849483,-83.280527,4/16/16 9:30,Injury,2,Daylight
5895965,Bicyclist,31.006364,-83.868128,9/3/15 17:12,Property Damaged Only,1,Daylight
4969448,Bicyclist,33.931782,-83.720765,12/6/13 10:09,Property Damaged Only,1,Daylight
5732870,Bicyclist,33.992717,-83.755145,4/17/16 13:48,Property Damaged Only,1,Daylight
5554611,Bicyclist,33.469199,-82.033432,12/16/15 15:39,Property Damaged Only,1,Daylight
5710485,Bicyclist,33.927545,-83.311459,4/11/16 15:30,Property Damaged Only,1,Daylight
4577786,Bicyclist,32.202077,-82.319914,9/19/13 18:51,Property Damaged Only,1,Daylight
5386517,Bicyclist,32.834948,-83.662539,8/11/15 12:00,Property Damaged Only,1,Daylight
4660674,Bicyclist,33.971235,-84.220667,12/2/13 14:42,Property Damaged Only,1,Daylight
5813261,Bicyclist,33.773673,-84.370881,6/21/16 7:14,Property Damaged Only,1,Daylight
5961913,Bicyclist,33.464036,-81.950407,10/18/16 11:26,Property Damaged Only,1,Daylight
5361547,Bicyclist,33.745607,-84.379299,7/8/15 6:59,Property Damaged Only,1,Daylight
5949376,Bicyclist,33.56677,-84.418535,10/8/16 12:18,Property Damaged Only,1,Daylight
4523662,Bicyclist,32.82485,-83.642969,7/1/13 13:30,Property Damaged Only,1,Daylight
5344744,Bicyclist,33.67324,-84.224186,7/1/15 11:28,Property Damaged Only,1,Daylight
5982069,Bicyclist,32.41049,-81.765395,9/23/16 12:54,Property Damaged Only,1,Daylight
4342617,Bicyclist,33.89455,-84.538521,1/5/13 16:09,Property Damaged Only,1,Daylight
5481925,Bicyclist,30.835604,-83.971926,10/23/15 17:00,Property Damaged Only,1,Daylight
4510980,Bicyclist,31.581586,-84.158915,4/15/13 17:37,Property Damaged Only,1,Daylight
4448340,Bicyclist,33.87181,-84.64773,5/13/13 19:00,Property Damaged Only,1,Daylight
5535954,Bicyclist,33.776919,-84.393614,8/26/15 16:15,Property Damaged Only,1,Daylight
4490589,Bicyclist,33.960659,-84.496667,6/28/13 15:20,Property Damaged Only,1,Daylight
4826911,Bicyclist,31.846782,-81.603874,3/6/14 7:23,Property Damaged Only,1,Daylight
6217539,Bicyclist,33.873304,-84.531737,4/28/17 9:34,Property Damaged Only,1,Daylight
5798699,Bicyclist,32.04428,-81.108295,6/17/16 12:26,Property Damaged Only,1,Daylight
4391913,Bicyclist,31.613328,-84.211608,1/24/13 16:03,Property Damaged Only,1,Daylight
6120303,Bicyclist,33.446418,-82.010774,2/15/17 17:21,Property Damaged Only,1,Daylight
5879066,Bicyclist,32.418889,-81.771419,8/3/16 17:25,Property Damaged Only,1,Daylight
6007532,Bicyclist,33.924255,-83.280089,11/19/16 10:07,Property Damaged Only,1,Daylight
5786728,Bicyclist,33.260068,-84.286531,6/7/16 15:41,Property Damaged Only,1,Daylight
4355778,Bicyclist,33.718614,-84.384901,2/11/13 9:38,Property Damaged Only,1,Daylight
4927736,Bicyclist,33.903236,-84.273197,7/31/14 11:47,Property Damaged Only,1,Daylight
5462470,Bicyclist,33.792508,-84.386372,10/8/15 12:34,Property Damaged Only,1,Daylight
6285860,Bicyclist,33.41167,-82.0744,6/23/17 17:56,Property Damaged Only,1,Daylight
5682951,Bicyclist,33.764806,-84.325198,3/18/16 8:07,Property Damaged Only,1,Daylight
5767292,Bicyclist,32.428504,-81.786795,5/6/16 16:57,Property Damaged Only,1,Daylight
6208945,Bicyclist,32.481305,-84.990094,4/27/17 8:25,Property Damaged Only,1,Daylight
6139760,Bicyclist,33.471097,-84.129793,3/3/17 16:33,Injury,2,Daylight
5232867,Bicyclist,32.079577,-81.094175,3/27/15 14:10,Injury,2,Daylight
5802513,Bicyclist,33.886879,-83.91598,6/17/16 19:49,Injury,2,Daylight
4614672,Bicyclist,33.899539,-84.32539,10/4/13 10:30,Injury,2,Daylight
5554217,Bicyclist,33.965823,-83.391451,12/16/15 9:40,Injury,2,Daylight
4949728,Bicyclist,30.845788,-83.997341,8/23/14 16:55,Injury,2,Daylight
5933249,Bicyclist,34.037292,-84.646212,9/23/16 18:30,Injury,2,Daylight
5421221,Bicyclist,34.882605,-85.293357,9/5/15 11:41,Injury,2,Daylight
4730683,Bicyclist,33.385974,-84.568308,10/6/13 17:38,Injury,2,Daylight
5777368,Bicyclist,33.578674,-84.374058,5/30/16 13:43,Injury,2,Daylight
6222265,Bicyclist,33.818296,-84.231227,5/7/17 17:28,Injury,2,Daylight
5157291,Bicyclist,32.623781,-83.631641,9/3/14 14:44,Injury,2,Daylight
4721803,Bicyclist,33.838591,-84.130102,1/31/14 16:05,Injury,2,Daylight
6292390,Bicyclist,33.716388,-84.94353,6/27/17 11:12,Injury,2,Daylight
5027913,Bicyclist,34.025722,-84.353592,10/22/14 17:08,Injury,2,Daylight
5298771,Bicyclist,34.781489,-84.971408,4/8/15 20:08,Injury,2,Daylight