incidentIdNbr,crashType,latitude,longitude,dateOfIncidentDate,severity,Mag,lightCondition
5703344,Bicyclist,33.757603,-84.367926,4/4/16 18:20,Injury,2,Daylight
6003736,Bicyclist,33.733242,-85.025492,9/16/16 18:34,Injury,2,Daylight
5527463,Bicyclist,32.04285,-81.102975,11/28/15 11:44,Injury,2,Daylight
5389681,Bicyclist,32.072715,-81.08637,8/14/15 13:07,Injury,2,Daylight
5586318,Bicyclist,31.371487,-81.434232,1/4/16 9:25,Injury,2,Daylight
5359695,Bicyclist,33.745555,-84.349254,7/17/15 11:50,Injury,2,Daylight
4398822,Bicyclist,34.168714,-84.46052,3/30/13 16:04,Injury,2,Daylight
4373099,Bicyclist,32.823955,-83.662625,2/18/13 12:38,Injury,2,Daylight
4844492,Bicyclist,34.02203,-84.043084,5/9/14 22:58,Injury,2,Daylight
6013750,Bicyclist,33.777845,-84.29533,10/4/16 15:38,Injury,2,Daylight
5386242,Bicyclist,33.584764,-83.173333,8/8/15 17:17,Injury,2,Daylight
4643263,Bicyclist,33.477427,-81.996925,10/20/13 18:56,Injury,2,Daylight
4433782,Bicyclist,34.949028,-85.46771,5/4/13 12:29,Injury,2,Daylight
4833056,Bicyclist,33.411389,-82.026131,4/30/14 19:12,Injury,2,Daylight
5157157,Bicyclist,33.77844,-84.29994,9/22/14 11:00,Injury,2,Daylight
5478656,Bicyclist,33.899837,-84.109194,10/12/15 15:51,Injury,2,Daylight
4970890,Bicyclist,32.81541,-83.690691,8/21/14 11:38,Injury,2,Daylight
5995784,Bicyclist,34.326752,-85.172244,11/12/16 14:30,Injury,2,Daylight
6260496,Bicyclist,34.071083,-84.296715,5/31/17 11:11,Injury,2,Daylight
5915574,Bicyclist,32.066591,-84.217529,2/3/16 15:37,Injury,2,Daylight
5885877,Bicyclist,33.922888,-84.379182,8/21/16 8:16,Injury,2,Daylight
5242133,Pedestrian,30.820011,-83.312997,4/3/15 12:00,Property Damaged Only,1,Daylight
5023250,Pedestrian,33.752413,-84.349224,10/16/14 18:17,Property Damaged Only,1,Daylight
5687161,Pedestrian,33.727297,-84.417512,3/20/16 13:30,Property Damaged Only,1,Daylight
4615631,Pedestrian,33.75679,-84.23837,10/22/13 14:58,Property Damaged Only,1,Daylight
5860428,Pedestrian,33.891661,-84.20905,7/30/16 14:18,Property Damaged Only,1,Daylight
4883426,Pedestrian,33.860851,-84.24933,6/20/14 9:00,Property Damaged Only,1,Daylight
5446088,Pedestrian,33.709159,-84.138683,9/28/15 7:25,Property Damaged Only,1,Daylight
5641338,Pedestrian,32.063043,-81.100346,2/18/16 16:59,Property Damaged Only,1,Daylight
6020615,Pedestrian,33.946845,-83.519027,11/30/16 9:06,Property Damaged Only,1,Daylight
5220451,Pedestrian,32.506307,-84.950779,3/18/15 16:55,Property Damaged Only,1,Daylight
4678161,Pedestrian,33.676501,-84.370018,12/3/13 8:50,Property Damaged Only,1,Daylight
5285017,Pedestrian,33.644279,-84.357922,5/9/15 18:00,Property Damaged Only,1,Daylight
6215995,Pedestrian,33.798665,-84.220793,5/2/17 21:00,Property Damaged Only,1,Daylight
5374135,Pedestrian,33.79863,-84.220765,7/30/15 18:25,Property Damaged Only,1,Daylight
4620182,Pedestrian,33.790762,-84.307797,10/25/13 15:48,Property Damaged Only,1,Daylight
5403111,Pedestrian,32.413624,-84.959034,8/25/15 15:55,Property Damaged Only,1,Daylight
6075520,Pedestrian,33.81866,-84.388759,1/11/17 13:08,Property Damaged Only,1,Daylight
6097203,Pedestrian,33.685088,-84.440265,1/27/17 16:27,Property Damaged Only,1,Daylight
5281371,Pedestrian,33.970906,-84.34928,4/17/15 8:00,Property Damaged Only,1,Daylight
4832800,Pedestrian,32.04548,-81.10921,4/30/14 10:30,Property Damaged Only,1,Daylight
6004904,Pedestrian,33.800858,-84.329314,11/18/16 8:35,Property Damaged Only,1,Daylight
6269032,Pedestrian,32.029728,-81.08736,6/9/17 17:44,Property Damaged Only,1,Daylight
5943215,Pedestrian,31.597085,-84.177057,10/1/16 8:38,Property Damaged Only,1,Daylight
5584816,Pedestrian,33.756828,-84.389073,1/5/16 11:10,Property Damaged Only,1,Daylight
5466316,Pedestrian,34.002695,-84.040287,10/12/15 16:10,Property Damaged Only,1,Daylight
5568560,Pedestrian,33.763471,-84.417393,11/30/15 16:10,Property Damaged Only,1,Daylight
4870517,Pedestrian,33.68148,-84.23061,6/6/14 18:10,Property Damaged Only,1,Daylight
5940826,Pedestrian,32.419505,-84.950481,10/1/16 15:55,Property Damaged Only,1,Daylight
4412354,Pedestrian,33.885211,-84.250681,4/12/13 12:45,Property Damaged Only,1,Daylight
4689261,Pedestrian,32.004426,-81.280853,12/28/13 9:48,Property Damaged Only,1,Daylight
6397031,Pedestrian,34.056195,-84.38329,9/15/17 15:46,Property Damaged Only,1,Daylight
5200736,Pedestrian,33.738058,-84.259472,2/25/15 21:30,Property Damaged Only,1,Daylight
5069204,Pedestrian,33.811174,-84.30853,12/1/14 10:04,Property Damaged Only,1,Daylight
4893622,Pedestrian,33.484792,-81.994324,6/30/14 14:30,Property Damaged Only,1,Daylight
4399892,Pedestrian,33.815754,-84.390969,3/27/13 10:30,Property Damaged Only,1,Daylight
5386204,Pedestrian,33.764835,-84.349215,8/8/15 16:40,Property Damaged Only,1,Daylight
4765862,Pedestrian,31.215187,-81.483133,1/28/14 14:40,Property Damaged Only,1,Daylight
4960031,Pedestrian,33.898262,-84.059386,8/26/14 9:30,Property Damaged Only,1,Daylight
6106623,Pedestrian,33.555552,-84.37054,2/2/17 17:20,Property Damaged Only,1,Daylight
5064708,Pedestrian,33.7008,-84.267693,11/25/14 9:09,Property Damaged Only,1,Daylight
4571012,Pedestrian,34.155778,-84.818548,8/17/13 17:17,Property Damaged Only,1,Daylight
4441633,Pedestrian,32.028547,-81.116996,5/13/13 15:30,Property Damaged Only,1,Daylight
5673792,Pedestrian,33.986786,-83.368523,3/14/16 13:55,Property Damaged Only,1,Daylight
6228876,Pedestrian,33.765039,-84.748514,3/9/17 17:22,Property Damaged Only,1,Daylight
6197389,Pedestrian,32.408484,-84.940338,4/17/17 17:00,Property Damaged Only,1,Daylight
5862523,Pedestrian,33.865614,-84.472874,8/1/16 17:24,Property Damaged Only,1,Daylight
4329682,Pedestrian,33.759773,-84.17221,1/17/13 7:48,Property Damaged Only,1,Daylight
5117289,Pedestrian,33.725922,-84.315479,12/30/14 16:31,Property Damaged Only,1,Daylight
4562537,Pedestrian,33.806451,-84.241212,9/4/13 11:15,Property Damaged Only,1,Daylight
5687139,Pedestrian,33.586539,-84.530753,3/14/16 12:00,Property Damaged Only,1,Daylight
5060137,Pedestrian,33.98977,-84.342134,11/21/14 9:06,Property Damaged Only,1,Daylight
5643979,Pedestrian,33.936079,-84.50448,2/20/16 14:00,Property Damaged Only,1,Daylight
5296997,Pedestrian,34.231049,-85.159774,5/20/15 16:20,Property Damaged Only,1,Daylight
4849457,Pedestrian,33.77791,-84.40201,3/25/14 19:15,Property Damaged Only,1,Daylight
4496287,Pedestrian,33.747345,-84.319822,6/21/13 11:57,Property Damaged Only,1,Daylight
4660389,Pedestrian,33.709811,-84.271855,12/2/13 13:20,Property Damaged Only,1,Daylight
6024461,Pedestrian,33.92466,-84.382717,12/4/16 12:10,Property Damaged Only,1,Daylight
5972879,Pedestrian,31.568053,-84.176296,10/24/16 7:33,Property Damaged Only,1,Daylight
5009489,Pedestrian,34.097277,-84.014969,10/6/14 12:35,Property Damaged Only,1,Daylight
6381325,Pedestrian,32.059826,-81.096615,9/5/17 16:59,Property Damaged Only,1,Daylight
5771836,Pedestrian,33.92881,-84.236714,5/23/16 6:50,Property Damaged Only,1,Daylight
6304206,Pedestrian,32.029358,-81.069547,7/10/17 14:20,Property Damaged Only,1,Daylight
5364790,Pedestrian,33.783274,-83.698564,7/14/15 15:00,Property Damaged Only,1,Daylight
6018140,Pedestrian,33.823574,-84.367203,11/28/16 13:06,Property Damaged Only,1,Daylight
4700242,Pedestrian,34.922637,-84.02309,1/10/14 15:58,Property Damaged Only,1,Daylight
5742977,Pedestrian,33.400392,-84.773901,4/21/16 7:37,Property Damaged Only,1,Daylight
6379438,Pedestrian,33.936609,-83.322629,9/1/17 16:00,Property Damaged Only,1,Daylight
5768120,Pedestrian,33.762746,-84.196529,5/23/16 16:55,Property Damaged Only,1,Daylight
4907152,Pedestrian,34.01079,-84.073108,7/14/14 12:58,Property Damaged Only,1,Daylight
5165938,Pedestrian,34.053657,-84.285586,2/1/15 11:26,Property Damaged Only,1,Daylight
4659214,Pedestrian,34.277984,-83.879989,12/1/13 10:57,Property Damaged Only,1,Daylight
5108237,Pedestrian,34.095043,-83.938552,12/24/14 14:12,Property Damaged Only,1,Daylight
6173015,Pedestrian,32.46419,-84.96029,3/31/17 12:25,Property Damaged Only,1,Daylight
6274363,Pedestrian,33.934995,-84.379083,6/14/17 14:51,Property Damaged Only,1,Daylight
4899464,Pedestrian,33.764968,-84.417441,6/30/14 16:20,Property Damaged Only,1,Daylight
5258119,Pedestrian,34.07572,-84.296425,4/17/15 19:07,Property Damaged Only,1,Daylight
4845139,Pedestrian,34.011834,-84.564521,5/12/14 21:50,Property Damaged Only,1,Daylight
5038684,Pedestrian,32.51651,-84.96818,11/3/14 13:39,Property Damaged Only,1,Daylight
4712317,Pedestrian,33.865189,-84.33705,1/21/14 7:30,Property Damaged Only,1,Daylight
4549026,Pedestrian,33.601394,-84.446236,8/23/13 14:45,Property Damaged Only,1,Daylight
5052307,Pedestrian,33.564056,-84.371072,11/13/14 14:57,Property Damaged Only,1,Daylight
6490642,Pedestrian,33.483544,-84.209949,11/28/17 16:25,Property Damaged Only,1,Daylight
5680349,Pedestrian,31.16782,-81.496025,3/18/16 18:28,Property Damaged Only,1,Daylight
4792188,Pedestrian,34.93407,-85.34602,4/14/14 7:00,Fatal,3,Daylight
5914399,Pedestrian,32.888487,-83.743344,9/12/16 9:21,Fatal,3,Daylight
4954339,Pedestrian,33.948104,-83.52788,8/25/14 8:57,Fatal,3,Daylight
4670220,Pedestrian,33.460026,-82.1126,12/9/13 7:11,Fatal,3,Daylight
4706120,Pedestrian,33.53999,-85.02957,1/13/14 12:18,Injury,2,Daylight
4638694,Pedestrian,33.244403,-84.263905,11/12/13 17:41,Injury,2,Daylight
5101814,Pedestrian,33.55682,-84.58587,2/11/14 8:54,Injury,2,Daylight
4530791,Pedestrian,30.68944,-83.272995,8/4/13 19:28,Injury,2,Daylight
5053142,Pedestrian,31.575334,-84.158928,11/17/14 8:06,Injury,2,Daylight
4566969,Pedestrian,32.913701,-83.696196,8/10/13 12:40,Injury,2,Daylight
6104548,Pedestrian,33.838194,-84.373355,1/25/17 17:50,Injury,2,Daylight
5370024,Pedestrian,33.77511,-84.389545,7/23/15 17:02,Injury,2,Daylight
6177985,Pedestrian,30.734869,-81.54524,10/26/16 13:19,Injury,2,Daylight
5413823,Pedestrian,33.689348,-84.011434,9/3/15 10:05,Injury,2,Daylight
6455906,Pedestrian,33.616277,-84.465732,10/28/17 13:51,Injury,2,Daylight
5706897,Pedestrian,33.69043,-84.494544,4/8/16 10:42,Injury,2,Daylight
5787536,Pedestrian,33.825876,-84.195791,6/8/16 7:40,Injury,2,Daylight
5430725,Pedestrian,33.953595,-83.393637,9/18/15 7:26,Injury,2,Daylight
5438478,Pedestrian,33.949707,-84.574697,9/3/15 15:24,Injury,2,Daylight
6126717,Pedestrian,31.320872,-84.33758,2/19/17 19:19,Injury,2,Daylight
5215655,Pedestrian,33.752639,-84.391699,3/9/15 14:08,Injury,2,Daylight
4763171,Pedestrian,33.776654,-84.453984,3/11/14 16:43,Injury,2,Daylight
6024153,Pedestrian,32.524147,-84.915482,12/4/16 9:22,Injury,2,Daylight
4842247,Pedestrian,33.291564,-84.30409,5/9/14 7:55,Injury,2,Daylight
5042273,Pedestrian,33.7403,-84.21802,11/5/14 16:30,Injury,2,Daylight
5393548,Pedestrian,33.930996,-84.343903,6/29/15 13:14,Injury,2,Daylight
5810957,Pedestrian,33.980781,-84.557574,6/20/16 15:15,Injury,2,Daylight
4623955,Pedestrian,33.723493,-84.243023,10/29/13 12:11,Injury,2,Daylight
6513538,Pedestrian,33.46819,-81.96894,12/12/17 11:50,Injury,2,Daylight
6406230,Pedestrian,33.748084,-84.387834,9/25/17 10:55,Injury,2,Daylight
4432509,Pedestrian,34.817703,-85.03546,4/30/13 16:30,Injury,2,Daylight
6083451,Pedestrian,33.452263,-84.325954,1/16/17 16:30,Injury,2,Daylight
5339001,Pedestrian,33.882548,-84.219707,6/28/15 9:42,Injury,2,Daylight
6188845,Pedestrian,33.707268,-84.407939,4/9/17 11:56,Injury,2,Daylight
4916154,Pedestrian,33.87026,-83.39691,7/23/14 14:39,Injury,2,Daylight
4318295,Pedestrian,33.80345,-84.39312,1/2/13 15:25,Injury,2,Daylight
6147556,Pedestrian,33.596819,-83.961557,3/10/17 17:42,Injury,2,Daylight
5521630,Pedestrian,34.754398,-85.396403,11/23/15 8:30,Injury,2,Daylight
6212457,Pedestrian,33.733588,-84.228638,4/30/17 0:00,Injury,2,Daylight
5774633,Pedestrian,33.903838,-84.372667,5/27/16 6:04,Injury,2,Daylight
5945563,Pedestrian,33.886474,-83.127202,10/3/16 11:11,Injury,2,Daylight
5837081,Pedestrian,33.756671,-83.853878,7/12/16 18:23,Injury,2,Daylight
4750577,Pedestrian,32.024369,-81.094511,3/4/14 10:14,Injury,2,Daylight
4356675,Pedestrian,34.03198,-83.31553,2/16/13 14:13,Injury,2,Daylight
4612562,Pedestrian,34.161602,-84.79525,10/17/13 15:44,Injury,2,Daylight
5305124,Pedestrian,32.079221,-81.093051,5/27/15 10:54,Injury,2,Daylight
5443293,Pedestrian,33.841083,-84.200899,9/26/15 11:10,Injury,2,Daylight
4754731,Pedestrian,32.075649,-81.098926,3/8/14 11:08,Injury,2,Daylight
4601311,Pedestrian,34.002432,-84.142842,8/16/13 14:20,Injury,2,Daylight
4434304,Pedestrian,33.773492,-84.367648,4/24/13 12:30,Injury,2,Daylight
4475891,Pedestrian,31.973724,-83.76244,6/10/13 17:46,Injury,2,Daylight
4883177,Pedestrian,33.789402,-84.62344,6/19/14 10:30,Injury,2,Daylight
5652866,Pedestrian,33.740104,-84.168357,2/28/16 14:32,Injury,2,Daylight
6486828,Pedestrian,33.410122,-84.163159,11/27/17 11:04,Injury,2,Daylight
4354039,Pedestrian,33.57257,-84.360954,2/12/13 14:36,Injury,2,Daylight
5874249,Pedestrian,33.516402,-84.734656,7/29/16 17:20,Injury,2,Daylight
4436816,Pedestrian,33.271526,-82.9617,4/29/13 16:03,Injury,2,Daylight
4401555,Pedestrian,33.92487,-84.20795,3/28/13 0:00,Injury,2,Daylight
5106086,Pedestrian,33.655218,-84.278719,12/25/14 13:36,Injury,2,Daylight
6407113,Pedestrian,33.958718,-83.378837,9/26/17 18:30,Injury,2,Daylight
5929968,Pedestrian,33.707133,-84.272054,9/22/16 10:50,Injury,2,Daylight
5051013,Pedestrian,33.439559,-84.267106,11/13/14 14:38,Injury,2,Daylight
4448305,Pedestrian,33.82949,-83.84092,5/15/13 11:45,Injury,2,Daylight
4866015,Pedestrian,30.91533,-84.54501,5/31/14 19:35,Injury,2,Daylight
6363322,Pedestrian,32.035806,-81.106989,8/22/17 11:36,Injury,2,Daylight
6418120,Pedestrian,34.109832,-84.593803,10/5/17 17:50,Injury,2,Daylight
6358629,Pedestrian,32.06387,-81.103488,8/18/17 8:17,Injury,2,Daylight
5405203,Pedestrian,33.771287,-84.384997,8/24/15 9:45,Injury,2,Daylight
4396604,Pedestrian,32.48272,-84.98656,3/27/13 10:30,Injury,2,Daylight
5401431,Pedestrian,33.92218,-84.379164,8/24/15 12:00,Injury,2,Daylight
6270153,Pedestrian,32.041169,-81.110879,6/11/17 18:41,Injury,2,Daylight
4877450,Pedestrian,32.036893,-81.102639,6/14/14 11:30,Injury,2,Daylight
4585259,Pedestrian,33.025104,-85.030151,9/28/13 12:28,Injury,2,Daylight
5180305,Pedestrian,33.756004,-84.491991,2/3/15 8:28,Injury,2,Daylight
4885363,Pedestrian & Bicyclist,33.901279,-84.204976,6/20/14 17:30,Property Damaged Only,1,Daylight
5958792,Pedestrian & Bicyclist,33.806518,-84.163805,10/15/16 9:31,Property Damaged Only,1,Daylight
4449905,Bicyclist,34.054913,-84.174341,4/22/13 17:39,Property Damaged Only,1,Daylight
5628238,Bicyclist,33.773693,-84.368782,2/4/16 16:30,Property Damaged Only,1,Daylight
6217254,Bicyclist,34.823196,-85.325398,4/9/17 10:42,Property Damaged Only,1,Daylight
5580823,Bicyclist,32.444411,-81.778871,12/18/15 15:38,Property Damaged Only,1,Daylight
5438510,Bicyclist,33.942979,-84.40422,9/4/15 8:23,Property Damaged Only,1,Daylight
5331535,Bicyclist,33.781883,-84.368616,6/15/15 18:21,Property Damaged Only,1,Daylight
5334121,Bicyclist,33.601849,-84.339901,6/23/15 18:39,Property Damaged Only,1,Daylight
5247813,Bicyclist,33.75772,-84.36456,4/7/15 18:40,Property Damaged Only,1,Daylight
4867897,Bicyclist,33.993443,-84.547885,5/24/14 12:15,Property Damaged Only,1,Daylight
6471706,Bicyclist,33.747512,-84.387596,11/7/17 16:05,Property Damaged Only,1,Daylight
4666296,Bicyclist,33.88568,-84.476795,10/5/13 10:30,Property Damaged Only,1,Daylight
4318023,Bicyclist,33.95026,-84.235191,1/1/13 16:59,Property Damaged Only,1,Daylight
5298333,Bicyclist,32.058059,-81.110663,5/21/15 18:38,Property Damaged Only,1,Daylight
4471060,Bicyclist,33.840464,-84.610658,6/6/13 8:00,Property Damaged Only,1,Daylight
6470844,Bicyclist,33.511658,-82.041427,11/13/17 8:21,Property Damaged Only,1,Daylight
5874681,Bicyclist,33.695465,-84.310017,4/5/16 15:30,Property Damaged Only,1,Daylight
4643341,Bicyclist,31.174899,-83.790063,10/29/13 17:26,Property Damaged Only,1,Daylight
5403001,Bicyclist,33.606274,-84.403923,8/20/15 18:20,Property Damaged Only,1,Daylight
4566875,Bicyclist,31.204091,-81.474793,6/24/13 10:36,Property Damaged Only,1,Daylight
5884783,Bicyclist,34.769676,-84.949903,7/3/16 19:18,Property Damaged Only,1,Daylight
5030196,Bicyclist,32.061856,-81.092555,10/26/14 14:24,Property Damaged Only,1,Daylight
4872796,Bicyclist,33.801422,-83.721567,6/3/14 18:25,Property Damaged Only,1,Daylight
6051530,Bicyclist,34.2607,-85.176417,12/22/16 13:40,Property Damaged Only,1,Daylight
5003737,Bicyclist,34.017664,-84.311777,10/1/14 16:14,Property Damaged Only,1,Daylight
6158518,Bicyclist,33.783444,-84.354562,3/18/17 13:05,Property Damaged Only,1,Daylight
4615200,Bicyclist,33.752486,-84.402758,10/20/13 14:35,Property Damaged Only,1,Daylight
5972363,Bicyclist,31.227237,-81.533932,10/23/16 10:53,Property Damaged Only,1,Daylight
5758333,Bicyclist,33.758834,-84.300245,4/8/16 15:25,Property Damaged Only,1,Daylight
5313456,Bicyclist,33.605283,-84.285181,6/3/15 14:30,Property Damaged Only,1,Daylight
4930698,Bicyclist,31.035652,-83.069225,8/2/14 18:45,Property Damaged Only,1,Daylight
5908885,Bicyclist,34.83661,-83.728083,2/29/16 16:44,Property Damaged Only,1,Daylight
5857455,Bicyclist,33.857536,-84.343396,7/31/16 11:07,Property Damaged Only,1,Daylight
6097835,Bicyclist,33.514613,-82.126991,12/29/16 13:10,Property Damaged Only,1,Daylight
4714854,Bicyclist,33.831414,-84.031471,1/9/14 13:33,Injury,2,Daylight
5268337,Bicyclist,34.019311,-84.553591,4/26/15 15:53,Injury,2,Daylight
4609670,Bicyclist,32.424471,-84.939604,10/17/13 17:00,Injury,2,Daylight
5149240,Bicyclist,34.108322,-84.154542,9/9/14 19:11,Injury,2,Daylight
6282110,Bicyclist,33.304775,-84.18974,6/19/17 18:08,Injury,2,Daylight
4479911,Bicyclist,33.75765,-84.372109,6/11/13 18:43,Injury,2,Daylight
4574089,Bicyclist,31.50847,-82.83805,9/18/13 14:03,Injury,2,Daylight
5224527,Bicyclist,32.450626,-84.908216,3/21/15 12:52,Injury,2,Daylight
6395305,Bicyclist,32.628725,-83.679932,9/17/17 14:19,Injury,2,Daylight
4483987,Bicyclist,33.783012,-84.351564,6/18/13 17:53,Injury,2,Daylight
5316610,Bicyclist,33.88482,-84.463865,6/7/15 19:33,Injury,2,Daylight
4679118,Bicyclist,30.77942,-81.62375,11/8/13 7:05,Injury,2,Daylight
5747170,Bicyclist,31.959143,-83.78631,4/29/16 17:28,Injury,2,Daylight
6537995,Bicyclist,33.754733,-84.417547,12/9/17 16:30,Injury,2,Daylight
4525718,Bicyclist,33.296573,-83.96909,7/30/13 19:12,Injury,2,Daylight
4383596,Bicyclist,33.880854,-84.650303,3/16/13 19:34,Injury,2,Daylight
4984536,Bicyclist,34.22522,-84.81885,9/16/14 12:55,Injury,2,Daylight
4505591,Bicyclist,34.754417,-84.92741,7/14/13 15:19,Injury,2,Daylight
4714589,Bicyclist,33.935392,-83.97922,1/25/14 14:44,Injury,2,Daylight
5466658,Bicyclist,34.29728,-84.732447,10/11/15 15:29,Injury,2,Daylight
4944328,Bicyclist,34.062307,-84.074058,8/15/14 9:00,Injury,2,Daylight
6211179,Bicyclist,33.463258,-82.214707,3/25/17 14:02,Injury,2,Daylight
5473903,Bicyclist,33.77236,-84.383324,10/16/15 16:16,Injury,2,Daylight
5962865,Bicyclist,33.544687,-82.100378,9/10/16 17:08,Injury,2,Daylight
5508002,Bicyclist,33.929057,-83.380229,11/12/15 6:48,Injury,2,Daylight
5499052,Bicyclist,32.078342,-81.095055,11/5/15 12:27,Injury,2,Daylight
4919652,Bicyclist,33.838224,-84.373534,7/16/14 19:30,Injury,2,Daylight
5304120,Bicyclist,33.797937,-84.150942,5/23/15 18:28,Injury,2,Daylight
4796062,Bicyclist,32.062914,-81.090045,4/18/14 8:59,Injury,2,Daylight
6491463,Pedestrian,33.814366,-84.561682,11/27/17 6:46,Property Damaged Only,1,Daylight
6464356,Pedestrian,33.99902,-83.989801,11/5/17 10:35,Property Damaged Only,1,Daylight
4979299,Pedestrian,33.753445,-84.344717,9/10/14 15:38,Property Damaged Only,1,Daylight
5790092,Pedestrian,32.004824,-81.117644,6/10/16 19:42,Property Damaged Only,1,Daylight
5788678,Pedestrian,32.837102,-83.642503,6/7/16 9:34,Property Damaged Only,1,Daylight
5264665,Pedestrian,33.997923,-84.546954,4/22/15 18:00,Property Damaged Only,1,Daylight
5549275,Pedestrian,33.773227,-84.288136,10/22/15 7:47,Property Damaged Only,1,Daylight
4687352,Pedestrian,33.75205,-84.39216,12/24/13 13:54,Property Damaged Only,1,Daylight
5479443,Pedestrian,32.072231,-81.084065,10/22/15 18:30,Property Damaged Only,1,Daylight
4555598,Pedestrian,32.036476,-81.144085,8/29/13 11:07,Property Damaged Only,1,Daylight
5267929,Pedestrian,33.839695,-84.313009,4/27/15 11:30,Property Damaged Only,1,Daylight
5633716,Pedestrian,33.715529,-84.273475,12/12/15 14:10,Property Damaged Only,1,Daylight
6254240,Pedestrian,234.21882,142.587096,5/29/17 15:30,Property Damaged Only,1,Daylight
4540126,Pedestrian,33.694993,-84.262562,8/15/13 12:10,Property Damaged Only,1,Daylight
4567059,Pedestrian,32.906168,-83.771828,8/14/13 16:10,Property Damaged Only,1,Daylight
4633884,Pedestrian,34.022145,-84.325596,11/6/13 12:06,Property Damaged Only,1,Daylight
5853598,Pedestrian,33.821439,-84.36733,7/21/16 14:25,Property Damaged Only,1,Daylight
5276904,Pedestrian,33.983445,-84.427241,5/4/15 11:07,Property Damaged Only,1,Daylight
5176444,Pedestrian,32.079296,-81.086043,2/13/15 15:58,Property Damaged Only,1,Daylight
5450244,Pedestrian,33.589737,-83.876066,10/1/15 11:05,Property Damaged Only,1,Daylight
5679885,Pedestrian,33.466313,-82.085025,3/18/16 15:00,Property Damaged Only,1,Daylight
6467634,Pedestrian,34.019006,-84.532712,11/10/17 8:57,Property Damaged Only,1,Daylight
4382855,Pedestrian,31.95829,-81.09834,3/15/13 13:20,Property Damaged Only,1,Daylight
4634467,Pedestrian,33.805067,-84.335075,11/8/13 8:00,Property Damaged Only,1,Daylight
5734520,Pedestrian,33.781771,-84.371508,4/22/16 8:45,Property Damaged Only,1,Daylight
6167494,Pedestrian,31.98204,-81.174136,3/27/17 18:42,Property Damaged Only,1,Daylight
4397043,Pedestrian,33.964544,-84.192009,3/25/13 9:03,Property Damaged Only,1,Daylight
5845658,Pedestrian,34.15129,-84.174878,5/22/16 12:39,Property Damaged Only,1,Daylight
4673248,Pedestrian,31.566056,-84.203235,12/12/13 9:48,Property Damaged Only,1,Daylight
5832885,Pedestrian,33.93663,-84.512926,7/13/16 19:31,Property Damaged Only,1,Daylight
4867756,Pedestrian,33.772991,-84.417547,5/30/14 16:00,Property Damaged Only,1,Daylight
5490854,Pedestrian,31.831221,-81.605541,9/14/15 7:51,Property Damaged Only,1,Daylight
5321879,Pedestrian,33.767476,-84.384073,6/3/15 18:06,Property Damaged Only,1,Daylight
4678706,Pedestrian,33.762522,-84.199991,12/17/13 15:40,Property Damaged Only,1,Daylight
6048930,Pedestrian,33.801899,-84.372353,12/20/16 13:56,Property Damaged Only,1,Daylight
4443269,Pedestrian,33.967201,-84.323681,4/25/13 16:29,Property Damaged Only,1,Daylight
5203793,Pedestrian,33.747896,-85.287994,3/1/15 18:20,Property Damaged Only,1,Daylight
6137350,Pedestrian,32.43101,-84.93865,3/3/17 17:34,Property Damaged Only,1,Daylight
4473389,Pedestrian,34.194311,-84.507542,6/9/13 19:30,Property Damaged Only,1,Daylight
4531919,Pedestrian,33.975782,-84.352345,7/15/13 19:20,Property Damaged Only,1,Daylight
6130818,Pedestrian,33.73758,-84.240114,2/26/17 15:34,Property Damaged Only,1,Daylight
6365417,Pedestrian,32.878892,-83.693895,8/23/17 10:50,Property Damaged Only,1,Daylight
6206260,Pedestrian,33.641534,-84.445418,3/30/17 14:00,Property Damaged Only,1,Daylight
5953679,Pedestrian,33.764848,-84.371944,9/26/16 15:03,Property Damaged Only,1,Daylight
6510300,Pedestrian,33.752863,-84.402647,11/29/17 7:39,Property Damaged Only,1,Daylight
5014157,Pedestrian,33.833364,-84.611877,10/10/14 17:34,Property Damaged Only,1,Daylight
4733586,Pedestrian,32.073282,-84.232578,2/7/14 13:19,Property Damaged Only,1,Daylight
5676647,Pedestrian,32.572715,-83.64663,3/4/16 16:28,Property Damaged Only,1,Daylight
6167174,Pedestrian,33.787046,-84.212893,3/27/17 8:39,Property Damaged Only,1,Daylight
4769183,Pedestrian,33.681276,-84.230048,3/21/14 17:24,Property Damaged Only,1,Daylight
5021911,Pedestrian,33.828603,-84.358036,10/3/14 19:19,Property Damaged Only,1,Daylight
4403954,Pedestrian,33.06683,-83.21936,4/3/13 19:23,Property Damaged Only,1,Daylight