incidentIdNbr,crashType,latitude,longitude,dateOfIncidentDate,severity,Mag,lightCondition
5417615,Pedestrian,33.785035,-84.205493,9/8/15 6:45,Property Damaged Only,1,Daylight
5900593,Pedestrian,31.031956,-82.75295,8/31/16 18:33,Property Damaged Only,1,Daylight
4415784,Pedestrian,32.547397,-83.120484,4/16/13 13:30,Property Damaged Only,1,Daylight
5135245,Pedestrian,33.40099,-84.581546,1/21/15 9:23,Property Damaged Only,1,Daylight
5745744,Pedestrian,34.132209,-84.483282,5/7/16 11:01,Property Damaged Only,1,Daylight
5538568,Pedestrian,32.848924,-83.655308,12/5/15 15:17,Property Damaged Only,1,Daylight
6099992,Pedestrian,34.104805,-84.269816,1/31/17 14:40,Property Damaged Only,1,Daylight
5019461,Pedestrian,33.537843,-84.36543,10/16/14 0:00,Property Damaged Only,1,Daylight
6510374,Pedestrian,33.760956,-84.38604,12/1/17 13:31,Property Damaged Only,1,Daylight
4767149,Pedestrian,32.077734,-81.092729,3/19/14 10:34,Property Damaged Only,1,Daylight
5800440,Pedestrian,32.036413,-81.065708,6/18/16 20:08,Property Damaged Only,1,Daylight
4861181,Pedestrian,33.991954,-84.086368,5/20/14 20:00,Property Damaged Only,1,Daylight
6239375,Pedestrian,33.855384,-84.010516,5/17/17 7:10,Property Damaged Only,1,Daylight
5258893,Pedestrian,30.856961,-83.276465,4/20/15 17:14,Property Damaged Only,1,Daylight
4315251,Pedestrian,33.729498,-84.281457,1/2/13 17:30,Property Damaged Only,1,Daylight
6016494,Pedestrian,33.758434,-84.348287,11/26/16 10:30,Property Damaged Only,1,Daylight
5651740,Pedestrian,33.772953,-84.295026,1/15/16 7:33,Property Damaged Only,1,Daylight
6069949,Pedestrian,32.620867,-83.620134,1/6/17 13:52,Property Damaged Only,1,Daylight
4565462,Pedestrian,32.47512,-84.987619,9/10/13 6:36,Property Damaged Only,1,Daylight
5007703,Pedestrian,33.740372,-84.349467,9/27/14 12:00,Property Damaged Only,1,Daylight
4588245,Pedestrian,32.246275,-83.797489,10/1/13 13:00,Property Damaged Only,1,Daylight
5000682,Pedestrian,33.833217,-84.383885,9/25/14 15:30,Property Damaged Only,1,Daylight
5755688,Pedestrian,31.997507,-81.257984,5/14/16 17:45,Property Damaged Only,1,Daylight
5882368,Pedestrian,32.057841,-81.100008,8/18/16 12:45,Property Damaged Only,1,Daylight
5173626,Pedestrian,33.946066,-83.351575,2/9/15 17:17,Property Damaged Only,1,Daylight
4645387,Pedestrian,33.790108,-84.395257,11/12/13 16:57,Property Damaged Only,1,Daylight
5940245,Pedestrian,33.792576,-84.281275,10/1/16 0:00,Property Damaged Only,1,Daylight
6225562,Pedestrian,34.045971,-84.222746,3/14/17 16:33,Property Damaged Only,1,Daylight
6360880,Pedestrian,33.775116,-84.388819,7/11/17 14:10,Property Damaged Only,1,Daylight
4574106,Pedestrian,33.10202,-83.24865,9/19/13 13:42,Property Damaged Only,1,Daylight
6379550,Pedestrian,33.738,-84.417735,8/4/17 14:16,Property Damaged Only,1,Daylight
6485659,Pedestrian,31.136979,-81.395505,11/23/17 15:05,Property Damaged Only,1,Daylight
5370606,Pedestrian,34.035792,-84.023705,7/24/15 13:09,Property Damaged Only,1,Daylight
6454638,Pedestrian,33.784416,-84.256372,11/1/17 15:57,Property Damaged Only,1,Daylight
5631239,Pedestrian,34.088207,-85.212745,11/6/15 13:00,Property Damaged Only,1,Daylight
5847348,Pedestrian,34.152693,-84.173883,5/27/16 9:54,Property Damaged Only,1,Daylight
4460289,Pedestrian,34.292024,-85.241206,5/21/13 18:02,Property Damaged Only,1,Daylight
5847294,Pedestrian,34.232161,-84.085144,7/3/16 19:22,Property Damaged Only,1,Daylight
4327386,Pedestrian,33.653576,-84.493606,1/15/13 14:53,Property Damaged Only,1,Daylight
4935490,Pedestrian,33.664122,-84.027021,8/11/14 11:06,Property Damaged Only,1,Daylight
4759600,Pedestrian,32.479617,-84.987644,3/12/14 19:03,Property Damaged Only,1,Daylight
6124041,Pedestrian,32.054944,-81.101132,2/13/17 14:25,Property Damaged Only,1,Daylight
4967183,Pedestrian,33.812013,-84.197529,9/7/14 8:30,Property Damaged Only,1,Daylight
4796929,Pedestrian,33.935703,-84.379257,4/19/14 12:39,Property Damaged Only,1,Daylight
6179329,Pedestrian,33.71755,-84.14582,4/4/17 15:31,Property Damaged Only,1,Daylight
4359269,Pedestrian,33.94936,-84.14301,2/18/13 13:11,Property Damaged Only,1,Daylight
5969824,Pedestrian,33.78155,-84.407476,10/19/16 9:23,Property Damaged Only,1,Daylight
5240529,Pedestrian,32.053403,-81.105986,4/3/15 11:32,Property Damaged Only,1,Daylight
5275734,Pedestrian,34.052487,-84.075425,4/29/15 8:54,Property Damaged Only,1,Daylight
5513100,Pedestrian,33.681136,-84.401082,11/14/15 13:18,Property Damaged Only,1,Daylight
5872023,Pedestrian,33.819141,-84.353797,8/9/16 11:53,Property Damaged Only,1,Daylight
6153236,Pedestrian,33.933619,-84.17258,3/16/17 17:05,Property Damaged Only,1,Daylight
4681095,Pedestrian,33.791312,-84.394649,12/18/13 12:40,Property Damaged Only,1,Daylight
4628124,Pedestrian,33.947024,-83.40519,10/31/13 13:17,Property Damaged Only,1,Daylight
5852996,Pedestrian,31.625263,-84.273515,4/16/16 17:14,Property Damaged Only,1,Daylight
4928694,Pedestrian,33.573646,-84.465239,8/5/14 19:00,Property Damaged Only,1,Daylight
5909614,Pedestrian,33.754447,-84.97553,7/25/16 18:21,Property Damaged Only,1,Daylight
5725192,Pedestrian,33.986968,-83.716449,3/2/16 14:59,Property Damaged Only,1,Daylight
5133858,Pedestrian,33.818845,-84.231496,1/17/15 9:03,Property Damaged Only,1,Daylight
6275518,Pedestrian,31.201728,-81.483727,6/14/17 11:43,Property Damaged Only,1,Daylight
6188213,Pedestrian,33.943548,-84.338022,4/10/17 19:29,Property Damaged Only,1,Daylight
6131716,Pedestrian,33.78926,-84.332906,2/27/17 7:58,Property Damaged Only,1,Daylight
4899458,Pedestrian,32.047703,-81.083532,7/7/14 11:03,Property Damaged Only,1,Daylight
6603075,Pedestrian,33.775585,-84.298861,12/23/17 15:03,Property Damaged Only,1,Daylight
6035935,Pedestrian,34.272382,-83.917562,12/8/16 13:10,Fatal,3,Daylight
5169992,Pedestrian,33.02878,-85.006514,2/7/15 16:52,Fatal,3,Daylight
5959928,Pedestrian,31.555249,-84.094399,10/15/16 18:37,Fatal,3,Daylight
5998990,Pedestrian,34.04314,-84.195664,9/29/16 15:44,Injury,2,Daylight
6260958,Pedestrian,33.35852,-84.75508,5/27/17 14:34,Injury,2,Daylight
6463152,Pedestrian,33.718945,-84.211053,11/7/17 15:10,Injury,2,Daylight
4505439,Pedestrian,33.989148,-84.088174,7/12/13 17:43,Injury,2,Daylight
4463733,Pedestrian,32.051742,-81.111233,5/31/13 19:34,Injury,2,Daylight
5986735,Pedestrian,32.482126,-84.94166,11/4/16 15:58,Injury,2,Daylight
5198664,Pedestrian,32.02864,-81.11707,2/27/15 7:34,Injury,2,Daylight
6078622,Pedestrian,34.013977,-84.552805,1/12/17 18:35,Injury,2,Daylight
4795653,Pedestrian,33.998664,-83.419349,4/9/14 9:15,Injury,2,Daylight
5771052,Pedestrian,33.65407,-84.188112,5/25/16 13:05,Injury,2,Daylight
4399041,Pedestrian,34.302552,-83.838542,3/30/13 16:23,Injury,2,Daylight
6534168,Pedestrian,33.590713,-84.365901,12/30/17 15:59,Injury,2,Daylight
6193222,Pedestrian,33.944814,-84.009056,3/23/17 17:02,Injury,2,Daylight
4773781,Pedestrian,31.82183,-82.65263,3/23/14 17:14,Injury,2,Daylight
5723939,Pedestrian,33.319655,-84.344345,4/18/16 18:28,Injury,2,Daylight
4621586,Pedestrian,33.615275,-84.472694,9/12/13 16:06,Injury,2,Daylight
5105139,Pedestrian,33.95228,-84.550092,12/9/14 11:14,Injury,2,Daylight
6533613,Pedestrian,32.439055,-84.954073,12/30/17 11:45,Injury,2,Daylight
6161735,Pedestrian,34.118612,-84.146847,11/16/16 11:30,Injury,2,Daylight
5864956,Pedestrian,33.573183,-84.37153,8/4/16 13:45,Injury,2,Daylight
5056967,Pedestrian,33.939102,-84.206588,2/18/14 10:30,Injury,2,Daylight
4395364,Pedestrian,33.701965,-83.79661,3/18/13 7:47,Injury,2,Daylight
5054597,Pedestrian,30.836257,-83.281673,11/14/14 9:59,Injury,2,Daylight
5328036,Pedestrian,33.881014,-84.219191,6/17/15 7:50,Injury,2,Daylight
4383589,Pedestrian,33.954136,-84.529695,3/15/13 14:00,Injury,2,Daylight
6000614,Pedestrian,33.226735,-84.233474,11/10/16 7:50,Injury,2,Daylight
4696329,Pedestrian,33.95341,-84.658951,12/30/13 12:58,Injury,2,Daylight
5906548,Pedestrian,33.338866,-81.995192,9/5/16 19:50,Injury,2,Daylight
6412512,Pedestrian,33.940326,-84.246851,9/30/17 16:45,Injury,2,Daylight
5171158,Pedestrian,34.251819,-85.173599,2/9/15 11:15,Injury,2,Daylight
5724202,Pedestrian,34.03368,-84.739548,4/12/16 8:22,Injury,2,Daylight
6019230,Pedestrian,33.96025,-83.379352,11/29/16 13:00,Injury,2,Daylight
5918008,Pedestrian,34.00474,-84.085723,9/12/16 13:40,Injury,2,Daylight
4704716,Pedestrian,32.008699,-81.10928,1/14/14 15:50,Injury,2,Daylight
4763222,Pedestrian,33.955878,-84.091571,3/14/14 17:38,Injury,2,Daylight
6275963,Pedestrian,34.5471,-83.3144,6/14/17 16:16,Injury,2,Daylight
5061503,Pedestrian,32.20999,-83.74656,11/21/14 12:00,Injury,2,Daylight
4613949,Pedestrian,32.81476,-83.64949,9/24/13 17:15,Injury,2,Daylight
4385246,Pedestrian,33.478883,-82.031279,2/20/13 18:37,Injury,2,Daylight
5678306,Pedestrian,33.820482,-84.409662,3/11/16 11:19,Injury,2,Daylight
5599128,Pedestrian,33.726128,-84.388054,1/13/16 15:59,Injury,2,Daylight
5648303,Pedestrian,33.950325,-84.197142,2/18/16 15:49,Injury,2,Daylight
4533358,Pedestrian,31.201707,-81.48384,8/4/13 17:00,Injury,2,Daylight
4739665,Pedestrian,33.893982,-84.114416,2/19/14 17:30,Injury,2,Daylight
5129150,Pedestrian,33.550667,-84.437034,1/14/15 14:20,Injury,2,Daylight
4518856,Pedestrian,34.14931,-84.60576,7/22/13 19:54,Injury,2,Daylight
5858931,Pedestrian,33.779938,-84.264388,8/1/16 11:30,Injury,2,Daylight
5691170,Pedestrian,33.71306,-84.272164,3/28/16 12:25,Injury,2,Daylight
6092512,Pedestrian,34.143532,-83.955445,1/24/17 10:04,Injury,2,Daylight
5961878,Pedestrian,31.266738,-81.501094,10/17/16 17:55,Injury,2,Daylight
4415962,Pedestrian,31.142893,-81.484957,4/17/13 7:26,Injury,2,Daylight
5909023,Pedestrian,33.972887,-84.184334,8/31/16 15:17,Injury,2,Daylight
4539681,Pedestrian,33.804351,-84.26744,8/14/13 16:05,Injury,2,Daylight
5903018,Pedestrian,32.03429,-81.071565,9/3/16 2:22,Injury,2,Daylight
6487506,Pedestrian,32.106151,-81.228672,11/22/17 13:20,Injury,2,Daylight
5328577,Pedestrian,33.942841,-84.123442,6/16/15 17:51,Injury,2,Daylight
6301044,Pedestrian,34.33274,-83.90723,7/5/17 8:18,Injury,2,Daylight
6276328,Pedestrian,34.214955,-84.143801,11/2/16 8:13,Injury,2,Daylight
5495493,Pedestrian,34.003802,-84.232828,9/7/15 9:57,Injury,2,Daylight
6098701,Pedestrian,33.607695,-84.3242,1/30/17 17:22,Injury,2,Daylight
4684413,Pedestrian,33.81868,-84.8128,12/22/13 17:11,Injury,2,Daylight
6217642,Pedestrian,33.6815,-84.2194,5/3/17 16:55,Injury,2,Daylight
5029018,Pedestrian,33.539485,-84.362862,10/22/14 17:53,Injury,2,Daylight
4376218,Pedestrian,33.77233,-84.41738,2/27/13 11:40,Injury,2,Daylight
4936370,Pedestrian,33.822825,-84.38751,8/9/14 1:05,Injury,2,Daylight
4981619,Pedestrian,33.736733,-84.216766,9/16/14 13:39,Injury,2,Daylight
4833366,Pedestrian,34.17117,-83.92764,4/25/14 19:52,Injury,2,Daylight
6354503,Pedestrian,33.498749,-82.23414,7/31/17 17:47,Injury,2,Daylight
4634474,Pedestrian,33.740167,-84.313889,11/3/13 12:45,Injury,2,Daylight
4490314,Pedestrian,33.685514,-84.200828,6/30/13 8:18,Injury,2,Daylight
4423545,Pedestrian & Bicyclist,34.23355,-84.48179,4/22/13 18:30,Property Damaged Only,1,Daylight
5856108,Pedestrian & Bicyclist,33.473638,-81.960516,7/29/16 13:52,Injury,2,Daylight
4678867,Pedestrian & Bicyclist,30.79212,-81.67498,11/8/13 13:34,Injury,2,Daylight
4777623,Bicyclist,32.001478,-81.125928,4/1/14 13:18,Property Damaged Only,1,Daylight
5606741,Bicyclist,33.802174,-84.238367,12/11/15 14:00,Property Damaged Only,1,Daylight
5764273,Bicyclist,33.805118,-84.569134,5/17/16 7:54,Property Damaged Only,1,Daylight
5896679,Bicyclist,33.439345,-82.023563,8/29/16 18:51,Property Damaged Only,1,Daylight
5339642,Bicyclist,33.951134,-83.409904,6/23/15 11:56,Property Damaged Only,1,Daylight
6245631,Bicyclist,34.869663,-85.293693,5/21/17 10:45,Property Damaged Only,1,Daylight
5778187,Bicyclist,33.781531,-84.390582,5/31/16 9:20,Property Damaged Only,1,Daylight
5693977,Bicyclist,33.473479,-81.982735,3/29/16 16:34,Property Damaged Only,1,Daylight
5301290,Bicyclist,33.700679,-84.172134,5/20/15 8:17,Property Damaged Only,1,Daylight
4980496,Bicyclist,33.616336,-84.472776,8/12/14 12:21,Property Damaged Only,1,Daylight
5282612,Bicyclist,33.489069,-82.005561,5/9/15 11:16,Property Damaged Only,1,Daylight
5136728,Bicyclist,33.740153,-84.34541,1/21/15 14:05,Property Damaged Only,1,Daylight
5158715,Bicyclist,31.162489,-81.387406,2/1/15 12:35,Property Damaged Only,1,Daylight
4891081,Bicyclist,33.972887,-84.017286,6/24/14 15:24,Property Damaged Only,1,Daylight
4858473,Bicyclist,34.122489,-84.172713,3/11/14 16:12,Property Damaged Only,1,Daylight
4789755,Bicyclist,33.956607,-83.370414,4/8/14 17:38,Property Damaged Only,1,Daylight
4882649,Bicyclist,32.056497,-81.09786,6/19/14 11:42,Property Damaged Only,1,Daylight
5336161,Bicyclist,33.75842,-84.392814,6/24/15 19:06,Property Damaged Only,1,Daylight
5010833,Bicyclist,31.581502,-84.156006,10/8/14 13:02,Property Damaged Only,1,Daylight
6395014,Bicyclist,33.99428,-83.408346,9/16/17 14:08,Property Damaged Only,1,Daylight
5974158,Bicyclist,31.965302,-81.100766,10/26/16 14:53,Property Damaged Only,1,Daylight
6445658,Bicyclist,33.787976,-84.326735,10/26/17 12:42,Property Damaged Only,1,Daylight
5546040,Bicyclist,33.566859,-84.337359,12/9/15 15:25,Property Damaged Only,1,Daylight
4461364,Bicyclist,33.64506,-84.0087,4/22/13 19:28,Property Damaged Only,1,Daylight
4414699,Bicyclist,32.03365,-81.113897,4/15/13 18:32,Property Damaged Only,1,Daylight
4514786,Bicyclist,33.6302,-84.35502,6/25/13 7:25,Property Damaged Only,1,Daylight
5948022,Bicyclist,33.752411,-84.349213,10/6/16 13:36,Property Damaged Only,1,Daylight
4465727,Bicyclist,32.442262,-81.784008,5/2/13 13:52,Property Damaged Only,1,Daylight
4743059,Bicyclist,32.479512,-84.975818,2/24/14 16:05,Property Damaged Only,1,Daylight
5961325,Bicyclist,34.234559,-85.176618,10/18/16 10:37,Property Damaged Only,1,Daylight
4650589,Bicyclist,33.470437,-81.951234,11/2/13 14:40,Property Damaged Only,1,Daylight
5856015,Bicyclist,33.854677,-84.221807,7/29/16 19:55,Property Damaged Only,1,Daylight
5298045,Bicyclist,34.036956,-84.466947,5/20/15 12:28,Property Damaged Only,1,Daylight
5272016,Bicyclist,33.82143,-84.367319,4/30/15 11:23,Property Damaged Only,1,Daylight
5682782,Bicyclist,33.779693,-84.402526,1/15/16 12:04,Property Damaged Only,1,Daylight
5103620,Bicyclist,33.078174,-83.242058,12/22/14 12:41,Property Damaged Only,1,Daylight
4828762,Bicyclist,33.848987,-84.257181,4/26/14 17:00,Property Damaged Only,1,Daylight
4784124,Bicyclist,33.956702,-83.373807,3/26/14 14:12,Property Damaged Only,1,Daylight
4841484,Bicyclist,33.901953,-84.205545,5/4/14 19:27,Property Damaged Only,1,Daylight
5625333,Bicyclist,32.469801,-84.990355,2/5/16 12:00,Property Damaged Only,1,Daylight
6352244,Bicyclist,32.843307,-83.63031,8/13/17 18:55,Property Damaged Only,1,Daylight
6428026,Bicyclist,31.827494,-81.602026,10/13/17 14:47,Property Damaged Only,1,Daylight
4742783,Bicyclist,33.835999,-84.367814,2/20/14 11:04,Property Damaged Only,1,Daylight
4748947,Bicyclist,31.316413,-82.31487,2/27/14 15:54,Fatal,3,Daylight
6414676,Bicyclist,34.67875,-83.71333,9/30/17 18:21,Injury,2,Daylight
5700114,Bicyclist,33.771479,-84.508143,3/17/16 15:45,Injury,2,Daylight
4752334,Bicyclist,33.876522,-84.231279,3/5/14 17:03,Injury,2,Daylight
5749133,Bicyclist,33.951387,-83.374233,4/20/16 17:33,Injury,2,Daylight
4951915,Bicyclist,33.901292,-84.204936,8/25/14 10:03,Injury,2,Daylight
5626989,Bicyclist,33.929867,-84.550916,2/6/16 13:54,Injury,2,Daylight
5337920,Bicyclist,32.061204,-81.076661,6/26/15 18:37,Injury,2,Daylight
5448981,Bicyclist,34.117521,-84.008242,9/28/15 16:36,Injury,2,Daylight
5014647,Bicyclist,31.552832,-84.153702,10/12/14 14:08,Injury,2,Daylight
4532685,Bicyclist,33.60134,-84.3554,8/6/13 17:07,Injury,2,Daylight
6258651,Bicyclist,21174.4225,12264.12,5/30/17 16:17,Injury,2,Daylight
5712819,Bicyclist,33.945309,-84.516459,4/13/16 8:50,Injury,2,Daylight
6367882,Bicyclist,31.161652,-81.491949,8/24/17 16:58,Injury,2,Daylight
5569265,Bicyclist,33.538981,-82.227056,12/7/15 15:39,Injury,2,Daylight
5549267,Bicyclist,33.756881,-84.3105,10/20/15 7:36,Injury,2,Daylight
4957257,Bicyclist,33.624428,-84.651619,8/30/14 8:40,Injury,2,Daylight
4567899,Bicyclist,33.763469,-84.415646,8/29/13 9:52,Injury,2,Daylight
5888849,Bicyclist,34.254123,-84.351825,8/22/16 18:23,Injury,2,Daylight
4700512,Bicyclist,34.761505,-84.81929,1/7/14 14:55,Injury,2,Daylight
5962978,Bicyclist,34.237809,-84.208851,7/30/16 16:22,Injury,2,Daylight
4950150,Bicyclist,31.036232,-83.073474,10/5/13 18:05,Injury,2,Daylight
4626120,Bicyclist,33.99223,-84.392646,10/28/13 17:55,Injury,2,Daylight
5372388,Bicyclist,33.821995,-84.387778,7/27/15 17:55,Injury,2,Daylight
4467884,Bicyclist,31.58645,-83.25073,6/4/13 8:25,Injury,2,Daylight
4854017,Bicyclist,34.292639,-83.807117,5/21/14 8:44,Injury,2,Daylight
5974259,Bicyclist,33.890582,-84.517474,10/20/16 15:40,Injury,2,Daylight
6419893,Bicyclist,33.907735,-84.778947,10/5/17 16:11,Injury,2,Daylight
5462340,Bicyclist,33.956179,-83.41228,10/8/15 15:40,Injury,2,Daylight
6299836,Bicyclist,33.943774,-84.124154,6/29/17 13:04,Injury,2,Daylight
4602991,Bicyclist,31.65772,-84.09521,10/5/13 12:40,Injury,2,Daylight
6228430,Bicyclist,34.046684,-84.456192,5/9/17 18:09,Injury,2,Daylight
5336179,Bicyclist,33.768194,-84.476614,6/24/15 17:53,Injury,2,Daylight
5471635,Bicyclist,33.91563,-84.470198,10/15/15 7:42,Injury,2,Daylight
5355126,Bicyclist,33.781595,-84.282381,6/25/15 18:22,Injury,2,Daylight
4368126,Bicyclist,33.924041,-83.328024,2/13/13 7:58,Injury,2,Daylight
4703008,Pedestrian,33.469095,-81.971315,1/14/14 10:03,Property Damaged Only,1,Daylight
5283060,Pedestrian,32.887177,-84.326223,5/7/15 14:05,Property Damaged Only,1,Daylight
4506357,Pedestrian,32.463516,-84.925064,7/17/13 7:33,Property Damaged Only,1,Daylight
5691009,Pedestrian,33.534636,-84.279431,3/23/16 7:25,Property Damaged Only,1,Daylight
4849217,Pedestrian,32.494195,-84.963092,5/18/14 12:55,Property Damaged Only,1,Daylight
6496655,Pedestrian,33.944439,-83.380186,10/2/17 10:13,Property Damaged Only,1,Daylight
6428211,Pedestrian,33.836689,-84.336603,10/8/17 17:47,Property Damaged Only,1,Daylight
5776952,Pedestrian,34.250404,-84.089617,5/5/16 17:08,Property Damaged Only,1,Daylight
6205265,Pedestrian,33.794524,-84.371501,4/22/17 12:36,Property Damaged Only,1,Daylight
5123152,Pedestrian,33.742245,-84.347513,1/2/15 14:47,Property Damaged Only,1,Daylight
5173945,Pedestrian,34.086038,-84.530849,2/2/15 17:19,Property Damaged Only,1,Daylight
6372839,Pedestrian,32.524406,-82.909677,3/22/17 17:16,Property Damaged Only,1,Daylight
5307797,Pedestrian,33.788742,-84.331744,5/29/15 17:12,Property Damaged Only,1,Daylight
5963876,Pedestrian,33.708761,-84.217687,10/19/16 9:44,Property Damaged Only,1,Daylight
5672674,Pedestrian,33.759635,-84.382027,3/8/16 12:45,Property Damaged Only,1,Daylight
5024418,Pedestrian,33.7651,-84.431161,10/15/14 12:36,Property Damaged Only,1,Daylight
5821083,Pedestrian,33.905227,-84.465369,6/27/16 12:48,Property Damaged Only,1,Daylight
5498088,Pedestrian,33.754271,-84.384589,11/3/15 15:50,Property Damaged Only,1,Daylight
4780266,Pedestrian,34.249014,-85.170872,4/3/14 15:59,Property Damaged Only,1,Daylight
4467485,Pedestrian,32.08019,-81.08905,6/3/13 17:42,Property Damaged Only,1,Daylight
6082474,Pedestrian,31.572088,-84.176209,1/14/17 16:00,Property Damaged Only,1,Daylight
4504608,Pedestrian,33.597118,-84.428953,7/15/13 18:24,Property Damaged Only,1,Daylight
4384925,Pedestrian,33.422497,-82.06279,2/22/13 15:42,Property Damaged Only,1,Daylight
6094637,Pedestrian,33.804316,-84.189987,1/26/17 15:40,Property Damaged Only,1,Daylight
6183996,Pedestrian,33.562022,-84.322342,4/7/17 16:12,Property Damaged Only,1,Daylight
6271555,Pedestrian,33.67315,-84.45554,6/12/17 19:20,Property Damaged Only,1,Daylight
4430598,Pedestrian,33.748549,-84.391551,4/26/13 13:15,Property Damaged Only,1,Daylight
4498549,Pedestrian,33.555449,-84.414343,7/9/13 12:09,Property Damaged Only,1,Daylight
5756959,Pedestrian,33.752026,-84.467985,5/11/16 19:00,Property Damaged Only,1,Daylight
5541999,Pedestrian,32.470503,-84.99048,12/8/15 12:41,Property Damaged Only,1,Daylight
5208263,Pedestrian,33.683231,-84.309646,3/5/15 14:55,Property Damaged Only,1,Daylight
5306331,Pedestrian,33.737231,-84.435714,5/27/15 10:37,Property Damaged Only,1,Daylight
5061761,Pedestrian,33.737888,-84.419343,11/7/14 15:29,Property Damaged Only,1,Daylight
6030424,Pedestrian,33.960668,-83.377895,12/6/16 16:44,Property Damaged Only,1,Daylight
4397960,Pedestrian,33.953247,-84.548012,3/28/13 9:05,Property Damaged Only,1,Daylight
6318328,Pedestrian,34.082782,-84.116767,7/21/17 14:16,Property Damaged Only,1,Daylight
5189914,Pedestrian,31.214172,-82.354988,11/14/14 14:38,Property Damaged Only,1,Daylight
5120240,Pedestrian,34.048242,-84.311051,1/6/15 8:37,Property Damaged Only,1,Daylight
4442860,Pedestrian,33.908943,-84.378796,4/23/13 9:28,Property Damaged Only,1,Daylight
4968176,Pedestrian,33.907919,-83.740196,7/14/13 20:01,Property Damaged Only,1,Daylight
6184704,Pedestrian,33.535756,-84.318241,4/8/17 18:20,Property Damaged Only,1,Daylight
6407589,Pedestrian,33.837281,-84.070069,9/23/17 17:36,Property Damaged Only,1,Daylight
6511302,Pedestrian,33.350659,-84.081487,12/12/17 14:41,Property Damaged Only,1,Daylight
4627038,Pedestrian,34.041791,-84.583975,10/9/13 14:56,Property Damaged Only,1,Daylight
5560097,Pedestrian,32.480915,-84.942416,12/19/15 17:19,Property Damaged Only,1,Daylight
5769455,Pedestrian,33.592184,-83.833977,5/23/16 15:28,Property Damaged Only,1,Daylight
5950568,Pedestrian,33.740201,-84.313755,9/30/16 13:57,Property Damaged Only,1,Daylight
5373840,Pedestrian,33.799342,-84.367917,7/29/15 9:44,Property Damaged Only,1,Daylight
4738726,Pedestrian,34.200084,-83.51752,2/20/14 15:31,Property Damaged Only,1,Daylight
5559948,Pedestrian,34.059556,-84.626989,12/19/15 10:14,Property Damaged Only,1,Daylight
5377421,Pedestrian,33.94401,-83.4313,8/1/15 19:14,Property Damaged Only,1,Daylight
4438750,Pedestrian,33.883874,-84.514451,4/10/13 17:56,Property Damaged Only,1,Daylight
6250173,Pedestrian,230.492448,144.18209,5/23/17 12:39,Property Damaged Only,1,Daylight
5122657,Pedestrian,33.76357,-84.4395,12/19/14 9:13,Property Damaged Only,1,Daylight
5948551,Pedestrian,33.740043,-84.309699,10/5/16 7:34,Property Damaged Only,1,Daylight
4839306,Pedestrian,31.959554,-81.149892,4/29/14 9:30,Property Damaged Only,1,Daylight
5087915,Pedestrian,33.750302,-84.227839,12/10/14 5:00,Property Damaged Only,1,Daylight
5654110,Pedestrian,32.476827,-84.928942,2/29/16 7:55,Property Damaged Only,1,Daylight
6403487,Pedestrian,31.117803,-81.58788,9/21/17 17:44,Fatal,3,Daylight
5874512,Pedestrian,33.672895,-84.222495,8/12/16 15:21,Fatal,3,Daylight
6051573,Pedestrian,34.109323,-83.573657,12/22/16 12:38,Injury,2,Daylight
4856215,Pedestrian,33.751763,-84.370185,5/20/14 17:00,Injury,2,Daylight
6339277,Pedestrian,33.482444,-82.224407,5/30/17 15:37,Injury,2,Daylight
6404131,Pedestrian,33.635392,-84.354678,9/24/17 13:22,Injury,2,Daylight
4793696,Pedestrian,33.867155,-83.883901,4/14/14 16:43,Injury,2,Daylight
5828867,Pedestrian,34.068623,-84.272811,7/12/16 19:22,Injury,2,Daylight
6034985,Pedestrian,32.933587,-83.715674,12/9/16 15:18,Injury,2,Daylight
4497963,Pedestrian,33.933182,-84.183773,7/8/13 17:50,Injury,2,Daylight
5930937,Pedestrian,33.716091,-84.430887,9/22/16 9:30,Injury,2,Daylight
6208688,Pedestrian,34.781707,-84.955741,4/26/17 16:17,Injury,2,Daylight
6372259,Pedestrian,32.543141,-82.907728,12/30/16 11:46,Injury,2,Daylight
6082626,Pedestrian,30.845995,-83.275407,1/16/17 16:50,Injury,2,Daylight
5323542,Pedestrian,33.55703,-84.248314,6/14/15 10:15,Injury,2,Daylight
4969417,Pedestrian,33.976237,-83.756518,11/30/13 14:49,Injury,2,Daylight
5732043,Pedestrian,33.334653,-84.78316,4/23/16 19:04,Injury,2,Daylight