incidentIdNbr,crashType,latitude,longitude,dateOfIncidentDate,severity,Mag,lightCondition
5659337,Pedestrian,32.826188,-83.689408,3/3/16 8:17,Injury,2,Daylight
6174904,Pedestrian,33.78252,-83.92972,4/1/17 19:13,Injury,2,Daylight
6423607,Pedestrian,33.701173,-84.250407,10/10/17 11:00,Injury,2,Daylight
5736477,Pedestrian,33.798125,-84.75385,4/26/16 18:14,Injury,2,Daylight
6225891,Pedestrian,34.138366,-83.71669,5/9/17 7:35,Injury,2,Daylight
4980916,Pedestrian,34.52843,-85.30864,9/12/14 16:19,Injury,2,Daylight
5847239,Pedestrian,34.868754,-83.977168,7/21/16 11:07,Injury,2,Daylight
4407883,Pedestrian,33.681139,-84.418613,4/7/13 12:20,Injury,2,Daylight
5348188,Pedestrian,32.68778,-84.53916,7/5/15 20:33,Injury,2,Daylight
4877148,Pedestrian,32.487449,-84.90945,6/13/14 18:37,Injury,2,Daylight
5734829,Pedestrian,33.919092,-84.357045,4/28/16 11:34,Injury,2,Daylight
5821845,Pedestrian,33.902783,-84.309286,6/7/16 13:45,Injury,2,Daylight
5865747,Pedestrian,33.744957,-84.136425,8/6/16 10:38,Injury,2,Daylight
5230611,Pedestrian,33.589039,-84.477446,3/25/15 18:15,Injury,2,Daylight
4885598,Pedestrian,33.760138,-84.372098,6/23/14 8:16,Injury,2,Daylight
5933014,Pedestrian,34.023174,-84.724175,9/20/16 15:50,Injury,2,Daylight
4651471,Pedestrian,34.475635,-84.46527,11/22/13 10:45,Injury,2,Daylight
4634136,Pedestrian,34.25827,-83.46473,11/7/13 17:26,Injury,2,Daylight
6404090,Pedestrian,30.825414,-83.972175,9/20/17 18:26,Injury,2,Daylight
4912391,Pedestrian,34.023082,-84.261604,6/14/14 9:55,Injury,2,Daylight
4653474,Pedestrian,32.28057,-82.13889,11/24/13 12:50,Injury,2,Daylight
5945970,Pedestrian,33.626435,-83.976948,10/1/16 10:51,Injury,2,Daylight
5920815,Pedestrian,32.059208,-81.099504,9/15/16 12:14,Injury,2,Daylight
5898538,Pedestrian,31.586098,-84.15414,8/29/16 8:03,Injury,2,Daylight
6214743,Pedestrian,33.385693,-84.477856,3/25/17 10:51,Injury,2,Daylight
5905996,Pedestrian,32.128135,-83.79708,9/1/16 7:32,Injury,2,Daylight
5673836,Pedestrian,33.753419,-84.33757,3/10/16 17:42,Injury,2,Daylight
6428759,Pedestrian,32.067506,-81.097467,10/15/17 12:37,Injury,2,Daylight
4975903,Pedestrian,32.43392,-81.769905,9/6/14 14:43,Injury,2,Daylight
4570348,Pedestrian,33.58479,-85.166534,9/14/13 14:06,Injury,2,Daylight
4602737,Pedestrian,32.076048,-81.085018,10/9/13 13:22,Injury,2,Daylight
5396269,Pedestrian,32.2734,-81.39167,8/14/15 14:19,Injury,2,Daylight
4449372,Pedestrian,34.050907,-84.216804,4/26/13 19:11,Injury,2,Daylight
4770710,Pedestrian,33.772483,-84.374847,3/20/14 18:35,Injury,2,Daylight
5308974,Pedestrian,33.698734,-84.44827,5/23/15 7:29,Injury,2,Daylight
6297374,Pedestrian,33.809568,-84.213014,7/4/17 20:00,Injury,2,Daylight
4354749,Pedestrian,33.51093,-84.245029,2/14/13 18:16,Injury,2,Daylight
5235427,Pedestrian,33.786764,-84.411708,3/27/15 20:00,Injury,2,Daylight
6272978,Pedestrian,33.70175,-84.221702,6/13/17 16:05,Injury,2,Daylight
5496261,Pedestrian,33.697573,-83.982995,10/27/15 14:50,Injury,2,Daylight
5338444,Pedestrian,30.959444,-83.964714,6/26/15 17:55,Injury,2,Daylight
6329050,Pedestrian,32.47175,-84.96942,7/28/17 12:40,Injury,2,Daylight
6127477,Pedestrian,33.950818,-84.251336,2/13/17 17:14,Injury,2,Daylight
4583293,Pedestrian,33.93692,-84.37839,9/25/13 15:32,Injury,2,Daylight
6145589,Pedestrian,34.580144,-83.3177,3/9/17 11:58,Injury,2,Daylight
5770025,Pedestrian,31.990454,-81.073407,5/24/16 18:18,Injury,2,Daylight
5281344,Pedestrian,33.996204,-84.350897,4/15/15 15:42,Injury,2,Daylight
5850374,Pedestrian,33.9032,-84.567296,7/23/16 13:44,Injury,2,Daylight
4840343,Pedestrian,33.772421,-84.383289,5/4/14 17:30,Injury,2,Daylight
5584928,Pedestrian,34.866298,-84.79967,1/4/16 7:28,Injury,2,Daylight
6225984,Pedestrian,31.827323,-81.604001,5/8/17 16:52,Injury,2,Daylight
4853561,Pedestrian,33.763888,-84.195017,5/20/14 19:17,Injury,2,Daylight
5323298,Pedestrian,32.538798,-84.945615,6/13/15 15:55,Injury,2,Daylight
4835204,Pedestrian,34.262062,-85.306157,5/2/14 17:17,Injury,2,Daylight
6194853,Pedestrian,33.885769,-84.247739,4/15/17 17:28,Injury,2,Daylight
4923143,Pedestrian,33.858637,-84.340871,7/23/14 17:00,Injury,2,Daylight
5283777,Pedestrian,33.931843,-84.224043,5/8/15 21:10,Injury,2,Daylight
4913625,Pedestrian & Bicyclist,33.960766,-84.020762,7/16/14 15:03,Injury,2,Daylight
5247759,Pedestrian & Bicyclist,34.337663,-83.950496,4/5/15 15:00,Injury,2,Daylight
4602698,Pedestrian & Bicyclist,34.015177,-84.103096,10/9/13 18:37,Injury,2,Daylight
6466976,Bicyclist,33.703822,-84.466686,11/4/17 15:11,Property Damaged Only,1,Daylight
5821596,Bicyclist,32.5431,-83.890409,6/28/16 0:00,Property Damaged Only,1,Daylight
5144778,Bicyclist,31.208488,-82.376963,12/19/14 16:06,Property Damaged Only,1,Daylight
4538561,Bicyclist,32.430821,-84.942605,8/13/13 17:30,Property Damaged Only,1,Daylight
6342004,Bicyclist,33.732309,-84.201951,8/5/17 14:25,Property Damaged Only,1,Daylight
5741554,Bicyclist,33.952009,-84.129715,5/4/16 8:52,Property Damaged Only,1,Daylight
4509315,Bicyclist,31.449138,-83.507114,7/21/13 16:29,Property Damaged Only,1,Daylight
6130899,Bicyclist,33.930626,-84.4229,2/24/17 17:15,Property Damaged Only,1,Daylight
5506744,Bicyclist,32.039241,-81.111586,11/11/15 13:12,Property Damaged Only,1,Daylight
4872515,Bicyclist,32.05387,-81.107219,6/9/14 16:50,Property Damaged Only,1,Daylight
4432022,Bicyclist,33.85851,-84.64962,5/2/13 17:22,Property Damaged Only,1,Daylight
6128155,Bicyclist,33.892308,-84.32613,2/18/17 10:43,Property Damaged Only,1,Daylight
5672450,Bicyclist,33.784308,-84.38307,3/7/16 12:00,Property Damaged Only,1,Daylight
5321977,Bicyclist,33.773422,-84.366827,6/11/15 17:50,Property Damaged Only,1,Daylight
6446655,Bicyclist,34.078281,-85.09945,7/1/17 11:35,Property Damaged Only,1,Daylight
6509867,Bicyclist,32.418386,-81.770785,11/28/17 12:40,Property Damaged Only,1,Daylight
6416034,Bicyclist,33.811693,-84.366724,10/3/17 15:10,Property Damaged Only,1,Daylight
5873800,Bicyclist,34.871104,-83.957131,8/11/16 19:58,Property Damaged Only,1,Daylight
5937229,Bicyclist,32.534844,-82.901333,9/12/16 19:02,Property Damaged Only,1,Daylight
5531536,Bicyclist,34.174113,-84.138054,10/7/15 16:34,Property Damaged Only,1,Daylight
4430491,Bicyclist,33.753321,-84.326237,4/29/13 16:55,Property Damaged Only,1,Daylight
4723819,Bicyclist,33.547079,-84.415253,2/4/14 9:30,Property Damaged Only,1,Daylight
6012172,Bicyclist,31.578141,-84.136903,11/24/16 17:24,Property Damaged Only,1,Daylight
4850836,Bicyclist,30.875446,-84.229517,4/2/14 14:03,Property Damaged Only,1,Daylight
5770344,Bicyclist,32.594984,-83.622501,5/24/16 17:17,Property Damaged Only,1,Daylight
4632682,Bicyclist,33.593768,-84.407764,11/6/13 11:16,Property Damaged Only,1,Daylight
4510328,Bicyclist,32.808204,-83.663015,6/3/13 17:21,Property Damaged Only,1,Daylight
4545113,Bicyclist,33.448641,-84.455087,8/2/13 17:05,Property Damaged Only,1,Daylight
5456610,Bicyclist,33.780562,-84.388951,9/29/15 17:49,Property Damaged Only,1,Daylight
6330641,Bicyclist,31.280118,-81.587766,7/30/17 14:50,Injury,2,Daylight
6410673,Bicyclist,32.048788,-81.105515,9/29/17 16:55,Injury,2,Daylight
4562739,Bicyclist,33.74692,-84.387738,9/3/13 16:15,Injury,2,Daylight
6430867,Bicyclist,33.959367,-83.389849,10/16/17 12:18,Injury,2,Daylight
4857582,Bicyclist,34.732902,-85.32268,5/24/14 12:00,Injury,2,Daylight
4825838,Bicyclist,33.937142,-84.17506,4/17/14 16:50,Injury,2,Daylight
5245931,Bicyclist,33.099295,-83.226566,4/7/15 16:22,Injury,2,Daylight
6427503,Bicyclist,32.087692,-81.122239,10/13/17 14:55,Injury,2,Daylight
5694630,Bicyclist,32.084201,-81.120437,3/30/16 18:25,Injury,2,Daylight
4853356,Bicyclist,34.264862,-83.9318,5/16/14 14:02,Injury,2,Daylight
4523695,Bicyclist,33.776311,-84.38731,7/19/13 8:50,Injury,2,Daylight
5630325,Bicyclist,33.94556,-84.335429,1/12/16 12:50,Injury,2,Daylight
5423564,Bicyclist,33.448884,-81.995602,9/13/15 18:52,Injury,2,Daylight
5157032,Bicyclist,33.208712,-81.846946,1/29/15 17:15,Injury,2,Daylight
5623662,Bicyclist,33.833562,-84.383293,1/31/16 12:53,Injury,2,Daylight
6337839,Bicyclist,34.068394,-83.979739,7/30/17 13:34,Injury,2,Daylight
6232377,Bicyclist,30.86149,-83.270356,5/12/17 18:07,Injury,2,Daylight
5872825,Bicyclist,33.754436,-84.381024,8/3/16 13:03,Injury,2,Daylight
4665863,Bicyclist,33.479769,-81.973746,11/11/13 8:37,Injury,2,Daylight
5749922,Bicyclist,32.0061,-81.115997,5/10/16 13:28,Injury,2,Daylight
4399535,Bicyclist,33.907855,-84.355301,3/19/13 8:22,Injury,2,Daylight
6344826,Bicyclist,33.299542,-82.093266,8/7/17 17:00,Injury,2,Daylight
5535446,Bicyclist,34.05447,-84.330156,11/11/15 13:24,Injury,2,Daylight
4615158,Bicyclist,31.579646,-84.176301,10/21/13 12:06,Injury,2,Daylight
5782228,Bicyclist,32.642133,-83.615954,6/3/16 13:03,Injury,2,Daylight
6359227,Bicyclist,33.870396,-84.625212,8/15/17 15:16,Injury,2,Daylight
5764486,Bicyclist,34.0672,-84.588564,5/20/16 18:05,Injury,2,Daylight
6084205,Bicyclist,33.844228,-84.055282,1/13/17 11:59,Injury,2,Daylight
4450497,Bicyclist,30.900348,-84.57011,5/19/13 15:18,Injury,2,Daylight
6443863,Bicyclist,33.875572,-84.526859,10/20/17 18:25,Injury,2,Daylight
5707833,Bicyclist,32.075281,-81.104155,4/9/16 12:32,Injury,2,Daylight
6193284,Bicyclist,33.956974,-83.977347,3/28/17 18:14,Injury,2,Daylight
4379208,Bicyclist,33.781561,-84.26335,3/12/13 18:26,Injury,2,Daylight
5225900,Bicyclist,33.905689,-83.9659,3/18/15 15:21,Injury,2,Daylight
6176508,Bicyclist,34.779954,-84.972821,4/1/17 19:29,Injury,2,Daylight
5301023,Bicyclist,31.778488,-84.442403,5/24/15 19:43,Injury,2,Daylight
4922937,Bicyclist,33.777495,-84.386229,7/29/14 8:05,Injury,2,Daylight
4902480,Pedestrian,33.27417,-84.295922,5/16/14 6:41,Property Damaged Only,1,Daylight
5412707,Pedestrian,32.790667,-83.668963,9/2/15 18:00,Property Damaged Only,1,Daylight
5106551,Pedestrian,33.605885,-84.47159,12/16/14 11:04,Property Damaged Only,1,Daylight
5061107,Pedestrian,33.919003,-84.379045,11/22/14 13:53,Property Damaged Only,1,Daylight
4695693,Pedestrian,33.742475,-84.387704,12/27/13 12:43,Property Damaged Only,1,Daylight
5028472,Pedestrian,33.759953,-84.539362,10/23/14 12:12,Property Damaged Only,1,Daylight
5589753,Pedestrian,33.567355,-83.869425,6/1/15 19:10,Property Damaged Only,1,Daylight
5617448,Pedestrian,33.376739,-82.072697,1/30/16 10:50,Property Damaged Only,1,Daylight
5261228,Pedestrian,31.989017,-81.130977,4/19/15 18:37,Property Damaged Only,1,Daylight
6344064,Pedestrian,32.84,-84.92,8/6/17 13:15,Property Damaged Only,1,Daylight
5351631,Pedestrian,32.560715,-83.891435,5/29/15 18:34,Property Damaged Only,1,Daylight
4866060,Pedestrian,34.369234,-84.922199,5/18/14 18:01,Property Damaged Only,1,Daylight
6313442,Pedestrian,33.6419,-84.44795,6/13/17 13:45,Property Damaged Only,1,Daylight
5864353,Pedestrian,32.280372,-84.029525,5/1/15 17:00,Property Damaged Only,1,Daylight
5240159,Pedestrian,31.982113,-81.174432,4/2/15 15:37,Property Damaged Only,1,Daylight
6401993,Pedestrian,33.977605,-84.645435,9/21/17 18:10,Property Damaged Only,1,Daylight
5273002,Pedestrian,30.846791,-83.296114,4/30/15 16:24,Property Damaged Only,1,Daylight
4962888,Pedestrian,32.538212,-82.910953,6/24/14 10:45,Property Damaged Only,1,Daylight
4406257,Pedestrian,33.73499,-84.245047,4/6/13 19:30,Property Damaged Only,1,Daylight
6408939,Pedestrian,30.847275,-83.980998,9/28/17 8:37,Property Damaged Only,1,Daylight
4649089,Pedestrian,33.929294,-84.335559,11/20/13 6:51,Property Damaged Only,1,Daylight
5385718,Pedestrian,33.832011,-84.324969,8/10/15 17:00,Property Damaged Only,1,Daylight
4434514,Pedestrian,32.860454,-83.590999,4/10/13 12:45,Property Damaged Only,1,Daylight
4944609,Pedestrian,33.580112,-84.411817,8/13/14 15:39,Property Damaged Only,1,Daylight
5333346,Pedestrian,31.550511,-83.808073,5/11/15 17:05,Property Damaged Only,1,Daylight
4551966,Pedestrian,33.47269,-81.9559,8/2/13 18:25,Property Damaged Only,1,Daylight
4756538,Pedestrian,33.90235,-84.205225,3/8/14 12:26,Property Damaged Only,1,Daylight
5619223,Pedestrian,33.717608,-84.145585,2/1/16 9:45,Property Damaged Only,1,Daylight
5099582,Pedestrian,32.53398,-84.880798,12/17/14 7:30,Property Damaged Only,1,Daylight
5995439,Pedestrian,31.995142,-80.848176,11/5/16 17:38,Property Damaged Only,1,Daylight
6416681,Pedestrian,33.827433,-84.491525,9/29/17 17:49,Property Damaged Only,1,Daylight
4840118,Pedestrian,33.767867,-84.524311,5/7/14 19:15,Property Damaged Only,1,Daylight
5558071,Pedestrian,34.075011,-83.887075,12/14/15 17:30,Property Damaged Only,1,Daylight
6042730,Pedestrian,31.94603,-81.309639,12/9/16 8:35,Property Damaged Only,1,Daylight
6216157,Pedestrian,33.710445,-84.217578,5/2/17 15:10,Property Damaged Only,1,Daylight
5843047,Pedestrian,31.823171,-81.640373,1/16/13 17:46,Property Damaged Only,1,Daylight
5674133,Pedestrian,33.551421,-84.257224,3/15/16 10:31,Property Damaged Only,1,Daylight
6222276,Pedestrian,32.081299,-81.089736,5/7/17 17:25,Property Damaged Only,1,Daylight
6401506,Pedestrian,33.753141,-84.387645,9/18/17 14:48,Property Damaged Only,1,Daylight
6029574,Pedestrian,33.967025,-84.176603,11/28/16 16:15,Property Damaged Only,1,Daylight
4624861,Pedestrian,33.41239,-82.66819,10/4/13 17:50,Property Damaged Only,1,Daylight
6087389,Pedestrian,33.831859,-84.257039,1/20/17 0:00,Property Damaged Only,1,Daylight
4630286,Pedestrian,33.923383,-83.975759,8/12/13 17:25,Property Damaged Only,1,Daylight
4618361,Pedestrian,34.052885,-83.999965,10/21/13 7:25,Property Damaged Only,1,Daylight
5340020,Pedestrian,33.567938,-84.582716,6/29/15 11:44,Property Damaged Only,1,Daylight
4654610,Pedestrian,33.894959,-84.196709,11/23/13 16:45,Property Damaged Only,1,Daylight
4720644,Pedestrian,33.996803,-83.426674,1/31/14 17:10,Property Damaged Only,1,Daylight
5207523,Pedestrian,33.71453,-84.434934,3/5/15 17:00,Property Damaged Only,1,Daylight
5538751,Pedestrian,33.99924,-83.530274,12/4/15 11:40,Property Damaged Only,1,Daylight
6248975,Pedestrian,33.79125,-84.337915,5/25/17 10:38,Property Damaged Only,1,Daylight
6489914,Pedestrian,33.899454,-84.331534,11/22/17 14:52,Property Damaged Only,1,Daylight
5032468,Pedestrian,33.907762,-84.356038,10/28/14 11:35,Property Damaged Only,1,Daylight
6174326,Pedestrian,33.46275,-81.94978,3/31/17 19:36,Property Damaged Only,1,Daylight
6046507,Pedestrian,33.83156,-84.3854,12/1/16 13:40,Property Damaged Only,1,Daylight
4553613,Pedestrian,30.893756,-84.576374,7/5/13 13:04,Property Damaged Only,1,Daylight
5606515,Pedestrian,34.294616,-83.829191,1/20/16 11:15,Property Damaged Only,1,Daylight
6321688,Pedestrian,33.74195,-84.408099,7/21/17 9:30,Property Damaged Only,1,Daylight
4745701,Pedestrian,33.62869,-84.04702,2/25/14 15:08,Property Damaged Only,1,Daylight
5020678,Pedestrian,32.069601,-81.101309,10/17/14 16:55,Property Damaged Only,1,Daylight
4671262,Pedestrian,33.957901,-83.374281,12/11/13 11:24,Property Damaged Only,1,Daylight
6336223,Pedestrian,33.921055,-84.131649,7/1/17 18:33,Property Damaged Only,1,Daylight
6393732,Pedestrian,33.658838,-84.504039,9/15/17 13:00,Property Damaged Only,1,Daylight
6273579,Pedestrian,31.149144,-81.495322,6/7/17 12:59,Property Damaged Only,1,Daylight
5953776,Pedestrian,30.85563,-83.280843,10/11/16 8:30,Property Damaged Only,1,Daylight
6427708,Pedestrian,34.332006,-83.786709,10/12/17 15:05,Property Damaged Only,1,Daylight
4561997,Pedestrian,33.74309,-84.25261,9/5/13 7:23,Property Damaged Only,1,Daylight
6209652,Pedestrian,33.928547,-84.341286,4/27/17 8:50,Property Damaged Only,1,Daylight
6093950,Pedestrian,33.932352,-83.310954,1/22/17 8:07,Property Damaged Only,1,Daylight
5453036,Pedestrian,32.464224,-84.901793,10/2/15 14:05,Property Damaged Only,1,Daylight
5166212,Pedestrian,33.96427,-84.364387,2/2/15 11:59,Property Damaged Only,1,Daylight
6351171,Pedestrian,33.746775,-84.373382,8/10/17 7:50,Property Damaged Only,1,Daylight
4545802,Pedestrian,33.991998,-84.336754,8/18/13 19:24,Property Damaged Only,1,Daylight
6144255,Pedestrian,33.511084,-84.223024,3/9/17 12:37,Property Damaged Only,1,Daylight
5020420,Pedestrian,33.76012,-84.36112,10/13/14 13:15,Property Damaged Only,1,Daylight
6203132,Pedestrian,33.815419,-84.317902,4/22/17 9:44,Property Damaged Only,1,Daylight
5412183,Pedestrian,32.043473,-81.086971,9/2/15 10:33,Property Damaged Only,1,Daylight
5072519,Pedestrian,33.811014,-84.392371,12/1/14 9:31,Property Damaged Only,1,Daylight
6316793,Pedestrian,34.08466,-84.48453,7/20/17 15:38,Property Damaged Only,1,Daylight
5516653,Pedestrian,33.873171,-84.269448,11/19/15 16:42,Fatal,3,Daylight
5425139,Pedestrian,34.28543,-83.31911,9/11/15 6:28,Fatal,3,Daylight
4557532,Pedestrian,31.308481,-82.24307,8/31/13 16:36,Fatal,3,Daylight
6383648,Pedestrian,33.747256,-84.55499,8/16/17 15:22,Fatal,3,Daylight
6336437,Pedestrian,33.549816,-84.370029,8/2/17 14:26,Fatal,3,Daylight
4609253,Pedestrian,33.576561,-84.341181,8/26/13 11:11,Fatal,3,Daylight
6422213,Pedestrian,34.346313,-84.91466,10/7/17 7:34,Fatal,3,Daylight
6300178,Pedestrian,32.768205,-83.758607,7/6/17 8:18,Fatal,3,Daylight
4556180,Pedestrian,33.950291,-83.35315,8/29/13 16:04,Injury,2,Daylight
5128686,Pedestrian,33.86765,-84.188173,1/13/15 18:59,Injury,2,Daylight
6093351,Pedestrian,34.104926,-83.97847,1/23/17 11:15,Injury,2,Daylight
4463025,Pedestrian,33.706141,-84.24169,5/23/13 15:20,Injury,2,Daylight
5278044,Pedestrian,31.203865,-81.508596,5/1/15 9:05,Injury,2,Daylight
6355056,Pedestrian,33.701233,-84.144369,8/15/17 8:05,Injury,2,Daylight
4317281,Pedestrian,32.889484,-84.32639,1/3/13 13:36,Injury,2,Daylight
4571188,Pedestrian,33.20666,-84.33856,9/14/13 10:50,Injury,2,Daylight
4735060,Pedestrian,32.037372,-81.072396,2/16/14 15:45,Injury,2,Daylight
5483882,Pedestrian,33.718277,-84.252374,10/26/15 10:18,Injury,2,Daylight
5268240,Pedestrian,33.35555,-81.979925,4/27/15 18:56,Injury,2,Daylight
5284008,Pedestrian,33.806772,-84.393827,5/4/15 15:20,Injury,2,Daylight
5221719,Pedestrian,33.253683,-84.263752,3/15/15 16:45,Injury,2,Daylight
5059416,Pedestrian,34.321443,-83.833075,11/21/14 0:00,Injury,2,Daylight
4833586,Pedestrian,32.077132,-81.10371,5/1/14 16:32,Injury,2,Daylight
4405483,Pedestrian,33.51773,-82.04333,4/5/13 10:30,Injury,2,Daylight
4930863,Pedestrian,33.936784,-84.128375,8/4/14 22:00,Injury,2,Daylight
4497616,Pedestrian,33.773796,-84.36999,7/4/13 7:45,Injury,2,Daylight
4492861,Pedestrian,33.73839,-84.412845,6/29/13 14:00,Injury,2,Daylight
4588163,Pedestrian,34.252881,-85.231294,10/1/13 14:54,Injury,2,Daylight
5778605,Pedestrian,34.271242,-84.411908,5/31/16 15:48,Injury,2,Daylight
4779070,Pedestrian,32.412714,-84.94408,4/2/14 12:35,Injury,2,Daylight
5042896,Pedestrian,34.040269,-84.580254,11/7/14 9:59,Injury,2,Daylight
4533791,Pedestrian,33.819454,-84.051617,7/31/13 19:15,Injury,2,Daylight
4487058,Pedestrian,33.854109,-84.382677,6/22/13 9:00,Injury,2,Daylight
6006238,Pedestrian,33.961851,-84.399723,11/14/16 17:10,Injury,2,Daylight
4559573,Pedestrian,33.951223,-83.379105,9/3/13 9:22,Injury,2,Daylight
5505240,Pedestrian,33.284493,-82.118356,11/10/15 9:34,Injury,2,Daylight
4719615,Pedestrian,33.466861,-81.982627,1/31/14 5:30,Injury,2,Daylight
4920395,Pedestrian,33.77383,-84.353501,7/25/14 11:30,Injury,2,Daylight
6009269,Pedestrian,31.135204,-83.430181,11/21/16 16:45,Injury,2,Daylight
5909205,Pedestrian,33.465156,-82.086562,9/7/16 18:37,Injury,2,Daylight
4858911,Pedestrian,32.798319,-83.712454,5/21/14 18:39,Injury,2,Daylight
5547640,Pedestrian,33.549586,-84.414352,12/13/15 16:15,Injury,2,Daylight
5582824,Pedestrian,34.061011,-84.387942,12/30/15 12:44,Injury,2,Daylight
4381401,Pedestrian,34.56489,-83.147804,3/10/13 16:16,Injury,2,Daylight
4406297,Pedestrian,33.90415,-84.53997,4/5/13 18:46,Injury,2,Daylight
6399889,Pedestrian,33.832643,-83.881636,9/20/17 18:32,Injury,2,Daylight
5997359,Pedestrian,34.228141,-84.419334,11/12/16 16:40,Injury,2,Daylight
5671441,Pedestrian,33.839178,-84.473905,3/11/16 12:59,Injury,2,Daylight
5360627,Pedestrian,33.956335,-83.964305,7/17/15 20:30,Injury,2,Daylight
5260679,Pedestrian,33.772291,-84.401568,4/17/15 13:27,Injury,2,Daylight
4858760,Pedestrian,32.953662,-83.812213,5/26/14 10:09,Injury,2,Daylight
4584379,Pedestrian,33.573799,-85.067294,9/20/13 7:26,Injury,2,Daylight
5324456,Pedestrian,33.906354,-84.101673,6/14/15 15:00,Injury,2,Daylight
5010935,Pedestrian,32.379193,-83.359033,9/16/14 15:45,Injury,2,Daylight
5280165,Pedestrian,33.96357,-84.504701,5/7/15 20:06,Injury,2,Daylight
5003472,Pedestrian,33.894156,-84.114376,2/18/14 17:32,Injury,2,Daylight
5028822,Pedestrian,32.418215,-81.770754,10/23/14 13:57,Injury,2,Daylight
6332195,Pedestrian,32.015995,-80.848603,7/21/17 19:50,Injury,2,Daylight
5396270,Pedestrian,32.273475,-81.39225,8/14/15 14:19,Injury,2,Daylight
4677229,Pedestrian,33.017793,-85.034784,12/16/13 8:16,Injury,2,Daylight
5455782,Pedestrian,33.764532,-84.385617,9/28/15 8:48,Injury,2,Daylight
5044214,Pedestrian,34.291581,-83.84603,11/9/14 11:41,Injury,2,Daylight
5494760,Pedestrian,33.979449,-84.554527,11/1/15 14:12,Injury,2,Daylight
5210547,Pedestrian,33.510383,-82.501803,3/9/15 10:15,Injury,2,Daylight
5654965,Pedestrian,34.790381,-84.962753,1/3/16 8:20,Injury,2,Daylight
4984812,Pedestrian,32.536893,-82.918125,9/18/14 17:35,Injury,2,Daylight
5901117,Pedestrian,33.719305,-84.130601,8/28/16 11:32,Injury,2,Daylight
4835152,Pedestrian,33.73205,-84.299184,5/3/14 14:57,Injury,2,Daylight
5085770,Pedestrian & Bicyclist,32.598653,-83.636947,5/18/13 18:57,Property Damaged Only,1,Daylight
5914679,Pedestrian & Bicyclist,31.03195,-83.066785,9/10/16 13:20,Property Damaged Only,1,Daylight
4863958,Pedestrian & Bicyclist,32.945942,-83.797285,5/30/14 14:43,Property Damaged Only,1,Daylight
6314763,Pedestrian & Bicyclist,32.040344,-81.062909,7/19/17 11:07,Property Damaged Only,1,Daylight
5901036,Pedestrian & Bicyclist,32.032008,-81.118004,7/24/16 20:04,Injury,2,Daylight
4714821,Bicyclist,33.960516,-83.384158,1/27/14 12:15,Property Damaged Only,1,Daylight
4896796,Bicyclist,33.91742,-84.244495,7/1/14 8:09,Property Damaged Only,1,Daylight
5070211,Bicyclist,33.419526,-82.073779,12/2/14 8:58,Property Damaged Only,1,Daylight
5940843,Bicyclist,32.447535,-84.955897,10/1/16 19:20,Property Damaged Only,1,Daylight
6017601,Bicyclist,33.806892,-84.170436,11/27/16 12:55,Property Damaged Only,1,Daylight
5356926,Bicyclist,33.719251,-84.396748,7/11/15 13:38,Property Damaged Only,1,Daylight
5728066,Bicyclist,32.196598,-83.194913,3/16/16 15:24,Property Damaged Only,1,Daylight
4978266,Bicyclist,34.047822,-84.611223,9/13/14 18:35,Property Damaged Only,1,Daylight
6479279,Bicyclist,32.103216,-81.253198,11/17/17 7:00,Property Damaged Only,1,Daylight
6249962,Bicyclist,33.887097,-84.556612,5/24/17 19:18,Property Damaged Only,1,Daylight
4763089,Bicyclist,33.749692,-84.379501,3/12/14 15:46,Property Damaged Only,1,Daylight
5036228,Bicyclist,33.855194,-84.597516,10/30/14 10:40,Property Damaged Only,1,Daylight
5134303,Bicyclist,33.796992,-84.369064,8/16/14 19:40,Property Damaged Only,1,Daylight
5325437,Bicyclist,33.781853,-84.299112,5/19/15 18:08,Property Damaged Only,1,Daylight
5989491,Bicyclist,31.833084,-81.611929,11/3/16 17:45,Property Damaged Only,1,Daylight
5322583,Bicyclist,33.432664,-82.037291,6/12/15 7:23,Property Damaged Only,1,Daylight
5436533,Bicyclist,34.082375,-84.51972,7/13/15 12:07,Property Damaged Only,1,Daylight
5873857,Bicyclist,33.947435,-83.395558,8/11/16 14:49,Property Damaged Only,1,Daylight
5230379,Bicyclist,32.05576,-81.105263,3/25/15 17:04,Property Damaged Only,1,Daylight
5801941,Bicyclist,32.064639,-81.0998,6/20/16 16:20,Property Damaged Only,1,Daylight
4515212,Bicyclist,33.248665,-84.263894,5/28/13 20:24,Property Damaged Only,1,Daylight
6441188,Bicyclist,33.845625,-84.255471,10/25/17 8:15,Property Damaged Only,1,Daylight
6458927,Bicyclist,33.575595,-84.539015,11/2/17 18:52,Property Damaged Only,1,Daylight
5033972,Bicyclist,31.171332,-81.499247,10/27/14 10:57,Property Damaged Only,1,Daylight