incidentIdNbr,crashType,latitude,longitude,dateOfIncidentDate,severity,Mag,lightCondition
5104843,Bicyclist,33.847911,-84.14831,12/20/14 16:13,Property Damaged Only,1,Daylight
6131511,Bicyclist,33.910909,-84.288619,2/25/17 17:59,Property Damaged Only,1,Daylight
5691401,Bicyclist,32.026339,-81.111702,3/28/16 17:17,Property Damaged Only,1,Daylight
6056471,Bicyclist,33.700439,-84.352088,12/26/16 14:50,Property Damaged Only,1,Daylight
5274600,Bicyclist,34.03454,-84.58277,4/29/15 20:18,Property Damaged Only,1,Daylight
5379575,Bicyclist,32.078328,-81.09221,8/4/15 13:09,Property Damaged Only,1,Daylight
4449137,Bicyclist,34.024018,-84.258272,4/18/13 17:11,Injury,2,Daylight
5297369,Bicyclist,33.931181,-83.378201,5/17/15 18:32,Injury,2,Daylight
5047362,Bicyclist,33.950925,-83.404896,11/11/14 15:39,Injury,2,Daylight
5999713,Bicyclist,33.944416,-83.380167,10/17/16 17:55,Injury,2,Daylight
6474103,Bicyclist,33.803875,-84.240109,11/7/17 15:08,Injury,2,Daylight
4834697,Bicyclist,33.978,-84.44062,5/1/14 16:18,Injury,2,Daylight
5487895,Bicyclist,33.760233,-84.382178,10/23/15 13:50,Injury,2,Daylight
6013896,Bicyclist,30.791008,-81.585712,11/1/16 17:47,Injury,2,Daylight
5332859,Bicyclist,33.727421,-84.208258,6/22/15 14:30,Injury,2,Daylight
4743165,Bicyclist,33.96723,-84.01654,2/21/14 17:08,Injury,2,Daylight
5952650,Bicyclist,33.877578,-84.123908,10/9/16 16:50,Injury,2,Daylight
6221109,Bicyclist,32.040568,-81.11111,5/6/17 12:59,Injury,2,Daylight
5187270,Bicyclist,32.593637,-83.640729,10/4/14 16:06,Injury,2,Daylight
6354439,Bicyclist,33.761338,-84.292644,7/17/17 7:06,Injury,2,Daylight
5323714,Bicyclist,32.84019,-83.619067,6/12/15 15:30,Injury,2,Daylight
5499679,Bicyclist,34.202375,-83.456478,11/1/15 14:29,Injury,2,Daylight
4412844,Bicyclist,32.103233,-83.02144,4/8/13 16:00,Injury,2,Daylight
5547932,Bicyclist,33.757924,-84.362666,12/10/15 7:50,Injury,2,Daylight
5277546,Bicyclist,33.015285,-85.048691,5/4/15 18:48,Injury,2,Daylight
5368905,Bicyclist,34.182861,-85.041246,7/25/15 9:57,Injury,2,Daylight
4415699,Bicyclist,33.861745,-84.491731,4/15/13 19:40,Injury,2,Daylight
4556242,Bicyclist,33.844042,-84.395387,8/29/13 15:06,Injury,2,Daylight
4881285,Bicyclist,33.775044,-84.304784,5/6/14 17:52,Injury,2,Daylight
5365065,Bicyclist,33.958748,-83.369998,7/6/15 16:33,Injury,2,Daylight
4881617,Bicyclist,33.961436,-84.136171,6/17/14 16:21,Injury,2,Daylight
6187086,Bicyclist,32.456285,-83.681432,3/5/17 16:25,Injury,2,Daylight
6218431,Bicyclist,33.560743,-84.48107,4/27/17 19:00,Injury,2,Daylight
5303296,Bicyclist,33.77691,-84.391985,4/3/15 13:30,Injury,2,Daylight
6061842,Bicyclist,32.408172,-81.781468,12/29/16 9:53,Injury,2,Daylight
4619604,Bicyclist,33.667837,-84.43568,10/25/13 7:59,Injury,2,Daylight
6014184,Bicyclist,32.466498,-84.953754,11/26/16 12:25,Injury,2,Daylight
5273669,Bicyclist,31.976613,-81.099806,5/1/15 16:27,Injury,2,Daylight
5860839,Bicyclist,33.9917,-84.278505,8/1/16 9:17,Injury,2,Daylight
4517115,Bicyclist,33.481486,-82.017093,7/2/13 18:02,Injury,2,Daylight
5748574,Bicyclist,33.778549,-84.384296,5/7/16 18:18,Injury,2,Daylight
6155361,Pedestrian,32.082166,-81.094298,3/18/17 14:37,Property Damaged Only,1,Daylight
5410069,Pedestrian,33.070096,-83.224021,9/1/15 10:10,Property Damaged Only,1,Daylight
4551252,Pedestrian,34.045732,-84.300751,8/23/13 9:23,Property Damaged Only,1,Daylight
5972240,Pedestrian,33.759872,-84.268493,10/25/16 0:00,Property Damaged Only,1,Daylight
6495410,Pedestrian,33.038732,-85.032053,12/1/17 14:13,Property Damaged Only,1,Daylight
5008440,Pedestrian,33.922919,-84.379175,10/6/14 13:56,Property Damaged Only,1,Daylight
5780151,Pedestrian,33.781375,-84.27752,6/1/16 15:30,Property Damaged Only,1,Daylight
4796861,Pedestrian,32.078445,-81.108776,4/19/14 14:45,Property Damaged Only,1,Daylight
6037524,Pedestrian,31.464053,-82.400658,12/7/16 15:30,Property Damaged Only,1,Daylight
5197795,Pedestrian,31.980877,-81.169079,2/26/15 0:00,Property Damaged Only,1,Daylight
6498405,Pedestrian,30.846479,-83.991947,11/30/17 9:45,Property Damaged Only,1,Daylight
4321968,Pedestrian,33.983967,-84.081619,1/10/13 12:50,Property Damaged Only,1,Daylight
4496550,Pedestrian,33.714561,-84.435712,7/1/13 15:30,Property Damaged Only,1,Daylight
4969183,Pedestrian,33.946743,-83.582135,9/25/13 8:11,Property Damaged Only,1,Daylight
6186976,Pedestrian,32.819972,-83.651556,4/6/17 7:58,Property Damaged Only,1,Daylight
6537240,Pedestrian,34.87269,-84.30851,12/31/17 16:56,Property Damaged Only,1,Daylight
5029522,Pedestrian,34.216217,-84.455948,10/24/14 13:02,Property Damaged Only,1,Daylight
4868837,Pedestrian,33.730936,-84.918874,6/4/14 18:49,Property Damaged Only,1,Daylight
6012825,Pedestrian,32.864971,-83.60282,11/25/16 14:38,Property Damaged Only,1,Daylight
5817287,Pedestrian,33.901498,-84.275908,6/29/16 13:45,Property Damaged Only,1,Daylight
5621935,Pedestrian,33.677096,-84.442463,2/2/16 13:20,Property Damaged Only,1,Daylight
6091107,Pedestrian,32.078533,-81.093348,1/23/17 16:19,Property Damaged Only,1,Daylight
4425932,Pedestrian,33.56733,-84.14271,4/25/13 9:12,Property Damaged Only,1,Daylight
6522843,Pedestrian,31.554285,-84.137621,12/19/17 10:15,Property Damaged Only,1,Daylight
5169165,Pedestrian,33.676766,-84.441137,2/6/15 8:15,Property Damaged Only,1,Daylight
6328317,Pedestrian,33.593492,-84.29872,7/27/17 16:30,Property Damaged Only,1,Daylight
5125315,Pedestrian,33.968629,-84.361303,1/11/15 14:34,Property Damaged Only,1,Daylight
4691694,Pedestrian,33.402432,-82.006947,12/31/13 15:56,Property Damaged Only,1,Daylight
5169311,Pedestrian,32.057066,-81.090897,2/6/15 16:34,Property Damaged Only,1,Daylight
4715280,Pedestrian,33.971363,-84.724472,1/15/14 8:21,Property Damaged Only,1,Daylight
5482319,Pedestrian,30.858623,-83.280925,10/23/15 14:40,Property Damaged Only,1,Daylight
5773456,Pedestrian,33.933797,-84.361822,1/22/13 16:36,Property Damaged Only,1,Daylight
5318377,Pedestrian,34.009203,-84.569163,6/8/15 13:22,Property Damaged Only,1,Daylight
4654652,Pedestrian,32.469689,-84.993127,11/25/13 11:23,Property Damaged Only,1,Daylight
5549991,Pedestrian,33.539769,-84.073914,12/14/15 17:52,Property Damaged Only,1,Daylight
4482372,Pedestrian,34.01713,-84.60966,6/19/13 13:33,Property Damaged Only,1,Daylight
5347860,Pedestrian,32.444503,-81.783884,6/24/15 17:12,Property Damaged Only,1,Daylight
5819382,Pedestrian,33.823695,-84.367315,7/1/16 17:24,Property Damaged Only,1,Daylight
5717790,Pedestrian,33.908274,-84.267674,4/12/16 13:12,Property Damaged Only,1,Daylight
6185293,Pedestrian,33.883041,-84.251585,4/9/17 7:35,Property Damaged Only,1,Daylight
6230154,Pedestrian,33.706017,-84.27173,5/11/17 0:00,Property Damaged Only,1,Daylight
4537959,Pedestrian,33.792441,-84.396394,4/20/13 16:40,Property Damaged Only,1,Daylight
4794501,Pedestrian,33.75312,-84.387584,4/11/14 16:59,Property Damaged Only,1,Daylight
5268683,Pedestrian,33.699664,-84.418292,4/27/15 16:12,Property Damaged Only,1,Daylight
6082972,Pedestrian,33.893566,-84.219514,1/10/17 17:07,Property Damaged Only,1,Daylight
4832983,Pedestrian,33.803474,-84.277588,4/30/14 16:30,Property Damaged Only,1,Daylight
5674670,Pedestrian,33.884151,-84.220348,3/15/16 13:29,Property Damaged Only,1,Daylight
4630676,Pedestrian,34.293914,-83.81333,11/4/13 13:17,Property Damaged Only,1,Daylight
4867773,Pedestrian,33.995247,-84.52622,5/8/14 16:53,Property Damaged Only,1,Daylight
5471061,Pedestrian,32.080924,-81.091216,10/16/15 12:52,Property Damaged Only,1,Daylight
5991522,Pedestrian,33.596842,-83.863795,10/25/16 16:36,Property Damaged Only,1,Daylight
5022353,Pedestrian,34.003199,-84.040403,10/17/14 16:12,Property Damaged Only,1,Daylight
6068864,Pedestrian,33.667912,-84.017706,11/29/16 8:12,Property Damaged Only,1,Daylight
5174534,Pedestrian,33.943264,-84.539761,2/9/15 14:56,Property Damaged Only,1,Daylight
5747632,Pedestrian,34.967419,-85.256108,4/26/16 15:32,Property Damaged Only,1,Daylight
5473698,Pedestrian,33.566117,-84.261559,10/19/15 10:28,Property Damaged Only,1,Daylight
4833724,Pedestrian,32.056347,-81.122204,5/1/14 15:36,Property Damaged Only,1,Daylight
5043199,Pedestrian,33.833589,-84.383179,10/31/14 14:50,Property Damaged Only,1,Daylight
6344467,Pedestrian,33.59107,-84.29185,8/7/17 18:40,Property Damaged Only,1,Daylight
6033168,Pedestrian,32.027181,-81.101808,12/8/16 14:26,Property Damaged Only,1,Daylight
4839476,Pedestrian,33.779053,-84.410086,5/3/14 13:15,Property Damaged Only,1,Daylight
4956117,Pedestrian,33.523695,-84.410419,8/29/14 8:00,Property Damaged Only,1,Daylight
5109085,Pedestrian,33.905662,-84.464262,12/27/14 9:35,Property Damaged Only,1,Daylight
5506192,Pedestrian,33.771176,-84.371773,11/5/15 15:05,Property Damaged Only,1,Daylight
5235356,Pedestrian,33.475272,-81.987465,3/30/15 9:35,Property Damaged Only,1,Daylight
4794120,Pedestrian,34.373214,-85.033661,4/16/14 9:30,Property Damaged Only,1,Daylight
4608747,Pedestrian,33.850811,-84.383108,10/13/13 9:47,Property Damaged Only,1,Daylight
5641150,Pedestrian,33.673603,-84.302672,2/18/16 8:00,Property Damaged Only,1,Daylight
5825789,Pedestrian,33.850033,-84.21851,7/5/16 19:24,Property Damaged Only,1,Daylight
5481867,Pedestrian,32.489478,-84.931318,10/24/15 13:00,Property Damaged Only,1,Daylight
4936111,Pedestrian,33.777929,-84.567209,8/12/14 19:05,Property Damaged Only,1,Daylight
4507206,Pedestrian,33.905316,-84.200124,7/17/13 8:13,Property Damaged Only,1,Daylight
5032980,Pedestrian,33.67549,-84.442763,10/28/14 18:14,Property Damaged Only,1,Daylight
4497058,Pedestrian,32.524758,-84.894876,7/8/13 19:29,Property Damaged Only,1,Daylight
5421112,Pedestrian,33.790358,-84.412044,9/8/15 17:55,Property Damaged Only,1,Daylight
6415236,Pedestrian,33.998792,-84.715429,10/1/17 18:08,Property Damaged Only,1,Daylight
5853097,Pedestrian,31.624249,-84.124432,7/10/16 18:17,Property Damaged Only,1,Daylight
6185358,Pedestrian,34.45702,-83.58277,4/7/17 18:56,Fatal,3,Daylight
5987464,Pedestrian,33.4574,-84.7294,10/31/16 17:41,Fatal,3,Daylight
4537445,Pedestrian,33.790033,-84.470065,8/8/13 19:00,Injury,2,Daylight
5953333,Pedestrian,33.550007,-84.275723,10/11/16 17:52,Injury,2,Daylight
4781362,Pedestrian,33.7697,-84.19128,4/4/14 17:07,Injury,2,Daylight
6591997,Pedestrian,33.947593,-83.376475,12/12/17 8:08,Injury,2,Daylight
4768563,Pedestrian,31.176418,-81.484984,3/13/14 13:42,Injury,2,Daylight
5177189,Pedestrian,34.287458,-83.852065,2/14/15 17:27,Injury,2,Daylight
5841380,Pedestrian,34.783513,-84.956633,6/18/16 10:16,Injury,2,Daylight
6030008,Pedestrian,33.088688,-83.229154,12/6/16 17:11,Injury,2,Daylight
4461780,Pedestrian,34.23872,-84.223677,5/11/13 9:55,Injury,2,Daylight
4778045,Pedestrian,33.539941,-84.385823,4/1/14 19:38,Injury,2,Daylight
5989001,Pedestrian,33.815239,-84.043214,10/31/16 15:45,Injury,2,Daylight
6388324,Pedestrian,31.436217,-83.519821,9/9/17 10:06,Injury,2,Daylight
4822519,Pedestrian,32.410274,-81.70686,4/21/14 14:50,Injury,2,Daylight
5701463,Pedestrian,33.73251,-84.12781,4/4/16 18:02,Injury,2,Daylight
5999215,Pedestrian,33.929205,-83.34279,11/14/16 11:13,Injury,2,Daylight
5905038,Pedestrian,33.772493,-84.404308,8/31/16 9:58,Injury,2,Daylight
4441002,Pedestrian,33.442518,-84.166298,5/9/13 18:19,Injury,2,Daylight
4550497,Pedestrian,34.000336,-84.625459,8/26/13 7:26,Injury,2,Daylight
4906316,Pedestrian,34.225034,-85.156125,7/14/14 13:00,Injury,2,Daylight
4442069,Pedestrian,32.443526,-84.919012,5/13/13 7:30,Injury,2,Daylight
4555723,Pedestrian,33.94492,-83.37932,8/22/13 12:35,Injury,2,Daylight
6057364,Pedestrian,33.667557,-84.450428,11/19/16 16:33,Injury,2,Daylight
6320200,Pedestrian,33.73224,-84.568657,7/21/17 16:03,Injury,2,Daylight
5452506,Pedestrian,34.947885,-83.7564,10/1/15 14:31,Injury,2,Daylight
5811977,Pedestrian,33.95143,-84.146636,6/25/16 19:30,Injury,2,Daylight
5841490,Pedestrian,33.618572,-84.472884,7/18/16 12:52,Injury,2,Daylight
5733503,Pedestrian,33.960766,-83.385708,4/26/16 18:43,Injury,2,Daylight
6130794,Pedestrian,34.288545,-83.673354,2/26/17 13:10,Injury,2,Daylight
4544625,Pedestrian,33.673793,-84.66425,8/19/13 15:49,Injury,2,Daylight
6480493,Pedestrian,34.041528,-84.481708,11/13/17 16:52,Injury,2,Daylight
5353543,Pedestrian,34.860535,-85.024414,7/10/15 17:45,Injury,2,Daylight
6604932,Pedestrian,34.004018,-84.140289,5/3/17 7:07,Injury,2,Daylight
4567259,Pedestrian,31.44542,-83.50877,9/10/13 16:45,Injury,2,Daylight
5176352,Pedestrian,34.072906,-84.539207,2/10/15 11:15,Injury,2,Daylight
4888345,Pedestrian,31.50015,-82.85067,6/10/14 12:54,Injury,2,Daylight
5418483,Pedestrian,33.993342,-84.546851,9/8/15 10:40,Injury,2,Daylight
6360111,Pedestrian,32.83693,-83.66951,8/19/17 19:45,Injury,2,Daylight
5725282,Pedestrian,31.60819,-81.884193,3/3/16 16:49,Injury,2,Daylight
6018156,Pedestrian,33.731765,-84.252141,11/29/16 7:50,Injury,2,Daylight
4928494,Pedestrian,34.41177,-83.90031,8/4/14 17:52,Injury,2,Daylight
5501593,Pedestrian,33.534473,-84.39108,11/5/15 14:50,Injury,2,Daylight
5583686,Pedestrian,33.872112,-84.590713,1/3/16 11:12,Injury,2,Daylight
6019250,Pedestrian,32.02817,-81.108114,11/29/16 13:32,Injury,2,Daylight
5876652,Pedestrian,33.916242,-83.446355,8/13/16 18:55,Injury,2,Daylight
4726004,Pedestrian,34.08632,-84.9798,2/2/14 16:12,Injury,2,Daylight
5317706,Pedestrian,32.070562,-81.093009,6/8/15 18:05,Injury,2,Daylight
6249377,Pedestrian,33.78499,-84.63951,5/19/17 17:10,Injury,2,Daylight
5857651,Pedestrian,32.062082,-81.076334,7/31/16 18:30,Injury,2,Daylight
4437773,Pedestrian,33.884097,-84.220559,5/8/13 17:05,Injury,2,Daylight
6074854,Pedestrian,34.23142,-83.061337,1/10/17 12:52,Injury,2,Daylight
5907298,Pedestrian,34.204194,-83.459548,9/6/16 9:35,Injury,2,Daylight
6385277,Pedestrian,33.565328,-84.584046,9/8/17 8:15,Injury,2,Daylight
6260550,Pedestrian,33.732102,-84.309027,6/2/17 19:07,Injury,2,Daylight
5769812,Pedestrian,31.666529,-82.231283,5/21/16 18:36,Injury,2,Daylight
5254441,Pedestrian,33.798439,-84.458677,4/13/15 15:19,Injury,2,Daylight
5410314,Pedestrian,33.797426,-84.389481,8/26/15 9:08,Injury,2,Daylight
5456887,Pedestrian,33.474644,-82.221941,9/11/15 7:12,Injury,2,Daylight
4848567,Pedestrian,33.469924,-82.057815,5/14/14 14:52,Injury,2,Daylight
6125207,Pedestrian,33.512108,-82.138643,2/21/17 9:45,Injury,2,Daylight
5972772,Pedestrian,34.337789,-82.922258,10/20/16 8:15,Injury,2,Daylight
4442691,Pedestrian,33.895166,-84.480228,4/17/13 19:13,Injury,2,Daylight
6468303,Pedestrian,33.697613,-84.446942,11/11/17 9:48,Injury,2,Daylight
4334227,Pedestrian,33.768951,-84.371879,1/11/13 17:20,Injury,2,Daylight
5737582,Pedestrian,33.851828,-84.605429,4/26/16 14:46,Injury,2,Daylight
4416284,Pedestrian,33.816646,-85.10092,4/11/13 14:22,Injury,2,Daylight
4895908,Pedestrian,33.555321,-84.41413,7/2/14 18:42,Injury,2,Daylight
4739889,Pedestrian,31.04265,-84.87663,2/18/14 15:45,Injury,2,Daylight
5881783,Pedestrian,33.947459,-83.378109,8/12/16 13:41,Injury,2,Daylight
6409193,Pedestrian,33.813727,-84.207669,9/28/17 14:33,Injury,2,Daylight
5374977,Pedestrian,33.894536,-84.538598,7/26/15 13:48,Injury,2,Daylight
6429321,Pedestrian,34.761208,-84.968808,10/15/17 14:23,Injury,2,Daylight
6333954,Pedestrian,32.035621,-81.087382,8/1/17 9:20,Injury,2,Daylight
6022712,Pedestrian,32.260414,-83.746148,12/1/16 16:37,Injury,2,Daylight
5861712,Pedestrian & Bicyclist,31.304114,-82.250162,7/22/16 18:12,Property Damaged Only,1,Daylight
5991449,Pedestrian & Bicyclist,34.029108,-84.091784,11/4/16 20:54,Injury,2,Daylight
6292081,Bicyclist,34.029217,-84.356424,6/28/17 14:00,Property Damaged Only,1,Daylight
4514747,Bicyclist,34.039415,-84.349414,6/5/13 17:44,Property Damaged Only,1,Daylight
6104476,Bicyclist,33.809371,-84.400894,1/16/17 10:50,Property Damaged Only,1,Daylight
4404625,Bicyclist,33.846903,-84.370918,4/2/13 13:51,Property Damaged Only,1,Daylight
5506581,Bicyclist,33.749825,-84.379097,11/10/15 14:25,Property Damaged Only,1,Daylight
5837097,Bicyclist,32.277753,-81.229918,7/15/16 13:55,Property Damaged Only,1,Daylight
6359255,Bicyclist,33.825203,-84.489415,8/16/17 7:41,Property Damaged Only,1,Daylight
5300401,Bicyclist,32.074994,-81.094692,5/23/15 8:59,Property Damaged Only,1,Daylight
6427068,Bicyclist,33.092404,-82.016079,10/11/17 16:00,Property Damaged Only,1,Daylight
4321755,Bicyclist,33.760983,-84.387488,1/10/13 8:25,Property Damaged Only,1,Daylight
5988939,Bicyclist,33.202449,-82.383993,10/28/16 16:00,Property Damaged Only,1,Daylight
5678949,Bicyclist,33.778345,-84.39913,11/6/15 14:05,Property Damaged Only,1,Daylight
4327232,Bicyclist,32.2819,-84.5912,1/15/13 15:40,Property Damaged Only,1,Daylight
4405060,Bicyclist,34.181768,-84.563548,3/31/13 17:34,Property Damaged Only,1,Daylight
5721588,Bicyclist,33.898539,-84.367632,4/20/16 8:25,Property Damaged Only,1,Daylight
5066183,Bicyclist,34.332295,-85.15714,11/26/14 13:47,Property Damaged Only,1,Daylight
5631595,Bicyclist,31.446263,-83.503568,1/30/16 9:48,Property Damaged Only,1,Daylight
4877692,Bicyclist,33.950681,-84.534099,6/12/14 9:11,Property Damaged Only,1,Daylight
5508857,Bicyclist,31.577206,-84.167079,11/11/15 14:28,Property Damaged Only,1,Daylight
5258116,Bicyclist,34.074779,-84.271321,4/17/15 10:15,Property Damaged Only,1,Daylight
5374768,Bicyclist,34.256619,-85.167419,7/31/15 9:02,Property Damaged Only,1,Daylight
4954403,Bicyclist,32.076806,-81.092748,8/27/14 14:20,Property Damaged Only,1,Daylight
4393292,Bicyclist,30.832018,-83.27678,2/11/13 11:46,Property Damaged Only,1,Daylight
6248252,Bicyclist,33.811602,-84.189272,5/24/17 19:45,Property Damaged Only,1,Daylight
4319139,Bicyclist,32.060974,-81.080808,1/8/13 14:57,Property Damaged Only,1,Daylight
5308644,Bicyclist,33.581797,-84.551257,5/21/15 13:05,Property Damaged Only,1,Daylight
4638620,Bicyclist,31.994028,-81.090537,11/12/13 15:32,Property Damaged Only,1,Daylight
5455262,Bicyclist,32.068835,-81.098226,10/4/15 11:32,Property Damaged Only,1,Daylight
4919313,Bicyclist,33.9967,-84.705868,7/27/14 17:04,Property Damaged Only,1,Daylight
4625698,Bicyclist,32.481382,-84.990094,10/30/13 14:20,Property Damaged Only,1,Daylight
5416287,Bicyclist,31.998066,-80.846983,9/6/15 12:34,Property Damaged Only,1,Daylight
4885601,Bicyclist,34.293863,-83.813037,6/23/14 12:13,Property Damaged Only,1,Daylight
5533532,Bicyclist,33.942214,-84.134753,11/29/15 15:54,Property Damaged Only,1,Daylight
6102347,Bicyclist,33.945969,-83.925398,1/25/17 12:34,Injury,2,Daylight
4578113,Bicyclist,33.7815,-84.39915,9/20/13 18:00,Injury,2,Daylight
5398728,Bicyclist,32.472047,-84.964691,8/21/15 12:01,Injury,2,Daylight
5670153,Bicyclist,31.692438,-83.245818,3/10/16 17:33,Injury,2,Daylight
5508507,Bicyclist,33.84507,-84.489998,10/30/15 17:13,Injury,2,Daylight
4979950,Bicyclist,32.057544,-81.094083,9/15/14 16:50,Injury,2,Daylight
6169738,Bicyclist,33.755729,-84.387877,3/28/17 18:32,Injury,2,Daylight
4540241,Bicyclist,33.953067,-84.79127,8/13/13 17:04,Injury,2,Daylight
5491121,Bicyclist,33.773745,-84.284943,9/17/15 11:41,Injury,2,Daylight
6289293,Bicyclist,33.950671,-84.128998,6/26/17 7:25,Injury,2,Daylight
5413518,Bicyclist,33.968819,-84.240492,9/2/15 10:44,Injury,2,Daylight
6055858,Bicyclist,31.201962,-81.46777,12/26/16 11:37,Injury,2,Daylight
5305286,Bicyclist,33.799359,-84.257888,5/27/15 13:06,Injury,2,Daylight
4390527,Bicyclist,33.412407,-84.579978,3/7/13 16:40,Injury,2,Daylight
5612732,Bicyclist,32.393741,-83.632502,1/24/16 16:14,Injury,2,Daylight
4789974,Bicyclist,33.590523,-84.643157,4/13/14 19:41,Injury,2,Daylight
6060536,Bicyclist,33.445591,-84.318738,12/27/16 15:35,Injury,2,Daylight
4645865,Bicyclist,33.926902,-84.341784,11/17/13 10:12,Injury,2,Daylight
4641964,Bicyclist,32.420639,-81.785859,10/4/13 14:13,Injury,2,Daylight
4480867,Bicyclist,33.896331,-84.045061,6/16/13 19:54,Injury,2,Daylight
4959239,Bicyclist,33.812278,-84.151219,3/12/13 17:44,Injury,2,Daylight
6486425,Bicyclist,33.81971,-84.335183,11/26/17 16:20,Injury,2,Daylight
4859807,Bicyclist,33.950931,-83.377074,5/21/14 12:32,Injury,2,Daylight
5738474,Bicyclist,33.044053,-84.14196,5/1/16 16:00,Injury,2,Daylight
5161368,Bicyclist,34.01601,-84.16386,9/23/14 18:23,Injury,2,Daylight
4879985,Bicyclist,33.955973,-83.324821,6/13/14 10:10,Injury,2,Daylight
4512042,Bicyclist,33.883798,-84.498545,5/31/13 7:55,Injury,2,Daylight
6184413,Bicyclist,33.939914,-84.76238,4/7/17 11:20,Injury,2,Daylight
5152148,Bicyclist,33.498976,-82.011764,1/30/15 17:11,Injury,2,Daylight
4609428,Bicyclist,33.751125,-84.726,10/4/13 8:23,Injury,2,Daylight
5164642,Bicyclist,31.456943,-83.517387,2/3/15 12:15,Injury,2,Daylight
6470257,Bicyclist,33.77691,-84.393634,7/31/17 8:55,Injury,2,Daylight
4524086,Bicyclist,33.729557,-84.69527,7/24/13 17:54,Injury,2,Daylight
5987263,Bicyclist,32.080134,-81.097361,11/5/16 10:30,Injury,2,Daylight
5685049,Bicyclist,33.847924,-84.213268,3/22/16 16:27,Injury,2,Daylight
5406253,Bicyclist,34.132149,-83.767668,8/26/15 11:13,Injury,2,Daylight
5803289,Bicyclist,31.719562,-83.247784,5/10/16 17:58,Injury,2,Daylight
6104571,Bicyclist,33.768588,-84.385273,1/24/17 8:32,Injury,2,Daylight
6469241,Pedestrian,33.594581,-84.412434,11/12/17 12:40,Property Damaged Only,1,Daylight
6130394,Pedestrian,33.850296,-84.362053,2/24/17 11:15,Property Damaged Only,1,Daylight
5248574,Pedestrian,33.970843,-83.412554,4/9/15 12:23,Property Damaged Only,1,Daylight
4396764,Pedestrian,32.003087,-81.123832,3/27/13 16:49,Property Damaged Only,1,Daylight
6154847,Pedestrian,31.590219,-84.15982,3/16/17 8:06,Property Damaged Only,1,Daylight
4488284,Pedestrian,34.173139,-85.176835,6/25/13 10:25,Property Damaged Only,1,Daylight
6331423,Pedestrian,30.877743,-84.213924,7/30/17 18:54,Property Damaged Only,1,Daylight
5829265,Pedestrian,33.51161,-82.038132,7/13/16 12:35,Property Damaged Only,1,Daylight
4739931,Pedestrian,33.945505,-84.136977,2/20/14 12:24,Property Damaged Only,1,Daylight
6440730,Pedestrian,33.949185,-84.13817,10/19/17 18:41,Property Damaged Only,1,Daylight
5484412,Pedestrian,33.974856,-84.414653,10/24/15 8:36,Property Damaged Only,1,Daylight
5285750,Pedestrian,33.838204,-84.376373,5/9/15 8:56,Property Damaged Only,1,Daylight
5720403,Pedestrian,34.297329,-83.841538,4/19/16 10:40,Property Damaged Only,1,Daylight
6111535,Pedestrian,31.972135,-81.143329,2/8/17 16:03,Property Damaged Only,1,Daylight
5595117,Pedestrian,32.839855,-83.689892,1/12/16 12:12,Property Damaged Only,1,Daylight
6314639,Pedestrian,33.949502,-84.251551,7/18/17 8:13,Property Damaged Only,1,Daylight
6364192,Pedestrian,30.831804,-82.00532,8/16/17 12:04,Property Damaged Only,1,Daylight
5797092,Pedestrian,33.771219,-84.399153,6/12/16 20:00,Property Damaged Only,1,Daylight
5172339,Pedestrian,33.95853,-83.375545,2/9/15 16:23,Property Damaged Only,1,Daylight
6441670,Pedestrian,33.690623,-84.511456,10/20/17 17:26,Property Damaged Only,1,Daylight
6492694,Pedestrian,33.605148,-84.479505,10/13/17 14:55,Property Damaged Only,1,Daylight
4633452,Pedestrian,33.80234,-84.19374,11/7/13 12:56,Property Damaged Only,1,Daylight
5572298,Pedestrian,33.890519,-84.310923,11/28/15 12:45,Property Damaged Only,1,Daylight
4945088,Pedestrian,32.465553,-84.91637,8/20/14 14:39,Property Damaged Only,1,Daylight
5891522,Pedestrian,34.085245,-83.990843,8/20/16 16:40,Property Damaged Only,1,Daylight
6238668,Pedestrian,32.871784,-85.171935,5/14/17 16:21,Property Damaged Only,1,Daylight
4357420,Pedestrian,33.859617,-84.311063,2/18/13 13:50,Property Damaged Only,1,Daylight
4537293,Pedestrian,33.84906,-84.430067,8/7/13 9:56,Property Damaged Only,1,Daylight
4363965,Pedestrian,32.043745,-81.069058,2/19/13 13:47,Property Damaged Only,1,Daylight
5946321,Pedestrian,33.762892,-84.386004,10/4/16 7:45,Property Damaged Only,1,Daylight
4936989,Pedestrian,33.996994,-84.350532,8/11/14 12:26,Property Damaged Only,1,Daylight
6124179,Pedestrian,31.999362,-80.848713,2/20/17 16:35,Property Damaged Only,1,Daylight
5197922,Pedestrian,33.949449,-84.088312,2/24/15 14:52,Property Damaged Only,1,Daylight