incidentIdNbr,crashType,latitude,longitude,dateOfIncidentDate,severity,Mag,lightCondition
6006580,Pedestrian,33.721484,-84.150833,11/19/16 9:30,Property Damaged Only,1,Daylight
4842241,Pedestrian,31.19093,-81.486528,4/29/14 18:08,Property Damaged Only,1,Daylight
5122659,Pedestrian,33.83944,-84.380003,12/19/14 11:59,Property Damaged Only,1,Daylight
6214672,Pedestrian,33.953022,-83.371502,3/14/17 11:58,Property Damaged Only,1,Daylight
5037391,Pedestrian,31.17605,-81.377798,11/2/14 9:48,Property Damaged Only,1,Daylight
5736778,Pedestrian,34.82163,-83.904248,4/30/16 11:54,Property Damaged Only,1,Daylight
4957831,Pedestrian,34.265179,-85.178131,8/31/14 14:20,Property Damaged Only,1,Daylight
5327625,Pedestrian,33.849419,-84.3634,6/16/15 15:00,Property Damaged Only,1,Daylight
5597086,Pedestrian,33.908293,-84.107188,1/8/16 10:51,Property Damaged Only,1,Daylight
6008516,Pedestrian,33.695416,-84.262895,11/21/16 9:28,Property Damaged Only,1,Daylight
4430477,Pedestrian,33.889392,-84.46108,4/26/13 15:16,Property Damaged Only,1,Daylight
6122901,Pedestrian,33.673886,-84.277461,2/19/17 0:00,Property Damaged Only,1,Daylight
5047955,Pedestrian,31.297985,-82.85243,11/9/14 16:56,Property Damaged Only,1,Daylight
5777825,Pedestrian,33.710973,-84.229127,5/30/16 6:30,Property Damaged Only,1,Daylight
5617707,Pedestrian,32.025969,-81.113396,1/30/16 17:18,Property Damaged Only,1,Daylight
4876088,Pedestrian,33.56804,-84.537265,6/12/14 9:12,Property Damaged Only,1,Daylight
5269582,Pedestrian,33.910441,-84.260097,4/14/15 14:19,Property Damaged Only,1,Daylight
4497377,Pedestrian,33.03068,-85.02874,7/8/13 18:50,Property Damaged Only,1,Daylight
6425727,Pedestrian,33.902741,-84.487334,10/10/17 14:20,Property Damaged Only,1,Daylight
5514149,Pedestrian,32.815336,-83.707852,11/14/15 12:34,Property Damaged Only,1,Daylight
5001509,Pedestrian,30.893756,-84.576374,1/26/14 12:18,Property Damaged Only,1,Daylight
4525200,Pedestrian,33.73886,-84.28804,7/30/13 15:42,Property Damaged Only,1,Daylight
5689849,Pedestrian,32.898167,-83.689297,3/27/16 9:27,Property Damaged Only,1,Daylight
6132386,Pedestrian,33.754354,-84.38656,2/24/17 11:50,Property Damaged Only,1,Daylight
5733847,Pedestrian,33.359788,-81.989573,4/27/16 12:59,Property Damaged Only,1,Daylight
4444800,Pedestrian,33.941465,-84.124932,5/15/13 8:30,Property Damaged Only,1,Daylight
6121064,Pedestrian,34.075355,-84.2841,2/16/17 16:45,Property Damaged Only,1,Daylight
4436432,Pedestrian,32.093341,-81.133989,5/7/13 8:53,Property Damaged Only,1,Daylight
5035497,Pedestrian,33.94219,-84.13194,10/30/14 8:28,Property Damaged Only,1,Daylight
6282244,Pedestrian,30.842156,-83.985859,6/21/17 10:11,Property Damaged Only,1,Daylight
6205776,Pedestrian,33.607725,-84.471292,4/24/17 16:54,Property Damaged Only,1,Daylight
6346520,Pedestrian,34.212926,-84.509611,8/8/17 17:11,Property Damaged Only,1,Daylight
4740723,Pedestrian,34.023765,-84.329549,2/22/14 12:24,Property Damaged Only,1,Daylight
4393613,Pedestrian,33.962983,-84.286431,3/15/13 18:20,Property Damaged Only,1,Daylight
4984488,Pedestrian,33.754417,-84.380262,9/15/14 15:28,Property Damaged Only,1,Daylight
6249533,Pedestrian,33.798388,-84.222068,5/25/17 19:00,Property Damaged Only,1,Daylight
6214264,Pedestrian,34.776067,-84.971862,4/29/17 15:35,Property Damaged Only,1,Daylight
6102960,Pedestrian,33.809445,-84.174194,1/31/17 15:23,Property Damaged Only,1,Daylight
5707214,Pedestrian,32.484102,-84.895224,4/8/16 17:16,Property Damaged Only,1,Daylight
5471221,Pedestrian,33.693711,-84.097062,10/16/15 8:27,Fatal,3,Daylight
5933440,Pedestrian,34.285362,-82.800735,9/25/16 14:32,Fatal,3,Daylight
4381378,Pedestrian,32.705322,-81.6251,3/10/13 18:32,Fatal,3,Daylight
6506745,Pedestrian,33.598247,-84.378486,12/9/17 14:28,Injury,2,Daylight
4377487,Pedestrian,33.808226,-84.375343,2/28/13 12:24,Injury,2,Daylight
6454309,Pedestrian,33.705975,-84.252618,11/1/17 1:35,Injury,2,Daylight
6213823,Pedestrian,33.144318,-83.187959,4/30/17 16:16,Injury,2,Daylight
4916059,Pedestrian,32.02621,-81.093993,7/23/14 13:55,Injury,2,Daylight
4919019,Pedestrian,33.036735,-85.018975,7/26/14 18:39,Injury,2,Daylight
6262676,Pedestrian,33.840234,-84.378594,6/3/17 8:33,Injury,2,Daylight
6463150,Pedestrian,32.040716,-81.088193,11/7/17 14:25,Injury,2,Daylight
4433992,Pedestrian,33.796718,-84.236467,5/5/13 17:41,Injury,2,Daylight
6411458,Pedestrian,33.795741,-84.229704,9/30/17 18:22,Injury,2,Daylight
5213714,Pedestrian,31.795417,-82.398814,3/9/15 18:19,Injury,2,Daylight
5711795,Pedestrian,33.590049,-84.426571,4/12/16 16:00,Injury,2,Daylight
6222347,Pedestrian,33.503162,-84.64002,5/3/17 15:01,Injury,2,Daylight
5670809,Pedestrian,33.696968,-84.264368,3/11/16 16:00,Injury,2,Daylight
5006760,Pedestrian,32.059424,-81.066996,10/5/14 10:32,Injury,2,Daylight
4612848,Pedestrian,33.922237,-83.378312,10/17/13 17:42,Injury,2,Daylight
4890326,Pedestrian,33.85494,-84.492533,6/26/14 8:07,Injury,2,Daylight
6494447,Pedestrian,33.993347,-84.280516,11/28/17 8:44,Injury,2,Daylight
6007987,Pedestrian,33.948012,-84.335598,11/17/16 9:13,Injury,2,Daylight
5374528,Pedestrian,34.250356,-84.09051,7/17/15 15:49,Injury,2,Daylight
6287965,Pedestrian,32.500015,-81.7424,6/25/17 16:30,Injury,2,Daylight
4892216,Pedestrian,32.457702,-84.935887,6/28/14 14:11,Injury,2,Daylight
4430225,Pedestrian,34.041558,-84.590179,4/30/13 16:42,Injury,2,Daylight
5181111,Pedestrian,32.09359,-81.201038,2/11/15 8:33,Injury,2,Daylight
5283733,Pedestrian,33.762043,-84.91417,5/5/15 18:27,Injury,2,Daylight
5256399,Pedestrian,33.716212,-84.407887,4/16/15 8:36,Injury,2,Daylight
5964520,Pedestrian,33.722708,-84.138346,10/19/16 0:00,Injury,2,Daylight
6369103,Pedestrian,33.745599,-84.379302,8/9/17 9:24,Injury,2,Daylight
5257566,Pedestrian,1,-1,4/19/15 14:10,Injury,2,Daylight
4905622,Pedestrian,31.51744,-82.64114,7/12/14 13:43,Injury,2,Daylight
4909116,Pedestrian,32.026869,-81.097339,7/17/14 17:31,Injury,2,Daylight
6182815,Pedestrian,33.45626,-82.00914,4/3/17 18:51,Injury,2,Daylight
5989561,Pedestrian,31.502601,-82.892037,11/5/16 13:04,Injury,2,Daylight
5708368,Pedestrian,34.676527,-84.479286,4/9/16 14:56,Injury,2,Daylight
4370391,Pedestrian,31.204952,-83.23801,2/26/13 17:41,Injury,2,Daylight
4720706,Pedestrian,34.534637,-83.25882,2/1/14 8:18,Injury,2,Daylight
5071761,Pedestrian,33.749123,-84.389169,11/26/14 17:25,Injury,2,Daylight
5250832,Pedestrian,33.363063,-84.729044,4/12/15 13:21,Injury,2,Daylight
6147130,Pedestrian,33.955874,-84.43225,3/7/17 14:41,Injury,2,Daylight
5223226,Pedestrian,33.948672,-83.380293,3/20/15 10:13,Injury,2,Daylight
4489140,Pedestrian,34.165573,-84.83315,6/23/13 11:18,Injury,2,Daylight
4598365,Pedestrian,33.776865,-84.243729,10/6/13 11:59,Injury,2,Daylight
6182429,Pedestrian,33.717595,-84.938291,3/2/17 17:14,Injury,2,Daylight
6345637,Pedestrian,33.920529,-84.086386,8/5/17 11:47,Injury,2,Daylight
5758566,Pedestrian,33.477192,-81.971361,5/16/16 9:07,Injury,2,Daylight
6079207,Pedestrian,31.569174,-84.167541,1/15/17 12:18,Injury,2,Daylight
6450408,Pedestrian,33.87225,-84.187889,10/27/17 7:36,Injury,2,Daylight
4470410,Pedestrian,34.59953,-84.56693,6/6/13 15:33,Injury,2,Daylight
5358553,Pedestrian,32.823104,-83.717496,7/16/15 11:44,Injury,2,Daylight
5531964,Pedestrian,33.699211,-84.408084,11/30/15 16:30,Injury,2,Daylight
5057882,Pedestrian,33.747358,-84.323282,11/19/14 8:25,Injury,2,Daylight
6425836,Pedestrian,33.659069,-84.432137,10/11/17 15:55,Injury,2,Daylight
5820079,Pedestrian,33.173404,-84.910836,7/4/16 15:56,Injury,2,Daylight
6384462,Pedestrian,32.40481,-84.91274,9/7/17 17:40,Injury,2,Daylight
4633836,Pedestrian,32.065854,-81.091087,11/7/13 14:55,Injury,2,Daylight
4750970,Pedestrian,33.870915,-84.528168,1/13/14 9:56,Injury,2,Daylight
5254820,Pedestrian,33.63538,-84.356887,4/9/14 14:25,Injury,2,Daylight
4585895,Pedestrian,33.763467,-84.417503,9/7/13 11:40,Injury,2,Daylight
5808054,Pedestrian,34.008087,-84.459932,6/15/16 8:19,Injury,2,Daylight
4462597,Pedestrian,31.943576,-81.14552,5/30/13 9:00,Injury,2,Daylight
5309562,Pedestrian & Bicyclist,34.978053,-85.296983,5/29/15 12:17,Injury,2,Daylight
4647115,Bicyclist,33.988124,-83.357463,11/18/13 7:45,Property Damaged Only,1,Daylight
6266369,Bicyclist,32.111265,-81.246817,6/7/17 14:54,Property Damaged Only,1,Daylight
5030057,Bicyclist,33.962153,-83.413595,10/24/14 14:41,Property Damaged Only,1,Daylight
4478555,Bicyclist,32.464606,-84.993371,6/15/13 12:42,Property Damaged Only,1,Daylight
6414697,Bicyclist,33.754348,-84.389768,10/2/17 10:45,Property Damaged Only,1,Daylight
4374223,Bicyclist,33.818458,-84.576265,3/5/13 8:04,Property Damaged Only,1,Daylight
5283980,Bicyclist,33.75158,-84.32359,5/4/15 17:40,Property Damaged Only,1,Daylight
4777582,Bicyclist,30.848121,-83.964994,4/1/14 10:02,Property Damaged Only,1,Daylight
4877870,Bicyclist,33.813932,-84.147459,6/14/14 9:54,Property Damaged Only,1,Daylight
5324224,Bicyclist,34.16009,-84.70827,6/13/15 11:33,Property Damaged Only,1,Daylight
5771843,Bicyclist,33.750983,-84.496392,5/24/16 6:50,Property Damaged Only,1,Daylight
6396359,Bicyclist,31.585749,-84.219318,9/18/17 7:43,Property Damaged Only,1,Daylight
4725607,Bicyclist,33.761161,-84.402814,2/6/14 13:23,Property Damaged Only,1,Daylight
4678928,Bicyclist,32.618366,-83.600639,10/3/13 10:00,Property Damaged Only,1,Daylight
4653175,Bicyclist,32.089206,-81.121667,11/24/13 7:42,Property Damaged Only,1,Daylight
4362321,Bicyclist,32.785245,-83.661548,1/14/13 16:56,Property Damaged Only,1,Daylight
6381793,Bicyclist,33.925798,-83.991109,9/5/17 16:20,Property Damaged Only,1,Daylight
5145847,Bicyclist,34.024052,-84.188997,12/13/14 14:25,Property Damaged Only,1,Daylight
4850860,Bicyclist,31.194175,-83.765546,4/13/14 12:13,Property Damaged Only,1,Daylight
6234662,Bicyclist,33.802717,-84.192689,5/15/17 17:36,Property Damaged Only,1,Daylight
4421659,Bicyclist,33.924985,-84.43342,4/17/13 19:45,Property Damaged Only,1,Daylight
4389912,Bicyclist,34.018997,-84.531427,3/20/13 19:30,Property Damaged Only,1,Daylight
4867622,Bicyclist,31.573761,-84.173549,6/3/14 17:55,Property Damaged Only,1,Daylight
4856596,Bicyclist,33.378313,-84.867868,5/20/14 18:00,Property Damaged Only,1,Daylight
6139494,Bicyclist,33.959335,-83.380678,3/4/17 1:31,Property Damaged Only,1,Daylight
4636343,Bicyclist,33.598793,-84.369809,10/25/13 15:03,Property Damaged Only,1,Daylight
6376515,Bicyclist,32.030505,-81.101684,9/1/17 8:19,Property Damaged Only,1,Daylight
4562281,Bicyclist,32.493603,-84.893514,9/5/13 18:55,Property Damaged Only,1,Daylight
5136959,Bicyclist,31.203977,-81.50621,1/22/15 15:38,Property Damaged Only,1,Daylight
5866868,Bicyclist,33.882728,-84.35092,8/6/16 11:21,Property Damaged Only,1,Daylight
5882680,Bicyclist,34.278199,-83.81829,8/14/16 10:28,Property Damaged Only,1,Daylight
5324794,Bicyclist,34.065737,-84.667267,6/15/15 9:05,Property Damaged Only,1,Daylight
4941869,Bicyclist,33.475813,-82.007064,8/18/14 13:04,Property Damaged Only,1,Daylight
5347652,Bicyclist,33.731953,-84.222859,7/6/15 15:15,Property Damaged Only,1,Daylight
6303701,Bicyclist,33.922659,-84.481425,7/7/17 14:29,Property Damaged Only,1,Daylight
4856002,Bicyclist,32.068346,-81.100687,5/22/14 0:00,Property Damaged Only,1,Daylight
5599119,Bicyclist,34.289784,-83.833291,1/14/16 11:26,Property Damaged Only,1,Daylight
5344321,Bicyclist,33.817399,-84.311828,7/2/15 14:50,Property Damaged Only,1,Daylight
4646607,Bicyclist,34.76604,-84.9367,10/25/13 16:34,Property Damaged Only,1,Daylight
5339605,Bicyclist,33.41209,-84.78785,6/23/15 19:20,Property Damaged Only,1,Daylight
5621301,Bicyclist,33.974239,-83.993902,1/29/16 13:30,Property Damaged Only,1,Daylight
5784989,Bicyclist,33.756903,-84.388137,6/3/16 13:36,Property Damaged Only,1,Daylight
4621094,Bicyclist,32.932699,-83.790067,10/27/13 16:08,Fatal,3,Daylight
5742676,Bicyclist,33.602929,-83.856471,5/3/16 7:22,Fatal,3,Daylight
6295273,Bicyclist,31.21767,-81.38035,7/1/17 9:55,Injury,2,Daylight
4616391,Bicyclist,33.46208,-81.995776,9/26/13 17:48,Injury,2,Daylight
4919501,Bicyclist,33.58149,-84.291044,7/27/14 19:58,Injury,2,Daylight
5321974,Bicyclist,33.811886,-84.067861,6/10/15 17:54,Injury,2,Daylight
4830416,Bicyclist,34.089015,-84.37029,4/27/14 9:49,Injury,2,Daylight
6440224,Bicyclist,31.07846,-81.404483,10/21/17 10:48,Injury,2,Daylight
5509484,Bicyclist,32.069477,-81.055208,11/13/15 16:15,Injury,2,Daylight
4424541,Bicyclist,33.945052,-84.406467,4/25/13 12:11,Injury,2,Daylight
5281502,Bicyclist,34.079011,-84.195568,4/26/15 20:19,Injury,2,Daylight
5182998,Bicyclist,34.952304,-85.244208,1/3/15 11:42,Injury,2,Daylight
5889377,Bicyclist,34.231739,-85.116997,8/23/16 18:15,Injury,2,Daylight
4998162,Bicyclist,31.773749,-84.45173,9/25/14 12:50,Injury,2,Daylight
6205704,Bicyclist,32.076936,-81.088991,4/24/17 16:19,Injury,2,Daylight
5772209,Bicyclist,34.471024,-85.354227,5/26/16 10:05,Injury,2,Daylight
4621401,Bicyclist,33.940923,-83.371749,9/23/13 16:49,Injury,2,Daylight
6194077,Bicyclist,34.570778,-83.968091,4/14/17 15:47,Injury,2,Daylight
5486747,Bicyclist,33.776334,-84.387309,10/24/15 14:55,Injury,2,Daylight
4606716,Bicyclist,33.513979,-82.05631,9/12/13 16:12,Injury,2,Daylight
6128617,Bicyclist,31.518597,-82.900579,2/20/17 12:05,Injury,2,Daylight
4984462,Bicyclist,33.754464,-84.382315,9/15/14 17:17,Injury,2,Daylight
5772185,Bicyclist,32.073851,-81.093704,5/26/16 12:40,Injury,2,Daylight
6299683,Bicyclist,32.715893,-83.780572,7/1/17 13:13,Injury,2,Daylight
4605579,Bicyclist,33.574531,-84.566641,10/13/13 13:40,Injury,2,Daylight
5021502,Bicyclist,32.055843,-81.076573,10/18/14 11:55,Injury,2,Daylight
5467708,Bicyclist,33.728833,-84.762267,8/10/15 12:08,Injury,2,Daylight
4857118,Bicyclist,33.709864,-84.30308,5/22/14 15:35,Injury,2,Daylight
6359000,Bicyclist,33.89619,-84.28219,8/11/17 18:33,Injury,2,Daylight
5802942,Bicyclist,32.0535,-81.102705,6/21/16 13:27,Injury,2,Daylight
5303469,Bicyclist,33.477919,-81.972866,5/25/15 17:55,Injury,2,Daylight
6299585,Bicyclist,32.555294,-84.65685,6/30/17 10:55,Injury,2,Daylight
5262110,Bicyclist,33.480461,-81.990449,4/23/15 15:10,Injury,2,Daylight
5475416,Bicyclist,33.44768,-84.144248,8/31/15 13:46,Injury,2,Daylight
5882937,Bicyclist,34.039897,-84.283688,8/11/16 8:33,Injury,2,Daylight
5274197,Bicyclist,33.494875,-84.820939,4/26/15 15:14,Injury,2,Daylight
4761939,Bicyclist,33.284622,-84.26228,3/14/14 15:00,Injury,2,Daylight
5390842,Bicyclist,33.449651,-84.172155,7/4/15 20:20,Injury,2,Daylight
6025261,Bicyclist,33.972195,-83.412534,12/3/16 10:30,Injury,2,Daylight
6128785,Bicyclist,33.907971,-84.206127,2/18/17 17:46,Injury,2,Daylight
6358114,Bicyclist,32.845676,-83.688674,8/16/17 17:51,Injury,2,Daylight
6338535,Bicyclist,34.028162,-84.187309,4/12/17 13:14,Injury,2,Daylight
4865123,Pedestrian,32.446823,-83.756838,5/13/14 14:07,Property Damaged Only,1,Daylight
6319049,Pedestrian,33.923969,-84.468618,7/21/17 12:51,Property Damaged Only,1,Daylight
4412162,Pedestrian,32.08035,-81.09721,4/12/13 8:29,Property Damaged Only,1,Daylight
4417517,Pedestrian,33.773664,-84.370872,4/18/13 18:00,Property Damaged Only,1,Daylight
4421395,Pedestrian,33.738278,-84.41409,4/16/13 17:30,Property Damaged Only,1,Daylight
4879191,Pedestrian,33.559636,-84.345583,6/16/14 11:00,Property Damaged Only,1,Daylight
5949432,Pedestrian,32.519859,-84.957765,10/8/16 14:00,Property Damaged Only,1,Daylight
5642947,Pedestrian,32.480138,-84.897315,2/19/16 16:30,Property Damaged Only,1,Daylight
6404653,Pedestrian,33.441999,-84.045959,9/25/17 8:04,Property Damaged Only,1,Daylight
6126789,Pedestrian,33.084782,-83.231662,2/22/17 15:23,Property Damaged Only,1,Daylight
4371019,Pedestrian,33.713494,-84.272224,3/2/13 9:30,Property Damaged Only,1,Daylight
6123924,Pedestrian,32.449822,-84.966213,2/19/17 13:20,Property Damaged Only,1,Daylight
6014708,Pedestrian,34.050188,-84.175807,10/12/16 18:14,Property Damaged Only,1,Daylight
5744381,Pedestrian,34.299243,-83.826525,5/5/16 10:17,Property Damaged Only,1,Daylight
5963811,Pedestrian,34.023115,-84.05203,10/17/16 17:52,Property Damaged Only,1,Daylight
6044012,Pedestrian,33.926335,-84.336989,12/16/16 16:39,Property Damaged Only,1,Daylight
4790481,Pedestrian,34.125967,-84.048652,4/13/14 17:19,Property Damaged Only,1,Daylight
5076324,Pedestrian,32.45963,-84.93403,12/5/14 16:59,Property Damaged Only,1,Daylight
4607927,Pedestrian,32.023304,-81.109996,10/15/13 17:05,Property Damaged Only,1,Daylight
5055545,Pedestrian,33.725475,-84.388035,10/24/14 15:30,Property Damaged Only,1,Daylight
4676617,Pedestrian,33.847934,-84.42968,12/11/13 10:45,Property Damaged Only,1,Daylight
4614725,Pedestrian,34.567076,-83.301694,10/16/13 7:40,Property Damaged Only,1,Daylight
4443713,Pedestrian,33.927298,-84.343765,5/14/13 12:23,Property Damaged Only,1,Daylight
5734512,Pedestrian,33.83495,-84.289848,4/27/16 8:30,Property Damaged Only,1,Daylight
5732033,Pedestrian,33.332492,-84.317437,4/25/16 10:18,Property Damaged Only,1,Daylight
4521548,Pedestrian,33.754313,-84.359333,7/12/13 10:15,Property Damaged Only,1,Daylight
4791286,Pedestrian,33.892723,-83.952705,4/12/14 8:49,Property Damaged Only,1,Daylight
5548579,Pedestrian,31.141259,-81.493753,11/26/15 16:00,Property Damaged Only,1,Daylight
6386352,Pedestrian,33.557586,-84.458585,9/8/17 14:19,Property Damaged Only,1,Daylight
6093455,Pedestrian,33.856494,-84.20874,1/24/17 17:36,Property Damaged Only,1,Daylight
5960976,Pedestrian,33.804107,-84.411898,10/15/16 17:20,Property Damaged Only,1,Daylight
5390434,Pedestrian,32.430937,-84.953612,8/15/15 9:10,Property Damaged Only,1,Daylight
5252327,Pedestrian,33.831831,-84.479861,3/25/15 8:50,Property Damaged Only,1,Daylight
4396871,Pedestrian,32.48711,-84.8932,3/27/13 17:34,Property Damaged Only,1,Daylight
6404596,Pedestrian,33.759443,-84.469354,9/19/17 18:53,Property Damaged Only,1,Daylight
6468550,Pedestrian,32.49118,-84.88496,11/11/17 14:45,Property Damaged Only,1,Daylight
5183798,Pedestrian,31.227478,-84.203872,1/16/15 16:28,Property Damaged Only,1,Daylight
4689451,Pedestrian,33.60153,-84.429617,12/28/13 14:05,Property Damaged Only,1,Daylight
4423735,Pedestrian,33.776657,-84.59902,4/12/13 19:00,Property Damaged Only,1,Daylight
5979180,Pedestrian,33.784843,-84.40608,10/29/16 16:22,Property Damaged Only,1,Daylight
5547459,Pedestrian,31.982824,-81.145909,12/13/15 10:52,Property Damaged Only,1,Daylight
6123719,Pedestrian,33.841683,-84.384608,2/18/17 3:34,Property Damaged Only,1,Daylight
6103259,Pedestrian,33.900022,-84.171614,1/26/17 21:54,Property Damaged Only,1,Daylight
4875156,Pedestrian,33.790957,-84.338152,6/11/14 19:00,Property Damaged Only,1,Daylight
6174491,Pedestrian,33.716431,-84.131235,4/1/17 19:10,Property Damaged Only,1,Daylight
4829975,Pedestrian,33.049756,-85.034384,4/28/14 7:42,Property Damaged Only,1,Daylight
4679353,Pedestrian,31.994291,-81.078337,12/18/13 7:53,Property Damaged Only,1,Daylight
4457232,Pedestrian,32.221646,-82.412506,4/17/13 13:33,Property Damaged Only,1,Daylight
5132948,Pedestrian,32.457745,-84.935836,1/18/15 17:15,Property Damaged Only,1,Daylight
5736963,Pedestrian,33.677156,-84.219544,4/29/16 19:22,Property Damaged Only,1,Daylight
4360608,Pedestrian,33.77501,-84.38154,2/20/13 17:19,Property Damaged Only,1,Daylight
5548421,Pedestrian,33.774795,-84.279493,10/2/15 11:08,Property Damaged Only,1,Daylight
5300860,Pedestrian,32.052832,-81.054878,5/23/15 19:00,Property Damaged Only,1,Daylight
6165655,Pedestrian,34.239092,-84.194661,11/23/16 13:54,Property Damaged Only,1,Daylight
4851587,Pedestrian,33.738299,-84.422315,5/13/14 14:07,Property Damaged Only,1,Daylight
6168777,Pedestrian,32.0338,-81.09109,3/28/17 10:15,Property Damaged Only,1,Daylight
4791322,Pedestrian,34.260699,-85.167272,4/15/14 7:29,Property Damaged Only,1,Daylight
4407257,Pedestrian,33.57177,-84.391386,4/5/13 16:52,Property Damaged Only,1,Daylight
4610837,Pedestrian,33.840634,-84.376468,10/16/13 11:15,Property Damaged Only,1,Daylight
5770768,Pedestrian,33.71821,-84.4252,5/24/16 13:50,Property Damaged Only,1,Daylight
4522115,Pedestrian,31.98062,-81.14504,7/26/13 19:00,Property Damaged Only,1,Daylight
6032622,Pedestrian,31.217625,-82.362936,12/8/16 14:39,Property Damaged Only,1,Daylight
5370379,Pedestrian,33.79869,-84.237249,7/27/15 12:15,Property Damaged Only,1,Daylight
5090903,Pedestrian,33.844431,-84.371128,12/9/14 8:30,Property Damaged Only,1,Daylight
5863644,Pedestrian,33.755611,-84.937132,8/3/16 20:12,Property Damaged Only,1,Daylight
6184844,Pedestrian,32.075812,-81.088882,4/8/17 22:36,Property Damaged Only,1,Daylight
6355038,Pedestrian,33.44012,-84.9089,8/12/17 17:08,Fatal,3,Daylight
5709521,Pedestrian,33.734327,-84.450695,4/6/16 17:40,Fatal,3,Daylight
6162516,Pedestrian,33.567475,-84.535042,3/14/17 8:35,Fatal,3,Daylight
4579615,Pedestrian,33.347486,-84.489814,8/24/13 13:24,Fatal,3,Daylight
6141723,Pedestrian,33.634054,-84.492275,3/6/17 13:30,Fatal,3,Daylight
4959676,Pedestrian,33.622578,-84.426554,9/2/14 8:43,Fatal,3,Daylight
5970893,Pedestrian,34.09747,-84.259578,10/23/16 18:09,Injury,2,Daylight
5794552,Pedestrian,32.277169,-81.721924,6/13/16 9:29,Injury,2,Daylight
4960612,Pedestrian,30.90261,-84.24897,9/2/14 17:00,Injury,2,Daylight
5567270,Pedestrian,33.68814,-84.310887,12/26/15 7:47,Injury,2,Daylight
4887738,Pedestrian,33.796665,-84.387913,6/18/14 16:15,Injury,2,Daylight
5576943,Pedestrian,34.251997,-83.461617,12/31/15 17:04,Injury,2,Daylight
4510195,Pedestrian,34.7827,-84.977637,5/25/13 19:25,Injury,2,Daylight
6114564,Pedestrian,34.116949,-83.576108,2/11/17 9:55,Injury,2,Daylight
5477451,Pedestrian,34.886616,-83.875591,10/20/15 16:22,Injury,2,Daylight
5720757,Pedestrian,33.60747,-84.435814,4/19/16 17:32,Injury,2,Daylight
4483031,Pedestrian,33.6525,-84.90962,6/14/13 14:20,Injury,2,Daylight
5437356,Pedestrian,33.953244,-84.547969,8/11/15 9:00,Injury,2,Daylight
4644460,Pedestrian,34.13833,-84.55656,11/14/13 8:25,Injury,2,Daylight
4636905,Pedestrian,33.791437,-84.304515,11/11/13 7:58,Injury,2,Daylight
4965036,Pedestrian,33.909086,-84.378773,9/2/14 17:25,Injury,2,Daylight
5843341,Pedestrian,33.754268,-84.476441,7/15/16 15:15,Injury,2,Daylight
4940126,Pedestrian,31.719533,-84.16873,8/14/14 18:15,Injury,2,Daylight
4769433,Pedestrian,32.063283,-81.091371,3/22/14 13:13,Injury,2,Daylight
4530464,Pedestrian,34.197113,-84.57742,8/3/13 13:45,Injury,2,Daylight
4610982,Pedestrian,32.518448,-84.889423,10/18/13 12:34,Injury,2,Daylight
4614666,Pedestrian,33.84305,-84.32861,9/7/13 13:29,Injury,2,Daylight
6366784,Pedestrian,33.698859,-84.408091,8/20/17 17:22,Injury,2,Daylight
6237875,Pedestrian,33.745407,-84.243325,5/17/17 18:00,Injury,2,Daylight
4938215,Pedestrian,32.032352,-81.106696,8/14/14 17:11,Injury,2,Daylight
4874615,Pedestrian,33.476034,-82.027662,6/11/14 9:48,Injury,2,Daylight
5749426,Pedestrian,33.850357,-83.842533,5/9/16 12:22,Injury,2,Daylight
5021216,Pedestrian,1,-1,10/18/14 16:03,Injury,2,Daylight
5678375,Pedestrian,31.041866,-82.774109,3/9/16 17:58,Injury,2,Daylight
4756945,Pedestrian,33.448306,-82.0525,3/10/14 17:27,Injury,2,Daylight
6505222,Pedestrian,32.81199,-83.645679,11/30/17 18:05,Injury,2,Daylight
4792281,Pedestrian,33.67486,-84.77472,4/10/14 18:10,Injury,2,Daylight
5337846,Pedestrian,34.252771,-85.174525,6/26/15 16:16,Injury,2,Daylight
5947333,Pedestrian,33.997289,-83.967933,9/28/16 17:55,Injury,2,Daylight
4597809,Pedestrian,33.946019,-83.387739,10/5/13 9:00,Injury,2,Daylight
4350694,Pedestrian,33.74243,-83.85243,2/4/13 15:19,Injury,2,Daylight
4559508,Pedestrian,33.970262,-83.414145,9/3/13 16:40,Injury,2,Daylight
6233887,Pedestrian,33.75437,-84.375544,5/14/17 2:35,Injury,2,Daylight
4860821,Pedestrian,33.853161,-84.381411,5/20/14 13:20,Injury,2,Daylight
5469778,Pedestrian,34.821447,-84.96685,10/12/15 19:40,Injury,2,Daylight
5063799,Pedestrian,33.967229,-84.32373,11/24/14 5:10,Injury,2,Daylight
4764646,Pedestrian,32.078574,-81.098068,3/18/14 7:23,Injury,2,Daylight