incidentIdNbr,crashType,latitude,longitude,dateOfIncidentDate,severity,Mag,lightCondition
4844381,Pedestrian,33.620897,-84.507341,5/12/14 19:57,Injury,2,Daylight
6421912,Pedestrian,33.951503,-84.546652,10/6/17 17:33,Injury,2,Daylight
5132886,Pedestrian,33.805636,-84.393905,1/15/15 12:43,Injury,2,Daylight
5149664,Pedestrian,33.79059,-84.320899,8/25/14 12:14,Injury,2,Daylight
5531632,Pedestrian,34.797837,-85.007648,10/2/15 13:34,Injury,2,Daylight
5416637,Pedestrian,33.926197,-84.19428,9/3/15 11:34,Injury,2,Daylight
6484291,Pedestrian,34.16666,-83.56617,11/18/17 13:37,Injury,2,Daylight
6484174,Pedestrian,33.70881,-84.359311,11/21/17 17:18,Injury,2,Daylight
6116068,Pedestrian,34.296588,-83.820105,2/2/17 14:03,Injury,2,Daylight
4525491,Pedestrian,31.16058,-81.47735,7/30/13 8:20,Injury,2,Daylight
4702737,Pedestrian,32.814554,-83.662964,12/25/13 13:24,Injury,2,Daylight
4647700,Pedestrian,34.22958,-85.16401,11/19/13 16:23,Injury,2,Daylight
5372176,Pedestrian,33.553467,-84.355786,7/12/15 21:50,Injury,2,Daylight
5171377,Pedestrian,32.07868,-81.102852,2/9/15 7:46,Injury,2,Daylight
4492536,Pedestrian,33.54471,-84.24322,7/2/13 16:00,Injury,2,Daylight
5393101,Pedestrian,33.630907,-84.527654,8/16/15 18:00,Injury,2,Daylight
5972856,Pedestrian,33.803362,-84.311033,10/24/16 17:50,Injury,2,Daylight
5944655,Pedestrian,33.608435,-84.471156,10/4/16 15:45,Injury,2,Daylight
4480980,Pedestrian,32.161552,-81.18332,6/7/13 15:51,Injury,2,Daylight
6502285,Pedestrian,34.4129,-84.2805,12/5/17 14:15,Injury,2,Daylight
4949529,Pedestrian,34.140198,-84.607119,8/23/14 19:13,Injury,2,Daylight
5517107,Pedestrian & Bicyclist,34.493567,-85.336787,11/17/15 16:41,Injury,2,Daylight
5445055,Pedestrian & Bicyclist,33.862108,-84.146,9/17/15 10:52,Injury,2,Daylight
6287702,Bicyclist,33.79572,-84.321471,6/26/17 8:35,Property Damaged Only,1,Daylight
5031702,Bicyclist,33.789197,-84.332853,10/25/14 18:40,Property Damaged Only,1,Daylight
5717300,Bicyclist,33.961328,-84.495934,4/15/16 13:15,Property Damaged Only,1,Daylight
5743066,Bicyclist,33.41031,-84.566246,5/4/16 18:19,Property Damaged Only,1,Daylight
5939235,Bicyclist,31.824534,-81.598997,9/29/16 15:11,Property Damaged Only,1,Daylight
5480909,Bicyclist,33.7785,-84.372944,10/21/15 9:30,Property Damaged Only,1,Daylight
5443424,Bicyclist,33.446448,-82.010811,9/26/15 13:34,Property Damaged Only,1,Daylight
5383283,Bicyclist,32.506949,-84.962093,8/6/15 17:00,Property Damaged Only,1,Daylight
6128567,Bicyclist,34.087713,-84.48452,2/23/17 9:27,Property Damaged Only,1,Daylight
5458420,Bicyclist,33.882602,-84.75476,10/5/15 13:35,Property Damaged Only,1,Daylight
5356185,Bicyclist,31.189157,-81.376712,7/13/15 10:23,Property Damaged Only,1,Daylight
4661739,Bicyclist,33.552353,-84.33391,12/3/13 11:30,Property Damaged Only,1,Daylight
6117581,Bicyclist,32.003956,-81.101877,2/14/17 8:58,Property Damaged Only,1,Daylight
5159680,Bicyclist,32.448132,-81.779084,10/17/14 16:50,Property Damaged Only,1,Daylight
6187886,Bicyclist,34.775992,-84.951675,4/10/17 15:53,Property Damaged Only,1,Daylight
5820173,Bicyclist,33.446953,-84.142037,7/1/16 13:45,Property Damaged Only,1,Daylight
5192022,Bicyclist,34.029729,-84.652855,2/20/15 8:58,Property Damaged Only,1,Daylight
6307407,Bicyclist,34.192471,-84.538614,7/12/17 17:25,Property Damaged Only,1,Daylight
5229233,Bicyclist,34.96305,-85.173008,2/7/15 16:50,Property Damaged Only,1,Daylight
4956047,Bicyclist,33.963345,-83.400681,8/28/14 8:40,Property Damaged Only,1,Daylight
5285312,Bicyclist,31.590246,-84.173723,5/9/15 16:49,Property Damaged Only,1,Daylight
4414026,Bicyclist,33.848304,-84.366665,3/29/13 13:33,Property Damaged Only,1,Daylight
5837034,Bicyclist,31.205775,-81.375802,7/15/16 11:26,Property Damaged Only,1,Daylight
4726408,Bicyclist,32.454183,-84.939445,2/7/14 16:30,Property Damaged Only,1,Daylight
6052552,Bicyclist,33.781928,-84.273819,12/23/16 17:30,Property Damaged Only,1,Daylight
5919961,Bicyclist,32.638486,-83.612903,8/23/16 17:31,Property Damaged Only,1,Daylight
4516533,Bicyclist,30.78461,-83.5527,6/22/13 17:02,Property Damaged Only,1,Daylight
5094213,Bicyclist,33.709811,-84.271855,12/13/14 17:00,Property Damaged Only,1,Daylight
6403624,Bicyclist,34.757545,-85.41034,9/24/17 10:29,Property Damaged Only,1,Daylight
5039461,Bicyclist,32.050227,-81.102945,11/4/14 12:11,Property Damaged Only,1,Daylight
4947456,Bicyclist,34.01411,-84.362866,8/21/14 20:12,Property Damaged Only,1,Daylight
4509499,Bicyclist,33.756691,-84.425838,7/12/13 12:35,Property Damaged Only,1,Daylight
4410786,Bicyclist,34.070663,-83.918159,4/5/13 7:52,Property Damaged Only,1,Daylight
4540718,Bicyclist,33.765085,-84.3254,7/19/13 13:30,Property Damaged Only,1,Daylight
4436882,Bicyclist,33.802171,-84.237414,5/7/13 18:00,Property Damaged Only,1,Daylight
6281708,Bicyclist,31.46469,-83.496478,6/19/17 10:03,Property Damaged Only,1,Daylight
5134492,Bicyclist,34.093141,-84.25646,1/18/15 16:58,Property Damaged Only,1,Daylight
5976153,Bicyclist,32.18604,-81.319708,10/22/16 11:36,Fatal,3,Daylight
4666575,Bicyclist,32.76627,-83.85172,11/12/13 7:10,Fatal,3,Daylight
5784840,Bicyclist,32.634982,-83.719142,5/8/16 10:16,Injury,2,Daylight
4774109,Bicyclist,33.698247,-84.483319,3/9/14 14:42,Injury,2,Daylight
5289289,Bicyclist,30.820326,-83.266098,5/14/15 17:55,Injury,2,Daylight
4926275,Bicyclist,33.855651,-84.360741,7/19/14 19:33,Injury,2,Daylight
5845493,Bicyclist,31.594571,-81.875825,6/22/16 19:11,Injury,2,Daylight
4407977,Bicyclist,33.764753,-84.324954,4/5/13 18:51,Injury,2,Daylight
4954780,Bicyclist,32.808174,-83.663015,8/16/14 14:49,Injury,2,Daylight
6126771,Bicyclist,33.922606,-84.281294,2/21/17 18:13,Injury,2,Daylight
4868944,Bicyclist,33.944788,-83.387848,6/4/14 19:57,Injury,2,Daylight
5477999,Bicyclist,34.292559,-83.408232,10/20/15 16:38,Injury,2,Daylight
6202739,Bicyclist,34.015298,-84.429388,4/19/17 16:31,Injury,2,Daylight
5490891,Bicyclist,33.945757,-83.37643,9/14/15 11:11,Injury,2,Daylight
5289803,Bicyclist,32.077689,-81.096121,5/15/15 11:56,Injury,2,Daylight
5323286,Bicyclist,33.981344,-84.558265,6/13/15 16:48,Injury,2,Daylight
5032878,Bicyclist,33.633825,-83.631215,10/24/14 18:11,Injury,2,Daylight
4577554,Bicyclist,33.06794,-84.973915,9/7/13 18:00,Injury,2,Daylight
5465297,Bicyclist,33.408382,-82.010509,10/12/15 10:31,Injury,2,Daylight
4926143,Bicyclist,34.030009,-84.432532,8/2/14 16:13,Injury,2,Daylight
4858336,Bicyclist,33.978108,-84.161208,4/16/14 16:22,Injury,2,Daylight
4452720,Bicyclist,33.467987,-81.985793,4/29/13 13:16,Injury,2,Daylight
5186937,Bicyclist,33.780559,-84.403366,1/23/15 8:29,Injury,2,Daylight
6166707,Bicyclist,33.769493,-84.469891,3/25/17 12:33,Injury,2,Daylight
4565100,Bicyclist,33.768036,-84.251985,9/9/13 16:50,Injury,2,Daylight
6236557,Bicyclist,34.00438,-84.590387,5/15/17 8:42,Injury,2,Daylight
5430263,Bicyclist,32.069943,-81.094141,9/20/15 13:39,Injury,2,Daylight
6316584,Bicyclist,33.560489,-84.622735,7/20/17 12:21,Injury,2,Daylight
6195122,Bicyclist,30.850983,-83.278244,4/14/17 16:19,Injury,2,Daylight
5813459,Bicyclist,33.854823,-84.281338,6/27/16 17:45,Injury,2,Daylight
5302925,Bicyclist,34.12973,-84.210621,5/5/15 17:51,Injury,2,Daylight
4635806,Pedestrian,33.61213,-83.82754,11/9/13 11:51,Property Damaged Only,1,Daylight
6103266,Pedestrian,34.022364,-84.327298,2/1/17 16:40,Property Damaged Only,1,Daylight
5543919,Pedestrian,33.616266,-84.47278,11/14/15 16:26,Property Damaged Only,1,Daylight
6464349,Pedestrian,33.550479,-84.30052,11/8/17 9:10,Property Damaged Only,1,Daylight
4435615,Pedestrian,30.78188,-81.61691,4/10/13 12:01,Property Damaged Only,1,Daylight
5608518,Pedestrian,33.871746,-84.332301,1/20/16 14:13,Property Damaged Only,1,Daylight
4582104,Pedestrian,33.950835,-84.504873,9/23/13 14:20,Property Damaged Only,1,Daylight
5662441,Pedestrian,33.503916,-82.742173,3/2/16 14:57,Property Damaged Only,1,Daylight
5926029,Pedestrian,33.904143,-84.20563,9/16/16 14:54,Property Damaged Only,1,Daylight
6123579,Pedestrian,33.796731,-84.387873,2/17/17 17:25,Property Damaged Only,1,Daylight
5781881,Pedestrian,33.927766,-83.337089,6/3/16 9:53,Property Damaged Only,1,Daylight
5280916,Pedestrian,33.929279,-84.352598,3/20/15 9:00,Property Damaged Only,1,Daylight
5166941,Pedestrian,33.837153,-84.381214,10/31/14 11:06,Property Damaged Only,1,Daylight
4744454,Pedestrian,33.944527,-83.945292,2/24/14 14:49,Property Damaged Only,1,Daylight
6593732,Pedestrian,34.018039,-84.189934,10/11/17 8:00,Property Damaged Only,1,Daylight
4606279,Pedestrian,30.897732,-84.57861,8/9/13 13:25,Property Damaged Only,1,Daylight
6526703,Pedestrian,33.864993,-84.184125,12/23/17 15:41,Property Damaged Only,1,Daylight
4600234,Pedestrian,34.65581,-84.49053,10/4/13 13:47,Property Damaged Only,1,Daylight
5741974,Pedestrian,32.04434,-81.08663,5/4/16 18:03,Property Damaged Only,1,Daylight
6163889,Pedestrian,33.780445,-84.204069,3/24/17 12:45,Property Damaged Only,1,Daylight
6190243,Pedestrian,33.512935,-82.033538,4/12/17 10:22,Property Damaged Only,1,Daylight
4753752,Pedestrian,34.036434,-84.579305,3/7/14 8:44,Property Damaged Only,1,Daylight
5861824,Pedestrian,33.925782,-83.339209,8/3/16 9:45,Property Damaged Only,1,Daylight
4827872,Pedestrian,32.121878,-81.265679,3/13/14 11:40,Property Damaged Only,1,Daylight
6152591,Pedestrian,34.271231,-85.22689,3/16/17 7:49,Property Damaged Only,1,Daylight
4513805,Pedestrian,30.846703,-83.299309,5/31/13 13:03,Property Damaged Only,1,Daylight
6054879,Pedestrian,34.041642,-84.477088,12/20/16 14:29,Property Damaged Only,1,Daylight
5152109,Pedestrian,32.495567,-84.982709,1/30/15 12:51,Property Damaged Only,1,Daylight
4944519,Pedestrian,33.596805,-84.377728,8/20/14 8:30,Property Damaged Only,1,Daylight
4466193,Pedestrian,31.17224,-84.73461,5/13/13 8:18,Property Damaged Only,1,Daylight
4757619,Pedestrian,32.434917,-84.95931,3/11/14 8:00,Property Damaged Only,1,Daylight
6252452,Pedestrian,33.692636,-84.394796,5/14/17 18:30,Property Damaged Only,1,Daylight
5483358,Pedestrian,33.967958,-84.195482,10/21/15 9:32,Property Damaged Only,1,Daylight
5493451,Pedestrian,33.775507,-84.206438,11/2/15 8:55,Property Damaged Only,1,Daylight
6081168,Pedestrian,33.568747,-83.872273,5/3/16 16:17,Property Damaged Only,1,Daylight
5235443,Pedestrian,33.963852,-84.252035,3/29/15 15:00,Property Damaged Only,1,Daylight
6210859,Pedestrian,34.264091,-85.180091,4/28/17 16:58,Property Damaged Only,1,Daylight
6183418,Pedestrian,34.76148,-84.969102,4/7/17 8:17,Property Damaged Only,1,Daylight
4789195,Pedestrian,31.98224,-81.15141,4/12/14 10:50,Property Damaged Only,1,Daylight
5012585,Pedestrian,33.705501,-84.146971,10/9/14 17:00,Property Damaged Only,1,Daylight
6004297,Pedestrian,33.760952,-84.384971,11/16/16 16:27,Property Damaged Only,1,Daylight
5586445,Pedestrian,34.3607,-84.033555,1/5/16 15:50,Property Damaged Only,1,Daylight
4910599,Pedestrian,33.947024,-83.40519,7/18/14 14:46,Property Damaged Only,1,Daylight
4607302,Pedestrian,33.821358,-84.446986,10/8/13 14:59,Property Damaged Only,1,Daylight
6411468,Pedestrian,32.034152,-81.067879,9/30/17 17:50,Property Damaged Only,1,Daylight
6315427,Pedestrian,33.75241,-84.463129,7/18/17 15:45,Property Damaged Only,1,Daylight
4577986,Pedestrian,33.0802,-83.2321,9/23/13 9:22,Property Damaged Only,1,Daylight
4881747,Pedestrian,33.711303,-84.27162,6/17/14 14:15,Property Damaged Only,1,Daylight
4881919,Pedestrian,34.505725,-84.21122,6/18/14 8:55,Property Damaged Only,1,Daylight
6421059,Pedestrian,32.838229,-83.679182,10/5/17 16:09,Property Damaged Only,1,Daylight
4415408,Pedestrian,31.99588,-81.26977,4/16/13 13:55,Property Damaged Only,1,Daylight
4745941,Pedestrian,33.17698,-84.908053,11/21/13 13:20,Property Damaged Only,1,Daylight
6529078,Pedestrian,33.713717,-84.436594,12/20/17 17:10,Property Damaged Only,1,Daylight
5123392,Pedestrian,33.748954,-84.398089,1/5/15 6:45,Property Damaged Only,1,Daylight
5867660,Pedestrian,33.78886,-84.43753,8/5/16 19:49,Property Damaged Only,1,Daylight
5346016,Pedestrian,33.825887,-84.195786,7/3/15 15:44,Property Damaged Only,1,Daylight
4531673,Pedestrian,33.904485,-84.34914,6/14/13 12:00,Property Damaged Only,1,Daylight
5202066,Pedestrian,34.086201,-84.530869,2/3/15 17:19,Property Damaged Only,1,Daylight
4653959,Pedestrian,32.777874,-83.706826,10/25/13 8:20,Property Damaged Only,1,Daylight
5979346,Pedestrian,33.911317,-84.113944,10/25/16 8:02,Property Damaged Only,1,Daylight
5211678,Pedestrian,33.672299,-84.457814,3/9/15 15:45,Property Damaged Only,1,Daylight
4396452,Pedestrian,33.764611,-84.396137,3/24/13 19:00,Property Damaged Only,1,Daylight
4583312,Pedestrian,33.753395,-84.337154,8/27/13 7:55,Property Damaged Only,1,Daylight
4416274,Pedestrian,33.696149,-84.341182,4/17/13 9:40,Property Damaged Only,1,Daylight
4986613,Pedestrian,33.741994,-84.253202,9/20/14 9:08,Property Damaged Only,1,Daylight
5140863,Pedestrian,33.463447,-85.02819,1/22/15 11:20,Fatal,3,Daylight
4787600,Pedestrian,33.444682,-82.074795,4/10/14 18:33,Fatal,3,Daylight
6009599,Pedestrian,33.788915,-84.186282,11/22/16 9:09,Fatal,3,Daylight
5925474,Pedestrian,31.575959,-84.09471,9/16/16 7:02,Fatal,3,Daylight
5790229,Pedestrian,34.095685,-83.671038,6/8/16 19:00,Fatal,3,Daylight
4502896,Pedestrian,33.989835,-84.715018,7/12/13 20:02,Injury,2,Daylight
6308912,Pedestrian,33.657618,-84.019244,7/11/17 9:36,Injury,2,Daylight
6154820,Pedestrian,33.75808,-84.76645,3/15/17 14:52,Injury,2,Daylight
6465657,Pedestrian,33.75283,-84.381932,10/13/17 7:04,Injury,2,Daylight
4983223,Pedestrian,33.90858,-83.465004,9/16/14 12:30,Injury,2,Daylight
5181613,Pedestrian,33.917624,-84.258403,2/17/15 12:32,Injury,2,Daylight
4489450,Pedestrian,32.03209,-81.09173,6/28/13 15:23,Injury,2,Daylight
5693417,Pedestrian,34.08888,-84.273537,3/23/16 12:17,Injury,2,Daylight
5038531,Pedestrian,33.956934,-84.13313,11/2/14 10:45,Injury,2,Daylight
4970440,Pedestrian,33.619612,-84.251222,9/8/14 18:30,Injury,2,Daylight
4748750,Pedestrian,33.880499,-84.461292,3/3/14 7:26,Injury,2,Daylight
5752177,Pedestrian,33.579451,-84.554691,5/11/16 12:30,Injury,2,Daylight
6311396,Pedestrian,32.48668,-84.97708,7/16/17 6:32,Injury,2,Daylight
6190639,Pedestrian,32.027234,-81.07046,4/12/17 18:28,Injury,2,Daylight
5660588,Pedestrian,33.801629,-84.392753,3/3/16 18:11,Injury,2,Daylight
5479128,Pedestrian,33.420408,-84.189421,10/22/15 8:09,Injury,2,Daylight
5477609,Pedestrian,33.557081,-84.382119,10/21/15 8:20,Injury,2,Daylight
4944122,Pedestrian,33.934468,-84.563067,8/16/14 17:40,Injury,2,Daylight
5538756,Pedestrian,31.455559,-83.486254,11/26/15 11:16,Injury,2,Daylight
5401409,Pedestrian,33.683007,-84.246507,8/24/15 12:03,Injury,2,Daylight
4430984,Pedestrian,34.352466,-83.70836,4/30/13 17:01,Injury,2,Daylight
4741541,Pedestrian,32.879992,-83.607478,2/8/14 18:25,Injury,2,Daylight
5274443,Pedestrian,32.43981,-84.94623,5/2/15 15:20,Injury,2,Daylight
6498225,Pedestrian,33.08932,-82.01727,12/2/17 15:15,Injury,2,Daylight
5018964,Pedestrian,34.235474,-84.484192,10/15/14 9:15,Injury,2,Daylight
5459442,Pedestrian,33.670838,-84.361939,10/2/15 16:30,Injury,2,Daylight
4875845,Pedestrian,30.845996,-83.27541,6/6/14 18:10,Injury,2,Daylight
5707067,Pedestrian,34.252323,-84.470826,4/7/16 21:06,Injury,2,Daylight
6436262,Pedestrian,32.070008,-81.057218,10/20/17 15:22,Injury,2,Daylight
5036566,Pedestrian,33.411501,-82.068905,10/31/14 17:12,Injury,2,Daylight
4603016,Pedestrian,33.566606,-84.537123,10/10/13 12:27,Injury,2,Daylight
5817325,Pedestrian,33.402601,-84.576759,7/1/16 9:39,Injury,2,Daylight
4847335,Pedestrian,33.780726,-84.548288,5/13/14 9:45,Injury,2,Daylight
4563905,Pedestrian,33.615387,-83.90055,9/2/13 17:15,Injury,2,Daylight
5610403,Pedestrian,32.489582,-84.971139,1/25/16 7:40,Injury,2,Daylight
4947888,Pedestrian,32.83557,-83.636797,8/11/14 15:03,Injury,2,Daylight
6322249,Pedestrian,33.806765,-84.639033,6/4/17 13:17,Injury,2,Daylight
5771719,Pedestrian,33.739258,-84.414064,5/14/16 15:59,Injury,2,Daylight
5282545,Pedestrian,32.290152,-81.217683,5/8/15 18:16,Injury,2,Daylight
6166115,Pedestrian,33.784086,-84.212239,3/26/17 19:20,Injury,2,Daylight
5930334,Pedestrian,32.016586,-80.976166,9/21/16 6:48,Injury,2,Daylight
4909986,Pedestrian,32.54316,-84.95392,7/18/14 11:35,Injury,2,Daylight
5098447,Pedestrian,33.971097,-84.018163,12/13/14 16:51,Injury,2,Daylight
5004113,Pedestrian,33.033964,-83.954109,9/18/14 17:33,Injury,2,Daylight
4720882,Pedestrian,33.82849,-84.249868,2/1/14 14:15,Injury,2,Daylight
4774542,Pedestrian,33.87446,-84.844474,3/21/14 13:00,Injury,2,Daylight
5337775,Pedestrian,31.144172,-81.383265,6/24/15 15:05,Injury,2,Daylight
4380908,Pedestrian,31.378404,-81.63209,3/12/13 14:15,Injury,2,Daylight
6324342,Pedestrian,33.659372,-84.371308,7/17/17 18:06,Injury,2,Daylight
4852791,Pedestrian,33.730329,-84.387959,5/14/14 18:00,Injury,2,Daylight
5783517,Pedestrian,33.911013,-84.596808,6/1/16 15:35,Injury,2,Daylight
5637421,Pedestrian,33.751286,-84.381458,2/12/16 7:40,Injury,2,Daylight
6459577,Pedestrian,33.581214,-84.376416,11/4/17 15:40,Injury,2,Daylight
5278020,Pedestrian,32.72303,-81.6735,5/5/15 11:20,Injury,2,Daylight
5988749,Pedestrian,33.759709,-84.38758,11/3/16 10:57,Injury,2,Daylight
6419379,Pedestrian,32.089551,-81.12302,10/6/17 15:15,Injury,2,Daylight
5712676,Pedestrian,33.75216,-84.459962,3/18/16 19:10,Injury,2,Daylight
5070085,Pedestrian,31.176123,-83.432387,11/30/14 14:05,Injury,2,Daylight
5679817,Pedestrian,33.950977,-84.050144,3/14/16 8:59,Injury,2,Daylight
6516585,Pedestrian,32.028774,-81.221969,12/15/17 15:23,Injury,2,Daylight
4565837,Pedestrian,33.72705,-84.142936,9/10/13 7:52,Injury,2,Daylight
4413379,Pedestrian,32.182,-83.816154,4/5/13 12:00,Injury,2,Daylight
4921932,Pedestrian,32.014591,-80.985958,7/29/14 16:15,Injury,2,Daylight
5418012,Pedestrian,32.505428,-84.939174,9/9/15 11:21,Injury,2,Daylight
5119771,Pedestrian,32.53749,-82.936363,10/18/14 8:03,Injury,2,Daylight
5867189,Pedestrian,33.916619,-83.26421,8/7/16 10:30,Injury,2,Daylight
5025327,Pedestrian,31.152826,-81.481334,10/17/14 16:30,Injury,2,Daylight
5323231,Pedestrian & Bicyclist,33.998535,-84.728968,6/13/15 11:15,Property Damaged Only,1,Daylight
6417018,Pedestrian & Bicyclist,32.548633,-83.69065,10/1/17 10:20,Property Damaged Only,1,Daylight
5933951,Pedestrian & Bicyclist,33.722898,-84.430731,9/23/16 19:25,Property Damaged Only,1,Daylight
4731581,Pedestrian & Bicyclist,32.815237,-83.707873,1/25/14 16:39,Property Damaged Only,1,Daylight
4476443,Pedestrian & Bicyclist,34.017886,-84.190103,6/12/13 10:51,Property Damaged Only,1,Daylight
5399812,Pedestrian & Bicyclist,33.852438,-84.493459,8/21/15 17:17,Injury,2,Daylight
5798544,Pedestrian & Bicyclist,33.032635,-84.334205,5/14/16 13:16,Injury,2,Daylight
4922660,Bicyclist,32.47776,-84.909459,7/30/14 12:00,Property Damaged Only,1,Daylight
4838123,Bicyclist,33.80671,-84.39389,5/1/14 17:20,Property Damaged Only,1,Daylight
5827280,Bicyclist,33.596075,-83.861215,7/11/16 15:03,Property Damaged Only,1,Daylight
4705758,Bicyclist,32.499458,-84.933287,1/16/14 14:32,Property Damaged Only,1,Daylight
6433869,Bicyclist,33.897105,-84.198793,10/12/17 22:16,Property Damaged Only,1,Daylight
6501454,Bicyclist,33.879752,-84.512338,11/30/17 16:33,Property Damaged Only,1,Daylight
5846984,Bicyclist,33.382353,-84.446414,7/8/16 13:56,Property Damaged Only,1,Daylight
4993502,Bicyclist,33.717538,-84.145903,9/23/14 14:30,Property Damaged Only,1,Daylight
6416052,Bicyclist,32.50714,-84.98955,10/4/17 8:10,Property Damaged Only,1,Daylight
4635272,Bicyclist,32.071679,-81.094688,11/9/13 13:38,Property Damaged Only,1,Daylight
4822249,Bicyclist,34.783413,-84.963427,3/10/14 16:05,Property Damaged Only,1,Daylight
5311969,Bicyclist,33.553798,-84.259191,6/2/15 18:50,Property Damaged Only,1,Daylight
4524696,Bicyclist,33.905844,-84.199261,7/26/13 17:58,Property Damaged Only,1,Daylight
6224061,Bicyclist,33.904261,-84.378573,5/7/17 10:23,Property Damaged Only,1,Daylight
4839573,Bicyclist,34.252592,-85.163613,5/7/14 12:12,Property Damaged Only,1,Daylight
6233653,Bicyclist,33.911762,-84.465043,5/14/17 11:27,Property Damaged Only,1,Daylight
5203272,Bicyclist,32.818838,-83.645131,3/2/15 7:43,Property Damaged Only,1,Daylight
6333505,Bicyclist,33.869297,-84.091444,7/27/17 14:38,Property Damaged Only,1,Daylight
4650713,Bicyclist,33.451546,-82.039742,11/2/13 15:32,Property Damaged Only,1,Daylight
5872959,Bicyclist,33.808428,-84.397881,8/8/16 12:49,Property Damaged Only,1,Daylight
5266590,Bicyclist,33.92386,-84.436979,4/25/15 16:13,Property Damaged Only,1,Daylight
6464411,Bicyclist,33.479718,-81.978379,11/7/17 15:10,Property Damaged Only,1,Daylight
6499623,Bicyclist,32.630836,-83.641626,12/4/17 17:13,Property Damaged Only,1,Daylight
5727508,Bicyclist,31.14768,-81.567967,4/24/16 12:40,Property Damaged Only,1,Daylight
4958907,Bicyclist,33.89944,-84.54042,8/13/14 10:10,Property Damaged Only,1,Daylight
5964860,Bicyclist,34.024227,-84.258436,8/17/16 19:34,Property Damaged Only,1,Daylight
5161962,Bicyclist,33.786644,-84.290138,10/24/14 15:18,Property Damaged Only,1,Daylight
6038016,Bicyclist,32.470259,-84.988945,12/12/16 17:46,Property Damaged Only,1,Daylight
5536040,Bicyclist,33.781682,-84.392029,9/17/15 17:11,Property Damaged Only,1,Daylight
6209651,Bicyclist,33.940857,-84.343332,4/27/17 16:18,Property Damaged Only,1,Daylight
6180674,Bicyclist,34.078526,-84.377839,4/1/17 11:06,Property Damaged Only,1,Daylight
6120096,Bicyclist,34.03653,-84.579148,2/16/17 8:03,Property Damaged Only,1,Daylight
4505094,Bicyclist,33.240766,-84.27389,6/12/13 12:04,Injury,2,Daylight
5751233,Bicyclist,33.514419,-84.407982,5/11/16 11:30,Injury,2,Daylight
4502511,Bicyclist,33.925089,-83.391011,6/17/13 7:02,Injury,2,Daylight
4411078,Bicyclist,32.42067,-81.78583,3/25/13 13:18,Injury,2,Daylight
6125220,Bicyclist,33.327349,-83.399849,2/16/17 17:56,Injury,2,Daylight
4478678,Bicyclist,33.797962,-84.207158,6/12/13 14:40,Injury,2,Daylight
4889574,Bicyclist,33.761337,-84.362407,6/14/14 17:17,Injury,2,Daylight
5996918,Bicyclist,33.89651,-84.461102,11/10/16 15:56,Injury,2,Daylight
4894594,Bicyclist,32.48662,-83.723495,6/25/14 19:45,Injury,2,Daylight
4767444,Bicyclist,32.744197,-82.26872,3/19/14 16:15,Injury,2,Daylight
4481792,Bicyclist,33.942483,-83.86509,6/18/13 20:13,Injury,2,Daylight
6066977,Bicyclist,34.263272,-83.852131,11/26/16 16:00,Injury,2,Daylight
6188947,Bicyclist,33.027564,-85.021876,4/10/17 16:44,Injury,2,Daylight
5029437,Bicyclist,33.630043,-84.282704,10/25/14 10:43,Injury,2,Daylight
4538077,Bicyclist,33.848083,-84.617959,8/11/13 17:40,Injury,2,Daylight
5171489,Bicyclist,33.791822,-84.17149,12/11/14 16:40,Injury,2,Daylight
5137786,Bicyclist,33.818838,-84.144334,1/20/15 17:04,Injury,2,Daylight
4615704,Bicyclist,33.96049,-83.37441,10/18/13 13:02,Injury,2,Daylight
5248463,Bicyclist,33.82757,-84.38746,4/9/15 18:15,Injury,2,Daylight
5915489,Bicyclist,34.587123,-83.761095,9/7/16 13:40,Injury,2,Daylight
5767511,Bicyclist,33.891123,-84.301732,5/4/16 16:45,Injury,2,Daylight
4848045,Bicyclist,32.079522,-81.0942,5/16/14 15:04,Injury,2,Daylight
5724784,Bicyclist,32.418952,-81.771287,3/31/16 9:24,Injury,2,Daylight
6370736,Bicyclist,33.772548,-84.461095,8/19/17 13:30,Injury,2,Daylight
5790552,Bicyclist,33.624346,-84.584417,6/11/16 7:47,Injury,2,Daylight
6395281,Bicyclist,32.082824,-81.118519,9/17/17 15:45,Injury,2,Daylight
4420544,Bicyclist,33.773951,-84.258548,4/20/13 16:40,Injury,2,Daylight
6027374,Bicyclist,32.468444,-84.964694,12/5/16 14:45,Injury,2,Daylight
4923207,Bicyclist,33.798735,-84.203723,7/30/14 20:07,Injury,2,Daylight
6318762,Bicyclist,33.999027,-83.726051,5/31/17 13:41,Injury,2,Daylight
5938172,Bicyclist,30.922621,-83.280911,9/27/16 8:59,Injury,2,Daylight
5018528,Bicyclist,33.657054,-84.001914,10/8/14 16:17,Injury,2,Daylight
6197157,Pedestrian,34.263176,-85.158141,4/14/17 16:30,Property Damaged Only,1,Daylight
4375253,Pedestrian,33.51192,-84.22513,3/6/13 13:30,Property Damaged Only,1,Daylight