incidentIdNbr,crashType,latitude,longitude,dateOfIncidentDate,severity,Mag,lightCondition
4525868,Pedestrian,33.892727,-84.758262,6/22/13 11:50,Property Damaged Only,1,Daylight
4916606,Pedestrian,33.681,-84.385887,7/3/14 8:20,Property Damaged Only,1,Daylight
6488926,Pedestrian,31.589144,-84.176072,11/27/17 15:09,Property Damaged Only,1,Daylight
5969306,Pedestrian,33.728789,-84.111994,10/22/16 15:00,Property Damaged Only,1,Daylight
6346921,Pedestrian,33.950448,-84.535926,8/8/17 10:17,Property Damaged Only,1,Daylight
5177127,Pedestrian,32.075126,-81.094607,2/14/15 16:38,Property Damaged Only,1,Daylight
5031510,Pedestrian,33.707956,-84.146888,10/27/14 15:19,Property Damaged Only,1,Daylight
4843038,Pedestrian,33.72536,-84.32162,5/11/14 18:20,Property Damaged Only,1,Daylight
5051119,Pedestrian,32.040476,-81.108404,11/14/14 11:50,Property Damaged Only,1,Daylight
4385724,Pedestrian,33.40699,-82.66241,1/30/13 12:18,Property Damaged Only,1,Daylight
5265250,Pedestrian,33.72786,-84.38327,4/23/15 7:50,Property Damaged Only,1,Daylight
5003593,Pedestrian,33.741318,-84.417596,8/10/14 14:09,Property Damaged Only,1,Daylight
5874506,Pedestrian,33.672913,-84.222568,8/12/16 15:21,Property Damaged Only,1,Daylight
4522982,Pedestrian,33.702066,-84.269038,7/28/13 19:01,Property Damaged Only,1,Daylight
6297210,Pedestrian,33.459157,-81.981536,7/4/17 14:25,Property Damaged Only,1,Daylight
5181051,Pedestrian,33.758429,-84.503893,2/12/15 8:00,Property Damaged Only,1,Daylight
4636511,Pedestrian,33.93676,-83.371947,10/25/13 10:18,Property Damaged Only,1,Daylight
5419979,Pedestrian,33.773818,-84.370874,9/4/15 8:25,Property Damaged Only,1,Daylight
5993527,Pedestrian,33.746945,-84.395429,11/3/16 13:33,Property Damaged Only,1,Daylight
5996124,Pedestrian,34.074899,-84.513631,11/9/16 9:28,Property Damaged Only,1,Daylight
4909817,Pedestrian,33.752188,-84.363286,7/16/14 18:27,Property Damaged Only,1,Daylight
5473671,Pedestrian,33.681251,-84.407537,10/14/15 9:54,Property Damaged Only,1,Daylight
5512998,Pedestrian,33.948015,-83.387513,11/13/15 9:35,Property Damaged Only,1,Daylight
5883963,Pedestrian,33.582985,-84.492066,8/15/16 18:16,Property Damaged Only,1,Daylight
4705628,Pedestrian,33.483033,-84.197601,1/15/14 8:54,Property Damaged Only,1,Daylight
4784820,Pedestrian,33.810995,-84.308546,4/8/14 11:00,Property Damaged Only,1,Daylight
5353024,Pedestrian,32.080797,-81.094953,7/11/15 18:15,Property Damaged Only,1,Daylight
5133290,Pedestrian,32.419287,-84.957555,1/19/15 11:54,Property Damaged Only,1,Daylight
6515337,Pedestrian,34.355551,-82.943513,12/14/17 12:15,Property Damaged Only,1,Daylight
5614923,Pedestrian,33.755738,-84.376598,1/25/16 13:00,Property Damaged Only,1,Daylight
6216070,Pedestrian,32.023261,-81.110008,5/2/17 16:01,Property Damaged Only,1,Daylight
5099487,Pedestrian,34.286777,-83.839795,12/12/14 17:06,Property Damaged Only,1,Daylight
4744141,Pedestrian,32.05501,-81.13692,2/24/14 15:12,Property Damaged Only,1,Daylight
5541185,Pedestrian,33.577825,-84.388964,12/6/15 15:38,Property Damaged Only,1,Daylight
5031695,Pedestrian,34.04739,-84.29142,10/25/14 9:20,Property Damaged Only,1,Daylight
4927237,Pedestrian,33.754413,-84.481853,8/2/14 11:43,Property Damaged Only,1,Daylight
6006856,Pedestrian,31.213511,-82.374727,11/18/16 11:26,Property Damaged Only,1,Daylight
4497131,Pedestrian,32.54138,-84.92775,7/8/13 20:46,Property Damaged Only,1,Daylight
4655558,Pedestrian,33.68131,-84.313306,11/26/13 13:58,Property Damaged Only,1,Daylight
5572783,Pedestrian,33.759636,-84.386062,12/24/15 10:13,Property Damaged Only,1,Daylight
6157518,Pedestrian,33.791267,-84.195046,3/20/17 0:00,Property Damaged Only,1,Daylight
5727152,Pedestrian,33.035321,-85.04495,4/23/16 18:45,Property Damaged Only,1,Daylight
5668696,Pedestrian,32.004078,-81.255969,3/10/16 14:11,Property Damaged Only,1,Daylight
4491017,Pedestrian,32.046352,-81.108881,7/1/13 11:32,Property Damaged Only,1,Daylight
6103313,Pedestrian,33.675541,-84.44296,2/2/17 15:52,Property Damaged Only,1,Daylight
4573391,Pedestrian,34.229454,-84.84046,9/13/13 17:45,Property Damaged Only,1,Daylight
4826040,Pedestrian,33.802852,-84.414527,4/23/14 13:15,Property Damaged Only,1,Daylight
5478332,Pedestrian,33.480767,-82.039651,10/16/15 17:45,Property Damaged Only,1,Daylight
5317886,Pedestrian,32.48928,-84.982112,6/7/15 18:24,Property Damaged Only,1,Daylight
6411608,Pedestrian,32.026424,-81.22497,9/30/17 17:51,Property Damaged Only,1,Daylight
6163799,Pedestrian,32.861754,-83.613618,3/24/17 11:33,Property Damaged Only,1,Daylight
4524990,Pedestrian,32.46449,-84.92399,7/30/13 13:55,Property Damaged Only,1,Daylight
5550573,Pedestrian,31.601841,-81.878857,10/14/15 17:54,Property Damaged Only,1,Daylight
6061353,Pedestrian,31.999732,-81.140085,12/30/16 17:10,Property Damaged Only,1,Daylight
5240901,Pedestrian,33.727028,-84.129687,4/3/15 19:59,Property Damaged Only,1,Daylight
4464381,Pedestrian,33.750017,-84.263989,6/1/13 16:28,Property Damaged Only,1,Daylight
6419325,Pedestrian,33.471679,-81.988164,10/6/17 9:21,Property Damaged Only,1,Daylight
4566215,Pedestrian,33.792397,-84.28185,9/10/13 14:44,Property Damaged Only,1,Daylight
5267004,Pedestrian,33.532353,-84.365557,4/26/15 14:35,Property Damaged Only,1,Daylight
6051439,Pedestrian,34.866512,-84.89042,12/21/16 13:57,Property Damaged Only,1,Daylight
6513855,Pedestrian,33.816642,-84.029169,12/4/17 9:32,Property Damaged Only,1,Daylight
4852373,Pedestrian,33.455218,-84.454997,5/2/14 14:36,Property Damaged Only,1,Daylight
5396456,Pedestrian,33.902377,-84.205188,8/17/15 19:17,Property Damaged Only,1,Daylight
5253358,Pedestrian,32.791483,-83.663666,4/9/15 7:00,Property Damaged Only,1,Daylight
4569775,Pedestrian,33.737503,-84.287339,9/14/13 14:00,Property Damaged Only,1,Daylight
5730754,Pedestrian,33.689575,-84.487409,4/22/16 16:57,Property Damaged Only,1,Daylight
5479603,Pedestrian,32.04374,-81.184164,10/16/15 21:05,Property Damaged Only,1,Daylight
5106090,Pedestrian,33.373179,-82.032282,12/25/14 12:31,Property Damaged Only,1,Daylight
4783233,Pedestrian,33.528886,-84.340015,4/3/14 16:25,Property Damaged Only,1,Daylight
5408024,Pedestrian,33.620919,-84.471893,6/26/15 16:35,Fatal,3,Daylight
5011079,Pedestrian,33.65158,-84.59958,9/17/14 12:21,Fatal,3,Daylight
4680451,Pedestrian,33.752968,-84.371084,12/1/13 17:30,Fatal,3,Daylight
5305239,Pedestrian,33.450074,-84.443459,5/21/15 6:57,Fatal,3,Daylight
5729733,Pedestrian,34.027882,-84.335668,4/24/16 16:17,Injury,2,Daylight
5038088,Pedestrian,33.725578,-84.395853,10/4/14 16:06,Injury,2,Daylight
5156129,Pedestrian,33.59177,-83.47197,9/17/14 14:23,Injury,2,Daylight
4763824,Pedestrian,32.076517,-81.091615,3/17/14 15:45,Injury,2,Daylight
4920209,Pedestrian,34.282931,-83.850701,7/28/14 10:09,Injury,2,Daylight
6512853,Pedestrian,34.876135,-83.400541,10/16/17 17:26,Injury,2,Daylight
6306401,Pedestrian,34.074936,-83.983981,7/10/17 14:44,Injury,2,Daylight
6456851,Pedestrian,33.957582,-83.985766,11/2/17 16:34,Injury,2,Daylight
6333567,Pedestrian,33.777971,-84.242167,7/3/17 9:14,Injury,2,Daylight
5736281,Pedestrian,33.35252,-84.284645,4/29/16 0:00,Injury,2,Daylight
6128571,Pedestrian,33.876499,-84.534408,7/26/15 13:53,Injury,2,Daylight
6200489,Pedestrian,32.837131,-83.6264,4/17/17 7:30,Injury,2,Daylight
5286479,Pedestrian,33.801575,-84.309856,5/12/15 16:30,Injury,2,Daylight
4892859,Pedestrian,32.435632,-84.936833,6/29/14 19:31,Injury,2,Daylight
4599233,Pedestrian,34.421413,-83.4411,10/4/13 10:22,Injury,2,Daylight
4549869,Pedestrian,32.44671,-84.91326,8/24/13 20:23,Injury,2,Daylight
6026339,Pedestrian,33.677033,-84.442457,12/5/16 12:01,Injury,2,Daylight
6142375,Pedestrian,33.845158,-84.369098,2/8/17 7:26,Injury,2,Daylight
4778260,Pedestrian,33.57305,-83.96073,4/1/14 17:27,Injury,2,Daylight
4602528,Pedestrian,33.742656,-84.39177,10/7/13 10:27,Injury,2,Daylight
4597653,Pedestrian,31.205532,-81.97023,10/4/13 12:18,Injury,2,Daylight
6381957,Pedestrian,33.780553,-84.388996,9/5/17 17:08,Injury,2,Daylight
5396418,Pedestrian,34.616318,-83.527493,8/15/15 10:35,Injury,2,Daylight
5979612,Pedestrian,32.748741,-83.656586,10/31/16 10:59,Injury,2,Daylight
4729792,Pedestrian,34.157694,-84.172929,1/21/14 13:18,Injury,2,Daylight
5242432,Pedestrian,33.727118,-84.412089,3/27/15 18:45,Injury,2,Daylight
5318733,Pedestrian,33.965873,-83.39273,6/5/15 12:15,Injury,2,Daylight
4823532,Pedestrian,33.869102,-84.59163,4/21/14 16:21,Injury,2,Daylight
5292450,Pedestrian,33.629443,-83.610292,5/17/15 19:39,Injury,2,Daylight
6239254,Pedestrian,33.698905,-84.580512,5/18/17 16:20,Injury,2,Daylight
4494254,Pedestrian,31.95677,-81.10034,7/4/13 20:10,Injury,2,Daylight
6445147,Pedestrian,33.948956,-83.412962,10/24/17 14:49,Injury,2,Daylight
5868839,Pedestrian,32.035267,-81.119999,8/8/16 15:17,Injury,2,Daylight
4862963,Pedestrian,33.764628,-84.390364,5/29/14 9:16,Injury,2,Daylight
6391563,Pedestrian,33.790012,-84.23059,9/13/17 11:05,Injury,2,Daylight
6411921,Pedestrian,32.716429,-83.729923,9/25/17 14:09,Injury,2,Daylight
5170736,Pedestrian,32.219225,-82.400791,2/8/15 17:39,Injury,2,Daylight
5634438,Pedestrian,31.214801,-81.481056,2/11/16 14:10,Injury,2,Daylight
4904566,Pedestrian,31.613563,-84.215788,7/11/14 19:05,Injury,2,Daylight
5840087,Pedestrian,33.788378,-84.386199,7/12/16 12:37,Injury,2,Daylight
5671884,Pedestrian,33.880718,-84.342278,3/13/16 14:43,Injury,2,Daylight
5481525,Pedestrian,33.953868,-84.653486,10/20/15 11:18,Injury,2,Daylight
5982871,Pedestrian,32.822445,-83.699222,11/1/16 11:05,Injury,2,Daylight
5203610,Pedestrian,33.860666,-84.339776,2/25/15 16:23,Injury,2,Daylight
5015865,Pedestrian,30.925521,-84.59874,10/12/14 14:24,Injury,2,Daylight
4421710,Pedestrian,33.73209,-84.22296,4/22/13 16:53,Injury,2,Daylight
5152937,Pedestrian,32.427257,-84.949654,2/1/15 11:45,Injury,2,Daylight
5969046,Pedestrian,34.174848,-84.48367,10/23/16 13:28,Injury,2,Daylight
4993330,Pedestrian,32.088344,-81.114154,8/30/14 17:27,Injury,2,Daylight
5813316,Pedestrian,33.904988,-84.200757,6/21/16 8:22,Injury,2,Daylight
4541543,Pedestrian,33.578566,-84.386893,8/16/13 13:30,Injury,2,Daylight
4421439,Pedestrian,33.794309,-84.236251,4/22/13 11:05,Injury,2,Daylight
4408866,Pedestrian,33.94544,-83.378745,3/28/13 18:59,Injury,2,Daylight
5804147,Pedestrian,32.529304,-82.9104,10/30/15 16:43,Injury,2,Daylight
5017229,Pedestrian,33.900332,-84.380345,10/9/14 15:02,Injury,2,Daylight
6175628,Pedestrian,33.874557,-84.84464,4/1/17 18:20,Injury,2,Daylight
6110144,Pedestrian,34.445478,-84.446747,2/6/17 13:10,Injury,2,Daylight
5109198,Pedestrian,33.563487,-84.413353,12/29/14 16:45,Injury,2,Daylight
4344670,Pedestrian,33.66015,-84.47639,2/3/13 14:06,Injury,2,Daylight
5628476,Pedestrian,32.078601,-81.098085,2/8/16 11:00,Injury,2,Daylight
4524233,Pedestrian,30.680471,-83.22079,7/26/13 16:15,Injury,2,Daylight
6143290,Pedestrian,33.723025,-84.50272,3/2/17 14:37,Injury,2,Daylight
6274889,Pedestrian,33.448793,-84.449927,6/15/17 10:48,Injury,2,Daylight
6182285,Pedestrian,33.867878,-84.667832,4/6/17 12:24,Injury,2,Daylight
5231318,Pedestrian,33.895333,-84.07204,3/20/15 15:10,Injury,2,Daylight
4746641,Pedestrian,34.95761,-84.75899,2/23/14 17:06,Injury,2,Daylight
5333737,Pedestrian,33.820769,-84.027005,6/22/15 8:00,Injury,2,Daylight
6552700,Pedestrian,33.857928,-84.29363,11/21/17 7:07,Injury,2,Daylight
6368607,Pedestrian,34.95386,-85.15064,8/19/17 14:23,Injury,2,Daylight
5397999,Pedestrian,33.608158,-84.438274,8/20/15 16:17,Injury,2,Daylight
4437357,Pedestrian,34.347835,-84.017555,5/7/13 13:25,Injury,2,Daylight
4872927,Pedestrian & Bicyclist,33.909713,-84.178681,6/6/14 7:39,Injury,2,Daylight
5347640,Pedestrian & Bicyclist,33.994525,-84.511974,7/3/15 11:39,Injury,2,Daylight
6066109,Bicyclist,33.898301,-84.301953,12/6/16 12:28,Property Damaged Only,1,Daylight
4925592,Bicyclist,32.053547,-81.086862,5/27/14 3:11,Property Damaged Only,1,Daylight
6100425,Bicyclist,32.028817,-81.110324,1/31/17 16:36,Property Damaged Only,1,Daylight
5821483,Bicyclist,34.189737,-84.152306,6/22/16 7:36,Property Damaged Only,1,Daylight
4935828,Bicyclist,33.986109,-84.341502,8/11/14 8:06,Property Damaged Only,1,Daylight
6309741,Bicyclist,33.883563,-84.643084,7/10/17 19:31,Property Damaged Only,1,Daylight
4890215,Bicyclist,33.954915,-83.388324,6/25/14 12:10,Property Damaged Only,1,Daylight
4574028,Bicyclist,33.467933,-81.95834,9/16/13 14:10,Property Damaged Only,1,Daylight
6247670,Bicyclist,32.059075,-81.085694,5/24/17 8:02,Property Damaged Only,1,Daylight
4759666,Bicyclist,31.55611,-84.155979,3/11/14 18:42,Property Damaged Only,1,Daylight
5275432,Bicyclist,33.949611,-84.305008,4/27/15 12:08,Property Damaged Only,1,Daylight
5882363,Bicyclist,32.052852,-81.104091,8/18/16 14:02,Property Damaged Only,1,Daylight
6605937,Bicyclist,33.775576,-84.294853,11/21/17 14:46,Property Damaged Only,1,Daylight
6260911,Bicyclist,34.353599,-82.932767,5/31/17 15:39,Property Damaged Only,1,Daylight
6451829,Bicyclist,32.820203,-83.674525,10/30/17 17:28,Property Damaged Only,1,Daylight
5592266,Bicyclist,33.854366,-84.697883,1/9/16 10:47,Property Damaged Only,1,Daylight
4509190,Bicyclist,33.80212,-84.2374,7/21/13 15:18,Property Damaged Only,1,Daylight
4893449,Bicyclist,33.96623,-84.142204,6/26/14 13:59,Property Damaged Only,1,Daylight
6013036,Bicyclist,33.771354,-84.388853,8/22/16 17:18,Property Damaged Only,1,Daylight
5345416,Bicyclist,33.957697,-83.985483,7/2/15 19:14,Property Damaged Only,1,Daylight
5418646,Bicyclist,31.998464,-80.848327,9/9/15 14:24,Property Damaged Only,1,Daylight
4332452,Bicyclist,33.407622,-84.464848,1/4/13 13:47,Property Damaged Only,1,Daylight
5859305,Bicyclist,34.085023,-84.271001,7/26/16 12:10,Property Damaged Only,1,Daylight
4454900,Bicyclist,33.897876,-84.006305,5/20/13 17:32,Property Damaged Only,1,Daylight
4978021,Bicyclist,32.9266,-84.33325,9/13/14 14:15,Property Damaged Only,1,Daylight
6330099,Bicyclist,34.025735,-84.567692,7/29/17 14:48,Property Damaged Only,1,Daylight
5433369,Bicyclist,33.938089,-84.553977,5/23/15 18:23,Property Damaged Only,1,Daylight
6212766,Bicyclist,22461.3875,13981.4113,4/28/17 14:05,Property Damaged Only,1,Daylight
4911774,Bicyclist,34.777096,-84.958056,6/8/14 17:20,Property Damaged Only,1,Daylight
5503128,Bicyclist,33.954737,-83.39398,11/7/15 17:20,Property Damaged Only,1,Daylight
5751940,Bicyclist,33.730196,-84.919161,5/11/16 18:06,Property Damaged Only,1,Daylight
4935867,Bicyclist,33.813533,-84.603368,8/10/14 15:03,Injury,2,Daylight
6277407,Bicyclist,33.416607,-84.311329,6/17/17 10:30,Injury,2,Daylight
5279497,Bicyclist,33.974728,-84.152136,5/6/15 9:10,Injury,2,Daylight
5652885,Bicyclist,31.865804,-81.436987,2/28/16 11:00,Injury,2,Daylight
5777852,Bicyclist,33.386242,-84.750591,5/27/16 13:51,Injury,2,Daylight
5993321,Bicyclist,30.852178,-83.958998,11/9/16 16:27,Injury,2,Daylight
5449661,Bicyclist,33.811583,-84.193606,9/30/15 18:20,Injury,2,Daylight
6040198,Bicyclist,33.950573,-83.371593,11/12/16 12:15,Injury,2,Daylight
5954000,Bicyclist,33.752391,-84.324162,10/11/16 15:55,Injury,2,Daylight
5674229,Bicyclist,33.773897,-84.313275,3/14/16 18:00,Injury,2,Daylight
5059447,Bicyclist,34.001482,-83.712468,6/14/13 17:56,Injury,2,Daylight
5855366,Bicyclist,33.764212,-84.397236,7/28/16 12:25,Injury,2,Daylight
4731200,Bicyclist,33.974145,-84.355832,2/1/14 12:41,Injury,2,Daylight
5542126,Bicyclist,32.058914,-81.106565,12/8/15 14:45,Injury,2,Daylight
6272941,Bicyclist,33.959528,-84.510571,6/11/17 12:45,Injury,2,Daylight
6064115,Bicyclist,31.96363,-83.779422,12/7/16 10:02,Injury,2,Daylight
5895453,Bicyclist,33.796663,-84.387903,8/20/16 12:18,Injury,2,Daylight
4902722,Bicyclist,33.400007,-84.581604,7/4/14 17:01,Injury,2,Daylight
4423353,Bicyclist,33.759163,-84.331342,4/23/13 13:30,Injury,2,Daylight
6213714,Bicyclist,34.37103,-84.993034,4/30/17 15:22,Injury,2,Daylight
6235211,Bicyclist,33.82064,-84.367495,5/14/17 9:36,Injury,2,Daylight
5175863,Bicyclist,33.942918,-83.383226,2/12/15 12:02,Injury,2,Daylight
5017394,Bicyclist,30.824509,-83.26498,10/13/14 18:20,Injury,2,Daylight
5867456,Bicyclist,33.74331,-84.349235,8/4/16 18:40,Injury,2,Daylight
6094522,Bicyclist,30.684015,-83.210285,1/23/17 12:53,Injury,2,Daylight
5688206,Bicyclist,33.781728,-84.384003,3/22/16 11:35,Injury,2,Daylight
6478962,Bicyclist,33.932304,-83.310889,11/18/17 11:43,Injury,2,Daylight
4865269,Bicyclist,33.949234,-83.387406,6/1/14 12:52,Injury,2,Daylight
6504098,Pedestrian,33.662791,-84.002803,12/6/17 14:02,Property Damaged Only,1,Daylight
4708126,Pedestrian,32.043065,-81.100424,1/19/14 12:39,Property Damaged Only,1,Daylight
4881796,Pedestrian,34.292273,-83.830518,6/18/14 10:56,Property Damaged Only,1,Daylight
6322858,Pedestrian,33.773829,-84.352523,7/19/17 10:00,Property Damaged Only,1,Daylight
5035730,Pedestrian,33.836978,-84.368075,10/27/14 13:15,Property Damaged Only,1,Daylight
6358607,Pedestrian,34.051446,-84.301457,8/17/17 16:00,Property Damaged Only,1,Daylight
4359633,Pedestrian,33.94683,-84.33491,2/19/13 9:55,Property Damaged Only,1,Daylight
5919396,Pedestrian,33.971674,-84.018063,9/10/16 17:05,Property Damaged Only,1,Daylight
6133392,Pedestrian,34.776732,-84.962331,2/25/17 17:18,Property Damaged Only,1,Daylight
4422799,Pedestrian,33.733342,-84.437355,4/19/13 15:49,Property Damaged Only,1,Daylight
5714152,Pedestrian,33.654256,-84.493007,4/12/16 8:54,Property Damaged Only,1,Daylight
4651530,Pedestrian,32.53276,-84.96533,11/22/13 15:50,Property Damaged Only,1,Daylight
5864950,Pedestrian,32.503118,-84.981297,8/5/16 18:13,Property Damaged Only,1,Daylight
6510227,Pedestrian,33.735683,-84.368139,12/8/17 13:06,Property Damaged Only,1,Daylight
5240599,Pedestrian,33.650168,-84.191032,4/3/15 11:41,Property Damaged Only,1,Daylight
4770756,Pedestrian,34.008032,-85.254972,3/15/14 3:31,Property Damaged Only,1,Daylight
6447702,Pedestrian,33.786789,-84.162748,10/27/17 14:45,Property Damaged Only,1,Daylight
4513652,Pedestrian,30.833221,-83.28337,5/8/13 14:46,Property Damaged Only,1,Daylight
4740137,Pedestrian,31.994222,-81.105561,2/21/14 16:50,Property Damaged Only,1,Daylight
5359389,Pedestrian,33.979429,-84.5545,7/10/15 16:24,Property Damaged Only,1,Daylight
5509903,Pedestrian,32.897981,-83.695437,11/14/15 10:01,Property Damaged Only,1,Daylight
4405318,Pedestrian,33.825497,-84.031892,4/1/13 9:52,Property Damaged Only,1,Daylight
5588721,Pedestrian,33.579901,-83.937263,10/24/14 14:00,Property Damaged Only,1,Daylight
4534371,Pedestrian,31.181965,-83.786376,2/5/13 13:47,Property Damaged Only,1,Daylight
5011587,Pedestrian,33.784424,-84.128581,10/9/14 8:30,Property Damaged Only,1,Daylight
6524256,Pedestrian,33.377923,-84.799241,12/21/17 12:59,Property Damaged Only,1,Daylight
5163407,Pedestrian,33.870948,-84.528098,10/28/14 16:19,Property Damaged Only,1,Daylight
5269219,Pedestrian,32.073416,-81.073842,4/28/15 18:36,Property Damaged Only,1,Daylight
4447660,Pedestrian,34.54414,-83.992645,5/16/13 13:20,Property Damaged Only,1,Daylight
5161887,Pedestrian,34.421277,-84.118196,10/25/14 12:59,Property Damaged Only,1,Daylight
6505922,Pedestrian,32.43275,-84.94022,12/8/17 14:45,Property Damaged Only,1,Daylight
6433761,Pedestrian,33.881817,-84.482006,10/16/17 7:46,Property Damaged Only,1,Daylight
5619114,Pedestrian,33.579707,-84.554684,1/29/16 10:45,Property Damaged Only,1,Daylight
5973251,Pedestrian,34.095072,-84.093178,10/23/16 19:30,Property Damaged Only,1,Daylight
4585761,Pedestrian,33.740183,-84.199212,9/15/13 8:45,Property Damaged Only,1,Daylight
6510625,Pedestrian,33.786612,-84.207778,10/18/17 14:30,Property Damaged Only,1,Daylight
5666722,Pedestrian,33.425623,-82.051592,3/7/16 11:20,Property Damaged Only,1,Daylight
4956201,Pedestrian,33.95765,-84.245488,8/26/14 15:30,Property Damaged Only,1,Daylight
4576615,Pedestrian,34.27168,-85.2347,9/21/13 11:14,Property Damaged Only,1,Daylight
6041913,Pedestrian,32.560471,-84.939378,12/15/16 13:48,Property Damaged Only,1,Daylight
6526222,Pedestrian,33.93324,-84.183854,12/20/17 15:10,Property Damaged Only,1,Daylight
6181668,Pedestrian,34.891891,-83.770435,5/17/15 19:10,Property Damaged Only,1,Daylight
5172661,Pedestrian,33.968195,-84.217242,2/6/15 13:51,Property Damaged Only,1,Daylight
6475054,Pedestrian,32.82119,-83.695853,11/15/17 17:00,Property Damaged Only,1,Daylight
4431344,Pedestrian,33.753895,-84.392633,5/1/13 17:00,Property Damaged Only,1,Daylight
6216062,Pedestrian,31.988676,-81.07103,5/2/17 19:30,Property Damaged Only,1,Daylight
5460811,Pedestrian,34.264612,-85.17848,10/7/15 19:00,Property Damaged Only,1,Daylight
5053685,Pedestrian,31.585784,-84.214135,11/17/14 15:40,Property Damaged Only,1,Daylight
5331675,Pedestrian,33.755199,-84.457222,6/15/15 16:30,Property Damaged Only,1,Daylight
5522108,Pedestrian,32.56972,-83.88799,11/17/15 15:45,Property Damaged Only,1,Daylight
6278844,Pedestrian,33.689763,-84.489077,6/10/17 8:15,Property Damaged Only,1,Daylight
4693901,Pedestrian,33.944159,-83.46834,1/2/14 15:13,Property Damaged Only,1,Daylight
5640423,Pedestrian,32.050265,-81.115177,2/17/16 15:23,Property Damaged Only,1,Daylight
4890937,Pedestrian,33.919091,-84.35695,6/17/14 13:44,Property Damaged Only,1,Daylight
4782299,Pedestrian,33.884424,-84.219962,4/5/14 17:04,Fatal,3,Daylight
4700669,Pedestrian,34.88117,-83.95257,1/11/14 11:47,Injury,2,Daylight
6164937,Pedestrian,34.262155,-85.152368,3/25/17 11:19,Injury,2,Daylight
6325448,Pedestrian,33.976476,-84.163516,7/19/17 15:14,Injury,2,Daylight
5136743,Pedestrian,34.011559,-84.564929,12/17/14 13:15,Injury,2,Daylight
5390793,Pedestrian,34.055052,-84.593355,8/13/15 14:50,Injury,2,Daylight
5743120,Pedestrian,32.032944,-81.068329,5/5/16 14:50,Injury,2,Daylight
6287031,Pedestrian,33.837129,-84.248989,6/25/17 16:46,Injury,2,Daylight
6229995,Pedestrian,33.795792,-84.23631,5/11/17 19:35,Injury,2,Daylight
4753732,Pedestrian,34.075676,-84.00421,12/25/13 7:12,Injury,2,Daylight
4779403,Pedestrian,34.027281,-84.419862,4/1/14 18:36,Injury,2,Daylight
6142862,Pedestrian,33.961191,-84.536315,3/6/17 11:56,Injury,2,Daylight
5703410,Pedestrian,33.908274,-84.267674,3/31/16 10:31,Injury,2,Daylight
5750458,Pedestrian,33.425661,-84.183131,5/10/16 17:45,Injury,2,Daylight
4676819,Pedestrian,33.711256,-84.189699,12/16/13 7:23,Injury,2,Daylight
5727114,Pedestrian,32.469432,-84.949835,4/23/16 19:45,Injury,2,Daylight
6498022,Pedestrian,33.25498,-84.272858,12/3/17 16:17,Injury,2,Daylight
5915275,Pedestrian,33.762989,-84.357993,9/3/16 18:48,Injury,2,Daylight
4775515,Pedestrian,33.901654,-84.489639,3/21/14 14:58,Injury,2,Daylight
4990489,Pedestrian,33.454268,-82.207643,7/1/14 12:34,Injury,2,Daylight
6416843,Pedestrian,33.723182,-84.507216,10/4/17 12:54,Injury,2,Daylight
5062784,Pedestrian,32.003189,-81.10218,11/24/14 12:42,Injury,2,Daylight
4324675,Pedestrian,33.40966,-82.65653,1/13/13 14:59,Injury,2,Daylight
4920085,Pedestrian,33.292867,-83.947944,9/6/13 18:12,Injury,2,Daylight
4455616,Pedestrian,33.936105,-84.17995,5/20/13 19:33,Injury,2,Daylight
6273555,Pedestrian,33.37369,-84.791081,6/13/17 11:11,Injury,2,Daylight
4365426,Pedestrian,33.474771,-81.986799,2/1/13 8:16,Injury,2,Daylight
5953723,Pedestrian,33.78238,-84.35433,10/9/16 17:30,Injury,2,Daylight
6530580,Pedestrian,33.578925,-84.34222,12/27/17 7:50,Injury,2,Daylight
6281105,Pedestrian,32.856759,-83.607906,6/20/17 13:26,Injury,2,Daylight
5410715,Pedestrian,32.078089,-81.145547,8/28/15 12:02,Injury,2,Daylight
4436587,Pedestrian,32.526274,-84.926335,5/7/13 12:35,Injury,2,Daylight
5386028,Pedestrian,34.80437,-85.24006,8/10/15 13:25,Injury,2,Daylight
5680186,Pedestrian,33.683778,-84.31012,3/13/16 18:00,Injury,2,Daylight
4460081,Pedestrian,33.79216,-84.285008,5/28/13 16:15,Injury,2,Daylight
5604530,Pedestrian,33.448867,-84.338556,1/19/16 7:25,Injury,2,Daylight
6186427,Pedestrian,33.844176,-84.396639,4/8/17 10:19,Injury,2,Daylight
6412913,Pedestrian,33.765013,-84.311103,10/1/17 11:40,Injury,2,Daylight