incidentIdNbr,crashType,latitude,longitude,dateOfIncidentDate,severity,Mag,lightCondition
4766248,Pedestrian,33.980975,-84.215256,3/7/14 11:45,Injury,2,Daylight
4517569,Pedestrian,33.642607,-84.12779,7/22/13 20:00,Injury,2,Daylight
5419894,Pedestrian,33.908758,-84.539947,9/6/15 17:55,Injury,2,Daylight
5363553,Pedestrian,34.411364,-83.898605,7/21/15 14:25,Injury,2,Daylight
5701679,Pedestrian,34.252371,-83.844996,1/15/15 15:30,Injury,2,Daylight
4463635,Pedestrian,34.213778,-85.159474,5/31/13 14:30,Injury,2,Daylight
5363851,Pedestrian,34.698907,-83.718723,7/19/15 16:56,Injury,2,Daylight
5471888,Pedestrian,33.911031,-84.596809,10/13/15 15:19,Injury,2,Daylight
4585544,Pedestrian,33.699585,-84.117878,9/29/13 11:49,Injury,2,Daylight
5621540,Pedestrian,32.37698,-84.188341,1/28/16 16:50,Injury,2,Daylight
5221975,Pedestrian,33.792667,-84.62071,3/10/15 7:48,Injury,2,Daylight
4961044,Pedestrian,31.706955,-83.252843,10/25/13 16:48,Injury,2,Daylight
6480205,Pedestrian,33.786432,-84.407512,11/14/17 9:10,Injury,2,Daylight
4722920,Pedestrian,32.05472,-81.110226,2/4/14 7:10,Injury,2,Daylight
4617086,Pedestrian,32.417234,-84.940683,10/23/13 13:40,Injury,2,Daylight
5566509,Pedestrian,33.616238,-84.464757,8/29/15 11:54,Injury,2,Daylight
6531466,Pedestrian,33.944915,-84.124902,12/22/17 15:27,Injury,2,Daylight
6399903,Pedestrian,33.605948,-84.550957,9/19/17 7:28,Injury,2,Daylight
5843772,Pedestrian,31.449605,-83.51325,7/18/16 9:40,Injury,2,Daylight
5779521,Pedestrian,33.763001,-84.417484,5/29/16 14:03,Injury,2,Daylight
6595631,Pedestrian,33.755092,-84.300298,10/14/17 15:31,Injury,2,Daylight
5770401,Pedestrian,34.882298,-84.229566,5/24/16 19:51,Injury,2,Daylight
6181491,Pedestrian,32.93483,-84.91523,4/2/17 9:30,Injury,2,Daylight
5032746,Pedestrian,34.059174,-84.383027,10/24/14 16:50,Injury,2,Daylight
6172689,Pedestrian,31.485489,-83.497341,3/23/17 11:35,Injury,2,Daylight
4597723,Pedestrian,33.59766,-84.548282,10/4/13 14:38,Injury,2,Daylight
5391489,Pedestrian,33.856544,-84.256861,8/16/15 19:04,Injury,2,Daylight
6492007,Pedestrian,33.929312,-84.313784,11/23/17 21:53,Injury,2,Daylight
4584655,Pedestrian,31.447398,-83.501104,9/27/13 15:36,Injury,2,Daylight
5853480,Pedestrian,33.734988,-84.285794,7/27/16 15:33,Injury,2,Daylight
4554937,Pedestrian,31.202528,-83.25068,8/27/13 16:07,Injury,2,Daylight
5666329,Pedestrian,33.728405,-84.189384,3/7/16 14:05,Injury,2,Daylight
5997298,Pedestrian,33.963917,-84.532026,11/12/16 7:45,Injury,2,Daylight
5926805,Pedestrian,33.589092,-84.468917,9/19/16 17:47,Injury,2,Daylight
5744611,Pedestrian,33.93717,-84.378103,5/6/16 19:45,Injury,2,Daylight
4476060,Pedestrian,32.53209,-84.97064,6/11/13 15:42,Injury,2,Daylight
4766187,Pedestrian,33.666523,-84.489585,3/3/14 13:46,Injury,2,Daylight
5381520,Pedestrian,30.521238,-91.179504,7/28/15 13:26,Injury,2,Daylight
4873902,Pedestrian,32.832253,-83.634991,5/29/14 15:53,Injury,2,Daylight
6502254,Pedestrian,33.757931,-84.393472,11/29/17 18:32,Injury,2,Daylight
4854707,Pedestrian,33.85879,-84.82463,5/20/14 7:12,Injury,2,Daylight
6154625,Pedestrian,32.002977,-81.281236,3/17/17 15:21,Injury,2,Daylight
6383723,Pedestrian,33.707279,-84.408024,4/9/17 11:56,Injury,2,Daylight
6446704,Pedestrian,33.816646,-84.92425,10/24/17 8:57,Injury,2,Daylight
4641466,Pedestrian,32.232756,-81.450151,10/19/13 13:56,Injury,2,Daylight
6381012,Pedestrian,32.082002,-81.095364,9/5/17 14:09,Injury,2,Daylight
6362973,Pedestrian,34.38703,-83.66068,8/21/17 17:30,Injury,2,Daylight
6172644,Pedestrian,33.818391,-84.300236,3/31/17 8:55,Injury,2,Daylight
6420014,Pedestrian & Bicyclist,33.35911,-84.8333,10/6/17 13:35,Property Damaged Only,1,Daylight
5379618,Pedestrian & Bicyclist,32.451835,-83.74408,8/3/15 17:30,Property Damaged Only,1,Daylight
5425428,Pedestrian & Bicyclist,33.758461,-84.387183,9/11/15 14:42,Property Damaged Only,1,Daylight
5345774,Pedestrian & Bicyclist,32.004824,-81.117644,7/4/15 15:48,Fatal,3,Daylight
4828655,Pedestrian & Bicyclist,32.5226,-84.88999,4/26/14 14:20,Injury,2,Daylight
5691127,Pedestrian & Bicyclist,33.713969,-84.373639,3/26/16 11:41,Injury,2,Daylight
4740535,Pedestrian & Bicyclist,33.960714,-83.373603,2/21/14 8:42,Injury,2,Daylight
6211789,Pedestrian & Bicyclist,33.44954,-82.03266,4/29/17 14:14,Injury,2,Daylight
4721518,Bicyclist,32.065979,-81.098049,11/10/13 2:10,Property Damaged Only,1,Dark-Lighted
5186945,Bicyclist,33.777346,-84.402405,1/26/15 18:29,Property Damaged Only,1,Dark-Lighted
4709480,Bicyclist,33.565913,-84.582321,1/11/14 18:55,Property Damaged Only,1,Dark-Lighted
4512923,Bicyclist,33.47579,-81.962676,6/15/13 6:29,Property Damaged Only,1,Dark-Lighted
6086967,Bicyclist,33.923894,-84.334103,1/19/17 18:07,Property Damaged Only,1,Dark-Lighted
5547314,Bicyclist,32.070542,-81.096352,12/13/15 3:13,Property Damaged Only,1,Dark-Lighted
5144298,Bicyclist,31.609232,-81.883017,12/6/14 23:11,Property Damaged Only,1,Dark-Lighted
6073685,Bicyclist,32.081211,-81.09518,1/1/17 2:10,Property Damaged Only,1,Dark-Lighted
5542594,Bicyclist,30.833468,-83.271745,12/8/15 18:30,Property Damaged Only,1,Dark-Lighted
4739970,Bicyclist,34.316925,-83.830479,2/21/14 6:28,Property Damaged Only,1,Dark-Lighted
5544066,Bicyclist,32.054572,-81.099785,12/9/15 17:34,Injury,2,Dark-Lighted
5864039,Bicyclist,32.049537,-81.130844,8/4/16 21:14,Injury,2,Dark-Lighted
5313664,Bicyclist,33.728136,-84.188921,6/4/15 0:55,Injury,2,Dark-Lighted
5241083,Bicyclist,32.082304,-81.096513,4/3/15 23:04,Injury,2,Dark-Lighted
4991748,Bicyclist,33.779268,-84.407329,9/19/14 23:17,Injury,2,Dark-Lighted
5676242,Bicyclist,32.581313,-83.694379,1/7/16 21:39,Injury,2,Dark-Lighted
5644192,Pedestrian,33.827991,-84.154179,2/20/16 21:08,Property Damaged Only,1,Dark-Lighted
5608642,Pedestrian,33.604148,-84.472045,1/22/15 18:50,Property Damaged Only,1,Dark-Lighted
5042534,Pedestrian,33.909016,-84.378765,11/6/14 23:28,Property Damaged Only,1,Dark-Lighted
4391530,Pedestrian,34.199101,-83.922378,3/6/13 19:00,Property Damaged Only,1,Dark-Lighted
4453210,Pedestrian,32.20727,-83.17953,4/8/13 20:10,Property Damaged Only,1,Dark-Lighted
4952301,Pedestrian,33.91387,-84.471563,8/26/14 23:01,Property Damaged Only,1,Dark-Lighted
4404923,Pedestrian,33.743747,-84.218743,4/4/13 20:50,Property Damaged Only,1,Dark-Lighted
6211144,Pedestrian,33.797713,-84.557562,4/28/17 21:14,Property Damaged Only,1,Dark-Lighted
6048789,Pedestrian,33.568575,-84.539286,12/18/16 18:00,Property Damaged Only,1,Dark-Lighted
4690131,Pedestrian,31.597137,-84.163691,12/29/13 18:27,Property Damaged Only,1,Dark-Lighted
6294200,Pedestrian,33.824847,-84.659249,7/1/17 1:18,Property Damaged Only,1,Dark-Lighted
4889021,Pedestrian,32.879076,-83.763134,6/12/14 23:02,Property Damaged Only,1,Dark-Lighted
6037930,Pedestrian,33.84257,-84.329824,12/11/16 4:06,Property Damaged Only,1,Dark-Lighted
6423004,Pedestrian,32.495196,-84.980293,10/9/17 21:00,Property Damaged Only,1,Dark-Lighted
6520434,Pedestrian,32.034298,-81.152464,12/18/17 17:55,Property Damaged Only,1,Dark-Lighted
5341970,Pedestrian,33.599901,-83.990939,6/30/15 21:37,Property Damaged Only,1,Dark-Lighted
6257904,Pedestrian,33.708084,-84.21825,5/31/17 23:08,Property Damaged Only,1,Dark-Lighted
5610295,Pedestrian,33.804587,-84.526493,1/25/16 5:30,Property Damaged Only,1,Dark-Lighted
4673346,Pedestrian,32.068479,-81.101627,12/12/13 18:49,Property Damaged Only,1,Dark-Lighted
6422858,Pedestrian,22045.495,13155.84,10/8/17 23:30,Property Damaged Only,1,Dark-Lighted
6425803,Pedestrian,33.699082,-84.172551,10/11/17 22:20,Property Damaged Only,1,Dark-Lighted
4556013,Pedestrian,33.474317,-84.348089,8/30/13 0:15,Property Damaged Only,1,Dark-Lighted
6458370,Pedestrian,33.420619,-82.067693,11/4/17 0:28,Fatal,3,Dark-Lighted
4672143,Pedestrian,33.742802,-84.393428,11/23/13 3:51,Fatal,3,Dark-Lighted
4657055,Pedestrian,33.844764,-84.256561,11/27/13 20:08,Fatal,3,Dark-Lighted
5466088,Pedestrian,33.859429,-84.599451,10/13/15 1:54,Fatal,3,Dark-Lighted
6518733,Pedestrian,34.042737,-84.58109,9/27/17 23:10,Fatal,3,Dark-Lighted
5575210,Pedestrian,34.033088,-84.364583,12/28/15 6:42,Fatal,3,Dark-Lighted
6082538,Pedestrian,33.6795,-84.432095,1/16/17 23:41,Injury,2,Dark-Lighted
5792025,Pedestrian,30.759703,-81.601108,4/12/16 5:34,Injury,2,Dark-Lighted
5345836,Pedestrian,34.515998,-85.318092,6/30/15 21:45,Injury,2,Dark-Lighted
5415653,Pedestrian,32.073251,-84.229885,8/30/15 20:54,Injury,2,Dark-Lighted
6211012,Pedestrian,33.965433,-84.364071,4/26/17 23:25,Injury,2,Dark-Lighted
5840585,Pedestrian,33.543237,-84.244804,7/18/16 22:30,Injury,2,Dark-Lighted
5453983,Pedestrian,33.551153,-82.054084,9/10/15 6:19,Injury,2,Dark-Lighted
4780187,Pedestrian,33.697764,-84.223173,4/3/14 6:50,Injury,2,Dark-Lighted
5891853,Pedestrian,33.904742,-84.265923,8/24/16 20:21,Injury,2,Dark-Lighted
6133771,Pedestrian,33.705476,-84.169606,3/1/17 5:26,Injury,2,Dark-Lighted
4335258,Pedestrian,33.95148,-84.10038,1/17/13 18:45,Injury,2,Dark-Lighted
5467110,Pedestrian,33.778836,-84.240101,10/13/15 19:43,Injury,2,Dark-Lighted
5331970,Pedestrian,33.783263,-84.386312,6/17/15 22:30,Injury,2,Dark-Lighted
5521514,Pedestrian,33.776689,-84.453075,11/18/15 19:33,Injury,2,Dark-Lighted
5604119,Pedestrian,33.932352,-83.310954,1/15/16 18:21,Injury,2,Dark-Lighted
6527328,Pedestrian,32.41124,-84.94369,12/23/17 19:45,Injury,2,Dark-Lighted
6222292,Pedestrian,31.576415,-84.139709,5/6/17 21:29,Injury,2,Dark-Lighted
5289745,Pedestrian,32.83452,-83.62711,4/17/15 2:17,Injury,2,Dark-Lighted
5490559,Pedestrian,32.483955,-84.924864,9/25/15 1:00,Injury,2,Dark-Lighted
6539045,Pedestrian,33.906104,-84.156032,12/26/17 18:21,Injury,2,Dark-Lighted
5374367,Pedestrian,33.716567,-84.274319,7/17/15 1:49,Injury,2,Dark-Lighted
6232306,Pedestrian,32.081587,-81.096818,5/13/17 23:33,Injury,2,Dark-Lighted
6107103,Pedestrian,33.988072,-83.894327,2/1/17 2:30,Injury,2,Dark-Lighted
5636449,Pedestrian,33.786713,-84.232537,2/14/16 2:03,Injury,2,Dark-Lighted
5205927,Pedestrian,33.922865,-84.379188,3/4/15 23:00,Injury,2,Dark-Lighted
6076574,Pedestrian,33.772828,-84.442006,12/28/16 0:01,Injury,2,Dark-Lighted
5229035,Pedestrian,33.773883,-84.473623,3/21/15 22:05,Injury,2,Dark-Lighted
5136588,Pedestrian,32.087482,-81.115438,1/19/15 19:39,Injury,2,Dark-Lighted
5829430,Pedestrian,33.570653,-84.371788,7/12/16 21:25,Injury,2,Dark-Lighted
5331237,Pedestrian,34.039776,-84.692161,6/21/15 0:40,Injury,2,Dark-Lighted
5825651,Pedestrian,33.699514,-84.280057,7/9/16 21:17,Injury,2,Dark-Lighted
5938926,Bicyclist,33.553743,-84.25927,9/30/16 4:17,Property Damaged Only,1,Dark-Lighted
6451067,Bicyclist,33.780749,-84.384093,10/27/17 22:00,Property Damaged Only,1,Dark-Lighted
5258915,Bicyclist,30.903827,-84.553693,4/1/15 21:18,Property Damaged Only,1,Dark-Lighted
4390042,Bicyclist,33.809423,-84.412854,3/21/13 21:39,Property Damaged Only,1,Dark-Lighted
5934954,Bicyclist,31.617122,-84.222628,9/9/16 23:09,Property Damaged Only,1,Dark-Lighted
4741114,Bicyclist,33.520443,-84.419795,2/18/14 18:35,Property Damaged Only,1,Dark-Lighted
5692218,Bicyclist,34.087954,-84.201841,2/20/16 20:35,Property Damaged Only,1,Dark-Lighted
4758910,Bicyclist,30.8739,-84.207268,2/22/14 19:23,Property Damaged Only,1,Dark-Lighted
4540537,Bicyclist,33.964485,-84.520728,8/10/13 0:52,Fatal,3,Dark-Lighted
5065367,Bicyclist,33.614286,-84.34931,11/24/14 0:03,Injury,2,Dark-Lighted
6314279,Bicyclist,33.786195,-84.399792,7/15/17 21:15,Injury,2,Dark-Lighted
4600628,Bicyclist,31.22444,-81.52615,7/27/13 21:22,Injury,2,Dark-Lighted
5034336,Bicyclist,32.544939,-83.890357,10/25/14 19:11,Injury,2,Dark-Lighted
5471491,Bicyclist,32.063653,-81.102425,10/16/15 20:34,Injury,2,Dark-Lighted
5363365,Bicyclist,33.302982,-83.697224,7/19/15 22:09,Injury,2,Dark-Lighted
4467173,Pedestrian,33.786046,-84.383038,5/29/13 2:30,Property Damaged Only,1,Dark-Lighted
5797895,Pedestrian,33.549662,-84.275151,6/13/16 21:45,Property Damaged Only,1,Dark-Lighted
4616767,Pedestrian,33.4781,-82.48515,8/30/13 22:52,Property Damaged Only,1,Dark-Lighted
6063680,Pedestrian,33.761458,-84.248446,1/1/17 3:00,Property Damaged Only,1,Dark-Lighted
5956402,Pedestrian,33.771717,-84.468875,10/12/16 23:39,Property Damaged Only,1,Dark-Lighted
6513913,Pedestrian,33.69603,-84.535072,11/19/17 19:42,Property Damaged Only,1,Dark-Lighted
5105361,Pedestrian,33.66102,-84.019302,12/23/14 18:27,Property Damaged Only,1,Dark-Lighted
5166933,Pedestrian,33.782245,-84.368405,11/9/14 18:00,Property Damaged Only,1,Dark-Lighted
5345459,Pedestrian,32.075192,-81.099213,7/4/15 3:16,Property Damaged Only,1,Dark-Lighted
6056154,Pedestrian,33.866832,-84.632425,12/23/16 19:28,Property Damaged Only,1,Dark-Lighted
4698990,Pedestrian,33.928496,-84.551088,1/8/14 20:50,Property Damaged Only,1,Dark-Lighted
5567645,Pedestrian,33.759395,-84.24118,12/27/15 1:53,Property Damaged Only,1,Dark-Lighted
6504019,Pedestrian,33.817714,-84.312071,12/7/17 7:18,Property Damaged Only,1,Dark-Lighted
4364153,Pedestrian,32.430883,-84.941945,2/22/13 19:48,Property Damaged Only,1,Dark-Lighted
4562505,Pedestrian,33.788894,-84.426347,8/22/13 22:21,Property Damaged Only,1,Dark-Lighted
5892448,Pedestrian,33.807422,-84.366145,8/5/16 22:55,Property Damaged Only,1,Dark-Lighted
5726636,Pedestrian,32.082973,-81.096367,4/23/16 3:10,Property Damaged Only,1,Dark-Lighted
6093886,Pedestrian,34.23299,-85.167311,1/25/17 21:36,Fatal,3,Dark-Lighted
6497064,Pedestrian,33.828643,-84.249826,12/2/17 21:45,Fatal,3,Dark-Lighted
4381316,Pedestrian,33.656364,-84.5198,3/11/13 7:15,Fatal,3,Dark-Lighted
5541896,Pedestrian,33.73824,-84.412854,12/5/15 1:03,Fatal,3,Dark-Lighted
4637406,Pedestrian,31.983019,-81.177557,11/11/13 23:03,Fatal,3,Dark-Lighted
6521033,Pedestrian,33.716369,-84.129675,12/19/17 0:00,Fatal,3,Dark-Lighted
4641573,Pedestrian,33.733932,-84.492334,7/26/13 0:23,Fatal,3,Dark-Lighted
5379241,Pedestrian,33.68134,-84.405174,7/19/15 0:55,Fatal,3,Dark-Lighted
4598232,Pedestrian,33.867663,-84.301318,10/6/13 3:58,Injury,2,Dark-Lighted
6448720,Pedestrian,33.827575,-84.329726,10/29/17 1:21,Injury,2,Dark-Lighted
4417411,Pedestrian,32.043257,-81.010235,4/18/13 21:15,Injury,2,Dark-Lighted
6497080,Pedestrian,33.46843,-82.078471,12/2/17 3:17,Injury,2,Dark-Lighted
4473693,Pedestrian,33.78548,-84.38299,6/7/13 2:54,Injury,2,Dark-Lighted
5910291,Pedestrian,33.997882,-85.258181,9/2/16 20:41,Injury,2,Dark-Lighted
5407632,Pedestrian,33.922663,-84.478346,8/28/15 20:56,Injury,2,Dark-Lighted
6140795,Pedestrian,33.881247,-84.53922,3/6/17 19:10,Injury,2,Dark-Lighted
4903986,Pedestrian,33.981781,-84.347356,7/11/14 6:04,Injury,2,Dark-Lighted
6033642,Pedestrian,32.561387,-84.96262,12/8/16 21:36,Injury,2,Dark-Lighted
5997307,Pedestrian,33.987813,-83.371503,11/13/16 19:53,Injury,2,Dark-Lighted
4921021,Pedestrian,31.54843,-84.160775,7/28/14 22:19,Injury,2,Dark-Lighted
5504894,Pedestrian,33.266956,-84.294203,11/9/15 21:59,Injury,2,Dark-Lighted
6023995,Pedestrian,33.716881,-84.349509,12/3/16 0:00,Injury,2,Dark-Lighted
6119965,Pedestrian,33.504209,-84.236358,2/15/17 19:36,Injury,2,Dark-Lighted
6241371,Pedestrian,34.117298,-83.860161,5/13/17 12:15,Injury,2,Dark-Lighted
5643803,Pedestrian,32.04052,-81.11112,2/20/16 23:56,Injury,2,Dark-Lighted
5291558,Pedestrian,33.787144,-84.195541,5/18/15 0:26,Injury,2,Dark-Lighted
5937595,Pedestrian,33.456831,-81.967853,9/28/16 19:52,Injury,2,Dark-Lighted
5789705,Pedestrian,33.722265,-84.423063,6/9/16 10:52,Injury,2,Dark-Lighted
5419962,Pedestrian,33.76357,-84.402942,9/3/15 23:21,Injury,2,Dark-Lighted
5328266,Pedestrian,32.507183,-84.965297,6/17/15 21:35,Injury,2,Dark-Lighted
5926261,Pedestrian,33.899,-84.27891,9/15/16 22:05,Injury,2,Dark-Lighted
5606278,Pedestrian,33.481341,-84.338894,1/20/16 23:50,Injury,2,Dark-Lighted
6526740,Pedestrian,33.419875,-84.603566,12/23/17 0:00,Injury,2,Dark-Lighted
5685366,Pedestrian,32.405418,-84.932099,3/22/16 23:35,Injury,2,Dark-Lighted
5032092,Bicyclist,34.057891,-84.557767,10/24/14 6:22,Property Damaged Only,1,Dark-Lighted
6527960,Bicyclist,32.053132,-81.144758,12/22/17 20:43,Property Damaged Only,1,Dark-Lighted
6483883,Bicyclist,32.81401,-83.64833,11/21/17 19:52,Property Damaged Only,1,Dark-Lighted
4494228,Bicyclist,32.079152,-81.094299,7/4/13 22:00,Property Damaged Only,1,Dark-Lighted
4637215,Bicyclist,32.50337,-84.97567,11/10/13 17:57,Property Damaged Only,1,Dark-Lighted
5219419,Bicyclist,33.003359,-83.548804,3/13/15 22:41,Property Damaged Only,1,Dark-Lighted
4410756,Bicyclist,32.50717,-84.95332,4/11/13 0:05,Property Damaged Only,1,Dark-Lighted
6351737,Bicyclist,33.254662,-84.250989,8/11/17 23:47,Property Damaged Only,1,Dark-Lighted
5229314,Bicyclist,33.77482,-84.279492,2/2/15 3:14,Injury,2,Dark-Lighted
6413387,Bicyclist,32.053388,-81.106149,10/1/17 19:55,Injury,2,Dark-Lighted
4856136,Bicyclist,33.47292,-81.95897,5/22/14 20:34,Injury,2,Dark-Lighted
4970427,Pedestrian,33.548055,-84.39068,9/8/14 4:00,Property Damaged Only,1,Dark-Lighted
4338838,Pedestrian,33.810584,-84.18165,1/28/13 18:05,Property Damaged Only,1,Dark-Lighted
6129994,Pedestrian,32.073461,-81.091533,2/25/17 19:27,Property Damaged Only,1,Dark-Lighted
6155939,Pedestrian,31.586368,-84.153746,3/19/17 6:31,Property Damaged Only,1,Dark-Lighted
4384802,Pedestrian,34.03749,-84.579983,2/22/13 18:25,Property Damaged Only,1,Dark-Lighted
5615524,Pedestrian,32.834056,-83.624702,1/3/16 20:51,Property Damaged Only,1,Dark-Lighted
5532897,Pedestrian,32.83157,-83.662637,12/1/15 21:02,Property Damaged Only,1,Dark-Lighted
6019165,Pedestrian,33.842226,-84.378892,11/28/16 18:33,Property Damaged Only,1,Dark-Lighted
4560996,Pedestrian,33.738089,-84.417695,8/29/13 22:22,Property Damaged Only,1,Dark-Lighted
5621818,Pedestrian,33.979884,-83.377756,2/2/16 17:17,Property Damaged Only,1,Dark-Lighted
6536161,Pedestrian,33.429396,-84.179958,12/30/17 7:16,Property Damaged Only,1,Dark-Lighted
5643805,Pedestrian,32.077752,-81.084529,2/21/16 3:57,Property Damaged Only,1,Dark-Lighted
5037185,Pedestrian,33.467074,-81.98318,11/1/14 19:53,Property Damaged Only,1,Dark-Lighted
6046127,Pedestrian,33.711063,-84.443702,12/6/16 18:47,Property Damaged Only,1,Dark-Lighted
6025436,Pedestrian,33.856275,-84.382559,12/4/16 3:36,Property Damaged Only,1,Dark-Lighted
6197724,Pedestrian,33.734357,-84.21337,4/17/17 22:50,Property Damaged Only,1,Dark-Lighted
6448764,Pedestrian,33.794082,-84.560956,10/27/17 22:58,Property Damaged Only,1,Dark-Lighted
4954368,Pedestrian,33.921691,-84.542768,8/25/14 21:47,Property Damaged Only,1,Dark-Lighted
5397704,Pedestrian,33.775423,-84.469338,8/18/15 3:35,Property Damaged Only,1,Dark-Lighted
5980879,Pedestrian,33.932281,-84.548975,10/29/16 19:47,Property Damaged Only,1,Dark-Lighted
6495951,Pedestrian,33.767119,-84.38541,11/18/17 23:43,Property Damaged Only,1,Dark-Lighted
5249697,Pedestrian,33.586981,-84.429022,4/10/15 20:04,Property Damaged Only,1,Dark-Lighted
5614055,Pedestrian,33.752874,-84.402516,1/16/16 1:29,Property Damaged Only,1,Dark-Lighted
6519192,Pedestrian,33.643728,-83.989102,12/18/17 19:09,Property Damaged Only,1,Dark-Lighted
4670065,Pedestrian,33.931578,-84.549585,12/10/13 6:56,Property Damaged Only,1,Dark-Lighted
5648993,Pedestrian,33.368156,-84.791118,2/24/16 6:56,Property Damaged Only,1,Dark-Lighted
4833352,Pedestrian,33.89721,-84.19859,4/29/14 6:16,Property Damaged Only,1,Dark-Lighted
5521219,Pedestrian,33.7814,-84.411098,11/19/15 19:45,Property Damaged Only,1,Dark-Lighted
6387864,Pedestrian,33.78399,-84.18511,9/11/17 1:01,Fatal,3,Dark-Lighted
4834827,Pedestrian,32.180336,-82.1054,4/29/14 20:45,Fatal,3,Dark-Lighted
5238912,Pedestrian,33.840833,-84.263137,4/1/15 20:28,Fatal,3,Dark-Lighted
4948031,Pedestrian,32.470527,-84.993116,8/22/14 3:08,Fatal,3,Dark-Lighted
6513118,Pedestrian,33.697146,-84.173215,12/13/17 18:13,Injury,2,Dark-Lighted
6133011,Pedestrian,33.752063,-84.467456,2/22/17 6:50,Injury,2,Dark-Lighted
5758156,Pedestrian,33.967878,-84.049858,5/12/16 1:00,Injury,2,Dark-Lighted
4724954,Pedestrian,33.677245,-84.419844,2/5/14 19:14,Injury,2,Dark-Lighted
4774378,Pedestrian,33.755162,-84.545521,3/28/14 6:14,Injury,2,Dark-Lighted
6062382,Pedestrian,33.77978,-84.35336,1/1/17 0:55,Injury,2,Dark-Lighted
6425878,Pedestrian,33.61634,-84.472776,10/11/17 0:19,Injury,2,Dark-Lighted
5597294,Pedestrian,33.898792,-84.250435,1/12/16 20:28,Injury,2,Dark-Lighted
6093727,Pedestrian,33.860827,-84.339619,1/25/17 23:07,Injury,2,Dark-Lighted
6036220,Pedestrian,33.860827,-84.339619,12/10/16 22:08,Injury,2,Dark-Lighted
4496702,Pedestrian,34.029228,-84.5839,7/8/13 3:08,Injury,2,Dark-Lighted
5111005,Pedestrian,34.362815,-84.03374,12/22/14 18:15,Injury,2,Dark-Lighted
5941673,Pedestrian,32.051197,-81.152712,10/2/16 2:50,Injury,2,Dark-Lighted
6069328,Pedestrian,33.748127,-84.223983,1/6/17 1:20,Injury,2,Dark-Lighted
5361350,Pedestrian,32.496456,-84.963767,7/19/15 23:15,Injury,2,Dark-Lighted
5423795,Pedestrian,33.948532,-83.414767,9/12/15 0:55,Injury,2,Dark-Lighted
5875560,Pedestrian,34.219392,-83.761615,8/13/16 0:57,Injury,2,Dark-Lighted
4711514,Pedestrian,33.690141,-84.506334,1/17/14 18:40,Injury,2,Dark-Lighted
5848965,Pedestrian,31.876698,-82.596696,7/22/16 21:56,Injury,2,Dark-Lighted
5433176,Pedestrian,31.57224,-84.181018,5/21/15 0:25,Injury,2,Dark-Lighted
4982610,Pedestrian,34.770112,-84.769603,8/12/14 21:12,Injury,2,Dark-Lighted
6478743,Pedestrian,33.611706,-84.436744,11/18/17 23:00,Injury,2,Dark-Lighted
4748676,Pedestrian,33.737153,-84.23001,3/3/14 6:33,Injury,2,Dark-Lighted
5505662,Pedestrian,33.729369,-84.387956,11/10/15 7:17,Injury,2,Dark-Lighted
5484225,Pedestrian,33.693251,-84.259714,10/26/15 20:00,Injury,2,Dark-Lighted
4716960,Pedestrian,33.951317,-83.376963,1/29/14 1:30,Injury,2,Dark-Lighted
5705915,Pedestrian,31.520741,-82.820684,4/3/16 20:14,Injury,2,Dark-Lighted
5950562,Pedestrian,33.709288,-84.349389,10/9/16 23:30,Injury,2,Dark-Lighted
6458639,Pedestrian,31.796363,-81.607861,11/4/17 1:57,Injury,2,Dark-Lighted
5484748,Pedestrian,33.740802,-84.346145,10/4/15 2:23,Injury,2,Dark-Lighted
6421485,Bicyclist,33.031309,-85.016214,10/8/17 20:15,Property Damaged Only,1,Dark-Lighted
6497563,Bicyclist,33.47605,-82.084944,12/3/17 19:03,Property Damaged Only,1,Dark-Lighted
5560317,Bicyclist,33.656329,-84.015753,12/18/15 18:18,Property Damaged Only,1,Dark-Lighted
5543903,Bicyclist,33.937032,-83.98016,9/20/15 21:11,Fatal,3,Dark-Lighted
5639872,Bicyclist,33.78174,-84.36869,2/11/16 19:15,Fatal,3,Dark-Lighted
5487721,Bicyclist,32.073259,-81.088322,10/29/15 3:22,Injury,2,Dark-Lighted
5656323,Bicyclist,33.950753,-83.377122,1/14/16 19:33,Injury,2,Dark-Lighted
4725139,Bicyclist,32.038388,-81.065669,2/6/14 19:30,Injury,2,Dark-Lighted
6411252,Bicyclist,33.51375,-82.05476,9/30/17 0:03,Injury,2,Dark-Lighted
6501469,Pedestrian,32.834272,-83.625172,12/5/17 20:52,Property Damaged Only,1,Dark-Lighted
5771088,Pedestrian,33.718215,-84.108215,5/24/16 0:02,Property Damaged Only,1,Dark-Lighted
5172126,Pedestrian,34.025802,-84.332401,2/8/15 18:59,Property Damaged Only,1,Dark-Lighted
4327493,Pedestrian,33.800492,-84.201497,1/16/13 7:22,Property Damaged Only,1,Dark-Lighted
5421158,Pedestrian,33.775746,-84.468029,9/8/15 3:50,Property Damaged Only,1,Dark-Lighted
5870988,Pedestrian,33.78548,-84.263287,8/8/16 20:15,Property Damaged Only,1,Dark-Lighted
4792741,Pedestrian,32.08202,-81.09554,4/15/14 22:00,Property Damaged Only,1,Dark-Lighted
5694832,Pedestrian,31.996288,-81.114874,3/30/16 22:40,Property Damaged Only,1,Dark-Lighted
5374245,Pedestrian,33.442643,-82.00313,7/30/15 21:44,Property Damaged Only,1,Dark-Lighted
4649500,Pedestrian,33.955105,-83.368628,11/20/13 17:50,Property Damaged Only,1,Dark-Lighted
6425747,Pedestrian,32.077118,-81.103617,10/11/17 0:00,Property Damaged Only,1,Dark-Lighted
5141093,Pedestrian,33.690135,-84.462374,1/27/15 18:32,Property Damaged Only,1,Dark-Lighted
6130225,Pedestrian,33.84879,-84.364923,2/18/17 22:04,Property Damaged Only,1,Dark-Lighted