incidentIdNbr,crashType,latitude,longitude,dateOfIncidentDate,severity,Mag,lightCondition
6011510,Pedestrian,32.426714,-84.919359,11/23/16 19:04,Property Damaged Only,1,Dark-Lighted
6444655,Pedestrian,33.955162,-84.54904,10/24/17 7:22,Property Damaged Only,1,Dark-Lighted
5643081,Pedestrian,33.023854,-85.028899,2/19/16 6:51,Property Damaged Only,1,Dark-Lighted
5601932,Pedestrian,33.841903,-84.329918,1/17/16 6:15,Property Damaged Only,1,Dark-Lighted
5571957,Pedestrian,32.474038,-84.987488,12/29/15 0:10,Property Damaged Only,1,Dark-Lighted
5477543,Pedestrian,33.746801,-84.380482,10/17/15 21:35,Property Damaged Only,1,Dark-Lighted
4384378,Pedestrian,33.9692,-84.02136,3/13/13 20:05,Property Damaged Only,1,Dark-Lighted
4682731,Pedestrian,33.74758,-84.16538,12/20/13 18:08,Property Damaged Only,1,Dark-Lighted
5243191,Pedestrian,32.029653,-81.092647,4/6/15 21:05,Property Damaged Only,1,Dark-Lighted
5712034,Pedestrian,33.757426,-84.433687,4/11/16 5:10,Property Damaged Only,1,Dark-Lighted
6116154,Pedestrian,33.900738,-84.143406,2/11/17 21:07,Property Damaged Only,1,Dark-Lighted
5901828,Pedestrian,31.925688,-81.334229,8/26/16 23:13,Property Damaged Only,1,Dark-Lighted
4334067,Pedestrian,31.994568,-81.10535,1/21/13 18:12,Property Damaged Only,1,Dark-Lighted
6149797,Pedestrian,30.859648,-83.308518,3/12/17 0:45,Property Damaged Only,1,Dark-Lighted
4874372,Pedestrian,33.954915,-83.388324,6/9/14 22:19,Property Damaged Only,1,Dark-Lighted
5222704,Pedestrian,33.779488,-84.374064,3/14/15 21:00,Property Damaged Only,1,Dark-Lighted
6515931,Pedestrian,33.979485,-84.55457,12/13/17 6:13,Fatal,3,Dark-Lighted
4897874,Pedestrian,33.711935,-84.221173,7/4/14 21:53,Fatal,3,Dark-Lighted
5323415,Pedestrian,33.522451,-84.363306,6/13/15 2:03,Fatal,3,Dark-Lighted
6077424,Pedestrian,232.224,143.533,1/4/17 23:09,Fatal,3,Dark-Lighted
5736387,Pedestrian,34.285633,-85.224469,4/30/16 2:07,Injury,2,Dark-Lighted
5800436,Pedestrian,32.477421,-84.869654,6/19/16 21:35,Injury,2,Dark-Lighted
4481180,Pedestrian,34.09896,-82.84833,6/15/13 22:15,Injury,2,Dark-Lighted
6074240,Pedestrian,33.737874,-84.28907,1/11/17 6:06,Injury,2,Dark-Lighted
6476729,Pedestrian,33.975129,-84.548128,11/15/17 6:00,Injury,2,Dark-Lighted
4876332,Pedestrian,33.594103,-84.549501,6/12/14 22:09,Injury,2,Dark-Lighted
4502682,Pedestrian,33.921534,-83.343776,7/8/13 23:05,Injury,2,Dark-Lighted
5123778,Pedestrian,33.808432,-84.393548,12/22/14 20:27,Injury,2,Dark-Lighted
6411694,Pedestrian,32.08738,-81.115069,9/30/17 3:05,Injury,2,Dark-Lighted
5232172,Pedestrian,33.712297,-84.217497,3/27/15 4:00,Injury,2,Dark-Lighted
4384603,Pedestrian,32.700468,-83.666245,2/14/13 5:03,Injury,2,Dark-Lighted
5075424,Pedestrian,33.752924,-84.304365,10/29/14 21:37,Injury,2,Dark-Lighted
5578950,Pedestrian,33.954937,-83.388167,1/1/16 3:13,Injury,2,Dark-Lighted
5543584,Pedestrian,33.615929,-84.472749,11/4/15 20:51,Injury,2,Dark-Lighted
5066440,Pedestrian,31.501977,-82.861717,11/25/14 20:42,Injury,2,Dark-Lighted
6043164,Pedestrian,33.593938,-84.408547,12/16/16 19:30,Injury,2,Dark-Lighted
6215416,Pedestrian,33.814587,-84.243996,4/30/17 19:00,Injury,2,Dark-Lighted
4411940,Pedestrian,33.863877,-84.296853,4/11/13 20:50,Injury,2,Dark-Lighted
6160511,Pedestrian,33.697348,-84.408096,3/7/17 22:13,Injury,2,Dark-Lighted
6209826,Pedestrian & Bicyclist,33.895308,-84.538852,4/26/17 20:48,Injury,2,Dark-Lighted
5670447,Bicyclist,31.982083,-81.174308,3/11/16 18:31,Property Damaged Only,1,Dark-Lighted
4741403,Bicyclist,33.847511,-84.585538,2/22/14 18:45,Property Damaged Only,1,Dark-Lighted
4564268,Bicyclist,33.697995,-84.380345,8/20/13 21:19,Property Damaged Only,1,Dark-Lighted
5592060,Bicyclist,33.833719,-84.340198,1/8/16 18:20,Property Damaged Only,1,Dark-Lighted
4731362,Bicyclist,32.412847,-81.781492,1/18/14 1:23,Property Damaged Only,1,Dark-Lighted
4921067,Bicyclist,33.865997,-84.470079,7/29/14 1:44,Injury,2,Dark-Lighted
4556037,Bicyclist,33.848093,-84.67593,8/30/13 21:11,Injury,2,Dark-Lighted
5568558,Bicyclist,33.705842,-84.457292,11/23/15 19:07,Injury,2,Dark-Lighted
4431307,Bicyclist,33.913036,-84.188301,4/30/13 21:19,Injury,2,Dark-Lighted
4355975,Bicyclist,32.04389,-81.066946,2/15/13 19:04,Injury,2,Dark-Lighted
5935814,Bicyclist,34.011216,-84.610599,9/9/16 5:50,Injury,2,Dark-Lighted
4990761,Bicyclist,33.79355,-83.7411,7/22/14 23:09,Injury,2,Dark-Lighted
4334507,Pedestrian,33.740173,-84.313781,1/16/13 21:07,Property Damaged Only,1,Dark-Lighted
5891253,Pedestrian,33.652217,-84.488641,8/25/16 6:17,Property Damaged Only,1,Dark-Lighted
4654514,Pedestrian,33.761986,-84.380236,11/23/13 3:07,Property Damaged Only,1,Dark-Lighted
6277767,Pedestrian,33.608154,-84.435959,6/17/17 20:50,Property Damaged Only,1,Dark-Lighted
6095514,Pedestrian,31.195299,-81.376235,1/27/17 6:45,Property Damaged Only,1,Dark-Lighted
4730364,Pedestrian,32.497594,-84.961656,2/11/14 23:17,Property Damaged Only,1,Dark-Lighted
5234874,Pedestrian,33.84835,-84.36322,3/23/15 6:30,Property Damaged Only,1,Dark-Lighted
5356837,Pedestrian,33.795777,-84.231872,7/14/15 22:20,Property Damaged Only,1,Dark-Lighted
4569997,Pedestrian,32.052661,-81.088001,9/14/13 21:16,Property Damaged Only,1,Dark-Lighted
5494937,Pedestrian,30.857544,-83.264057,11/1/15 18:30,Property Damaged Only,1,Dark-Lighted
5483228,Pedestrian,33.961616,-83.399118,10/24/15 0:47,Property Damaged Only,1,Dark-Lighted
6305449,Pedestrian,33.730091,-84.57287,7/10/17 21:25,Property Damaged Only,1,Dark-Lighted
5029067,Pedestrian,33.973856,-84.543135,10/20/14 21:25,Property Damaged Only,1,Dark-Lighted
4720591,Pedestrian,33.705108,-84.169762,1/31/14 23:13,Property Damaged Only,1,Dark-Lighted
5983123,Pedestrian,32.43116,-84.925832,11/1/16 0:00,Property Damaged Only,1,Dark-Lighted
5342873,Pedestrian,32.4252,-84.947931,7/1/15 22:07,Property Damaged Only,1,Dark-Lighted
4885185,Pedestrian,30.882003,-83.292338,6/21/14 21:16,Property Damaged Only,1,Dark-Lighted
4569793,Pedestrian,33.910572,-84.265302,9/10/13 6:42,Property Damaged Only,1,Dark-Lighted
5509535,Pedestrian,32.076863,-81.086866,11/13/15 18:13,Property Damaged Only,1,Dark-Lighted
5581443,Pedestrian,33.841568,-84.379008,1/2/16 2:48,Property Damaged Only,1,Dark-Lighted
6492314,Pedestrian,33.841993,-84.060075,11/29/17 18:17,Property Damaged Only,1,Dark-Lighted
4840596,Pedestrian,33.760556,-84.387472,5/5/14 22:00,Property Damaged Only,1,Dark-Lighted
4571818,Pedestrian,32.040756,-81.063346,9/16/13 20:10,Property Damaged Only,1,Dark-Lighted
5001277,Pedestrian,30.912308,-84.56142,8/3/14 0:49,Property Damaged Only,1,Dark-Lighted
5989634,Pedestrian,33.91635,-84.253024,11/6/16 3:26,Property Damaged Only,1,Dark-Lighted
5535823,Pedestrian,32.016926,-81.066137,12/4/15 2:48,Fatal,3,Dark-Lighted
5535898,Pedestrian,33.769711,-84.520478,11/24/15 18:58,Fatal,3,Dark-Lighted
5647331,Pedestrian,32.413961,-84.942579,2/23/16 18:50,Fatal,3,Dark-Lighted
5013790,Pedestrian,32.081459,-81.094683,10/11/14 4:13,Injury,2,Dark-Lighted
4517978,Pedestrian,33.97672,-84.08342,7/18/13 21:44,Injury,2,Dark-Lighted
5663651,Pedestrian,33.780792,-84.38409,2/8/16 22:36,Injury,2,Dark-Lighted
4909862,Pedestrian,33.825849,-84.367144,7/13/14 0:22,Injury,2,Dark-Lighted
4473372,Pedestrian,33.786986,-84.195705,6/11/13 1:00,Injury,2,Dark-Lighted
4737031,Pedestrian,33.922392,-84.468075,2/14/14 22:06,Injury,2,Dark-Lighted
6395602,Pedestrian,32.50491,-84.94734,9/17/17 22:15,Injury,2,Dark-Lighted
6525585,Pedestrian,33.900578,-84.490333,12/20/17 18:17,Injury,2,Dark-Lighted
5598849,Pedestrian,32.104371,-81.150718,9/15/15 23:17,Injury,2,Dark-Lighted
4688884,Pedestrian,33.7618,-84.19651,12/27/13 20:00,Injury,2,Dark-Lighted
5952375,Pedestrian,33.81147,-84.35645,10/8/16 0:10,Injury,2,Dark-Lighted
5990565,Pedestrian,33.77382,-84.356867,10/29/16 0:01,Injury,2,Dark-Lighted
5482032,Pedestrian,33.88722,-84.225325,10/23/15 21:50,Injury,2,Dark-Lighted
6138779,Pedestrian,33.588943,-84.470801,3/4/17 20:02,Injury,2,Dark-Lighted
6249717,Pedestrian,32.774334,-83.660521,5/25/17 22:47,Injury,2,Dark-Lighted
5455850,Pedestrian,33.948778,-83.37771,10/2/15 20:00,Injury,2,Dark-Lighted
5977730,Pedestrian,33.754126,-84.268882,10/28/16 21:00,Injury,2,Dark-Lighted
4765893,Pedestrian,33.923654,-84.382673,3/18/14 20:43,Injury,2,Dark-Lighted
4842189,Pedestrian,33.712551,-84.27172,5/9/14 22:50,Injury,2,Dark-Lighted
4339559,Pedestrian,33.840968,-84.313509,1/30/13 0:38,Injury,2,Dark-Lighted
5434111,Pedestrian,33.943274,-84.534245,6/7/15 21:30,Injury,2,Dark-Lighted
6404142,Pedestrian,33.59187,-84.38562,9/24/17 3:05,Injury,2,Dark-Lighted
6139541,Pedestrian,33.922696,-84.482424,3/2/17 18:48,Injury,2,Dark-Lighted
5586750,Pedestrian,33.951192,-83.409877,1/7/16 21:26,Injury,2,Dark-Lighted
5701678,Pedestrian,34.38247,-83.905302,1/9/15 20:30,Injury,2,Dark-Lighted
6460088,Pedestrian,34.106123,-84.142852,11/5/17 18:20,Injury,2,Dark-Lighted
6368648,Pedestrian,33.685415,-84.418527,8/26/17 23:43,Injury,2,Dark-Lighted
4966501,Pedestrian,33.657581,-84.333279,9/6/14 0:49,Injury,2,Dark-Lighted
5957275,Pedestrian,33.857688,-84.34778,10/14/16 6:56,Injury,2,Dark-Lighted
6388592,Pedestrian,33.982264,-84.341895,9/1/17 5:55,Injury,2,Dark-Lighted
6510228,Pedestrian,33.738911,-84.432382,12/7/17 0:13,Injury,2,Dark-Lighted
6446443,Pedestrian & Bicyclist,33.942943,-84.210651,10/23/17 6:05,Property Damaged Only,1,Dark-Lighted
6387727,Pedestrian & Bicyclist,33.895468,-84.575981,9/10/17 23:52,Injury,2,Dark-Lighted
5720263,Bicyclist,33.458539,-81.981825,4/19/16 15:01,Property Damaged Only,1,Dark-Lighted
4659717,Bicyclist,33.64209,-84.44607,9/20/13 0:01,Property Damaged Only,1,Dark-Lighted
6491541,Bicyclist,31.824189,-81.627292,11/29/17 0:00,Property Damaged Only,1,Dark-Lighted
6137309,Bicyclist,33.467353,-84.353773,2/22/17 19:45,Injury,2,Dark-Lighted
5066445,Bicyclist,32.543982,-83.893366,11/24/14 17:34,Injury,2,Dark-Lighted
6050764,Bicyclist,33.922618,-84.172189,12/15/16 23:46,Injury,2,Dark-Lighted
6135195,Pedestrian,33.899153,-83.961051,3/1/17 18:26,Property Damaged Only,1,Dark-Lighted
4719178,Pedestrian,32.044123,-81.070965,1/30/14 18:38,Property Damaged Only,1,Dark-Lighted
5455473,Pedestrian,33.65509,-84.503309,10/3/15 20:27,Property Damaged Only,1,Dark-Lighted
5066064,Pedestrian,33.902928,-84.567478,11/25/14 18:03,Property Damaged Only,1,Dark-Lighted
4406744,Pedestrian,33.78195,-84.23735,4/6/13 18:30,Property Damaged Only,1,Dark-Lighted
5932344,Pedestrian,33.683356,-84.214152,9/24/16 20:38,Property Damaged Only,1,Dark-Lighted
6115746,Pedestrian,32.10156,-81.24291,2/13/17 0:08,Property Damaged Only,1,Dark-Lighted
6339937,Pedestrian,33.475526,-81.996258,8/3/17 5:45,Property Damaged Only,1,Dark-Lighted
6495709,Pedestrian,31.22443,-81.52741,12/1/17 5:42,Property Damaged Only,1,Dark-Lighted
4858946,Pedestrian,32.075612,-81.083391,5/26/14 22:20,Property Damaged Only,1,Dark-Lighted
6449478,Pedestrian,33.57673,-84.44552,10/29/17 22:23,Property Damaged Only,1,Dark-Lighted
5548409,Pedestrian,33.662683,-84.446453,10/2/15 5:18,Property Damaged Only,1,Dark-Lighted
4719149,Pedestrian,32.063309,-81.081234,1/30/14 20:15,Property Damaged Only,1,Dark-Lighted
6527647,Pedestrian,33.561843,-84.324713,12/24/17 18:40,Property Damaged Only,1,Dark-Lighted
5781462,Pedestrian,33.569976,-84.54335,5/24/16 0:05,Property Damaged Only,1,Dark-Lighted
5255191,Pedestrian,33.968029,-84.536624,4/13/15 21:34,Property Damaged Only,1,Dark-Lighted
5623712,Pedestrian,33.856329,-84.350105,2/2/16 20:09,Property Damaged Only,1,Dark-Lighted
4861028,Pedestrian,33.850336,-84.362034,5/25/14 21:58,Property Damaged Only,1,Dark-Lighted
6017760,Pedestrian,33.740135,-84.345396,11/27/16 1:15,Property Damaged Only,1,Dark-Lighted
4351412,Pedestrian,33.790264,-84.304747,2/11/13 20:33,Property Damaged Only,1,Dark-Lighted
6016245,Pedestrian,33.739191,-84.432447,11/21/16 23:25,Property Damaged Only,1,Dark-Lighted
5656401,Pedestrian,33.943062,-83.377451,1/6/16 20:51,Property Damaged Only,1,Dark-Lighted
5060379,Pedestrian,33.530631,-84.379502,11/21/14 17:30,Property Damaged Only,1,Dark-Lighted
6386755,Pedestrian,33.792529,-84.281655,9/9/17 20:05,Property Damaged Only,1,Dark-Lighted
5412879,Pedestrian,32.063405,-81.101499,9/2/15 22:16,Property Damaged Only,1,Dark-Lighted
6501683,Pedestrian,33.651777,-84.007557,12/5/17 23:09,Property Damaged Only,1,Dark-Lighted
6228971,Pedestrian,31.195297,-81.485664,5/1/17 21:54,Property Damaged Only,1,Dark-Lighted
4715378,Pedestrian,33.611723,-84.471817,1/27/14 0:13,Fatal,3,Dark-Lighted
5403610,Pedestrian,33.054332,-84.138618,8/23/15 3:23,Fatal,3,Dark-Lighted
5970493,Pedestrian,33.93785,-84.034749,10/22/16 3:45,Fatal,3,Dark-Lighted
4691511,Pedestrian,34.117398,-84.009774,12/28/13 21:23,Injury,2,Dark-Lighted
4347351,Pedestrian,32.414133,-81.781143,1/19/13 1:39,Injury,2,Dark-Lighted
6039770,Pedestrian,32.002731,-81.120677,12/13/16 18:33,Injury,2,Dark-Lighted
6469481,Pedestrian,33.698966,-84.172847,11/12/17 20:00,Injury,2,Dark-Lighted
5716512,Pedestrian,33.592293,-84.468366,4/16/16 21:13,Injury,2,Dark-Lighted
6337551,Pedestrian,32.138972,-81.233588,4/29/17 20:36,Injury,2,Dark-Lighted
5283524,Pedestrian,33.588725,-84.468987,5/9/15 23:16,Injury,2,Dark-Lighted
4395888,Pedestrian,33.841232,-84.379089,3/24/13 1:22,Injury,2,Dark-Lighted
4916485,Pedestrian,32.075445,-81.08748,7/24/14 0:58,Injury,2,Dark-Lighted
4879913,Pedestrian,33.44472,-82.01562,6/16/14 22:06,Injury,2,Dark-Lighted
4367339,Pedestrian,33.676753,-84.433508,2/26/13 21:40,Injury,2,Dark-Lighted
5566950,Pedestrian,33.889125,-84.286344,11/22/15 5:40,Injury,2,Dark-Lighted
5808127,Pedestrian,32.474746,-84.940012,6/23/16 1:15,Injury,2,Dark-Lighted
4795115,Pedestrian,32.043139,-81.010193,4/17/14 20:57,Injury,2,Dark-Lighted
4437361,Pedestrian,34.09738,-84.01512,5/5/13 20:31,Injury,2,Dark-Lighted
5008543,Pedestrian,34.108014,-82.858294,9/29/14 19:28,Injury,2,Dark-Lighted
4938247,Pedestrian,33.770653,-84.236816,8/14/14 22:37,Injury,2,Dark-Lighted
4478460,Pedestrian,34.875015,-85.507354,6/14/13 22:15,Injury,2,Dark-Lighted
4941651,Pedestrian,32.40705,-81.78149,8/7/14 20:50,Injury,2,Dark-Lighted
6379259,Pedestrian,33.961177,-83.348858,9/1/17 20:49,Injury,2,Dark-Lighted
5949139,Pedestrian,33.599314,-84.321691,10/7/16 20:15,Injury,2,Dark-Lighted
5445273,Pedestrian,33.854431,-83.933426,9/19/15 1:06,Injury,2,Dark-Lighted
4985567,Pedestrian,33.777518,-84.38438,9/6/14 21:40,Injury,2,Dark-Lighted
4339659,Pedestrian,33.816761,-84.245265,1/30/13 7:45,Injury,2,Dark-Lighted
5873823,Pedestrian,33.629615,-84.38541,8/11/16 6:12,Injury,2,Dark-Lighted
5189827,Pedestrian,31.195391,-82.321439,11/1/14 19:55,Injury,2,Dark-Lighted
5766551,Pedestrian,33.562004,-84.021163,5/12/16 5:45,Injury,2,Dark-Lighted
6100666,Pedestrian,32.46734,-84.91368,1/31/17 18:15,Injury,2,Dark-Lighted
6516926,Pedestrian,31.438238,-83.51022,12/14/17 18:12,Injury,2,Dark-Lighted
5850490,Pedestrian,33.055325,-85.03437,7/25/16 22:06,Injury,2,Dark-Lighted
5361603,Bicyclist,33.748433,-84.355655,7/11/15 21:03,Property Damaged Only,1,Dark-Lighted
4682599,Bicyclist,32.006593,-81.100964,12/20/13 18:52,Property Damaged Only,1,Dark-Lighted
5694675,Bicyclist,32.078727,-81.089569,3/30/16 20:33,Property Damaged Only,1,Dark-Lighted
5576352,Bicyclist,33.602629,-83.864026,12/31/15 5:00,Property Damaged Only,1,Dark-Lighted
5111231,Bicyclist,31.669461,-84.172837,12/22/14 5:55,Fatal,3,Dark-Lighted
5271343,Bicyclist,33.55016,-84.416575,4/25/15 22:00,Injury,2,Dark-Lighted
4864933,Bicyclist,33.549816,-84.370029,6/1/14 0:17,Injury,2,Dark-Lighted
5927216,Bicyclist,33.753705,-84.349203,9/17/16 19:59,Injury,2,Dark-Lighted
5164111,Bicyclist,33.879746,-84.274028,10/29/14 6:46,Injury,2,Dark-Lighted
5682764,Bicyclist,33.776884,-84.392098,2/22/16 18:59,Injury,2,Dark-Lighted
4686961,Bicyclist,33.791885,-84.320965,12/10/13 19:45,Injury,2,Dark-Lighted
5196380,Bicyclist,32.618277,-83.669194,2/24/15 21:34,Injury,2,Dark-Lighted
5906897,Bicyclist,32.048633,-81.086546,9/6/16 20:14,Injury,2,Dark-Lighted
4380566,Pedestrian,32.435704,-84.924509,3/12/13 21:30,Property Damaged Only,1,Dark-Lighted
4935935,Pedestrian,34.050403,-84.612889,8/12/14 20:15,Property Damaged Only,1,Dark-Lighted
5065906,Pedestrian,33.593768,-84.407765,11/23/14 19:20,Property Damaged Only,1,Dark-Lighted
6284176,Pedestrian,33.650483,-84.503112,6/21/17 21:43,Property Damaged Only,1,Dark-Lighted
6501406,Pedestrian,32.044778,-81.072777,12/5/17 20:50,Property Damaged Only,1,Dark-Lighted
5284056,Pedestrian,33.787818,-84.494394,5/3/15 22:50,Property Damaged Only,1,Dark-Lighted
6339882,Pedestrian,33.896573,-84.252285,8/3/17 10:25,Property Damaged Only,1,Dark-Lighted
6242854,Pedestrian,33.709029,-84.399748,5/14/17 0:10,Property Damaged Only,1,Dark-Lighted
5694109,Pedestrian,33.78179,-84.379413,3/29/16 20:48,Property Damaged Only,1,Dark-Lighted
5623575,Pedestrian,33.750939,-84.393031,1/30/16 0:14,Property Damaged Only,1,Dark-Lighted
5478490,Pedestrian,33.573532,-84.466924,10/17/15 18:20,Property Damaged Only,1,Dark-Lighted
5737881,Pedestrian,33.248754,-84.263851,5/2/16 5:41,Property Damaged Only,1,Dark-Lighted
6116152,Pedestrian,33.889419,-84.149486,2/6/17 0:12,Property Damaged Only,1,Dark-Lighted
5080494,Pedestrian,33.977469,-84.093561,12/3/14 22:11,Property Damaged Only,1,Dark-Lighted
4620652,Pedestrian,32.008694,-81.109203,10/26/13 20:37,Property Damaged Only,1,Dark-Lighted
5852363,Pedestrian,31.625195,-84.216016,7/24/15 23:00,Property Damaged Only,1,Dark-Lighted
4631000,Pedestrian,33.71309,-84.272066,11/4/13 18:04,Property Damaged Only,1,Dark-Lighted
5693368,Pedestrian,34.003184,-84.040401,3/25/16 20:33,Property Damaged Only,1,Dark-Lighted
6037130,Pedestrian,31.52382,-83.835776,6/21/16 2:56,Property Damaged Only,1,Dark-Lighted
5665221,Pedestrian,33.768111,-84.387401,1/20/16 21:32,Property Damaged Only,1,Dark-Lighted
5582602,Pedestrian,33.51649,-83.969855,5/4/13 21:09,Property Damaged Only,1,Dark-Lighted
5940895,Pedestrian,32.899239,-83.688724,10/1/16 20:17,Property Damaged Only,1,Dark-Lighted
4331882,Pedestrian,33.839664,-84.320394,1/19/13 3:15,Property Damaged Only,1,Dark-Lighted
4736016,Pedestrian,32.480349,-84.920461,2/17/14 21:45,Property Damaged Only,1,Dark-Lighted
6071736,Pedestrian,33.789644,-83.700316,1/8/17 22:47,Property Damaged Only,1,Dark-Lighted
4683551,Pedestrian,32.08033,-81.09727,12/21/13 18:13,Property Damaged Only,1,Dark-Lighted
6484774,Pedestrian,33.425488,-84.182818,11/24/17 0:18,Property Damaged Only,1,Dark-Lighted
5903052,Pedestrian,30.849381,-83.280538,9/1/16 23:00,Property Damaged Only,1,Dark-Lighted
4515398,Pedestrian,33.91293,-83.654304,7/13/13 22:22,Fatal,3,Dark-Lighted
4986911,Pedestrian,33.275222,-84.291114,9/20/14 7:00,Fatal,3,Dark-Lighted
5877560,Pedestrian,32.821085,-83.655936,8/11/16 22:18,Fatal,3,Dark-Lighted
5224918,Pedestrian,33.744712,-84.219145,3/22/15 2:10,Fatal,3,Dark-Lighted
4409305,Pedestrian,33.95992,-83.373333,3/31/13 0:01,Injury,2,Dark-Lighted
6011228,Pedestrian,31.824481,-81.599006,11/22/16 17:47,Injury,2,Dark-Lighted
6283529,Pedestrian,33.561251,-84.31804,6/21/17 21:30,Injury,2,Dark-Lighted
6085165,Pedestrian,33.98184,-83.972727,1/17/17 23:27,Injury,2,Dark-Lighted
6356814,Pedestrian,31.997755,-81.12786,8/16/17 23:25,Injury,2,Dark-Lighted
5921355,Pedestrian,32.530637,-84.881459,9/16/16 4:45,Injury,2,Dark-Lighted
5450082,Pedestrian,33.952293,-84.549024,9/29/15 22:35,Injury,2,Dark-Lighted
5615571,Pedestrian,32.835437,-83.623967,12/21/15 19:14,Injury,2,Dark-Lighted
4341903,Pedestrian,33.790469,-84.317478,2/1/13 6:44,Injury,2,Dark-Lighted
4891993,Pedestrian,33.717537,-84.145779,6/27/14 23:45,Injury,2,Dark-Lighted
6173216,Pedestrian,30.679297,-83.225276,3/31/17 6:53,Injury,2,Dark-Lighted
5763407,Pedestrian,33.522342,-84.363549,2/9/16 22:48,Injury,2,Dark-Lighted
5238959,Pedestrian,33.829158,-84.575743,3/26/15 22:40,Injury,2,Dark-Lighted
6534348,Pedestrian,33.567139,-84.530929,12/29/17 18:20,Injury,2,Dark-Lighted
5810072,Pedestrian,33.734586,-84.213841,6/21/16 21:57,Injury,2,Dark-Lighted
5782393,Pedestrian,33.999625,-85.041423,2/7/16 20:35,Injury,2,Dark-Lighted
5017104,Pedestrian,32.060532,-81.090893,10/14/14 19:45,Injury,2,Dark-Lighted
5035556,Pedestrian,33.973639,-84.032128,10/30/14 7:32,Injury,2,Dark-Lighted
6386840,Pedestrian,31.44446,-83.54683,9/7/17 21:18,Injury,2,Dark-Lighted
6109839,Pedestrian,31.62767,-81.899855,1/6/17 18:12,Injury,2,Dark-Lighted
5759177,Pedestrian,31.589832,-84.177513,5/11/16 21:01,Injury,2,Dark-Lighted
6156239,Pedestrian,32.854991,-83.617921,3/19/17 20:19,Injury,2,Dark-Lighted
5942002,Pedestrian,31.206435,-82.353609,9/28/16 23:01,Injury,2,Dark-Lighted
5186628,Pedestrian,33.711524,-84.309808,2/20/15 21:00,Injury,2,Dark-Lighted
4747070,Pedestrian,33.780958,-84.238077,2/28/14 18:58,Injury,2,Dark-Lighted
5024544,Pedestrian,33.90704,-84.196473,10/14/14 19:16,Injury,2,Dark-Lighted
5177952,Pedestrian,31.164415,-81.492664,2/14/15 19:04,Injury,2,Dark-Lighted
5029294,Pedestrian,33.836743,-84.33644,10/24/14 21:07,Injury,2,Dark-Lighted
5881984,Pedestrian,33.960498,-84.248476,8/16/16 21:10,Injury,2,Dark-Lighted
5845430,Pedestrian,33.680836,-84.428504,7/19/16 21:20,Injury,2,Dark-Lighted
4615768,Pedestrian,34.097039,-84.582177,10/17/13 18:25,Injury,2,Dark-Lighted
6301963,Pedestrian,33.701937,-84.147591,7/7/17 21:50,Injury,2,Dark-Lighted
5021930,Pedestrian & Bicyclist,33.280922,-84.292012,10/12/14 21:22,Injury,2,Dark-Lighted
5016622,Bicyclist,32.520624,-84.964467,10/14/14 7:15,Property Damaged Only,1,Dark-Lighted
5950319,Bicyclist,33.453179,-81.999921,10/9/16 19:56,Property Damaged Only,1,Dark-Lighted
6200219,Bicyclist,32.06383,-81.100071,4/19/17 20:19,Property Damaged Only,1,Dark-Lighted
4828991,Bicyclist,33.958254,-83.372759,4/26/14 23:13,Property Damaged Only,1,Dark-Lighted
4531102,Bicyclist,33.827875,-84.57558,8/2/13 5:34,Injury,2,Dark-Lighted
4889608,Bicyclist,33.807313,-84.393825,6/14/14 21:48,Injury,2,Dark-Lighted
6147330,Bicyclist,32.028249,-81.108085,3/11/17 22:35,Injury,2,Dark-Lighted
5114011,Bicyclist,32.870563,-84.331695,12/5/14 18:32,Injury,2,Dark-Lighted
6520788,Bicyclist,33.573495,-83.477192,10/26/17 5:28,Injury,2,Dark-Lighted
5813777,Bicyclist,32.054903,-81.084205,6/28/16 0:46,Injury,2,Dark-Lighted
4881252,Bicyclist,33.780562,-84.403341,4/22/14 0:02,Injury,2,Dark-Lighted
6081891,Pedestrian,33.533129,-83.918149,7/18/16 1:00,Property Damaged Only,1,Dark-Lighted
4563679,Pedestrian,32.512312,-84.973642,9/7/13 20:08,Property Damaged Only,1,Dark-Lighted
5497161,Pedestrian,33.641751,-84.490572,11/4/15 7:00,Property Damaged Only,1,Dark-Lighted
5517197,Pedestrian,34.305242,-83.823948,11/19/15 18:15,Property Damaged Only,1,Dark-Lighted
4665710,Pedestrian,33.46904,-81.9711,11/12/13 18:04,Property Damaged Only,1,Dark-Lighted
6155034,Pedestrian,33.761822,-84.341833,3/16/17 20:55,Property Damaged Only,1,Dark-Lighted
5845760,Pedestrian,33.673506,-84.277822,7/21/16 22:40,Property Damaged Only,1,Dark-Lighted
4655024,Pedestrian,33.701042,-84.307466,11/26/13 0:20,Property Damaged Only,1,Dark-Lighted
5979271,Pedestrian,32.506777,-84.955547,10/31/16 7:40,Property Damaged Only,1,Dark-Lighted
5775921,Pedestrian,33.596402,-84.014745,5/7/16 20:55,Property Damaged Only,1,Dark-Lighted
5473271,Pedestrian,33.605069,-84.471774,10/19/15 1:17,Property Damaged Only,1,Dark-Lighted
4465086,Pedestrian,33.776573,-84.456464,6/2/13 21:30,Property Damaged Only,1,Dark-Lighted
4640047,Pedestrian,32.048731,-81.081289,11/13/13 18:50,Property Damaged Only,1,Dark-Lighted
6261301,Pedestrian,33.935965,-84.556025,6/2/17 22:58,Property Damaged Only,1,Dark-Lighted
4853175,Pedestrian,33.837038,-84.377829,5/16/14 20:09,Property Damaged Only,1,Dark-Lighted
6153669,Pedestrian,33.889876,-84.474398,3/11/17 20:38,Property Damaged Only,1,Dark-Lighted
5653030,Pedestrian,32.82759,-83.660379,2/27/16 19:09,Property Damaged Only,1,Dark-Lighted
4727997,Pedestrian,34.120004,-84.004218,2/8/14 1:30,Property Damaged Only,1,Dark-Lighted