incidentIdNbr,crashType,latitude,longitude,dateOfIncidentDate,severity,Mag,lightCondition
4319044,Pedestrian,33.821375,-84.387885,1/5/13 18:26,Property Damaged Only,1,Dark-Lighted
4329233,Pedestrian,33.764875,-84.334188,1/11/13 18:37,Property Damaged Only,1,Dark-Lighted
4425720,Pedestrian,32.082952,-81.094785,4/25/13 1:30,Property Damaged Only,1,Dark-Lighted
5091803,Pedestrian,33.768152,-84.251413,12/12/14 18:30,Property Damaged Only,1,Dark-Lighted
6171039,Pedestrian,33.950893,-84.196476,3/28/17 10:09,Fatal,3,Dark-Lighted
4393745,Pedestrian,32.815446,-83.66292,3/11/13 21:01,Injury,2,Dark-Lighted
5249809,Pedestrian,33.615423,-84.351409,4/10/15 21:44,Injury,2,Dark-Lighted
6436975,Pedestrian,33.73761,-84.238601,10/20/17 3:55,Injury,2,Dark-Lighted
6009487,Pedestrian,33.668848,-84.44412,11/18/16 18:29,Injury,2,Dark-Lighted
5746098,Pedestrian,33.398341,-82.052413,5/7/16 21:16,Injury,2,Dark-Lighted
4562506,Pedestrian,33.84339,-84.379186,9/2/13 23:35,Injury,2,Dark-Lighted
5192159,Pedestrian,33.701019,-84.171888,2/21/15 19:34,Injury,2,Dark-Lighted
6494099,Pedestrian,33.875971,-84.387429,10/14/17 19:16,Injury,2,Dark-Lighted
6167015,Pedestrian,33.68138,-84.42116,3/24/17 22:09,Injury,2,Dark-Lighted
5956346,Pedestrian,32.585538,-83.622895,10/13/16 19:03,Injury,2,Dark-Lighted
5503226,Pedestrian,33.919216,-84.379006,11/8/15 18:11,Injury,2,Dark-Lighted
5040243,Pedestrian,33.359755,-82.07851,11/4/14 21:32,Injury,2,Dark-Lighted
5800024,Pedestrian,32.047211,-81.064481,6/17/16 21:00,Injury,2,Dark-Lighted
5196746,Pedestrian,33.941791,-84.249888,2/22/15 0:31,Injury,2,Dark-Lighted
4396246,Pedestrian,33.737677,-84.194341,3/26/13 21:10,Injury,2,Dark-Lighted
4999729,Pedestrian,33.780841,-84.368508,9/19/14 23:07,Injury,2,Dark-Lighted
5975611,Pedestrian,33.781543,-84.405183,9/3/16 0:45,Injury,2,Dark-Lighted
6146186,Pedestrian,32.023363,-81.072915,3/4/17 0:18,Injury,2,Dark-Lighted
4693632,Pedestrian,32.002687,-81.120626,1/2/14 19:22,Injury,2,Dark-Lighted
5009560,Pedestrian,33.745253,-84.425023,10/3/14 22:50,Injury,2,Dark-Lighted
4928073,Pedestrian,32.870563,-84.331855,8/2/14 0:35,Injury,2,Dark-Lighted
4692846,Pedestrian,32.08034,-81.09734,12/31/13 22:53,Injury,2,Dark-Lighted
5013684,Pedestrian,33.719489,-84.308573,10/9/14 20:34,Injury,2,Dark-Lighted
4319960,Pedestrian,33.931606,-84.54964,1/8/13 19:22,Injury,2,Dark-Lighted
6332095,Pedestrian,32.91882,-84.29055,7/25/17 21:50,Injury,2,Dark-Lighted
5078486,Pedestrian,32.08637,-81.11157,12/6/14 23:08,Injury,2,Dark-Lighted
6130770,Pedestrian,33.700117,-84.17249,2/26/17 19:04,Injury,2,Dark-Lighted
5959238,Pedestrian,33.589057,-84.471811,10/16/16 19:59,Injury,2,Dark-Lighted
4338999,Bicyclist,33.951173,-84.139418,1/28/13 6:45,Property Damaged Only,1,Dark-Lighted
5010758,Bicyclist,33.828359,-84.126792,10/8/14 1:20,Property Damaged Only,1,Dark-Lighted
6125918,Bicyclist,33.763624,-84.349232,2/14/17 19:31,Property Damaged Only,1,Dark-Lighted
5477512,Bicyclist,33.773829,-84.369766,10/14/15 20:00,Property Damaged Only,1,Dark-Lighted
4560741,Bicyclist,30.834643,-83.980884,8/14/13 20:45,Property Damaged Only,1,Dark-Lighted
5426204,Bicyclist,33.771065,-84.349045,8/17/15 21:52,Property Damaged Only,1,Dark-Lighted
4577914,Bicyclist,33.944801,-84.125099,9/21/13 20:45,Injury,2,Dark-Lighted
4612932,Bicyclist,33.273145,-84.287305,8/10/13 3:53,Injury,2,Dark-Lighted
5655989,Bicyclist,34.029051,-84.047171,2/22/16 18:10,Injury,2,Dark-Lighted
4867825,Bicyclist,33.950597,-84.534185,5/24/14 21:22,Injury,2,Dark-Lighted
5422469,Bicyclist,30.823188,-83.265033,9/10/15 20:07,Injury,2,Dark-Lighted
5380079,Bicyclist,33.734414,-84.408117,7/22/15 23:17,Injury,2,Dark-Lighted
5251750,Pedestrian,33.943987,-83.993334,4/13/15 6:32,Property Damaged Only,1,Dark-Lighted
5123253,Pedestrian,33.772854,-84.373756,1/1/15 1:15,Property Damaged Only,1,Dark-Lighted
6088083,Pedestrian,33.691631,-84.088847,11/26/16 19:20,Property Damaged Only,1,Dark-Lighted
6125995,Pedestrian,33.800469,-84.415963,2/21/17 19:05,Property Damaged Only,1,Dark-Lighted
5991710,Pedestrian,32.087866,-81.116803,11/8/16 18:19,Property Damaged Only,1,Dark-Lighted
5678939,Pedestrian,33.776869,-84.392106,11/19/15 1:02,Property Damaged Only,1,Dark-Lighted
5522484,Pedestrian,33.777915,-84.242143,11/25/15 5:25,Property Damaged Only,1,Dark-Lighted
6022323,Pedestrian,33.738032,-84.420582,11/29/16 8:00,Property Damaged Only,1,Dark-Lighted
4529221,Pedestrian,32.052527,-81.10196,7/27/13 23:09,Property Damaged Only,1,Dark-Lighted
5775468,Pedestrian,33.948123,-83.998206,5/25/16 21:21,Property Damaged Only,1,Dark-Lighted
5128815,Pedestrian,33.675001,-84.404754,1/12/15 17:04,Property Damaged Only,1,Dark-Lighted
5003944,Pedestrian,34.000297,-83.74697,9/30/14 21:15,Property Damaged Only,1,Dark-Lighted
6069606,Pedestrian,31.656962,-81.892865,12/1/16 19:05,Property Damaged Only,1,Dark-Lighted
6024569,Pedestrian,33.701581,-84.269474,12/4/16 20:20,Property Damaged Only,1,Dark-Lighted
5065898,Pedestrian,31.572225,-84.179408,11/25/14 18:00,Property Damaged Only,1,Dark-Lighted
4749105,Pedestrian,32.52174,-84.96353,3/3/14 20:30,Property Damaged Only,1,Dark-Lighted
5708965,Pedestrian,33.945258,-84.25089,4/6/16 21:47,Property Damaged Only,1,Dark-Lighted
4795700,Pedestrian,33.96229,-83.396608,4/13/14 2:04,Property Damaged Only,1,Dark-Lighted
5945389,Pedestrian,34.045721,-83.943822,10/4/16 6:45,Property Damaged Only,1,Dark-Lighted
5951584,Pedestrian,31.575358,-84.15187,10/5/16 22:18,Fatal,3,Dark-Lighted
4957834,Pedestrian,33.963783,-83.43993,8/30/14 20:13,Injury,2,Dark-Lighted
5756298,Pedestrian,33.902018,-84.541389,5/14/16 21:48,Injury,2,Dark-Lighted
5891300,Pedestrian,34.288466,-83.812044,8/25/16 2:16,Injury,2,Dark-Lighted
4950286,Pedestrian,33.765288,-84.529598,8/25/14 6:22,Injury,2,Dark-Lighted
4410644,Pedestrian,33.805439,-84.193732,4/10/13 20:30,Injury,2,Dark-Lighted
5685658,Pedestrian,33.700736,-84.457363,3/20/16 1:03,Injury,2,Dark-Lighted
6424335,Pedestrian,33.578083,-84.341025,9/25/17 22:00,Injury,2,Dark-Lighted
5170078,Pedestrian,33.579411,-84.38344,2/7/15 19:35,Injury,2,Dark-Lighted
6089029,Pedestrian,33.942283,-84.530672,1/18/17 6:53,Injury,2,Dark-Lighted
6136403,Pedestrian,34.02821,-84.357793,2/24/17 21:54,Injury,2,Dark-Lighted
4509300,Pedestrian,32.50051,-84.971627,7/21/13 1:00,Injury,2,Dark-Lighted
5765243,Pedestrian,32.002158,-80.845328,5/21/16 20:47,Injury,2,Dark-Lighted
5539343,Pedestrian,31.144255,-81.494882,12/5/15 19:20,Injury,2,Dark-Lighted
5767531,Pedestrian,33.817763,-84.58684,5/23/16 3:16,Injury,2,Dark-Lighted
6123349,Pedestrian,33.828613,-84.373587,2/14/17 18:20,Injury,2,Dark-Lighted
6245128,Pedestrian,33.981292,-84.558798,5/22/17 23:00,Injury,2,Dark-Lighted
5670812,Pedestrian,33.699601,-84.266589,3/11/16 21:40,Injury,2,Dark-Lighted
6222670,Pedestrian,33.562947,-84.518036,5/4/17 21:55,Injury,2,Dark-Lighted
4743840,Pedestrian,34.014039,-84.55112,2/24/14 19:20,Injury,2,Dark-Lighted
4765291,Pedestrian,33.942449,-83.378746,3/6/14 19:00,Injury,2,Dark-Lighted
6538810,Pedestrian,33.732855,-84.408112,12/29/17 22:04,Injury,2,Dark-Lighted
6383349,Pedestrian,33.971206,-84.047703,9/1/17 20:35,Injury,2,Dark-Lighted
5014203,Pedestrian,33.513183,-82.050794,10/11/14 21:13,Injury,2,Dark-Lighted
6105972,Pedestrian,33.6856,-84.200897,2/4/17 19:09,Injury,2,Dark-Lighted
6294235,Pedestrian,33.72465,-84.202358,7/1/17 0:15,Injury,2,Dark-Lighted
5250740,Pedestrian,32.805228,-81.949039,4/9/15 20:30,Injury,2,Dark-Lighted
5739275,Pedestrian,34.021916,-84.62532,4/29/16 23:32,Injury,2,Dark-Lighted
4661057,Pedestrian,33.805597,-84.374709,11/26/13 19:08,Injury,2,Dark-Lighted
6513152,Pedestrian,32.012677,-81.258593,12/13/17 18:07,Injury,2,Dark-Lighted
5378765,Pedestrian & Bicyclist,33.788419,-83.698487,7/28/15 21:30,Property Damaged Only,1,Dark-Lighted
4957053,Bicyclist,33.447928,-82.00683,8/29/14 21:32,Property Damaged Only,1,Dark-Lighted
5040410,Bicyclist,33.91993,-83.342407,11/4/14 18:56,Property Damaged Only,1,Dark-Lighted
5009898,Bicyclist,33.967486,-84.550194,10/1/14 21:30,Property Damaged Only,1,Dark-Lighted
5339426,Bicyclist,33.848263,-84.366664,6/13/15 23:30,Property Damaged Only,1,Dark-Lighted
6285970,Bicyclist,32.07646,-81.097635,6/24/17 5:38,Property Damaged Only,1,Dark-Lighted
5219964,Bicyclist,33.925716,-84.062325,3/16/15 17:47,Property Damaged Only,1,Dark-Lighted
5157901,Bicyclist,33.781322,-84.178841,1/30/15 19:10,Property Damaged Only,1,Dark-Lighted
6472381,Bicyclist,34.062159,-84.265356,11/13/17 18:09,Property Damaged Only,1,Dark-Lighted
5570703,Bicyclist,33.881047,-84.513175,12/8/15 16:30,Property Damaged Only,1,Dark-Lighted
6334578,Bicyclist,31.202118,-82.330516,8/1/17 21:19,Property Damaged Only,1,Dark-Lighted
6506931,Bicyclist,33.469674,-82.066916,12/9/17 22:02,Injury,2,Dark-Lighted
4925099,Bicyclist,30.841837,-83.284596,7/27/14 3:55,Injury,2,Dark-Lighted
4850581,Bicyclist,34.781931,-84.949234,4/7/14 21:11,Injury,2,Dark-Lighted
5408899,Bicyclist,32.054418,-81.067628,8/30/15 21:04,Injury,2,Dark-Lighted
4876325,Bicyclist,31.9861,-81.13182,6/13/14 3:14,Injury,2,Dark-Lighted
5329740,Bicyclist,31.217707,-81.519271,6/18/15 21:26,Injury,2,Dark-Lighted
4884978,Bicyclist,30.785575,-83.55708,6/20/14 21:16,Injury,2,Dark-Lighted
4703638,Pedestrian,33.580357,-84.502642,1/13/14 19:31,Property Damaged Only,1,Dark-Lighted
4614670,Pedestrian,33.851642,-84.319371,10/5/13 21:36,Property Damaged Only,1,Dark-Lighted
5915257,Pedestrian,33.617078,-84.397972,9/12/16 22:45,Property Damaged Only,1,Dark-Lighted
6046731,Pedestrian,33.759411,-84.469301,12/17/16 18:00,Property Damaged Only,1,Dark-Lighted
6062189,Pedestrian,33.737108,-84.228312,12/31/16 22:40,Property Damaged Only,1,Dark-Lighted
6438820,Pedestrian,32.46766,-84.88839,10/23/17 7:45,Property Damaged Only,1,Dark-Lighted
5319483,Pedestrian,33.767304,-84.377789,5/17/15 1:45,Property Damaged Only,1,Dark-Lighted
5542283,Pedestrian,33.865081,-84.218011,12/7/15 19:45,Property Damaged Only,1,Dark-Lighted
4874266,Pedestrian,33.645392,-84.126876,6/10/14 21:30,Property Damaged Only,1,Dark-Lighted
5464837,Pedestrian,33.93153,-84.265039,9/29/15 21:50,Property Damaged Only,1,Dark-Lighted
5593897,Pedestrian,33.931601,-84.339193,1/11/16 19:00,Property Damaged Only,1,Dark-Lighted
5946275,Pedestrian,33.695048,-84.173707,10/5/16 2:33,Property Damaged Only,1,Dark-Lighted
5277822,Pedestrian,33.597724,-84.319345,5/5/15 22:12,Property Damaged Only,1,Dark-Lighted
5282289,Pedestrian,32.472886,-84.987513,5/9/15 2:54,Property Damaged Only,1,Dark-Lighted
5878485,Pedestrian,34.094887,-84.279156,8/11/16 20:24,Property Damaged Only,1,Dark-Lighted
4964166,Pedestrian,33.962696,-83.37434,8/30/14 22:59,Property Damaged Only,1,Dark-Lighted
4365793,Pedestrian,33.902803,-84.487282,2/11/13 0:44,Property Damaged Only,1,Dark-Lighted
5585818,Pedestrian,33.569139,-83.941843,10/17/13 21:46,Property Damaged Only,1,Dark-Lighted
5508784,Pedestrian,33.736816,-82.741195,11/12/15 20:30,Property Damaged Only,1,Dark-Lighted
5978687,Pedestrian,33.515513,-82.025523,10/30/16 0:43,Property Damaged Only,1,Dark-Lighted
5591822,Pedestrian,34.271006,-85.150556,1/9/16 18:01,Property Damaged Only,1,Dark-Lighted
4497152,Pedestrian,33.817318,-84.233437,7/8/13 21:40,Property Damaged Only,1,Dark-Lighted
4706734,Pedestrian,31.576577,-84.122061,1/18/14 3:00,Property Damaged Only,1,Dark-Lighted
5050509,Pedestrian,33.731834,-84.283225,11/13/14 18:07,Property Damaged Only,1,Dark-Lighted
5615143,Pedestrian,33.922696,-84.486294,1/26/16 18:15,Property Damaged Only,1,Dark-Lighted
4539420,Pedestrian,33.678712,-84.393345,8/12/13 1:54,Property Damaged Only,1,Dark-Lighted
6471689,Pedestrian,33.440985,-82.020938,11/13/17 18:56,Fatal,3,Dark-Lighted
6130331,Pedestrian,33.73736,-84.234446,2/25/17 22:40,Fatal,3,Dark-Lighted
5662840,Pedestrian,34.246178,-83.713377,2/29/16 19:14,Fatal,3,Dark-Lighted
5879677,Pedestrian,32.057366,-81.10132,8/16/16 20:13,Injury,2,Dark-Lighted
4984990,Pedestrian,33.931329,-84.476626,9/17/14 22:42,Injury,2,Dark-Lighted
5883765,Pedestrian,33.558334,-84.416373,4/1/16 21:09,Injury,2,Dark-Lighted
4972754,Pedestrian,31.151449,-81.488179,9/8/14 22:53,Injury,2,Dark-Lighted
4872765,Pedestrian,32.90501,-84.32907,6/9/14 21:30,Injury,2,Dark-Lighted
5503788,Pedestrian,33.784294,-84.382222,11/9/15 2:29,Injury,2,Dark-Lighted
6476118,Pedestrian,33.764717,-84.59573,11/15/17 19:23,Injury,2,Dark-Lighted
4889589,Pedestrian,33.696215,-84.482968,4/6/14 0:01,Injury,2,Dark-Lighted
4445687,Pedestrian,33.78588,-84.38425,5/6/13 3:36,Injury,2,Dark-Lighted
4954553,Pedestrian,33.705281,-84.280057,8/27/14 22:00,Injury,2,Dark-Lighted
5207152,Pedestrian,32.02817,-81.108114,3/5/15 20:18,Injury,2,Dark-Lighted
6077599,Pedestrian,31.809535,-81.612669,1/12/17 20:21,Injury,2,Dark-Lighted
4787374,Pedestrian,33.811228,-84.476522,11/22/13 19:25,Injury,2,Dark-Lighted
6422876,Pedestrian,33.750774,-84.233985,10/9/17 19:02,Injury,2,Dark-Lighted
4874708,Pedestrian,33.594199,-84.549533,6/10/14 21:25,Injury,2,Dark-Lighted
4508396,Pedestrian,33.863118,-84.19846,7/20/13 0:22,Injury,2,Dark-Lighted
5086671,Pedestrian,33.806004,-84.187076,12/9/14 18:45,Injury,2,Dark-Lighted
5497744,Pedestrian,33.418625,-82.080695,11/4/15 19:28,Injury,2,Dark-Lighted
5222692,Pedestrian,33.950393,-83.387288,3/20/15 2:03,Injury,2,Dark-Lighted
5396072,Pedestrian,34.208311,-83.473595,8/15/15 21:30,Injury,2,Dark-Lighted
4577124,Pedestrian,33.692747,-84.197698,9/22/13 2:32,Injury,2,Dark-Lighted
5968998,Pedestrian,34.870626,-84.330486,10/20/16 22:26,Injury,2,Dark-Lighted
4738751,Pedestrian,32.045725,-81.076536,2/20/14 19:12,Injury,2,Dark-Lighted
6127103,Pedestrian,33.806055,-84.529374,2/20/17 18:47,Injury,2,Dark-Lighted
4699175,Pedestrian & Bicyclist,34.00973,-84.331149,1/9/14 20:23,Property Damaged Only,1,Dark-Lighted
6511675,Bicyclist,33.706355,-84.299549,11/15/17 18:45,Property Damaged Only,1,Dark-Lighted
4668559,Bicyclist,32.05229,-81.100287,12/9/13 17:23,Property Damaged Only,1,Dark-Lighted
5086724,Bicyclist,33.943378,-84.535133,12/6/14 20:00,Property Damaged Only,1,Dark-Lighted
4783913,Bicyclist,31.218204,-81.494235,2/5/14 18:36,Property Damaged Only,1,Dark-Lighted
6132395,Bicyclist,33.772548,-84.377601,2/24/17 10:45,Property Damaged Only,1,Dark-Lighted
4576583,Bicyclist,34.042046,-84.574357,9/20/13 21:28,Property Damaged Only,1,Dark-Lighted
6000726,Bicyclist,33.58917,-84.36085,9/25/16 20:20,Property Damaged Only,1,Dark-Lighted
5033261,Bicyclist,33.941222,-84.122325,10/25/14 19:05,Injury,2,Dark-Lighted
5270765,Bicyclist,33.849455,-83.916917,3/9/15 7:29,Injury,2,Dark-Lighted
5654983,Bicyclist,34.761389,-84.962425,1/28/16 19:29,Injury,2,Dark-Lighted
4666197,Bicyclist,33.418746,-82.078946,11/4/13 22:05,Injury,2,Dark-Lighted
4342064,Bicyclist,32.013232,-81.111182,2/1/13 19:19,Injury,2,Dark-Lighted
6390385,Bicyclist,31.4305,-83.5183,9/12/17 20:20,Injury,2,Dark-Lighted
6035712,Bicyclist,31.772545,-81.633671,12/6/16 6:31,Injury,2,Dark-Lighted
4475113,Bicyclist,33.940846,-83.371603,5/24/13 3:35,Injury,2,Dark-Lighted
5193627,Bicyclist,33.092491,-83.237213,2/21/15 20:36,Injury,2,Dark-Lighted
4949419,Bicyclist,34.002888,-84.579626,8/22/14 21:29,Injury,2,Dark-Lighted
4555154,Bicyclist,33.928048,-84.31232,8/28/13 21:26,Injury,2,Dark-Lighted
6602142,Bicyclist,33.767429,-84.304705,10/5/17 7:01,Injury,2,Dark-Lighted
6030843,Pedestrian,33.982937,-84.076791,12/3/16 18:00,Property Damaged Only,1,Dark-Lighted
4710427,Pedestrian,32.21522,-82.407892,12/5/13 18:17,Property Damaged Only,1,Dark-Lighted
4602439,Pedestrian,32.46435,-84.94731,10/4/13 20:00,Property Damaged Only,1,Dark-Lighted
5162214,Pedestrian,31.605877,-81.875613,10/30/14 20:14,Property Damaged Only,1,Dark-Lighted
6115898,Pedestrian,33.740603,-84.414064,2/8/17 18:45,Property Damaged Only,1,Dark-Lighted
6145552,Pedestrian,31.232555,-84.208768,1/3/17 19:01,Property Damaged Only,1,Dark-Lighted
4941683,Pedestrian,33.802241,-84.415019,8/13/14 6:35,Property Damaged Only,1,Dark-Lighted
5828851,Pedestrian,33.755484,-84.374374,7/10/16 0:08,Property Damaged Only,1,Dark-Lighted
4658931,Pedestrian,33.45865,-82.49055,11/22/13 17:34,Property Damaged Only,1,Dark-Lighted
4747321,Pedestrian,33.937967,-84.199932,3/1/14 0:25,Property Damaged Only,1,Dark-Lighted
5078595,Pedestrian,33.873783,-84.330383,12/6/14 22:10,Property Damaged Only,1,Dark-Lighted
5600866,Pedestrian,33.864822,-84.5948,1/9/16 19:40,Property Damaged Only,1,Dark-Lighted
5017998,Pedestrian,33.810443,-84.367824,10/9/14 19:49,Property Damaged Only,1,Dark-Lighted
6375718,Pedestrian,33.604673,-84.446512,8/7/17 0:00,Property Damaged Only,1,Dark-Lighted
5979008,Pedestrian,34.283295,-83.839079,10/29/16 19:48,Property Damaged Only,1,Dark-Lighted
4784627,Pedestrian,33.80151,-84.61998,4/4/14 23:35,Fatal,3,Dark-Lighted
6043981,Pedestrian,31.826962,-81.620485,12/17/16 20:05,Fatal,3,Dark-Lighted
4339647,Pedestrian,33.810775,-84.193605,1/30/13 6:11,Fatal,3,Dark-Lighted
6270205,Pedestrian,33.81027,-84.1823,6/11/17 23:49,Fatal,3,Dark-Lighted
4546210,Pedestrian,33.79364,-84.26309,8/21/13 6:05,Fatal,3,Dark-Lighted
4719249,Pedestrian,32.068508,-81.051507,1/30/14 20:32,Fatal,3,Dark-Lighted
5023642,Pedestrian,33.95628,-84.13921,10/16/14 22:44,Fatal,3,Dark-Lighted
5165476,Pedestrian,34.0716,-84.276541,1/24/15 18:30,Injury,2,Dark-Lighted
5643524,Pedestrian,33.933489,-84.222988,2/19/16 23:15,Injury,2,Dark-Lighted
4892935,Pedestrian,33.55561,-84.370791,6/27/14 0:05,Injury,2,Dark-Lighted
5587639,Pedestrian,33.9529,-84.130431,1/6/16 19:52,Injury,2,Dark-Lighted
5237170,Pedestrian,33.819111,-84.231183,3/25/15 21:35,Injury,2,Dark-Lighted
5204601,Pedestrian,33.567877,-84.537004,3/2/15 22:36,Injury,2,Dark-Lighted
5964000,Pedestrian,34.279964,-83.831481,10/18/16 20:03,Injury,2,Dark-Lighted
5513438,Pedestrian,32.871196,-83.612895,11/17/15 0:00,Injury,2,Dark-Lighted
6528269,Pedestrian,33.802243,-84.193926,12/7/17 18:19,Injury,2,Dark-Lighted
6075180,Pedestrian,33.718563,-84.215353,1/11/17 18:05,Injury,2,Dark-Lighted
6446170,Pedestrian,32.618208,-83.638931,10/25/17 19:41,Injury,2,Dark-Lighted
4481964,Pedestrian,33.938657,-84.249049,6/16/13 2:40,Injury,2,Dark-Lighted
5167654,Pedestrian,33.674707,-84.509861,11/5/14 21:21,Injury,2,Dark-Lighted
5604968,Pedestrian,33.384522,-84.783889,1/12/16 19:33,Injury,2,Dark-Lighted
5499046,Pedestrian,33.766073,-84.224192,11/5/15 7:15,Injury,2,Dark-Lighted
5472865,Pedestrian,32.02559,-81.05785,10/17/15 21:50,Injury,2,Dark-Lighted
4654513,Pedestrian,33.84155,-84.379,11/23/13 2:50,Injury,2,Dark-Lighted
5500785,Pedestrian,33.811734,-84.099264,11/4/15 22:02,Injury,2,Dark-Lighted
5764385,Pedestrian,33.844123,-84.327379,5/19/16 6:10,Injury,2,Dark-Lighted
4757794,Pedestrian,31.948187,-81.11179,3/11/14 20:28,Injury,2,Dark-Lighted
4393643,Pedestrian,33.916889,-84.379111,3/18/13 20:15,Injury,2,Dark-Lighted
6149544,Pedestrian,33.883349,-84.485293,3/10/17 22:53,Injury,2,Dark-Lighted
5223356,Pedestrian,31.56717,-84.17624,3/15/15 21:10,Injury,2,Dark-Lighted
4905725,Pedestrian,32.059654,-81.093371,7/13/14 21:34,Injury,2,Dark-Lighted
5645917,Pedestrian,33.484361,-82.023289,2/19/16 0:30,Injury,2,Dark-Lighted
6114992,Pedestrian,30.840168,-83.986075,2/11/17 19:18,Injury,2,Dark-Lighted
5280884,Pedestrian,33.919046,-84.365643,3/19/15 7:36,Injury,2,Dark-Lighted
5950361,Pedestrian,33.092489,-83.237215,10/8/16 19:56,Injury,2,Dark-Lighted
5488364,Pedestrian,33.759352,-84.50515,10/27/15 21:45,Injury,2,Dark-Lighted
6488582,Pedestrian,32.539475,-84.95563,11/27/17 18:47,Injury,2,Dark-Lighted
5851860,Bicyclist,34.279963,-83.831485,7/26/16 21:47,Property Damaged Only,1,Dark-Lighted
5188205,Bicyclist,34.068531,-84.167899,11/18/14 18:21,Property Damaged Only,1,Dark-Lighted
5359312,Bicyclist,30.840478,-83.319428,7/15/15 20:40,Property Damaged Only,1,Dark-Lighted
4503350,Bicyclist,32.070135,-81.094953,7/13/13 23:05,Injury,2,Dark-Lighted
4622803,Bicyclist,34.087548,-84.484033,10/18/13 5:52,Injury,2,Dark-Lighted
5551772,Bicyclist,33.781746,-84.382211,12/8/15 18:48,Injury,2,Dark-Lighted
4995968,Bicyclist,34.052576,-84.361121,9/25/14 5:55,Injury,2,Dark-Lighted
5155743,Bicyclist,32.81386,-83.646245,8/9/14 22:04,Injury,2,Dark-Lighted
5705028,Pedestrian,31.152274,-81.483501,4/7/16 22:23,Property Damaged Only,1,Dark-Lighted
5915105,Pedestrian,31.595856,-84.110883,9/10/16 8:50,Property Damaged Only,1,Dark-Lighted
5608061,Pedestrian,33.790317,-84.30646,1/22/16 6:31,Property Damaged Only,1,Dark-Lighted
6104500,Pedestrian,33.756139,-84.417529,1/23/17 17:20,Property Damaged Only,1,Dark-Lighted
4540487,Pedestrian,32.44124,-84.91365,8/15/13 20:40,Property Damaged Only,1,Dark-Lighted
4354467,Pedestrian,33.791246,-84.443613,2/11/13 19:30,Property Damaged Only,1,Dark-Lighted
5196547,Pedestrian,33.939825,-83.370546,2/17/15 20:16,Property Damaged Only,1,Dark-Lighted
5977980,Pedestrian,32.074635,-81.093625,10/29/16 2:30,Property Damaged Only,1,Dark-Lighted
5226248,Pedestrian,33.029326,-85.023802,3/23/15 7:18,Property Damaged Only,1,Dark-Lighted
4839672,Pedestrian,33.76497,-84.349224,5/4/14 2:33,Property Damaged Only,1,Dark-Lighted
5036631,Pedestrian,33.567907,-84.534843,10/31/14 20:12,Property Damaged Only,1,Dark-Lighted
4838246,Pedestrian,33.897638,-84.208712,5/4/14 22:00,Property Damaged Only,1,Dark-Lighted
6263483,Pedestrian,32.614505,-83.710807,6/5/17 5:31,Property Damaged Only,1,Dark-Lighted
4475431,Pedestrian,33.824901,-84.12479,6/5/13 21:40,Property Damaged Only,1,Dark-Lighted
4919132,Pedestrian,31.575466,-84.142357,7/27/14 3:46,Property Damaged Only,1,Dark-Lighted
5700516,Pedestrian,33.745888,-84.397811,3/27/16 3:10,Property Damaged Only,1,Dark-Lighted
5793632,Pedestrian,34.219084,-85.137095,6/13/16 13:42,Property Damaged Only,1,Dark-Lighted
5580034,Pedestrian,33.892593,-84.23148,1/4/16 18:50,Property Damaged Only,1,Dark-Lighted
6343204,Pedestrian,33.899975,-84.571055,8/6/17 21:59,Property Damaged Only,1,Dark-Lighted
5061935,Pedestrian,34.189907,-84.78835,10/3/14 3:33,Fatal,3,Dark-Lighted
5117477,Pedestrian,32.022323,-81.110501,1/4/15 22:37,Fatal,3,Dark-Lighted
6096094,Pedestrian,33.856678,-84.212525,1/27/17 20:15,Fatal,3,Dark-Lighted
6238948,Pedestrian,33.942905,-84.21073,5/14/17 1:48,Fatal,3,Dark-Lighted
5719332,Pedestrian,33.773588,-84.363705,4/14/16 0:41,Fatal,3,Dark-Lighted
5992675,Pedestrian,34.33221,-83.809015,11/4/16 21:20,Fatal,3,Dark-Lighted
6353427,Pedestrian,33.833801,-83.888416,8/14/17 6:23,Injury,2,Dark-Lighted
4828943,Pedestrian,33.715814,-84.345953,4/26/14 22:20,Injury,2,Dark-Lighted
5118604,Pedestrian,34.021918,-84.625318,1/5/15 20:10,Injury,2,Dark-Lighted
6219287,Pedestrian,228.584822,141.99017,4/30/17 21:40,Injury,2,Dark-Lighted
4861339,Pedestrian,32.083441,-84.239414,5/26/14 21:53,Injury,2,Dark-Lighted
6009371,Pedestrian,33.792815,-84.397451,11/19/16 16:20,Injury,2,Dark-Lighted
5907455,Pedestrian,33.738262,-84.401686,8/27/16 0:13,Injury,2,Dark-Lighted
6263487,Pedestrian,33.857645,-84.019995,6/2/17 21:48,Injury,2,Dark-Lighted
4314605,Pedestrian,33.811548,-84.193762,1/1/13 1:15,Injury,2,Dark-Lighted
5548511,Pedestrian,33.781536,-84.404196,12/10/15 20:30,Injury,2,Dark-Lighted
5805845,Pedestrian,33.40288,-84.576899,6/21/16 22:55,Injury,2,Dark-Lighted
5888345,Pedestrian,31.710667,-83.640375,8/10/16 21:55,Injury,2,Dark-Lighted
5130193,Pedestrian,31.715726,-81.745001,1/13/15 19:53,Injury,2,Dark-Lighted
4464878,Pedestrian,31.822015,-81.63293,6/1/13 21:01,Injury,2,Dark-Lighted
6374174,Pedestrian,33.455127,-82.007373,8/30/17 20:37,Injury,2,Dark-Lighted
4930854,Pedestrian,33.683013,-84.246545,8/8/14 5:55,Injury,2,Dark-Lighted
5547784,Pedestrian,32.470522,-84.993511,12/13/15 18:10,Injury,2,Dark-Lighted
4660301,Pedestrian,33.938678,-84.248999,6/16/13 2:38,Injury,2,Dark-Lighted
4887507,Pedestrian,32.24256,-84.30432,6/21/14 23:44,Injury,2,Dark-Lighted
5383308,Pedestrian,31.450711,-83.50613,8/7/15 21:42,Injury,2,Dark-Lighted