incidentIdNbr,crashType,latitude,longitude,dateOfIncidentDate,severity,Mag,lightCondition
5233195,Pedestrian,32.01635,-81.0766,3/27/15 20:32,Injury,2,Dark-Lighted
4662663,Pedestrian,33.681142,-84.401017,11/29/13 18:48,Injury,2,Dark-Lighted
5209382,Pedestrian,34.108386,-82.853272,3/8/15 1:17,Injury,2,Dark-Lighted
4331853,Pedestrian,33.743838,-84.153155,1/19/13 1:20,Injury,2,Dark-Lighted
5933646,Pedestrian,33.737218,-84.435732,9/22/16 20:29,Injury,2,Dark-Lighted
5363374,Pedestrian,31.043457,-84.87578,7/17/15 23:27,Injury,2,Dark-Lighted
6362306,Pedestrian,33.94327,-84.539729,8/13/17 22:18,Injury,2,Dark-Lighted
6147172,Pedestrian,33.946204,-84.504155,3/8/17 22:52,Injury,2,Dark-Lighted
5256822,Pedestrian,33.818515,-84.576164,4/18/15 3:47,Injury,2,Dark-Lighted
6036605,Pedestrian,33.907347,-84.60193,12/10/16 18:31,Injury,2,Dark-Lighted
5893225,Bicyclist,33.760043,-84.539509,8/25/16 22:30,Property Damaged Only,1,Dark-Lighted
5061462,Bicyclist,32.062938,-81.090042,11/23/14 19:47,Property Damaged Only,1,Dark-Lighted
6024575,Bicyclist,34.225865,-85.167434,12/4/16 17:45,Property Damaged Only,1,Dark-Lighted
5612925,Bicyclist,32.055182,-81.097065,1/27/16 19:50,Property Damaged Only,1,Dark-Lighted
6079394,Bicyclist,33.750222,-84.264164,1/15/17 0:00,Property Damaged Only,1,Dark-Lighted
5515480,Bicyclist,34.260427,-85.175216,11/18/15 23:40,Property Damaged Only,1,Dark-Lighted
5171177,Bicyclist,33.965645,-83.372218,2/9/15 7:04,Property Damaged Only,1,Dark-Lighted
5222702,Bicyclist,33.75444,-84.38231,3/11/15 23:52,Property Damaged Only,1,Dark-Lighted
4429870,Bicyclist,31.505931,-82.88908,4/29/13 6:10,Injury,2,Dark-Lighted
5445529,Bicyclist,33.948166,-84.045838,9/20/15 1:52,Injury,2,Dark-Lighted
5294433,Bicyclist,33.639903,-84.364633,9/9/13 22:02,Injury,2,Dark-Lighted
5566809,Bicyclist,31.217511,-82.348965,11/26/15 23:28,Injury,2,Dark-Lighted
5813887,Bicyclist,33.252041,-84.257191,6/27/16 23:00,Injury,2,Dark-Lighted
6020397,Bicyclist,33.776947,-84.278727,11/30/16 18:17,Injury,2,Dark-Lighted
6094918,Pedestrian,33.970026,-84.359978,1/13/17 20:52,Property Damaged Only,1,Dark-Lighted
5389124,Pedestrian,33.804861,-84.189263,8/13/15 22:15,Property Damaged Only,1,Dark-Lighted
5457163,Pedestrian,33.421309,-82.06425,10/5/15 7:20,Property Damaged Only,1,Dark-Lighted
4351030,Pedestrian,33.70521,-84.40092,2/7/13 18:45,Property Damaged Only,1,Dark-Lighted
5494469,Pedestrian,32.042394,-81.091689,11/2/15 18:20,Property Damaged Only,1,Dark-Lighted
6129808,Pedestrian,33.718318,-84.418085,2/21/17 19:22,Property Damaged Only,1,Dark-Lighted
5562236,Pedestrian,34.043417,-84.535283,12/21/15 21:09,Property Damaged Only,1,Dark-Lighted
6020647,Pedestrian,33.685001,-84.51069,11/21/16 17:59,Property Damaged Only,1,Dark-Lighted
5853031,Pedestrian,31.633591,-84.17654,6/9/16 21:51,Property Damaged Only,1,Dark-Lighted
4660859,Pedestrian,33.85879,-84.34074,11/21/13 21:20,Property Damaged Only,1,Dark-Lighted
5210688,Pedestrian,34.026891,-84.327966,3/6/15 6:47,Property Damaged Only,1,Dark-Lighted
5118172,Pedestrian,33.976171,-84.163916,12/22/14 18:09,Property Damaged Only,1,Dark-Lighted
5674724,Pedestrian,34.034135,-84.330615,3/14/16 7:12,Property Damaged Only,1,Dark-Lighted
4399095,Pedestrian,33.82232,-84.23176,3/31/13 21:30,Property Damaged Only,1,Dark-Lighted
6523751,Pedestrian,33.920087,-84.378987,12/15/17 20:18,Property Damaged Only,1,Dark-Lighted
6468012,Pedestrian,32.215823,-82.404769,11/10/17 19:00,Property Damaged Only,1,Dark-Lighted
5826796,Pedestrian,33.790832,-84.401323,7/7/16 21:14,Property Damaged Only,1,Dark-Lighted
4578691,Pedestrian,34.469141,-83.604606,9/23/13 19:53,Property Damaged Only,1,Dark-Lighted
5871109,Pedestrian,33.707793,-84.266892,8/7/16 21:03,Property Damaged Only,1,Dark-Lighted
5066922,Pedestrian,33.766994,-84.096975,11/27/14 20:11,Property Damaged Only,1,Dark-Lighted
5549801,Pedestrian,32.459445,-84.934192,12/14/15 0:00,Property Damaged Only,1,Dark-Lighted
4734144,Pedestrian,33.097401,-83.259574,2/14/14 21:35,Property Damaged Only,1,Dark-Lighted
4424072,Pedestrian,33.681076,-84.394096,4/6/13 21:40,Property Damaged Only,1,Dark-Lighted
5223817,Pedestrian,33.940016,-84.494418,3/12/15 21:10,Property Damaged Only,1,Dark-Lighted
5115853,Pedestrian,33.683901,-84.30997,1/2/15 0:05,Property Damaged Only,1,Dark-Lighted
5451334,Pedestrian,32.07994,-81.092937,10/2/15 2:59,Property Damaged Only,1,Dark-Lighted
5542430,Pedestrian,33.81848,-84.311188,12/8/15 19:36,Property Damaged Only,1,Dark-Lighted
4871687,Pedestrian,33.731908,-84.243318,6/8/14 23:00,Property Damaged Only,1,Dark-Lighted
6098165,Pedestrian,33.953246,-84.550187,1/28/17 18:19,Property Damaged Only,1,Dark-Lighted
6546798,Pedestrian,33.952926,-83.372805,12/7/17 18:35,Property Damaged Only,1,Dark-Lighted
5926713,Pedestrian,33.452455,-82.050867,9/19/16 20:35,Property Damaged Only,1,Dark-Lighted
6433121,Pedestrian,33.991731,-84.339216,10/18/17 19:40,Property Damaged Only,1,Dark-Lighted
6072809,Pedestrian,33.475941,-82.005854,1/9/17 18:39,Property Damaged Only,1,Dark-Lighted
5753588,Pedestrian,33.75152,-84.37098,5/7/16 21:21,Fatal,3,Dark-Lighted
5641710,Pedestrian,32.17125,-81.90015,2/16/16 19:40,Fatal,3,Dark-Lighted
5113118,Pedestrian,33.181705,-84.362983,12/12/14 18:50,Fatal,3,Dark-Lighted
6013725,Pedestrian,31.9255,-81.333984,11/16/16 20:23,Fatal,3,Dark-Lighted
4993317,Pedestrian,33.994585,-84.515396,9/19/14 6:49,Fatal,3,Dark-Lighted
6004436,Pedestrian,31.603183,-83.250222,11/14/16 21:14,Fatal,3,Dark-Lighted
6250282,Pedestrian,33.960261,-83.382566,5/26/17 2:30,Injury,2,Dark-Lighted
4771219,Pedestrian,32.05641,-81.100603,3/23/14 3:52,Injury,2,Dark-Lighted
5753490,Pedestrian,33.716364,-84.129924,5/13/16 0:15,Injury,2,Dark-Lighted
5867362,Pedestrian,33.864786,-84.380689,8/6/16 21:03,Injury,2,Dark-Lighted
4460669,Pedestrian,34.06574,-84.66727,5/27/13 22:20,Injury,2,Dark-Lighted
5497595,Pedestrian,31.204834,-83.782369,11/2/15 18:59,Injury,2,Dark-Lighted
6510445,Pedestrian,33.696011,-84.486232,12/3/17 19:02,Injury,2,Dark-Lighted
5439873,Pedestrian,33.749969,-84.275852,9/21/15 21:42,Injury,2,Dark-Lighted
5073341,Pedestrian,34.031037,-84.632586,12/3/14 18:18,Injury,2,Dark-Lighted
6036095,Pedestrian,34.015241,-84.615248,12/10/16 20:20,Injury,2,Dark-Lighted
6143647,Pedestrian,32.801741,-83.649296,3/5/17 21:47,Injury,2,Dark-Lighted
5507783,Pedestrian,33.927309,-84.343836,11/9/15 18:13,Injury,2,Dark-Lighted
4514458,Pedestrian,33.399261,-82.005505,6/17/13 23:42,Injury,2,Dark-Lighted
6378730,Pedestrian,33.512222,-82.044876,9/3/17 23:13,Injury,2,Dark-Lighted
5288209,Pedestrian,31.866607,-82.598153,5/11/15 21:38,Injury,2,Dark-Lighted
4945300,Pedestrian,34.296868,-83.843577,8/20/14 23:13,Injury,2,Dark-Lighted
5608997,Pedestrian,31.436359,-83.512562,1/21/16 18:35,Injury,2,Dark-Lighted
4871048,Pedestrian,33.673252,-84.23052,6/6/14 21:45,Injury,2,Dark-Lighted
4928759,Pedestrian,33.857457,-84.020162,8/5/14 21:20,Injury,2,Dark-Lighted
4614469,Pedestrian,33.86065,-84.33982,8/26/13 21:22,Injury,2,Dark-Lighted
4942061,Pedestrian,33.933597,-84.751144,8/16/14 20:50,Injury,2,Dark-Lighted
5697289,Pedestrian,31.52785,-82.81727,3/26/16 20:55,Injury,2,Dark-Lighted
5186605,Pedestrian,34.264679,-85.194706,2/20/15 19:13,Injury,2,Dark-Lighted
4347059,Pedestrian,33.497306,-84.181176,2/7/13 4:36,Injury,2,Dark-Lighted
5765922,Pedestrian,32.859183,-83.705298,5/22/16 4:26,Injury,2,Dark-Lighted
4760533,Pedestrian,33.700224,-84.267303,3/13/14 21:21,Injury,2,Dark-Lighted
6045206,Pedestrian,33.907974,-84.543641,12/18/16 2:22,Injury,2,Dark-Lighted
5956853,Bicyclist,34.002212,-84.435829,10/9/16 22:46,Property Damaged Only,1,Dark-Lighted
6349379,Bicyclist,32.015201,-80.979913,8/10/17 22:29,Property Damaged Only,1,Dark-Lighted
6228723,Bicyclist,33.773908,-84.394914,11/15/16 19:50,Property Damaged Only,1,Dark-Lighted
5896997,Bicyclist,33.976751,-83.414435,8/30/16 4:40,Property Damaged Only,1,Dark-Lighted
5981069,Bicyclist,33.763362,-84.402928,10/27/16 6:11,Property Damaged Only,1,Dark-Lighted
5244021,Bicyclist,33.883205,-84.479369,3/22/15 18:31,Property Damaged Only,1,Dark-Lighted
4947572,Bicyclist,33.786071,-84.544453,8/21/14 0:15,Property Damaged Only,1,Dark-Lighted
6434802,Bicyclist,33.962215,-83.395512,10/19/17 7:15,Injury,2,Dark-Lighted
4349665,Bicyclist,32.454425,-84.918979,2/8/13 21:10,Injury,2,Dark-Lighted
5076541,Bicyclist,31.983742,-81.221892,12/5/14 19:30,Injury,2,Dark-Lighted
6132393,Bicyclist,33.838237,-84.380911,2/24/17 22:00,Injury,2,Dark-Lighted
4512954,Bicyclist,33.465438,-81.995865,6/12/13 22:55,Injury,2,Dark-Lighted
5170877,Pedestrian,33.374244,-84.799604,10/17/14 17:31,Property Damaged Only,1,Dark-Lighted
6464274,Pedestrian,33.949442,-84.082826,11/1/17 21:08,Property Damaged Only,1,Dark-Lighted
6119595,Pedestrian,33.699301,-84.430651,2/15/17 22:39,Property Damaged Only,1,Dark-Lighted
4338191,Pedestrian,33.75386,-84.39252,1/17/13 18:02,Property Damaged Only,1,Dark-Lighted
5239281,Pedestrian,33.763957,-84.371955,3/29/15 21:40,Property Damaged Only,1,Dark-Lighted
5036305,Pedestrian,32.484793,-84.990204,10/31/14 19:10,Property Damaged Only,1,Dark-Lighted
4710709,Pedestrian,33.755829,-84.468991,1/14/14 6:29,Property Damaged Only,1,Dark-Lighted
5448756,Pedestrian,33.091476,-82.016858,9/24/15 19:49,Property Damaged Only,1,Dark-Lighted
5777712,Pedestrian,33.83213,-84.335251,5/31/16 1:13,Property Damaged Only,1,Dark-Lighted
5505185,Pedestrian,33.903167,-84.121234,11/5/15 20:49,Property Damaged Only,1,Dark-Lighted
4571693,Pedestrian,33.905055,-84.200619,9/15/13 0:21,Property Damaged Only,1,Dark-Lighted
5620928,Pedestrian,33.883293,-84.48021,1/15/16 18:58,Property Damaged Only,1,Dark-Lighted
4676061,Pedestrian,33.048726,-85.013631,12/16/13 5:56,Property Damaged Only,1,Dark-Lighted
6061362,Pedestrian,32.003923,-81.113417,12/30/16 17:56,Property Damaged Only,1,Dark-Lighted
6502186,Pedestrian,33.908945,-84.37877,12/5/17 20:15,Property Damaged Only,1,Dark-Lighted
6153321,Pedestrian,33.905075,-84.154605,3/11/17 20:24,Property Damaged Only,1,Dark-Lighted
4390813,Pedestrian,34.021404,-84.269971,2/22/13 21:26,Property Damaged Only,1,Dark-Lighted
5108882,Pedestrian,34.022711,-84.327818,12/23/14 19:00,Property Damaged Only,1,Dark-Lighted
4669990,Pedestrian,33.911836,-84.207583,10/11/13 20:30,Property Damaged Only,1,Dark-Lighted
5642475,Pedestrian,34.207136,-84.141498,2/17/16 20:46,Property Damaged Only,1,Dark-Lighted
5118611,Pedestrian,33.469516,-82.06399,1/5/15 19:35,Property Damaged Only,1,Dark-Lighted
6250020,Pedestrian,33.740783,-84.42547,5/21/17 21:17,Property Damaged Only,1,Dark-Lighted
5106882,Pedestrian,33.701773,-84.221767,12/26/14 6:30,Property Damaged Only,1,Dark-Lighted
6014171,Pedestrian,33.467943,-81.985328,11/24/16 2:58,Property Damaged Only,1,Dark-Lighted
4671762,Pedestrian,33.950944,-84.520731,12/9/13 6:19,Property Damaged Only,1,Dark-Lighted
6189893,Pedestrian,33.949788,-84.128187,3/29/17 23:40,Property Damaged Only,1,Dark-Lighted
5216795,Pedestrian,33.469066,-81.971124,3/15/15 0:14,Property Damaged Only,1,Dark-Lighted
6123658,Pedestrian,32.464121,-84.92914,2/18/17 21:32,Fatal,3,Dark-Lighted
5936683,Pedestrian,31.851388,-81.583128,9/27/16 23:11,Fatal,3,Dark-Lighted
5808149,Pedestrian,33.519639,-84.363689,6/23/16 3:10,Fatal,3,Dark-Lighted
5586317,Pedestrian,31.853271,-81.578691,1/6/16 21:25,Injury,2,Dark-Lighted
6015722,Pedestrian,33.725416,-84.181499,11/27/16 21:00,Injury,2,Dark-Lighted
4975015,Pedestrian,31.984564,-81.132334,9/12/14 0:00,Injury,2,Dark-Lighted
4719600,Pedestrian,33.763679,-84.48343,1/27/14 23:34,Injury,2,Dark-Lighted
5423421,Pedestrian,32.811388,-83.722991,9/13/15 20:20,Injury,2,Dark-Lighted
5223467,Pedestrian,31.662741,-81.885868,3/15/15 20:02,Injury,2,Dark-Lighted
4753584,Pedestrian,33.755403,-84.34198,3/6/14 21:03,Injury,2,Dark-Lighted
5491879,Pedestrian,32.463504,-84.925106,10/31/15 21:10,Injury,2,Dark-Lighted
6468590,Pedestrian,34.56921,-83.32554,11/8/17 18:45,Injury,2,Dark-Lighted
6312192,Pedestrian,33.629744,-84.453883,7/16/17 22:13,Injury,2,Dark-Lighted
5449257,Pedestrian,33.957373,-83.376862,9/29/15 21:32,Injury,2,Dark-Lighted
6167175,Pedestrian,34.028373,-84.776428,3/24/17 20:17,Injury,2,Dark-Lighted
6076164,Pedestrian,32.995964,-82.806039,1/10/17 19:14,Injury,2,Dark-Lighted
5426739,Pedestrian,33.786629,-84.383244,9/13/15 21:28,Injury,2,Dark-Lighted
4621136,Pedestrian,32.68916,-83.344764,10/26/13 23:54,Injury,2,Dark-Lighted
5274623,Pedestrian,33.801699,-84.567344,5/2/15 20:40,Injury,2,Dark-Lighted
5559204,Pedestrian,33.47971,-82.505674,12/17/15 19:15,Injury,2,Dark-Lighted
5466253,Pedestrian,33.808565,-84.09669,10/10/15 2:23,Injury,2,Dark-Lighted
4739290,Pedestrian,31.841025,-81.59794,1/15/14 19:38,Injury,2,Dark-Lighted
4658451,Pedestrian,32.073642,-81.089186,11/29/13 18:01,Injury,2,Dark-Lighted
4377067,Pedestrian,32.082031,-81.095478,3/9/13 22:57,Injury,2,Dark-Lighted
4952357,Pedestrian,33.562967,-84.518024,8/27/14 6:30,Injury,2,Dark-Lighted
4619026,Pedestrian,33.532598,-84.364068,10/24/13 20:13,Injury,2,Dark-Lighted
4789483,Pedestrian,33.71596,-84.34568,4/13/14 0:33,Injury,2,Dark-Lighted
5396014,Pedestrian,33.581373,-84.4115,8/19/15 6:09,Injury,2,Dark-Lighted
4717197,Pedestrian,33.569999,-84.549844,1/26/14 19:24,Injury,2,Dark-Lighted
4748327,Pedestrian & Bicyclist,33.896978,-84.162254,3/1/14 22:01,Property Damaged Only,1,Dark-Lighted
5650926,Pedestrian & Bicyclist,33.719893,-85.013738,1/30/16 18:38,Injury,2,Dark-Lighted
4475143,Bicyclist,1,-1,5/26/13 21:50,Property Damaged Only,1,Dark-Lighted
5422208,Bicyclist,31.545228,-84.156176,8/31/15 21:22,Property Damaged Only,1,Dark-Lighted
4905875,Bicyclist,33.74387,-84.349328,6/14/14 23:54,Property Damaged Only,1,Dark-Lighted
4654981,Bicyclist,32.241076,-83.797333,11/25/13 17:55,Property Damaged Only,1,Dark-Lighted
5488061,Bicyclist,33.993294,-83.426405,10/29/15 7:03,Property Damaged Only,1,Dark-Lighted
6235470,Bicyclist,33.773864,-84.38883,1/29/17 0:12,Property Damaged Only,1,Dark-Lighted
4645538,Bicyclist,33.7958,-84.38773,11/11/13 18:21,Injury,2,Dark-Lighted
5839663,Bicyclist,33.748503,-84.368837,7/15/16 3:25,Injury,2,Dark-Lighted
5544972,Bicyclist,33.938331,-84.034005,12/8/15 18:32,Injury,2,Dark-Lighted
5448641,Bicyclist,32.077368,-81.091339,9/29/15 22:42,Injury,2,Dark-Lighted
5384821,Bicyclist,33.730687,-84.335586,8/2/15 21:35,Injury,2,Dark-Lighted
5033449,Pedestrian,33.753757,-84.23393,10/29/14 6:25,Property Damaged Only,1,Dark-Lighted
6008816,Pedestrian,32.070957,-81.087015,11/21/16 17:51,Property Damaged Only,1,Dark-Lighted
5482358,Pedestrian,32.556129,-84.906856,10/25/15 6:50,Property Damaged Only,1,Dark-Lighted
5286726,Pedestrian,30.882716,-83.256908,5/11/15 22:13,Property Damaged Only,1,Dark-Lighted
5163135,Pedestrian,31.176478,-83.761745,10/13/14 20:19,Property Damaged Only,1,Dark-Lighted
5500145,Pedestrian,33.723466,-84.407884,11/4/15 22:07,Property Damaged Only,1,Dark-Lighted
4343988,Pedestrian,34.011954,-84.472553,2/3/13 4:50,Property Damaged Only,1,Dark-Lighted
5192971,Pedestrian,33.786265,-84.236521,2/22/15 22:50,Property Damaged Only,1,Dark-Lighted
5003331,Pedestrian,33.69776,-84.449143,10/1/14 22:58,Property Damaged Only,1,Dark-Lighted
5137348,Pedestrian,33.73794,-84.41433,1/21/15 18:30,Property Damaged Only,1,Dark-Lighted
4571952,Pedestrian,33.684409,-84.272615,9/16/13 20:09,Property Damaged Only,1,Dark-Lighted
4502558,Pedestrian,33.960331,-83.379374,6/22/13 2:00,Property Damaged Only,1,Dark-Lighted
5570420,Pedestrian,33.759609,-84.384149,12/23/15 20:10,Property Damaged Only,1,Dark-Lighted
6426270,Pedestrian,33.880196,-84.512574,10/7/17 21:20,Property Damaged Only,1,Dark-Lighted
5587576,Pedestrian,33.61497,-83.920439,6/15/14 1:27,Property Damaged Only,1,Dark-Lighted
5957495,Pedestrian,33.692137,-84.349348,10/14/16 21:37,Property Damaged Only,1,Dark-Lighted
6530447,Pedestrian,33.872775,-84.532577,12/23/17 18:07,Property Damaged Only,1,Dark-Lighted
6047589,Pedestrian,33.688989,-84.489213,12/18/16 17:55,Property Damaged Only,1,Dark-Lighted
4496515,Pedestrian,33.740941,-84.435055,6/28/13 22:43,Property Damaged Only,1,Dark-Lighted
4843477,Pedestrian,33.665375,-84.408431,4/20/14 3:21,Property Damaged Only,1,Dark-Lighted
4334684,Pedestrian,33.771267,-84.384883,1/17/13 20:18,Property Damaged Only,1,Dark-Lighted
5747485,Pedestrian,33.819475,-84.38857,5/6/16 20:48,Property Damaged Only,1,Dark-Lighted
4368686,Pedestrian,33.894939,-84.566714,2/24/13 1:06,Property Damaged Only,1,Dark-Lighted
6206369,Pedestrian,33.925918,-84.17455,4/22/17 3:50,Fatal,3,Dark-Lighted
5296109,Pedestrian,33.673013,-84.219447,5/19/15 23:42,Injury,2,Dark-Lighted
6194999,Pedestrian,33.47732,-81.97105,4/15/17 20:32,Injury,2,Dark-Lighted
5558178,Pedestrian,33.801487,-84.392752,12/17/15 22:15,Injury,2,Dark-Lighted
5620759,Pedestrian,30.783892,-81.611298,12/30/15 21:05,Injury,2,Dark-Lighted
5388073,Pedestrian,33.977151,-84.548644,8/2/15 5:24,Injury,2,Dark-Lighted
4998327,Pedestrian,33.70646,-84.117769,9/27/14 21:41,Injury,2,Dark-Lighted
4490910,Pedestrian,32.258586,-84.08607,6/25/13 2:25,Injury,2,Dark-Lighted
5655102,Pedestrian,31.843462,-81.593803,1/29/16 22:46,Injury,2,Dark-Lighted
6521844,Pedestrian,34.269314,-85.206239,12/20/17 7:30,Injury,2,Dark-Lighted
5716745,Pedestrian,33.957272,-84.421005,4/14/16 20:56,Injury,2,Dark-Lighted
4681541,Pedestrian,33.720202,-84.276512,12/19/13 18:56,Injury,2,Dark-Lighted
4827880,Pedestrian,32.134832,-81.252983,3/14/14 20:19,Injury,2,Dark-Lighted
5898204,Pedestrian,31.145295,-84.174529,8/26/16 21:40,Injury,2,Dark-Lighted
4901804,Pedestrian,33.770134,-84.472922,7/3/14 23:00,Injury,2,Dark-Lighted
4354758,Pedestrian,33.741192,-84.253516,2/14/13 18:50,Injury,2,Dark-Lighted
5518293,Pedestrian,33.594842,-84.450644,11/20/15 19:45,Injury,2,Dark-Lighted
6063781,Pedestrian,33.866,-84.30296,12/31/16 0:33,Injury,2,Dark-Lighted
5171039,Pedestrian,33.890468,-84.212554,2/7/15 19:04,Injury,2,Dark-Lighted
5428716,Pedestrian,33.95719,-83.99618,9/15/15 22:19,Injury,2,Dark-Lighted
5075526,Pedestrian,33.771142,-84.368684,12/2/14 17:50,Injury,2,Dark-Lighted
5496448,Pedestrian,33.465768,-81.991319,11/3/15 21:55,Injury,2,Dark-Lighted
4729600,Pedestrian,33.928603,-84.360909,1/22/14 19:00,Injury,2,Dark-Lighted
4670103,Pedestrian,31.581478,-84.176212,12/11/13 1:08,Injury,2,Dark-Lighted
4857688,Pedestrian,31.56122,-84.176375,5/25/14 0:23,Injury,2,Dark-Lighted
4947651,Pedestrian,33.944452,-84.533988,6/11/14 0:01,Injury,2,Dark-Lighted
4339625,Bicyclist,33.715698,-84.349502,1/19/13 18:51,Property Damaged Only,1,Dark-Lighted
6019115,Bicyclist,33.948256,-83.391808,11/29/16 19:05,Property Damaged Only,1,Dark-Lighted
5785830,Bicyclist,33.783279,-84.368199,6/4/16 2:49,Property Damaged Only,1,Dark-Lighted
6093503,Bicyclist,33.934325,-84.558926,1/24/17 19:50,Property Damaged Only,1,Dark-Lighted
4461329,Bicyclist,33.484493,-82.081171,5/8/13 21:25,Property Damaged Only,1,Dark-Lighted
6125833,Bicyclist,33.828937,-84.196182,2/21/17 5:58,Property Damaged Only,1,Dark-Lighted
4467759,Bicyclist,33.806772,-84.241869,6/4/13 23:05,Fatal,3,Dark-Lighted
5279384,Bicyclist,33.873121,-84.187728,5/4/15 20:20,Injury,2,Dark-Lighted
5516742,Bicyclist,33.877249,-84.492466,11/18/15 4:30,Injury,2,Dark-Lighted
5163426,Bicyclist,34.767062,-84.953682,10/29/14 23:12,Injury,2,Dark-Lighted
5622597,Pedestrian,33.74844,-84.251238,2/3/16 7:45,Property Damaged Only,1,Dark-Lighted
5746808,Pedestrian,33.557102,-84.242323,5/8/16 23:10,Property Damaged Only,1,Dark-Lighted
5009515,Pedestrian,33.919606,-84.088578,10/5/14 5:00,Property Damaged Only,1,Dark-Lighted
4408695,Pedestrian,31.239526,-81.502201,1/9/13 6:03,Property Damaged Only,1,Dark-Lighted
4404224,Pedestrian,33.699722,-84.475138,3/17/13 21:15,Property Damaged Only,1,Dark-Lighted
4363266,Pedestrian,33.580102,-85.075079,2/22/13 0:59,Property Damaged Only,1,Dark-Lighted
4428575,Pedestrian,32.49266,84.9307,4/29/13 20:32,Property Damaged Only,1,Dark-Lighted
5986016,Pedestrian,33.899322,-84.203372,10/28/16 6:08,Property Damaged Only,1,Dark-Lighted
4731331,Pedestrian,33.494314,-82.137439,1/31/14 21:58,Property Damaged Only,1,Dark-Lighted
4830340,Pedestrian,32.046128,-81.111909,4/28/14 21:25,Property Damaged Only,1,Dark-Lighted
5052361,Pedestrian,33.993565,-84.347643,11/14/14 18:10,Property Damaged Only,1,Dark-Lighted
4671009,Pedestrian,33.783229,-84.384221,12/7/13 2:04,Property Damaged Only,1,Dark-Lighted
5398567,Pedestrian,33.780742,-84.384097,8/18/15 20:37,Property Damaged Only,1,Dark-Lighted
6045948,Pedestrian,33.736913,-84.34929,12/7/16 20:44,Property Damaged Only,1,Dark-Lighted
5840642,Pedestrian,33.634013,-84.358275,3/29/16 5:12,Fatal,3,Dark-Lighted
4578603,Pedestrian,33.29594,-83.95932,9/14/13 2:20,Fatal,3,Dark-Lighted
4708064,Pedestrian,33.754869,-84.267729,1/19/14 7:02,Fatal,3,Dark-Lighted
6320511,Pedestrian,33.76762,-84.25134,7/22/17 23:09,Fatal,3,Dark-Lighted
5761256,Pedestrian,33.788289,-84.23227,5/18/16 22:42,Fatal,3,Dark-Lighted
4369886,Pedestrian,31.04126,-84.87909,2/27/13 20:45,Injury,2,Dark-Lighted
4998270,Pedestrian,33.884272,-84.246204,9/27/14 21:08,Injury,2,Dark-Lighted
4323048,Pedestrian,34.870422,-83.96222,1/10/13 19:13,Injury,2,Dark-Lighted
4674194,Pedestrian,33.611675,-84.43669,12/13/13 20:21,Injury,2,Dark-Lighted
5022769,Pedestrian,33.761838,-84.196661,10/21/14 1:14,Injury,2,Dark-Lighted
4421746,Pedestrian,33.844835,-84.326629,4/22/13 0:13,Injury,2,Dark-Lighted
5999101,Pedestrian,33.863235,-84.306047,9/30/16 20:24,Injury,2,Dark-Lighted
6300846,Pedestrian,33.633809,-84.292315,7/5/17 22:55,Injury,2,Dark-Lighted
6311612,Pedestrian,34.3507,-84.05264,7/13/17 20:47,Injury,2,Dark-Lighted
5600362,Pedestrian,30.812264,-81.563301,1/9/16 18:52,Injury,2,Dark-Lighted
4630304,Pedestrian,33.760706,-84.387471,10/18/13 2:09,Injury,2,Dark-Lighted
6497103,Pedestrian,31.158878,-81.48508,12/1/17 23:28,Injury,2,Dark-Lighted
5224903,Pedestrian,33.505988,-84.230426,3/21/15 23:24,Injury,2,Dark-Lighted
6240342,Pedestrian,33.325187,-83.38913,5/18/17 21:55,Injury,2,Dark-Lighted
5766030,Pedestrian,33.38524,-84.56596,5/21/16 22:04,Injury,2,Dark-Lighted
5133976,Pedestrian,33.912396,-84.160646,1/5/15 3:11,Injury,2,Dark-Lighted
4921056,Pedestrian,33.810644,-84.181581,7/28/14 22:40,Injury,2,Dark-Lighted
5472483,Pedestrian,32.507581,-84.989822,10/17/15 21:22,Injury,2,Dark-Lighted
5482861,Pedestrian,33.711264,-84.18796,10/23/15 19:38,Injury,2,Dark-Lighted
4435218,Bicyclist,34.487058,-84.919146,4/13/13 23:08,Property Damaged Only,1,Dark-Lighted
4613635,Bicyclist,32.820455,-83.693406,9/30/13 21:33,Property Damaged Only,1,Dark-Lighted
5119929,Bicyclist,32.542112,-82.905661,12/3/14 20:49,Property Damaged Only,1,Dark-Lighted
6069388,Bicyclist,30.859532,-83.288923,1/4/17 22:46,Property Damaged Only,1,Dark-Lighted
5501858,Bicyclist,31.99786,-81.114637,11/7/15 17:48,Property Damaged Only,1,Dark-Lighted
4780901,Bicyclist,33.72209,-84.39336,4/2/14 22:25,Property Damaged Only,1,Dark-Lighted
5401217,Bicyclist,33.780749,-84.384093,8/19/15 20:01,Property Damaged Only,1,Dark-Lighted
4743280,Bicyclist,33.423484,-82.019415,2/24/14 20:03,Property Damaged Only,1,Dark-Lighted
5037780,Bicyclist,30.963861,-81.722853,10/30/14 19:06,Fatal,3,Dark-Lighted
6495482,Bicyclist,34.76158,-84.933356,12/1/17 18:42,Injury,2,Dark-Lighted
4979946,Bicyclist,33.74384,-84.290504,9/14/14 20:45,Injury,2,Dark-Lighted
6508623,Bicyclist,33.27571,-82.97471,12/7/17 18:00,Injury,2,Dark-Lighted
4904502,Bicyclist,34.005043,-84.297427,7/9/14 21:31,Injury,2,Dark-Lighted
6300982,Pedestrian,33.518007,-84.381213,7/6/17 22:45,Property Damaged Only,1,Dark-Lighted
5659240,Pedestrian,33.577908,-84.389146,3/3/16 6:19,Property Damaged Only,1,Dark-Lighted
4608611,Pedestrian,33.90174,-84.24443,10/16/13 6:55,Property Damaged Only,1,Dark-Lighted
5503593,Pedestrian,33.825693,-84.362534,11/6/15 19:31,Property Damaged Only,1,Dark-Lighted