incidentIdNbr,crashType,latitude,longitude,dateOfIncidentDate,severity,Mag,lightCondition
5348236,Pedestrian,33.735033,-84.302082,6/3/15 0:30,Property Damaged Only,1,Dark-Lighted
6008151,Pedestrian,33.886113,-84.134602,11/18/16 19:39,Property Damaged Only,1,Dark-Lighted
4540589,Pedestrian,31.5645,-84.1619,8/15/13 21:35,Property Damaged Only,1,Dark-Lighted
4634309,Pedestrian,33.949758,-83.409665,11/7/13 18:22,Property Damaged Only,1,Dark-Lighted
6396933,Pedestrian,33.881941,-84.290295,9/18/17 21:12,Property Damaged Only,1,Dark-Lighted
5102042,Pedestrian,33.951798,-84.497805,12/10/14 18:31,Property Damaged Only,1,Dark-Lighted
6111758,Pedestrian,33.806304,-84.181228,2/8/17 20:09,Property Damaged Only,1,Dark-Lighted
6045217,Pedestrian,33.560733,-84.322224,12/13/16 21:31,Property Damaged Only,1,Dark-Lighted
5508416,Pedestrian,33.910378,-84.352687,11/10/15 20:25,Property Damaged Only,1,Dark-Lighted
5604236,Pedestrian,33.904189,-84.202629,1/14/16 7:00,Property Damaged Only,1,Dark-Lighted
5267249,Pedestrian,33.756629,-84.417534,3/7/15 19:28,Property Damaged Only,1,Dark-Lighted
6480119,Pedestrian,33.710493,-84.591058,11/16/17 18:13,Property Damaged Only,1,Dark-Lighted
5181442,Pedestrian,33.41817,-82.075301,2/17/15 19:37,Property Damaged Only,1,Dark-Lighted
4408163,Pedestrian,33.7832,-84.383833,4/5/13 22:45,Property Damaged Only,1,Dark-Lighted
5586709,Pedestrian,33.945396,-84.240898,1/6/16 21:54,Property Damaged Only,1,Dark-Lighted
5503635,Pedestrian,33.722754,-84.422888,11/7/15 1:00,Property Damaged Only,1,Dark-Lighted
6151316,Pedestrian,33.75166,-84.394332,3/14/17 6:48,Property Damaged Only,1,Dark-Lighted
4931920,Pedestrian,33.893297,-84.231513,8/8/14 21:23,Property Damaged Only,1,Dark-Lighted
5570392,Pedestrian,33.946132,-83.403262,12/24/15 19:25,Property Damaged Only,1,Dark-Lighted
6511998,Pedestrian,33.247299,-84.273533,12/12/17 18:05,Property Damaged Only,1,Dark-Lighted
5501179,Pedestrian,32.0796,-81.100857,11/6/15 19:05,Property Damaged Only,1,Dark-Lighted
5694555,Pedestrian,32.060247,-81.1117,3/29/16 21:45,Property Damaged Only,1,Dark-Lighted
4960821,Pedestrian,33.773826,-84.348926,8/30/14 23:40,Property Damaged Only,1,Dark-Lighted
5272404,Pedestrian,33.817667,-84.312025,4/30/15 20:42,Property Damaged Only,1,Dark-Lighted
5384756,Pedestrian,33.781509,-84.39088,8/1/15 1:40,Fatal,3,Dark-Lighted
4746930,Pedestrian,32.607257,-82.34146,2/24/14 19:01,Fatal,3,Dark-Lighted
4762973,Pedestrian,33.904959,-84.200886,3/15/14 20:24,Fatal,3,Dark-Lighted
4627731,Pedestrian,33.676724,-84.218254,10/31/13 18:50,Fatal,3,Dark-Lighted
5703217,Pedestrian,33.541606,-84.366874,4/6/16 0:01,Fatal,3,Dark-Lighted
4929539,Pedestrian,32.079733,-81.102479,8/6/14 21:10,Injury,2,Dark-Lighted
5287488,Pedestrian,32.163666,-81.233032,5/12/15 20:20,Injury,2,Dark-Lighted
6503762,Pedestrian,33.817713,-84.312071,12/7/17 5:50,Injury,2,Dark-Lighted
6495658,Pedestrian,33.655206,-84.233465,12/1/17 18:13,Injury,2,Dark-Lighted
5345862,Pedestrian,33.463975,-82.125303,7/3/15 23:33,Injury,2,Dark-Lighted
6016483,Pedestrian,32.078556,-81.109231,11/28/16 6:38,Injury,2,Dark-Lighted
5842496,Pedestrian,33.61964,-84.473394,6/1/16 5:08,Injury,2,Dark-Lighted
5013246,Pedestrian,33.755818,-84.468655,10/9/14 18:30,Injury,2,Dark-Lighted
5275176,Pedestrian,32.442561,-84.955028,5/3/15 0:00,Injury,2,Dark-Lighted
5328567,Pedestrian,32.387513,-82.061134,6/15/15 22:35,Injury,2,Dark-Lighted
6524745,Pedestrian,33.801602,-84.220375,12/21/17 18:51,Injury,2,Dark-Lighted
5470641,Pedestrian,33.77864,-84.3637,9/8/15 6:30,Injury,2,Dark-Lighted
5390264,Pedestrian,32.078635,-81.090838,8/14/15 22:56,Injury,2,Dark-Lighted
4507296,Pedestrian,33.04674,-84.1702,7/15/13 22:27,Injury,2,Dark-Lighted
5698009,Pedestrian,31.173263,-81.491313,3/23/16 20:48,Injury,2,Dark-Lighted
6096721,Pedestrian,34.010732,-84.754853,1/29/17 1:00,Injury,2,Dark-Lighted
5599522,Pedestrian,32.41533,-84.959254,1/15/16 7:40,Injury,2,Dark-Lighted
6214475,Pedestrian,32.85917,-83.70522,5/22/16 4:26,Injury,2,Dark-Lighted
4475229,Pedestrian,34.123335,-83.822443,6/7/13 22:58,Injury,2,Dark-Lighted
5467038,Pedestrian,32.083457,-81.100731,10/10/15 22:55,Injury,2,Dark-Lighted
5180191,Pedestrian & Bicyclist,33.695569,-84.527454,2/3/15 19:59,Property Damaged Only,1,Dark-Lighted
6535456,Bicyclist,34.301835,-83.82688,12/28/17 17:53,Property Damaged Only,1,Dark-Lighted
4743188,Bicyclist,33.851068,-84.20744,2/24/14 19:16,Property Damaged Only,1,Dark-Lighted
6099453,Bicyclist,33.783386,-84.029432,1/21/17 21:49,Property Damaged Only,1,Dark-Lighted
5500986,Bicyclist,31.997074,-81.123148,11/6/15 18:20,Property Damaged Only,1,Dark-Lighted
5749130,Bicyclist,33.956909,-83.373893,4/17/16 20:50,Property Damaged Only,1,Dark-Lighted
4648189,Bicyclist,33.950757,-84.511031,11/15/13 6:47,Property Damaged Only,1,Dark-Lighted
5357952,Bicyclist,30.791412,-83.271821,7/14/15 22:28,Fatal,3,Dark-Lighted
4638534,Bicyclist,33.76593,-84.558252,10/29/13 22:58,Fatal,3,Dark-Lighted
4698275,Bicyclist,33.466926,-82.010607,1/8/14 23:34,Injury,2,Dark-Lighted
5186987,Bicyclist,33.94094,-83.371738,11/7/14 20:52,Injury,2,Dark-Lighted
5959317,Bicyclist,33.931221,-83.37821,10/14/16 22:10,Injury,2,Dark-Lighted
5601120,Bicyclist,33.510388,-82.031002,1/14/16 22:05,Injury,2,Dark-Lighted
6514470,Pedestrian,33.745174,-84.349205,12/13/17 23:53,Property Damaged Only,1,Dark-Lighted
5552478,Pedestrian,33.75113,-84.730887,10/2/15 19:28,Property Damaged Only,1,Dark-Lighted
6019639,Pedestrian,33.773833,-84.348982,11/30/16 6:00,Property Damaged Only,1,Dark-Lighted
4732218,Pedestrian,33.679261,-84.228099,2/11/14 22:00,Property Damaged Only,1,Dark-Lighted
4694999,Pedestrian,33.816292,-84.182026,1/4/14 18:27,Property Damaged Only,1,Dark-Lighted
5586809,Pedestrian,33.797946,-84.335711,12/31/15 20:30,Property Damaged Only,1,Dark-Lighted
5968431,Pedestrian,33.429909,-82.072744,10/21/16 21:34,Property Damaged Only,1,Dark-Lighted
5819255,Pedestrian,33.64167,-84.448672,6/24/16 21:30,Property Damaged Only,1,Dark-Lighted
4607532,Pedestrian,33.781507,-84.389318,10/10/13 20:12,Property Damaged Only,1,Dark-Lighted
6056176,Pedestrian,34.02879,-84.322005,12/25/16 0:47,Property Damaged Only,1,Dark-Lighted
6106268,Pedestrian,33.74053,-84.41671,1/23/17 19:23,Property Damaged Only,1,Dark-Lighted
6269420,Pedestrian,32.080194,-81.092727,6/11/17 2:57,Property Damaged Only,1,Dark-Lighted
5377053,Pedestrian,34.020405,-84.621568,7/31/15 23:30,Property Damaged Only,1,Dark-Lighted
6380261,Pedestrian,33.758406,-84.386088,9/3/17 21:30,Property Damaged Only,1,Dark-Lighted
5518046,Pedestrian,32.070842,-81.100905,11/20/15 18:22,Property Damaged Only,1,Dark-Lighted
6174371,Pedestrian,32.055404,-81.135677,2/25/17 21:22,Property Damaged Only,1,Dark-Lighted
4316788,Pedestrian,34.259579,-85.168757,1/5/13 19:30,Property Damaged Only,1,Dark-Lighted
5929271,Pedestrian,33.581408,-84.411686,9/18/16 21:27,Property Damaged Only,1,Dark-Lighted
6555654,Pedestrian,34.57028,-83.312744,12/14/17 17:50,Property Damaged Only,1,Dark-Lighted
4637295,Pedestrian,33.88068,-84.22109,11/10/13 21:50,Property Damaged Only,1,Dark-Lighted
6000464,Pedestrian,33.762591,-84.335164,11/14/16 18:07,Property Damaged Only,1,Dark-Lighted
4648254,Pedestrian,33.5958,-83.84659,11/19/13 19:31,Property Damaged Only,1,Dark-Lighted
5171776,Pedestrian,33.903312,-84.278363,1/14/15 18:06,Property Damaged Only,1,Dark-Lighted
4888106,Pedestrian,32.83556,-83.63624,6/23/14 23:24,Property Damaged Only,1,Dark-Lighted
4714443,Pedestrian,34.097918,-84.001193,1/23/14 19:17,Property Damaged Only,1,Dark-Lighted
4674320,Pedestrian,33.712838,-84.251768,12/13/13 21:08,Fatal,3,Dark-Lighted
6303880,Pedestrian,33.974472,-83.986758,7/9/17 21:23,Fatal,3,Dark-Lighted
4636381,Pedestrian,32.853173,-83.600844,10/23/13 6:51,Injury,2,Dark-Lighted
4906974,Pedestrian,33.773819,-84.357156,7/2/14 21:49,Injury,2,Dark-Lighted
4617409,Pedestrian,33.711898,-84.407929,9/30/13 6:58,Injury,2,Dark-Lighted
6025331,Pedestrian,33.746771,-84.372942,11/30/16 5:25,Injury,2,Dark-Lighted
5073042,Pedestrian,32.50702,-84.9402,12/3/14 18:23,Injury,2,Dark-Lighted
6457419,Pedestrian,30.85,-83.3,10/30/17 23:21,Injury,2,Dark-Lighted
5422217,Pedestrian,34.293975,-83.829496,9/10/15 3:45,Injury,2,Dark-Lighted
4635365,Pedestrian,34.27011,-85.21881,11/9/13 18:30,Injury,2,Dark-Lighted
4599051,Pedestrian,33.720645,-84.393317,9/29/13 19:56,Injury,2,Dark-Lighted
4340778,Pedestrian,33.79612,-84.27821,1/31/13 18:54,Injury,2,Dark-Lighted
5940031,Pedestrian,32.082753,-81.094262,10/1/16 2:33,Injury,2,Dark-Lighted
5292500,Pedestrian,33.705531,-84.460074,5/16/15 23:23,Injury,2,Dark-Lighted
4829440,Pedestrian,34.328135,-83.813691,4/27/14 21:11,Injury,2,Dark-Lighted
4537101,Pedestrian,31.79109,-81.61745,8/11/13 1:10,Injury,2,Dark-Lighted
4858431,Pedestrian,34.066299,-84.163003,4/5/14 21:00,Injury,2,Dark-Lighted
5484365,Pedestrian,33.723027,-84.167822,10/26/15 19:44,Injury,2,Dark-Lighted
5122552,Pedestrian,33.820626,-84.367625,12/24/14 6:55,Injury,2,Dark-Lighted
6215896,Pedestrian,33.623633,-84.254704,4/29/17 21:03,Injury,2,Dark-Lighted
6361076,Pedestrian,33.778567,-84.384301,8/20/17 3:00,Injury,2,Dark-Lighted
5557674,Pedestrian,33.886577,-84.645313,12/16/15 18:59,Injury,2,Dark-Lighted
6029468,Pedestrian,34.166262,-84.791575,12/1/16 20:00,Injury,2,Dark-Lighted
5344709,Pedestrian,33.812241,-84.284564,7/2/15 23:29,Injury,2,Dark-Lighted
6049463,Pedestrian,33.781336,-83.853658,12/8/16 17:00,Injury,2,Dark-Lighted
5465562,Pedestrian,33.645347,-84.339527,10/11/15 0:03,Injury,2,Dark-Lighted
6510703,Pedestrian,33.993283,-83.9867,12/7/17 19:46,Injury,2,Dark-Lighted
5553841,Pedestrian,33.781458,-84.386405,12/12/15 0:13,Injury,2,Dark-Lighted
6523151,Bicyclist,32.05353,-81.095992,12/20/17 17:45,Property Damaged Only,1,Dark-Lighted
4533545,Bicyclist,32.43979,-81.76447,8/6/13 21:25,Property Damaged Only,1,Dark-Lighted
4944776,Bicyclist,33.963976,-84.139803,8/15/14 21:50,Injury,2,Dark-Lighted
4954191,Bicyclist,33.933313,-84.380081,8/23/14 23:10,Injury,2,Dark-Lighted
4735235,Bicyclist,30.83248,-81.99958,2/13/14 20:04,Injury,2,Dark-Lighted
5983658,Bicyclist,32.208924,-82.322798,10/29/16 20:34,Injury,2,Dark-Lighted
4555119,Pedestrian,33.7682,-84.2345,8/28/13 20:56,Property Damaged Only,1,Dark-Lighted
5032037,Pedestrian,34.014081,-84.555202,10/24/14 21:08,Property Damaged Only,1,Dark-Lighted
5383303,Pedestrian,32.078791,-81.096745,8/8/15 3:19,Property Damaged Only,1,Dark-Lighted
4615505,Pedestrian,33.6992,-85.45734,10/17/13 20:00,Property Damaged Only,1,Dark-Lighted
4860478,Pedestrian,33.810124,-84.137591,5/25/14 20:38,Property Damaged Only,1,Dark-Lighted
6068899,Pedestrian,33.90198,-84.242489,12/28/16 1:19,Property Damaged Only,1,Dark-Lighted
4445396,Pedestrian,33.768372,-84.251503,5/16/13 22:00,Property Damaged Only,1,Dark-Lighted
6308592,Pedestrian,30.859485,-83.984038,7/13/17 22:16,Property Damaged Only,1,Dark-Lighted
4437951,Pedestrian,32.0556,-81.26789,5/9/13 1:07,Property Damaged Only,1,Dark-Lighted
4560708,Pedestrian,31.566328,-84.140598,5/26/13 1:43,Property Damaged Only,1,Dark-Lighted
5060683,Pedestrian,31.963366,-81.135773,11/22/14 18:03,Property Damaged Only,1,Dark-Lighted
5125367,Pedestrian,33.706861,-84.21847,1/12/15 5:30,Property Damaged Only,1,Dark-Lighted
4701276,Pedestrian,33.905268,-84.200008,1/9/14 19:46,Property Damaged Only,1,Dark-Lighted
6172307,Pedestrian,32.618291,-83.615936,3/30/17 23:49,Property Damaged Only,1,Dark-Lighted
5614100,Pedestrian,33.754441,-84.348072,1/16/16 18:42,Property Damaged Only,1,Dark-Lighted
5526092,Pedestrian,33.960258,-84.49741,11/25/15 22:31,Property Damaged Only,1,Dark-Lighted
5957993,Pedestrian,33.085984,-83.22667,10/14/16 22:18,Property Damaged Only,1,Dark-Lighted
6297505,Pedestrian,33.90251,-84.568053,7/5/17 0:01,Property Damaged Only,1,Dark-Lighted
5266076,Pedestrian,33.703554,-84.115419,4/24/15 23:11,Property Damaged Only,1,Dark-Lighted
4793237,Pedestrian,33.575089,-85.078277,3/29/14 2:26,Property Damaged Only,1,Dark-Lighted
5502763,Pedestrian,33.709807,-84.271731,11/8/15 18:20,Property Damaged Only,1,Dark-Lighted
5754837,Pedestrian,33.83705,-84.38143,5/8/16 0:16,Property Damaged Only,1,Dark-Lighted
5467695,Pedestrian,33.862425,-84.292379,9/4/15 20:54,Property Damaged Only,1,Dark-Lighted
4337507,Pedestrian,32.055133,-81.067971,1/26/13 23:09,Property Damaged Only,1,Dark-Lighted
6007304,Pedestrian,33.47297,-81.956632,11/19/16 3:21,Property Damaged Only,1,Dark-Lighted
5366899,Pedestrian,33.698184,-84.173034,7/23/15 20:56,Property Damaged Only,1,Dark-Lighted
6493132,Pedestrian,33.92355,-84.557929,10/14/17 17:26,Property Damaged Only,1,Dark-Lighted
4503373,Pedestrian,33.70199,-84.16863,7/14/13 1:50,Property Damaged Only,1,Dark-Lighted
6093953,Pedestrian,33.949179,-84.016348,1/25/17 6:20,Property Damaged Only,1,Dark-Lighted
5492757,Pedestrian,33.881188,-84.53353,10/11/15 21:27,Fatal,3,Dark-Lighted
5606236,Pedestrian,33.939312,-84.19196,1/16/16 22:25,Fatal,3,Dark-Lighted
6176027,Pedestrian,33.60291,-83.85647,4/2/17 21:16,Fatal,3,Dark-Lighted
5618466,Pedestrian,33.937535,-84.212969,1/25/16 7:30,Fatal,3,Dark-Lighted
6296874,Pedestrian,32.47057,-84.99176,7/4/17 0:05,Fatal,3,Dark-Lighted
5230685,Pedestrian,32.084719,-84.23973,3/19/15 20:27,Fatal,3,Dark-Lighted
5719636,Pedestrian,33.72212,-84.3946,4/18/16 4:34,Fatal,3,Dark-Lighted
6220053,Pedestrian,33.955284,-84.411846,5/1/17 20:47,Fatal,3,Dark-Lighted
4563227,Pedestrian,32.058295,-81.104361,9/6/13 20:12,Injury,2,Dark-Lighted
4769592,Pedestrian,33.806034,-84.336069,3/22/14 22:11,Injury,2,Dark-Lighted
5912097,Pedestrian,33.762623,-84.196544,9/9/16 21:57,Injury,2,Dark-Lighted
5558771,Pedestrian,32.002298,-81.112725,12/18/15 20:31,Injury,2,Dark-Lighted
4930324,Pedestrian,33.049071,-85.032558,8/4/14 21:08,Injury,2,Dark-Lighted
4417470,Pedestrian,33.823671,-84.203881,4/18/13 22:24,Injury,2,Dark-Lighted
5775728,Pedestrian,33.660437,-84.182532,5/29/16 2:50,Injury,2,Dark-Lighted
5002444,Pedestrian,33.763537,-84.402971,9/26/14 23:30,Injury,2,Dark-Lighted
6000013,Pedestrian,31.177727,-83.766109,10/2/16 1:35,Injury,2,Dark-Lighted
5846878,Pedestrian,33.421775,-82.06325,7/23/16 2:20,Injury,2,Dark-Lighted
6199246,Pedestrian,34.293901,-83.815718,4/17/17 5:51,Injury,2,Dark-Lighted
4949038,Pedestrian,33.731219,-84.194445,8/22/14 23:34,Injury,2,Dark-Lighted
5715017,Pedestrian,33.689257,-84.45734,4/15/16 19:29,Injury,2,Dark-Lighted
4547427,Pedestrian,31.999343,-81.117889,8/22/13 20:53,Injury,2,Dark-Lighted
5598489,Pedestrian,33.575367,-84.412279,1/15/16 6:02,Injury,2,Dark-Lighted
4546781,Pedestrian,33.904315,-84.205625,8/21/13 6:51,Injury,2,Dark-Lighted
6090627,Pedestrian,33.788402,-84.383845,1/19/17 22:10,Injury,2,Dark-Lighted
5654636,Pedestrian,33.749959,-84.752692,2/26/16 23:05,Injury,2,Dark-Lighted
6047208,Pedestrian,33.786071,-84.162446,12/19/16 19:26,Injury,2,Dark-Lighted
5778930,Pedestrian,33.766094,-84.251437,5/31/16 21:54,Injury,2,Dark-Lighted
6193358,Pedestrian,33.859818,-84.309918,2/23/17 1:25,Injury,2,Dark-Lighted
6116121,Pedestrian,33.950005,-84.584957,2/12/17 19:09,Injury,2,Dark-Lighted
4652466,Pedestrian,31.573803,-84.155949,11/22/13 20:13,Injury,2,Dark-Lighted
5122960,Pedestrian,33.82305,-84.35727,12/22/14 19:58,Injury,2,Dark-Lighted
5022585,Pedestrian,33.704964,-84.276988,10/20/14 19:40,Injury,2,Dark-Lighted
5435730,Pedestrian,33.838691,-84.333402,7/12/15 5:28,Injury,2,Dark-Lighted
6450487,Pedestrian & Bicyclist,33.76428,-84.41747,10/26/17 6:52,Injury,2,Dark-Lighted
5996076,Bicyclist,33.82517,-84.575995,11/8/16 20:05,Property Damaged Only,1,Dark-Lighted
6093812,Bicyclist,32.017129,-81.112066,1/26/17 6:46,Property Damaged Only,1,Dark-Lighted
4346360,Bicyclist,33.738253,-84.412404,1/11/13 22:50,Property Damaged Only,1,Dark-Lighted
6103289,Bicyclist,34.478463,-84.934307,1/27/17 18:34,Property Damaged Only,1,Dark-Lighted
5865324,Bicyclist,30.846912,-83.269549,8/5/16 20:41,Property Damaged Only,1,Dark-Lighted
5010020,Bicyclist,33.484024,-81.992,10/7/14 23:01,Property Damaged Only,1,Dark-Lighted
6272586,Bicyclist,34.078565,-84.260637,6/8/17 6:00,Injury,2,Dark-Lighted
5913765,Bicyclist,33.960511,-83.384159,9/11/16 3:15,Injury,2,Dark-Lighted
6372958,Bicyclist,32.548656,-82.881533,11/4/16 21:15,Injury,2,Dark-Lighted
5496059,Pedestrian,33.4772,-82.483033,10/1/15 18:41,Property Damaged Only,1,Dark-Lighted
6136664,Pedestrian,33.999728,-83.907583,2/25/17 20:19,Property Damaged Only,1,Dark-Lighted
4564980,Pedestrian,33.83104,-84.34316,9/9/13 2:40,Property Damaged Only,1,Dark-Lighted
4410364,Pedestrian,33.814645,-84.244025,4/9/13 8:30,Property Damaged Only,1,Dark-Lighted
6055490,Pedestrian,33.681111,-84.39372,12/24/16 20:00,Property Damaged Only,1,Dark-Lighted
6533033,Pedestrian,33.805916,-84.335806,12/29/17 18:38,Property Damaged Only,1,Dark-Lighted
5448621,Pedestrian,31.987679,-81.21463,9/30/15 1:24,Property Damaged Only,1,Dark-Lighted
4826142,Pedestrian,33.793362,-84.397503,4/23/14 20:52,Property Damaged Only,1,Dark-Lighted
5619933,Pedestrian,34.965893,-85.193637,1/2/16 20:45,Property Damaged Only,1,Dark-Lighted
6331306,Pedestrian,33.910418,-84.260104,7/18/17 22:37,Property Damaged Only,1,Dark-Lighted
4966281,Pedestrian,31.161269,-81.474269,8/24/14 5:48,Property Damaged Only,1,Dark-Lighted
5265342,Pedestrian,33.77949,-84.384213,4/21/15 22:27,Property Damaged Only,1,Dark-Lighted
5613957,Pedestrian,33.849869,-84.36263,1/14/16 23:20,Property Damaged Only,1,Dark-Lighted
4662185,Pedestrian,33.923797,-84.338174,12/3/13 18:45,Property Damaged Only,1,Dark-Lighted
5702913,Pedestrian,33.83297,-84.338162,4/4/16 20:18,Property Damaged Only,1,Dark-Lighted
6403350,Pedestrian,33.990221,-83.429303,9/22/17 20:00,Property Damaged Only,1,Dark-Lighted
4339870,Pedestrian,33.76739,-84.385366,1/29/13 6:57,Property Damaged Only,1,Dark-Lighted
4780472,Pedestrian,33.81032,-84.216203,4/3/14 20:21,Property Damaged Only,1,Dark-Lighted
5055322,Pedestrian,33.916018,-84.22986,11/17/14 6:58,Property Damaged Only,1,Dark-Lighted
4384970,Pedestrian,32.790637,-83.668704,2/24/13 0:01,Fatal,3,Dark-Lighted
4566634,Pedestrian,33.763461,-84.414739,8/5/13 0:38,Fatal,3,Dark-Lighted
5442895,Pedestrian,33.856567,-84.577665,9/11/15 23:39,Fatal,3,Dark-Lighted
6065266,Pedestrian,33.827962,-84.614525,11/23/16 5:28,Fatal,3,Dark-Lighted
6038076,Pedestrian,33.857913,-84.019845,12/9/16 18:36,Fatal,3,Dark-Lighted
4629533,Pedestrian,33.70628,-84.29943,11/2/13 21:00,Injury,2,Dark-Lighted
6529940,Pedestrian,33.798715,-84.37621,12/21/17 18:30,Injury,2,Dark-Lighted
5076442,Pedestrian,34.486507,-84.944822,12/5/14 18:05,Injury,2,Dark-Lighted
5248558,Pedestrian,33.689974,-84.506244,4/5/15 3:30,Injury,2,Dark-Lighted
6384491,Pedestrian,33.570023,-84.436365,9/7/17 5:59,Injury,2,Dark-Lighted
6313093,Pedestrian,34.097681,-84.047945,7/3/17 23:06,Injury,2,Dark-Lighted
5984336,Pedestrian,33.750684,-84.228546,11/2/16 5:40,Injury,2,Dark-Lighted
4904090,Pedestrian,33.750553,-84.395172,7/11/14 1:05,Injury,2,Dark-Lighted
5207109,Pedestrian,33.926576,-84.551246,3/4/15 20:10,Injury,2,Dark-Lighted
4599964,Pedestrian,33.781786,-84.380286,9/28/13 0:28,Injury,2,Dark-Lighted
4687326,Pedestrian,33.736835,-84.387833,12/21/13 20:33,Injury,2,Dark-Lighted
5598319,Pedestrian,33.85432,-84.316061,1/12/16 18:47,Injury,2,Dark-Lighted
5978799,Pedestrian,31.218591,-82.358523,10/29/16 20:29,Injury,2,Dark-Lighted
5646000,Pedestrian,30.877192,-83.275599,2/21/16 2:32,Injury,2,Dark-Lighted
5241088,Pedestrian,33.280431,-84.291801,4/3/15 20:13,Injury,2,Dark-Lighted
5496796,Pedestrian,33.959575,-83.37487,11/3/15 0:57,Injury,2,Dark-Lighted
5163144,Pedestrian,33.839704,-84.241001,2/3/15 6:48,Injury,2,Dark-Lighted
4338836,Pedestrian,33.850411,-84.320375,1/28/13 18:16,Injury,2,Dark-Lighted
4923603,Pedestrian,33.741114,-84.417508,7/30/14 21:30,Injury,2,Dark-Lighted
5482367,Pedestrian,34.79677,-84.962047,10/24/15 21:53,Injury,2,Dark-Lighted
6142320,Pedestrian,32.06072,-81.100006,3/8/17 2:12,Injury,2,Dark-Lighted
4334151,Pedestrian,33.764302,-84.532037,1/22/13 3:01,Injury,2,Dark-Lighted
5534163,Pedestrian,33.99646,-84.350015,12/1/15 17:54,Injury,2,Dark-Lighted
6175991,Pedestrian,33.841241,-84.379098,4/2/17 1:27,Injury,2,Dark-Lighted
5711380,Pedestrian,33.849519,-84.321331,4/8/16 20:15,Injury,2,Dark-Lighted
5038071,Pedestrian,33.88999,-84.28584,11/2/14 18:46,Injury,2,Dark-Lighted
4374627,Pedestrian,32.729072,-82.71958,3/1/13 18:40,Injury,2,Dark-Lighted
4707510,Pedestrian,34.794921,-85.004172,12/28/13 17:58,Injury,2,Dark-Lighted
5037188,Pedestrian,31.600997,-84.115375,10/31/14 21:29,Injury,2,Dark-Lighted
4471490,Pedestrian,31.50157,-82.84978,6/6/13 23:15,Injury,2,Dark-Lighted
4945369,Pedestrian,33.769206,-84.352358,7/22/14 21:43,Injury,2,Dark-Lighted
4643506,Bicyclist,33.482368,-81.997529,10/27/13 19:42,Property Damaged Only,1,Dark-Lighted
4397685,Bicyclist,33.712592,-84.271741,3/28/13 23:57,Property Damaged Only,1,Dark-Lighted
4657554,Bicyclist,33.901663,-84.379117,11/28/13 18:40,Property Damaged Only,1,Dark-Lighted
5004904,Bicyclist,33.754222,-84.266947,10/3/14 6:05,Property Damaged Only,1,Dark-Lighted
5496469,Bicyclist,31.567643,-84.176203,11/2/15 17:53,Property Damaged Only,1,Dark-Lighted
4419485,Bicyclist,33.941282,-84.527178,4/10/13 4:55,Fatal,3,Dark-Lighted
5464007,Bicyclist,31.201702,-81.483842,10/10/15 20:59,Injury,2,Dark-Lighted
5045727,Bicyclist,33.718676,-84.33503,11/10/14 17:50,Injury,2,Dark-Lighted
5044638,Bicyclist,33.760204,-84.372071,11/6/14 21:50,Injury,2,Dark-Lighted
5731695,Bicyclist,33.73069,-84.739989,3/19/16 22:27,Injury,2,Dark-Lighted
6488827,Bicyclist,33.548512,-84.369603,11/28/17 4:47,Injury,2,Dark-Lighted
5151597,Pedestrian,33.452767,-81.993602,1/29/15 21:00,Property Damaged Only,1,Dark-Lighted
5564729,Pedestrian,33.709665,-84.271843,12/23/15 19:25,Property Damaged Only,1,Dark-Lighted
5663705,Pedestrian,34.286486,-83.833123,3/6/16 18:59,Property Damaged Only,1,Dark-Lighted
5497123,Pedestrian,33.771285,-84.385081,10/30/15 19:30,Property Damaged Only,1,Dark-Lighted
5665294,Pedestrian,33.947459,-83.378111,2/16/16 16:46,Property Damaged Only,1,Dark-Lighted
5020883,Pedestrian,33.881006,-84.219199,10/17/14 20:59,Property Damaged Only,1,Dark-Lighted
5006053,Pedestrian,33.571343,-84.342571,10/3/14 22:58,Property Damaged Only,1,Dark-Lighted
5307463,Pedestrian,33.950188,-84.138987,5/26/15 18:50,Property Damaged Only,1,Dark-Lighted
5040029,Pedestrian,32.831626,-83.663318,11/4/14 18:33,Property Damaged Only,1,Dark-Lighted
4738193,Pedestrian,33.751714,-84.394425,2/7/14 22:00,Property Damaged Only,1,Dark-Lighted
5597490,Pedestrian,32.469428,-84.96122,1/12/16 21:30,Property Damaged Only,1,Dark-Lighted
5956471,Pedestrian,33.958749,-83.367652,10/13/16 22:39,Property Damaged Only,1,Dark-Lighted
5185354,Pedestrian,33.471395,-81.964989,1/30/15 18:29,Property Damaged Only,1,Dark-Lighted
5856248,Pedestrian,33.968588,-83.998283,7/28/16 21:16,Property Damaged Only,1,Dark-Lighted
6384539,Pedestrian,33.894796,-84.479909,9/6/17 6:41,Property Damaged Only,1,Dark-Lighted
5580996,Pedestrian,33.77002,-84.349113,12/31/15 20:54,Property Damaged Only,1,Dark-Lighted
6207199,Pedestrian,31.208816,-82.388604,4/24/17 21:59,Property Damaged Only,1,Dark-Lighted
4668938,Pedestrian,33.848625,-84.366532,12/2/13 19:53,Property Damaged Only,1,Dark-Lighted
5925792,Pedestrian,33.756247,-84.301112,8/1/16 2:25,Property Damaged Only,1,Dark-Lighted
5812734,Pedestrian,33.78067,-84.382584,6/24/16 23:12,Property Damaged Only,1,Dark-Lighted
6501199,Pedestrian,33.46818,-82.075941,12/5/17 17:37,Property Damaged Only,1,Dark-Lighted
4943043,Pedestrian,34.07123,-83.98419,8/16/14 21:15,Property Damaged Only,1,Dark-Lighted
4688409,Pedestrian,33.727411,-84.417708,12/23/13 17:30,Property Damaged Only,1,Dark-Lighted
4341982,Pedestrian,33.836024,-84.576262,1/13/13 3:02,Fatal,3,Dark-Lighted
6138395,Pedestrian,32.457864,-84.970333,3/4/17 22:19,Fatal,3,Dark-Lighted