incidentIdNbr,crashType,latitude,longitude,dateOfIncidentDate,severity,Mag,lightCondition
4671778,Pedestrian,33.930082,-84.496218,11/22/13 21:16,Fatal,3,Dark-Lighted
5801682,Pedestrian,33.848169,-84.042326,6/19/16 23:13,Fatal,3,Dark-Lighted
6099643,Pedestrian,33.908281,-84.189411,1/29/17 20:51,Fatal,3,Dark-Lighted
6036204,Pedestrian,33.85477,-84.28123,12/11/16 18:40,Fatal,3,Dark-Lighted
5673123,Pedestrian,32.053168,-81.144634,3/14/16 7:10,Fatal,3,Dark-Lighted
4768940,Pedestrian,34.89212,-84.27439,3/18/14 23:58,Fatal,3,Dark-Lighted
4457983,Pedestrian,33.109863,-83.25552,5/25/13 5:05,Fatal,3,Dark-Lighted
6477742,Pedestrian,33.889643,-84.62417,11/15/17 22:09,Injury,2,Dark-Lighted
5879838,Pedestrian,31.981724,-81.164396,8/17/16 0:40,Injury,2,Dark-Lighted
4324935,Pedestrian,33.959335,-84.411798,1/13/13 18:15,Injury,2,Dark-Lighted
5221381,Pedestrian,31.153893,-81.488815,3/7/15 22:47,Injury,2,Dark-Lighted
6023708,Pedestrian,33.809555,-84.30927,12/3/16 19:05,Injury,2,Dark-Lighted
5330202,Pedestrian,32.425776,-84.948328,6/19/15 23:34,Injury,2,Dark-Lighted
4429497,Pedestrian,33.475778,-82.002873,4/13/13 0:45,Injury,2,Dark-Lighted
5416594,Pedestrian,33.691072,-84.272322,9/6/15 21:33,Injury,2,Dark-Lighted
5727226,Pedestrian,30.832399,-83.27462,4/23/16 1:09,Injury,2,Dark-Lighted
5291182,Pedestrian,33.412259,-84.04514,5/16/15 21:20,Injury,2,Dark-Lighted
4589525,Pedestrian,33.89475,-84.210946,9/30/13 22:19,Injury,2,Dark-Lighted
6421476,Pedestrian,33.911593,-84.378782,10/7/17 23:58,Injury,2,Dark-Lighted
5586818,Pedestrian,33.560615,-84.296298,1/4/16 18:43,Injury,2,Dark-Lighted
4340653,Pedestrian,32.102062,-81.1474,1/26/13 18:33,Injury,2,Dark-Lighted
6534382,Pedestrian,32.506246,-84.973305,12/31/17 19:00,Injury,2,Dark-Lighted
6020592,Pedestrian,33.788786,-84.168584,11/30/16 22:50,Injury,2,Dark-Lighted
6104938,Pedestrian,32.833155,-83.636476,1/26/17 5:01,Injury,2,Dark-Lighted
5254945,Pedestrian,33.737934,-84.251991,4/3/15 20:52,Injury,2,Dark-Lighted
6199186,Pedestrian,32.079337,-81.100977,4/19/17 4:26,Injury,2,Dark-Lighted
5886541,Pedestrian,33.959596,-83.374856,8/20/16 23:59,Injury,2,Dark-Lighted
5438911,Pedestrian,31.610616,-84.175838,9/3/15 21:53,Injury,2,Dark-Lighted
4527385,Pedestrian,33.96348,-84.007248,7/31/13 21:23,Injury,2,Dark-Lighted
5102168,Pedestrian,33.050008,-85.034327,12/20/14 0:10,Injury,2,Dark-Lighted
5337956,Pedestrian,33.553253,-84.258895,6/26/15 20:57,Injury,2,Dark-Lighted
5963531,Pedestrian,33.617176,-84.472822,8/21/16 23:30,Injury,2,Dark-Lighted
5830609,Pedestrian,32.096503,-84.237443,7/4/16 3:32,Injury,2,Dark-Lighted
4327271,Pedestrian,33.794908,-84.226316,1/14/13 22:19,Injury,2,Dark-Lighted
5599214,Pedestrian,33.655645,-84.451315,12/1/15 21:53,Injury,2,Dark-Lighted
4954154,Pedestrian,34.149421,-84.824297,11/20/13 19:50,Injury,2,Dark-Lighted
4942177,Pedestrian,33.790367,-84.306439,8/18/14 21:52,Injury,2,Dark-Lighted
5877973,Pedestrian,33.910172,-84.206892,8/12/16 22:14,Injury,2,Dark-Lighted
5965573,Pedestrian,33.849087,-84.20338,10/20/16 5:57,Injury,2,Dark-Lighted
4905445,Pedestrian,32.12854,-81.299163,7/10/14 21:02,Injury,2,Dark-Lighted
4877299,Pedestrian,33.701003,-84.267909,6/13/14 23:24,Injury,2,Dark-Lighted
4770114,Pedestrian,31.547699,-84.150422,3/24/14 0:32,Injury,2,Dark-Lighted
4773013,Pedestrian,33.908965,-84.378765,3/26/14 21:18,Injury,2,Dark-Lighted
4781398,Bicyclist,32.440532,-84.954464,4/4/14 21:58,Property Damaged Only,1,Dark-Lighted
6438499,Bicyclist,32.063741,-81.096443,10/22/17 21:15,Property Damaged Only,1,Dark-Lighted
5968011,Bicyclist,33.902019,-84.541387,10/17/16 19:18,Property Damaged Only,1,Dark-Lighted
5945336,Bicyclist,33.79571,-84.387734,10/4/16 5:14,Property Damaged Only,1,Dark-Lighted
5598531,Bicyclist,33.92694,-84.383783,1/14/16 16:57,Property Damaged Only,1,Dark-Lighted
5267262,Bicyclist,33.774777,-84.47367,4/15/15 7:01,Injury,2,Dark-Lighted
5857084,Bicyclist,32.075305,-81.082159,7/30/16 22:57,Injury,2,Dark-Lighted
6062848,Bicyclist,34.787012,-84.961397,1/1/17 17:56,Injury,2,Dark-Lighted
6016048,Bicyclist,33.754337,-84.37438,11/16/16 18:58,Injury,2,Dark-Lighted
5441642,Bicyclist,33.92066,-84.345756,9/24/15 6:30,Injury,2,Dark-Lighted
5624678,Pedestrian,33.838072,-84.033995,1/30/16 14:51,Property Damaged Only,1,Dark-Lighted
5155915,Pedestrian,33.55988,-82.16537,9/25/14 0:23,Property Damaged Only,1,Dark-Lighted
5063704,Pedestrian,33.816292,-84.182026,11/24/14 19:46,Property Damaged Only,1,Dark-Lighted
5772721,Pedestrian,32.083897,-81.102609,5/27/16 3:00,Property Damaged Only,1,Dark-Lighted
6117173,Pedestrian,33.743319,-84.349235,2/12/17 0:10,Property Damaged Only,1,Dark-Lighted
5944158,Pedestrian,33.762895,-84.374159,10/3/16 6:45,Property Damaged Only,1,Dark-Lighted
6017852,Pedestrian,33.84134,-84.350448,11/28/16 19:00,Property Damaged Only,1,Dark-Lighted
6258675,Pedestrian,236.3564,148.4152,5/31/17 17:56,Property Damaged Only,1,Dark-Lighted
6495675,Pedestrian,33.717518,-84.145678,12/1/17 19:55,Property Damaged Only,1,Dark-Lighted
4656303,Pedestrian,33.84634,-84.3683,11/20/13 20:35,Property Damaged Only,1,Dark-Lighted
6066804,Pedestrian,32.437458,-81.773223,12/4/16 18:21,Property Damaged Only,1,Dark-Lighted
4929712,Pedestrian,33.722149,-84.42538,7/25/14 23:00,Property Damaged Only,1,Dark-Lighted
4667004,Pedestrian,33.673599,-84.277558,12/6/13 22:30,Property Damaged Only,1,Dark-Lighted
4665077,Pedestrian,33.738391,-84.423481,12/4/13 17:53,Property Damaged Only,1,Dark-Lighted
5075623,Pedestrian,33.786983,-83.708386,12/5/14 19:12,Property Damaged Only,1,Dark-Lighted
5205732,Pedestrian,34.254535,-85.171618,3/4/15 19:10,Property Damaged Only,1,Dark-Lighted
4942728,Pedestrian,34.000404,-83.918884,8/16/14 0:09,Property Damaged Only,1,Dark-Lighted
4656501,Pedestrian,33.938724,-83.322555,11/26/13 20:14,Property Damaged Only,1,Dark-Lighted
4964070,Pedestrian,33.358438,-82.059876,9/3/14 20:52,Property Damaged Only,1,Dark-Lighted
6485583,Pedestrian,33.711564,-84.212961,11/24/17 0:00,Property Damaged Only,1,Dark-Lighted
5348863,Pedestrian,34.060843,-84.682504,7/4/15 21:31,Property Damaged Only,1,Dark-Lighted
5637942,Pedestrian,33.950395,-84.53596,2/14/16 20:34,Property Damaged Only,1,Dark-Lighted
4612726,Pedestrian,34.29158,-83.84603,10/19/13 20:11,Property Damaged Only,1,Dark-Lighted
6074043,Pedestrian,32.801645,-83.65089,1/10/17 21:05,Property Damaged Only,1,Dark-Lighted
5015353,Pedestrian,33.801668,-84.002475,10/11/14 20:46,Property Damaged Only,1,Dark-Lighted
5153393,Pedestrian,33.957901,-83.374281,1/31/15 1:16,Property Damaged Only,1,Dark-Lighted
5711539,Pedestrian,33.690247,-84.349278,4/12/16 22:50,Fatal,3,Dark-Lighted
5800719,Pedestrian,33.639127,-84.37191,6/19/16 1:01,Fatal,3,Dark-Lighted
6527004,Pedestrian,33.376252,-82.069314,12/23/17 19:04,Fatal,3,Dark-Lighted
6135403,Pedestrian,33.611559,-84.286456,2/28/17 23:10,Fatal,3,Dark-Lighted
4654711,Pedestrian,33.866693,-84.464478,11/6/13 18:06,Fatal,3,Dark-Lighted
4612246,Pedestrian,33.59482,-84.559773,10/20/13 1:40,Fatal,3,Dark-Lighted
6528698,Pedestrian,33.740243,-84.349273,12/24/17 23:15,Injury,2,Dark-Lighted
5813285,Pedestrian,31.568112,-84.167759,6/21/16 20:44,Injury,2,Dark-Lighted
4744289,Pedestrian,33.787114,-84.246723,2/25/14 23:21,Injury,2,Dark-Lighted
5017363,Pedestrian,33.961174,-83.398318,10/14/14 8:30,Injury,2,Dark-Lighted
4424909,Pedestrian,33.712391,-84.271679,4/25/13 22:33,Injury,2,Dark-Lighted
4420755,Pedestrian,34.165362,-84.794944,3/17/13 0:15,Injury,2,Dark-Lighted
6049350,Pedestrian,34.026887,-83.307452,12/20/16 18:45,Injury,2,Dark-Lighted
4441979,Pedestrian,33.044286,-85.00791,5/9/13 23:02,Injury,2,Dark-Lighted
4864970,Pedestrian,32.10423,-81.150503,5/31/14 20:52,Injury,2,Dark-Lighted
4649268,Pedestrian,33.725464,-84.181549,11/20/13 21:14,Injury,2,Dark-Lighted
4421262,Pedestrian,33.719861,-84.435578,4/15/13 21:11,Injury,2,Dark-Lighted
5651841,Pedestrian,30.776564,-81.59077,1/16/16 19:04,Injury,2,Dark-Lighted
6535511,Pedestrian,33.294956,-83.959465,12/30/17 21:30,Injury,2,Dark-Lighted
5518131,Pedestrian,33.844509,-84.213293,11/20/15 20:00,Injury,2,Dark-Lighted
4507659,Pedestrian,33.573283,-84.371933,7/17/13 4:03,Injury,2,Dark-Lighted
4902579,Pedestrian,33.806684,-84.393835,6/22/14 2:30,Injury,2,Dark-Lighted
5419892,Pedestrian,33.722215,-84.393429,9/1/15 21:38,Injury,2,Dark-Lighted
4876670,Pedestrian,32.740853,-81.631804,4/3/14 21:56,Injury,2,Dark-Lighted
5915008,Pedestrian,33.736526,-84.116892,9/11/16 21:43,Injury,2,Dark-Lighted
5761231,Pedestrian,32.075774,-81.094369,5/18/16 22:04,Injury,2,Dark-Lighted
6497703,Pedestrian,32.48439,-84.916467,12/3/17 21:23,Injury,2,Dark-Lighted
6415447,Pedestrian,34.95494,-85.25597,9/25/17 20:17,Injury,2,Dark-Lighted
4529739,Pedestrian,32.424057,-84.947523,8/4/13 0:22,Injury,2,Dark-Lighted
5815089,Pedestrian,33.955468,-84.24466,6/28/16 22:42,Injury,2,Dark-Lighted
5035328,Pedestrian,32.472412,-84.98767,10/31/14 0:35,Injury,2,Dark-Lighted
4430265,Pedestrian,33.778517,-84.384277,4/24/13 20:30,Injury,2,Dark-Lighted
4378552,Pedestrian,33.949234,-83.387406,2/23/13 2:49,Injury,2,Dark-Lighted
6238227,Pedestrian,33.738146,-84.401644,5/12/17 21:27,Injury,2,Dark-Lighted
4572891,Pedestrian,34.013905,-84.613328,7/29/13 3:42,Injury,2,Dark-Lighted
4634618,Bicyclist,31.617185,-84.176399,11/8/13 14:27,Property Damaged Only,1,Dark-Lighted
4943382,Bicyclist,33.806644,-84.393926,8/16/14 23:35,Property Damaged Only,1,Dark-Lighted
5903642,Bicyclist,33.587973,-84.515892,9/2/16 23:23,Property Damaged Only,1,Dark-Lighted
6051747,Bicyclist,33.793771,-84.273991,12/22/16 18:05,Injury,2,Dark-Lighted
4589646,Bicyclist,33.785782,-84.411652,10/2/13 7:22,Injury,2,Dark-Lighted
4848880,Bicyclist,34.026325,-84.341414,5/17/14 23:07,Injury,2,Dark-Lighted
4990449,Bicyclist,33.447711,-82.190189,6/27/14 21:36,Injury,2,Dark-Lighted
5426064,Bicyclist,32.052852,-81.104091,9/15/15 21:58,Injury,2,Dark-Lighted
5159555,Bicyclist,33.94086,-83.371776,10/9/14 19:33,Injury,2,Dark-Lighted
4612409,Bicyclist,32.059041,-81.094611,9/14/13 3:41,Injury,2,Dark-Lighted
5014176,Bicyclist,33.560628,-84.403504,10/10/14 22:11,Injury,2,Dark-Lighted
4526721,Bicyclist,33.875089,-84.081929,8/1/13 0:31,Injury,2,Dark-Lighted
5553586,Bicyclist,30.846949,-83.318529,12/14/15 19:45,Injury,2,Dark-Lighted
5558997,Pedestrian,31.993108,-81.07084,12/18/15 22:07,Property Damaged Only,1,Dark-Lighted
6524650,Pedestrian,33.943591,-84.338024,12/21/17 6:48,Property Damaged Only,1,Dark-Lighted
5063356,Pedestrian,33.754318,-84.372158,11/21/14 18:20,Property Damaged Only,1,Dark-Lighted
6262976,Pedestrian,33.757663,-84.372264,6/3/17 0:00,Property Damaged Only,1,Dark-Lighted
4507625,Pedestrian,33.579411,-84.38344,7/18/13 22:11,Property Damaged Only,1,Dark-Lighted
4653616,Pedestrian,34.032117,-84.622485,11/24/13 22:01,Property Damaged Only,1,Dark-Lighted
6501514,Pedestrian,33.901689,-84.265143,12/5/17 19:14,Property Damaged Only,1,Dark-Lighted
5466494,Pedestrian,33.763501,-84.429194,10/12/15 20:40,Property Damaged Only,1,Dark-Lighted
6037147,Pedestrian,33.933433,-84.511252,12/7/16 22:06,Property Damaged Only,1,Dark-Lighted
5461257,Pedestrian,32.383742,-83.346835,10/7/15 19:43,Property Damaged Only,1,Dark-Lighted
5512488,Pedestrian,33.46948,-82.064562,11/14/15 19:35,Property Damaged Only,1,Dark-Lighted
5712710,Pedestrian,33.69753,-84.4084,3/22/16 23:26,Property Damaged Only,1,Dark-Lighted
5564549,Pedestrian,34.472133,-84.921395,12/23/15 6:55,Property Damaged Only,1,Dark-Lighted
6521088,Pedestrian,34.787197,-84.998817,12/19/17 9:28,Property Damaged Only,1,Dark-Lighted
6387337,Pedestrian,33.913777,-84.208532,9/9/17 20:15,Property Damaged Only,1,Dark-Lighted
4550886,Pedestrian,33.837794,-84.237611,8/26/13 6:53,Property Damaged Only,1,Dark-Lighted
5645038,Pedestrian,33.689771,-84.506246,2/12/16 20:00,Property Damaged Only,1,Dark-Lighted
5755781,Pedestrian,33.806983,-84.185995,5/14/16 23:50,Property Damaged Only,1,Dark-Lighted
6432023,Pedestrian,33.763484,-84.420186,10/11/17 21:00,Property Damaged Only,1,Dark-Lighted
5062669,Pedestrian,33.85563,-84.351445,11/19/14 18:55,Property Damaged Only,1,Dark-Lighted
4762233,Pedestrian,33.701814,-84.268753,3/15/14 23:20,Property Damaged Only,1,Dark-Lighted
6479853,Pedestrian,33.692276,-84.349519,11/19/17 19:00,Property Damaged Only,1,Dark-Lighted
5051665,Pedestrian,33.929095,-84.473372,11/13/14 20:17,Property Damaged Only,1,Dark-Lighted
6533874,Pedestrian,32.815221,-83.697988,12/31/17 0:10,Property Damaged Only,1,Dark-Lighted
5351627,Pedestrian,32.5591,-83.882906,7/10/15 4:39,Property Damaged Only,1,Dark-Lighted
4357478,Pedestrian,31.783744,-84.44639,2/14/13 19:47,Fatal,3,Dark-Lighted
6509699,Pedestrian,33.948167,-84.489394,11/30/17 18:22,Fatal,3,Dark-Lighted
6154335,Pedestrian,233.3767,143.5672,3/11/17 1:21,Fatal,3,Dark-Lighted
4877686,Pedestrian,33.683045,-84.246584,6/13/14 21:17,Injury,2,Dark-Lighted
6319866,Pedestrian,33.75113,-84.730887,5/8/17 21:13,Injury,2,Dark-Lighted
6444852,Pedestrian,33.716177,-84.127379,10/17/17 0:00,Injury,2,Dark-Lighted
4569954,Pedestrian,33.55602,-84.2551,9/14/13 21:46,Injury,2,Dark-Lighted
6343212,Pedestrian,34.233909,-83.923329,8/5/17 1:38,Injury,2,Dark-Lighted
5774035,Pedestrian,33.974879,-84.353971,5/15/13 21:04,Injury,2,Dark-Lighted
4686663,Pedestrian,32.023399,-80.965774,12/25/13 18:08,Injury,2,Dark-Lighted
6004093,Pedestrian,34.023646,-84.329661,11/15/16 19:48,Injury,2,Dark-Lighted
4764012,Pedestrian,33.713571,-84.146584,3/17/14 20:10,Injury,2,Dark-Lighted
6219067,Pedestrian,33.983474,-84.42721,5/3/17 22:06,Injury,2,Dark-Lighted
5520278,Pedestrian,33.710427,-84.407984,11/17/15 18:20,Injury,2,Dark-Lighted
4949491,Pedestrian,33.391637,-82.104043,8/24/14 0:34,Injury,2,Dark-Lighted
6121013,Pedestrian,33.781519,-84.399043,2/16/17 18:57,Injury,2,Dark-Lighted
4660869,Pedestrian,33.760724,-84.193979,12/2/13 19:54,Injury,2,Dark-Lighted
5342068,Pedestrian,33.705832,-84.271646,6/30/15 23:53,Injury,2,Dark-Lighted
6244459,Pedestrian,33.708059,-84.379966,5/20/17 5:25,Injury,2,Dark-Lighted
6484538,Pedestrian,34.25729,-83.46484,11/21/17 19:00,Injury,2,Dark-Lighted
5334395,Pedestrian,32.165622,-82.900075,6/23/15 0:01,Injury,2,Dark-Lighted
4326781,Pedestrian,33.611782,-84.47187,1/12/13 4:14,Injury,2,Dark-Lighted
4978332,Pedestrian,31.163726,-81.49521,9/9/14 20:35,Injury,2,Dark-Lighted
4587382,Pedestrian,33.786985,-84.19552,9/30/13 21:05,Injury,2,Dark-Lighted
6161475,Pedestrian,32.438609,-81.762776,2/4/17 20:02,Injury,2,Dark-Lighted
6124348,Pedestrian,31.620102,-84.215483,2/18/17 19:12,Injury,2,Dark-Lighted
5360287,Pedestrian,33.793105,-84.295344,7/18/15 2:38,Injury,2,Dark-Lighted
6524736,Pedestrian,32.467617,-84.910014,12/21/17 18:50,Injury,2,Dark-Lighted
5848354,Pedestrian,33.703575,-84.504078,6/17/16 3:40,Injury,2,Dark-Lighted
5459121,Pedestrian,33.772596,-84.425228,10/2/15 23:00,Injury,2,Dark-Lighted
6351618,Pedestrian,33.712276,-84.32083,8/12/17 23:27,Injury,2,Dark-Lighted
5382373,Pedestrian,33.781561,-84.390582,8/6/15 22:42,Injury,2,Dark-Lighted
6121853,Pedestrian,32.031153,-81.06887,2/17/17 18:32,Injury,2,Dark-Lighted
4436396,Pedestrian,33.77258,-84.38488,5/1/13 22:28,Injury,2,Dark-Lighted
4383982,Pedestrian & Bicyclist,33.746733,-84.372393,3/6/13 0:36,Property Damaged Only,1,Dark-Lighted
4476973,Bicyclist,33.953048,-84.05107,4/7/13 21:27,Property Damaged Only,1,Dark-Lighted
4557420,Bicyclist,32.00794,-81.10049,8/31/13 22:30,Property Damaged Only,1,Dark-Lighted
6185591,Bicyclist,31.445782,-83.514536,4/9/17 21:01,Property Damaged Only,1,Dark-Lighted
4744194,Bicyclist,34.014328,-84.362926,2/24/14 5:56,Property Damaged Only,1,Dark-Lighted
5321734,Bicyclist,33.397716,-82.054783,6/11/15 22:21,Property Damaged Only,1,Dark-Lighted
4440715,Bicyclist,32.50251,-84.96652,5/11/13 21:45,Property Damaged Only,1,Dark-Lighted
5663860,Bicyclist,33.764546,-84.385773,2/27/16 19:35,Property Damaged Only,1,Dark-Lighted
6412816,Bicyclist,34.067375,-84.283371,9/29/17 19:19,Injury,2,Dark-Lighted
4724726,Bicyclist,32.87291,-82.395744,2/5/14 18:51,Injury,2,Dark-Lighted
5188977,Bicyclist,33.776165,-84.282805,11/9/14 17:59,Injury,2,Dark-Lighted
4364655,Bicyclist,32.499177,-84.959682,2/23/13 6:25,Injury,2,Dark-Lighted
5562597,Pedestrian,33.841181,-84.375403,12/19/15 2:35,Property Damaged Only,1,Dark-Lighted
6497636,Pedestrian,33.734791,-84.132231,12/3/17 20:35,Property Damaged Only,1,Dark-Lighted
6127524,Pedestrian,33.601526,-84.429623,2/22/17 18:18,Property Damaged Only,1,Dark-Lighted
6031700,Pedestrian,33.798894,-84.220599,12/7/16 21:14,Property Damaged Only,1,Dark-Lighted
5517063,Pedestrian,33.738088,-84.251977,11/20/15 6:04,Property Damaged Only,1,Dark-Lighted
5346539,Pedestrian,32.081102,-81.10195,7/6/15 0:44,Property Damaged Only,1,Dark-Lighted
4648256,Pedestrian,33.69964,-84.089447,11/19/13 20:50,Property Damaged Only,1,Dark-Lighted
5653185,Pedestrian,33.899301,-84.207204,2/25/16 21:37,Property Damaged Only,1,Dark-Lighted
6295157,Pedestrian,33.611012,-84.471624,7/2/17 4:04,Property Damaged Only,1,Dark-Lighted
5478484,Pedestrian,32.823267,-83.66552,10/21/15 20:41,Property Damaged Only,1,Dark-Lighted
4352414,Pedestrian,32.055302,-81.080818,2/12/13 20:19,Property Damaged Only,1,Dark-Lighted
5866957,Pedestrian,33.92291,-84.379175,8/6/16 20:53,Property Damaged Only,1,Dark-Lighted
4698491,Pedestrian,33.967781,-84.022651,1/8/14 19:41,Property Damaged Only,1,Dark-Lighted
4929800,Pedestrian,32.82607,-83.67071,7/18/14 5:02,Property Damaged Only,1,Dark-Lighted
5447868,Pedestrian,33.754201,-84.483715,9/26/15 21:15,Property Damaged Only,1,Dark-Lighted
5069535,Pedestrian,34.236728,-85.16098,12/1/14 18:57,Property Damaged Only,1,Dark-Lighted
4735162,Pedestrian,33.52352,-84.363511,2/16/14 20:31,Property Damaged Only,1,Dark-Lighted
5567673,Pedestrian,33.713268,-84.310522,12/27/15 1:15,Property Damaged Only,1,Dark-Lighted
6533458,Pedestrian,33.798666,-84.220793,12/29/17 21:49,Property Damaged Only,1,Dark-Lighted
5615116,Pedestrian,33.761279,-84.195033,1/28/16 19:15,Property Damaged Only,1,Dark-Lighted
6235972,Pedestrian,33.510564,-84.448224,3/28/17 5:34,Property Damaged Only,1,Dark-Lighted
5737859,Pedestrian,33.946547,-83.351653,4/30/16 22:56,Property Damaged Only,1,Dark-Lighted
4555007,Pedestrian,32.04386,-81.006644,8/28/13 20:56,Property Damaged Only,1,Dark-Lighted
5040334,Pedestrian,33.933708,-84.337622,11/4/14 19:53,Property Damaged Only,1,Dark-Lighted
5532354,Pedestrian,33.960048,-84.13274,11/25/15 18:17,Property Damaged Only,1,Dark-Lighted
4343963,Pedestrian,33.838779,-84.333468,2/3/13 3:48,Fatal,3,Dark-Lighted
5502806,Pedestrian,34.270146,-85.218877,11/8/15 19:14,Fatal,3,Dark-Lighted
5945616,Pedestrian,33.57886,-84.411958,10/4/16 20:25,Fatal,3,Dark-Lighted
4655758,Pedestrian,33.80921,-83.67848,11/21/13 19:45,Fatal,3,Dark-Lighted
5907208,Pedestrian,34.069099,-84.293708,9/6/16 6:10,Fatal,3,Dark-Lighted
6309799,Pedestrian,33.7891,-84.23145,7/14/17 21:30,Fatal,3,Dark-Lighted
5106373,Pedestrian,33.94193,-84.271063,12/15/14 7:02,Injury,2,Dark-Lighted
5513691,Pedestrian,32.560742,-83.891282,11/7/15 21:34,Injury,2,Dark-Lighted
5151447,Pedestrian,33.44149,-81.998196,1/29/15 20:19,Injury,2,Dark-Lighted
5032484,Pedestrian,33.764271,-84.38206,10/24/14 21:15,Injury,2,Dark-Lighted
6467989,Pedestrian,33.810419,-84.272986,11/10/17 20:32,Injury,2,Dark-Lighted
5940071,Pedestrian,33.842077,-84.307886,10/1/16 3:28,Injury,2,Dark-Lighted
5944133,Pedestrian,33.763555,-84.433757,9/28/16 21:56,Injury,2,Dark-Lighted
6079033,Pedestrian,32.191472,-83.174097,1/14/17 18:16,Injury,2,Dark-Lighted
5894404,Pedestrian,33.929369,-84.346936,8/27/16 20:57,Injury,2,Dark-Lighted
5571600,Pedestrian,32.000455,-81.10316,12/28/15 21:24,Injury,2,Dark-Lighted
5943146,Pedestrian,33.586493,-84.206204,10/3/16 19:35,Injury,2,Dark-Lighted
4940631,Pedestrian,33.748494,-84.161692,8/17/14 0:48,Injury,2,Dark-Lighted
4441652,Pedestrian,33.43527,-82.02485,5/12/13 22:25,Injury,2,Dark-Lighted
4892544,Pedestrian,33.55351,-85.06827,6/26/14 0:37,Injury,2,Dark-Lighted
5879969,Pedestrian,34.075488,-84.278278,8/16/16 20:30,Injury,2,Dark-Lighted
5992719,Pedestrian,33.951743,-84.14579,11/7/16 18:59,Injury,2,Dark-Lighted
6123550,Pedestrian,33.751883,-84.379654,2/19/17 0:10,Injury,2,Dark-Lighted
6047584,Pedestrian,33.840643,-84.376532,12/18/16 3:30,Injury,2,Dark-Lighted
4768523,Pedestrian,33.735813,-84.436344,2/6/14 2:50,Injury,2,Dark-Lighted
6019588,Pedestrian,33.936132,-84.555861,11/29/16 17:50,Injury,2,Dark-Lighted
5465241,Pedestrian,33.773027,-84.413414,10/3/15 23:50,Injury,2,Dark-Lighted
4412618,Pedestrian,33.863864,-84.297003,4/11/13 20:50,Injury,2,Dark-Lighted
5515495,Pedestrian,34.227172,-85.1674,11/19/15 1:05,Injury,2,Dark-Lighted
5237735,Pedestrian,32.854697,-83.618109,3/31/15 20:48,Injury,2,Dark-Lighted
6457446,Pedestrian,30.829,-83.275,11/2/17 21:37,Injury,2,Dark-Lighted
4447553,Pedestrian,34.29416,-83.81608,5/17/13 22:44,Injury,2,Dark-Lighted
5104971,Bicyclist,32.065156,-81.09832,12/23/14 16:55,Property Damaged Only,1,Dark-Lighted
6330235,Bicyclist,32.53883,-84.87083,7/29/17 23:45,Property Damaged Only,1,Dark-Lighted
5508736,Bicyclist,33.615495,-84.438441,11/13/15 6:03,Property Damaged Only,1,Dark-Lighted
4319172,Bicyclist,32.019171,-81.074461,1/8/13 18:00,Property Damaged Only,1,Dark-Lighted
6386183,Bicyclist,31.568052,-84.176199,9/8/17 21:34,Property Damaged Only,1,Dark-Lighted
6514901,Bicyclist,33.841889,-84.374191,12/13/17 18:52,Property Damaged Only,1,Dark-Lighted
4669145,Bicyclist,33.449097,-82.020709,12/9/13 17:29,Property Damaged Only,1,Dark-Lighted
5991847,Bicyclist,33.716103,-84.215446,11/8/16 20:10,Injury,2,Dark-Lighted
5305670,Bicyclist,32.054018,-81.095348,5/27/15 3:05,Injury,2,Dark-Lighted
4431368,Bicyclist,33.791773,-84.374125,4/27/13 2:07,Injury,2,Dark-Lighted
5224008,Bicyclist,34.761439,-84.97494,2/28/15 19:04,Injury,2,Dark-Lighted
4822415,Pedestrian,33.667978,-84.340365,4/22/14 4:10,Property Damaged Only,1,Dark-Lighted
5276741,Pedestrian,33.953302,-84.143227,4/14/15 7:50,Property Damaged Only,1,Dark-Lighted
4682676,Pedestrian,33.786901,-84.195716,12/20/13 19:36,Property Damaged Only,1,Dark-Lighted
5609730,Pedestrian,34.237633,-85.159713,1/25/16 6:35,Property Damaged Only,1,Dark-Lighted
5289310,Pedestrian,33.286979,-84.29184,5/14/15 23:39,Property Damaged Only,1,Dark-Lighted
4326119,Pedestrian,33.94067,-84.08044,1/10/13 20:53,Property Damaged Only,1,Dark-Lighted
4384351,Pedestrian,33.759696,-84.387584,3/14/13 0:30,Property Damaged Only,1,Dark-Lighted
4415085,Pedestrian,33.758448,-84.349124,4/12/13 23:53,Property Damaged Only,1,Dark-Lighted
5338108,Pedestrian,33.761595,-84.247533,6/14/15 5:04,Property Damaged Only,1,Dark-Lighted
5998559,Pedestrian,33.817714,-84.312072,11/14/16 18:17,Property Damaged Only,1,Dark-Lighted
6456609,Pedestrian,33.84193,-84.329927,10/28/17 22:39,Property Damaged Only,1,Dark-Lighted
5945111,Pedestrian,33.775116,-84.388928,10/4/16 20:24,Property Damaged Only,1,Dark-Lighted
6490412,Pedestrian,33.784548,-84.407513,11/28/17 17:59,Property Damaged Only,1,Dark-Lighted
5031990,Pedestrian,34.106405,-84.033617,10/27/14 6:53,Property Damaged Only,1,Dark-Lighted
6519479,Pedestrian,33.972483,-83.357723,12/14/17 18:22,Property Damaged Only,1,Dark-Lighted
5626279,Pedestrian,32.072718,-81.086296,2/6/16 20:06,Property Damaged Only,1,Dark-Lighted
4882067,Pedestrian,32.54046,-84.86786,6/18/14 22:49,Property Damaged Only,1,Dark-Lighted
4543134,Pedestrian,33.965578,-83.381198,8/18/13 0:24,Property Damaged Only,1,Dark-Lighted
6382881,Pedestrian,34.02552,-84.63395,9/3/17 20:46,Property Damaged Only,1,Dark-Lighted
4351448,Pedestrian,32.45805,-84.91507,2/11/13 21:09,Property Damaged Only,1,Dark-Lighted
4513674,Pedestrian,30.85707,-83.27443,5/19/13 0:10,Property Damaged Only,1,Dark-Lighted
5595755,Pedestrian,33.811959,-84.193603,1/12/16 20:29,Fatal,3,Dark-Lighted