incidentIdNbr,crashType,latitude,longitude,dateOfIncidentDate,severity,Mag,lightCondition
4668846,Pedestrian,32.048367,-81.165469,12/9/13 20:12,Fatal,3,Dark-Lighted
4724512,Pedestrian,33.824042,-84.108363,2/5/14 22:40,Fatal,3,Dark-Lighted
5110303,Pedestrian,32.069513,-82.907325,12/24/14 19:11,Fatal,3,Dark-Lighted
6522816,Pedestrian,32.5522,-84.948766,12/20/17 0:00,Injury,2,Dark-Lighted
4486149,Pedestrian,33.90846,-84.20621,6/23/13 21:22,Injury,2,Dark-Lighted
5633544,Pedestrian,33.794306,-84.263544,2/11/16 5:50,Injury,2,Dark-Lighted
6369582,Pedestrian,33.754318,-84.372158,8/25/17 0:51,Injury,2,Dark-Lighted
4662226,Pedestrian,33.700956,-84.307434,12/3/13 22:35,Injury,2,Dark-Lighted
5043964,Pedestrian,33.711312,-84.271607,11/3/14 21:26,Injury,2,Dark-Lighted
6374331,Pedestrian,33.863389,-83.963257,8/25/17 22:28,Injury,2,Dark-Lighted
4986452,Pedestrian,33.711901,-84.271607,9/19/14 22:50,Injury,2,Dark-Lighted
4535055,Pedestrian,33.846376,-84.249882,8/8/13 21:09,Injury,2,Dark-Lighted
4755122,Pedestrian,33.572066,-83.850283,3/8/14 15:03,Injury,2,Dark-Lighted
5156717,Pedestrian,33.326876,-83.384305,9/12/14 23:56,Injury,2,Dark-Lighted
5690944,Pedestrian,33.751058,-84.444127,3/27/16 23:00,Injury,2,Dark-Lighted
4889564,Pedestrian,33.737209,-84.387886,6/13/14 22:11,Injury,2,Dark-Lighted
5604037,Pedestrian,31.210342,-82.346092,12/18/15 18:42,Injury,2,Dark-Lighted
6061759,Pedestrian,33.430203,-82.042646,12/30/16 17:55,Injury,2,Dark-Lighted
4954278,Pedestrian,32.05881,-81.113564,8/27/14 0:00,Injury,2,Dark-Lighted
5671565,Pedestrian,33.768588,-84.118519,3/12/16 18:09,Injury,2,Dark-Lighted
6103467,Pedestrian,33.553773,-84.259179,2/2/17 20:01,Injury,2,Dark-Lighted
5910900,Pedestrian,33.935883,-84.158983,9/4/16 0:49,Injury,2,Dark-Lighted
6089349,Pedestrian,33.801885,-84.194094,1/22/17 6:30,Injury,2,Dark-Lighted
4437436,Pedestrian,33.72227,-84.393439,5/2/13 20:41,Injury,2,Dark-Lighted
5471830,Pedestrian,33.897248,-84.250712,10/17/15 0:06,Injury,2,Dark-Lighted
6270156,Pedestrian,33.842034,-84.21635,6/11/17 22:16,Injury,2,Dark-Lighted
6216197,Pedestrian,33.786402,-84.233904,5/2/17 20:52,Injury,2,Dark-Lighted
6471080,Pedestrian,33.994326,-83.937879,11/7/17 18:15,Injury,2,Dark-Lighted
6308919,Pedestrian,33.64184,-84.4477,6/9/17 5:30,Injury,2,Dark-Lighted
5208433,Pedestrian,32.477644,-84.941487,3/7/15 0:27,Injury,2,Dark-Lighted
6226372,Pedestrian,34.092158,-84.283692,5/7/17 22:19,Injury,2,Dark-Lighted
6117583,Pedestrian & Bicyclist,33.965514,-84.023661,2/13/17 5:59,Property Damaged Only,1,Dark-Lighted
4316314,Bicyclist,33.894931,-84.56623,1/2/13 19:01,Property Damaged Only,1,Dark-Lighted
6277908,Bicyclist,33.486754,-81.998707,6/17/17 23:21,Property Damaged Only,1,Dark-Lighted
6300938,Bicyclist,34.020595,-84.78197,7/1/17 21:40,Property Damaged Only,1,Dark-Lighted
4705275,Bicyclist,32.056762,-81.125885,1/15/14 18:50,Property Damaged Only,1,Dark-Lighted
5181242,Bicyclist,33.652549,-84.006955,2/17/15 18:49,Property Damaged Only,1,Dark-Lighted
5163644,Bicyclist,33.954189,-83.369615,11/6/14 17:24,Injury,2,Dark-Lighted
5519375,Bicyclist,33.449575,-81.988231,11/20/15 19:16,Injury,2,Dark-Lighted
5535595,Bicyclist,34.028172,-84.335334,11/24/15 6:00,Injury,2,Dark-Lighted
5480472,Bicyclist,31.508895,-82.850374,10/22/15 19:24,Injury,2,Dark-Lighted
4347109,Bicyclist,34.023371,-84.326562,1/5/13 19:27,Injury,2,Dark-Lighted
4909353,Pedestrian,33.516463,-82.032381,7/16/14 22:29,Property Damaged Only,1,Dark-Lighted
5455873,Pedestrian,33.931931,-83.364354,10/3/15 22:02,Property Damaged Only,1,Dark-Lighted
5093025,Pedestrian,33.97641,-84.527072,12/12/14 5:25,Property Damaged Only,1,Dark-Lighted
6145337,Pedestrian,32.803855,-83.663174,3/9/17 19:26,Property Damaged Only,1,Dark-Lighted
4672816,Pedestrian,33.960266,-84.147987,12/6/13 22:20,Property Damaged Only,1,Dark-Lighted
6431856,Pedestrian,34.055191,-84.296251,10/14/17 23:42,Property Damaged Only,1,Dark-Lighted
6196783,Pedestrian,33.848808,-84.366488,4/15/17 0:38,Property Damaged Only,1,Dark-Lighted
6000571,Pedestrian,33.783885,-84.383352,11/14/16 11:05,Property Damaged Only,1,Dark-Lighted
5855604,Pedestrian,33.830059,-84.387827,7/28/16 23:38,Property Damaged Only,1,Dark-Lighted
4656280,Pedestrian,33.82145,-84.367521,11/14/13 20:20,Property Damaged Only,1,Dark-Lighted
5480923,Pedestrian,33.054603,-84.155394,10/19/15 19:46,Property Damaged Only,1,Dark-Lighted
6232315,Pedestrian,32.072152,-81.09325,5/14/17 2:23,Property Damaged Only,1,Dark-Lighted
4902297,Pedestrian,34.223347,-85.167338,7/10/14 2:44,Property Damaged Only,1,Dark-Lighted
4544527,Pedestrian,33.711904,-84.326638,8/20/13 6:50,Property Damaged Only,1,Dark-Lighted
6591975,Pedestrian,33.750315,-84.71272,8/8/17 5:38,Property Damaged Only,1,Dark-Lighted
6120359,Pedestrian,33.747537,-84.395887,2/15/17 7:14,Property Damaged Only,1,Dark-Lighted
5180820,Pedestrian,33.771259,-84.387433,2/9/15 6:10,Property Damaged Only,1,Dark-Lighted
6109445,Pedestrian,33.597949,-84.378401,2/7/17 18:50,Property Damaged Only,1,Dark-Lighted
5234581,Pedestrian,31.604893,-84.175962,3/30/15 3:32,Property Damaged Only,1,Dark-Lighted
5770451,Pedestrian,33.70301,-84.35767,5/19/16 21:40,Property Damaged Only,1,Dark-Lighted
6049751,Pedestrian,33.860843,-84.330633,12/19/16 19:57,Property Damaged Only,1,Dark-Lighted
4377075,Pedestrian,33.771046,-84.24163,3/10/13 1:19,Property Damaged Only,1,Dark-Lighted
5053738,Pedestrian,33.61951,-84.238712,11/17/14 19:40,Property Damaged Only,1,Dark-Lighted
5397179,Pedestrian,31.956888,-83.788982,8/15/15 4:06,Property Damaged Only,1,Dark-Lighted
5592701,Pedestrian,33.82101,-84.368781,1/1/16 22:27,Property Damaged Only,1,Dark-Lighted
4859491,Pedestrian,33.84269,-84.487396,5/25/14 3:00,Property Damaged Only,1,Dark-Lighted
5141321,Pedestrian,33.616519,-84.47281,9/22/14 7:02,Fatal,3,Dark-Lighted
5653021,Pedestrian,32.025666,-81.098542,2/28/16 3:10,Fatal,3,Dark-Lighted
4707337,Pedestrian,33.766857,-84.387752,12/13/13 22:55,Fatal,3,Dark-Lighted
5512686,Pedestrian,33.943409,-84.535435,10/26/15 5:12,Fatal,3,Dark-Lighted
5999184,Pedestrian,33.611695,-84.436704,11/13/16 22:49,Fatal,3,Dark-Lighted
5448684,Pedestrian,33.469811,-81.960529,9/28/15 0:00,Injury,2,Dark-Lighted
5497420,Pedestrian,34.024236,-84.04412,10/30/15 21:24,Injury,2,Dark-Lighted
5983504,Pedestrian,33.742301,-84.43056,10/31/16 20:13,Injury,2,Dark-Lighted
5086645,Pedestrian,33.75198,-84.22911,12/9/14 19:00,Injury,2,Dark-Lighted
5968698,Pedestrian,33.708655,-84.252581,10/22/16 19:08,Injury,2,Dark-Lighted
5223972,Pedestrian,34.759271,-84.990549,2/2/15 19:33,Injury,2,Dark-Lighted
5226964,Pedestrian,33.700878,-84.270109,3/24/15 5:37,Injury,2,Dark-Lighted
5945492,Pedestrian,33.760096,-84.506006,9/28/16 7:10,Injury,2,Dark-Lighted
6253804,Pedestrian,31.54443,-82.52581,5/26/17 21:36,Injury,2,Dark-Lighted
5690697,Pedestrian,33.836634,-83.962648,3/26/16 20:15,Injury,2,Dark-Lighted
5978918,Pedestrian,31.595456,-83.24477,10/29/16 19:27,Injury,2,Dark-Lighted
6334536,Pedestrian,32.006099,-81.116383,8/1/17 20:56,Injury,2,Dark-Lighted
5763181,Pedestrian,33.522078,-84.363326,7/22/15 22:07,Injury,2,Dark-Lighted
5799105,Pedestrian,33.737507,-84.23843,6/12/16 20:00,Injury,2,Dark-Lighted
5620162,Pedestrian,33.275093,-84.291082,1/18/16 18:39,Injury,2,Dark-Lighted
6386801,Pedestrian,33.678404,-84.440527,9/9/17 22:29,Injury,2,Dark-Lighted
6363709,Pedestrian,31.852681,-81.58012,8/22/17 21:35,Injury,2,Dark-Lighted
6533400,Pedestrian,33.73968,-84.328095,12/30/17 5:22,Injury,2,Dark-Lighted
5308544,Pedestrian,33.735,-84.285781,5/30/15 21:25,Injury,2,Dark-Lighted
5577323,Pedestrian,33.782093,-84.077204,12/25/15 22:05,Injury,2,Dark-Lighted
4974846,Pedestrian,31.197187,-81.506092,9/9/14 20:37,Injury,2,Dark-Lighted
4545734,Pedestrian,33.904941,-84.200851,8/20/13 23:23,Injury,2,Dark-Lighted
6464777,Pedestrian,32.079982,-81.095272,11/8/17 0:00,Injury,2,Dark-Lighted
5114224,Pedestrian,33.867009,-84.185024,12/30/14 18:49,Injury,2,Dark-Lighted
6121174,Pedestrian,33.92905,-84.263479,2/7/17 18:38,Injury,2,Dark-Lighted
6054654,Pedestrian,34.279895,-83.839696,12/24/16 20:09,Injury,2,Dark-Lighted
6015298,Pedestrian,33.929163,-83.335785,11/23/16 19:05,Injury,2,Dark-Lighted
6463840,Pedestrian,33.936151,-84.337964,11/7/17 18:33,Injury,2,Dark-Lighted
4689537,Pedestrian,32.075837,-81.099047,12/28/13 16:42,Injury,2,Dark-Lighted
6307417,Pedestrian,32.507061,-84.970006,7/13/17 0:30,Injury,2,Dark-Lighted
6299992,Pedestrian,33.280857,-85.0987,7/1/17 20:39,Injury,2,Dark-Lighted
4667161,Pedestrian,33.94459,-84.14656,12/5/13 17:50,Injury,2,Dark-Lighted
5784565,Pedestrian,33.771282,-84.387483,6/1/16 23:08,Injury,2,Dark-Lighted
5341759,Pedestrian,33.946264,-84.37105,6/28/15 21:43,Injury,2,Dark-Lighted
5116897,Pedestrian,30.845097,-83.276356,1/3/15 19:00,Injury,2,Dark-Lighted
5130751,Pedestrian,32.079254,-81.093037,1/16/15 1:46,Injury,2,Dark-Lighted
4783787,Pedestrian & Bicyclist,33.44773,-84.455168,3/14/14 22:59,Injury,2,Dark-Lighted
5352299,Bicyclist,32.080771,-81.096037,7/11/15 0:52,Property Damaged Only,1,Dark-Lighted
5727288,Bicyclist,33.261074,-84.296449,4/23/16 21:34,Property Damaged Only,1,Dark-Lighted
5098428,Bicyclist,33.850846,-84.361802,12/12/14 20:10,Property Damaged Only,1,Dark-Lighted
4474814,Bicyclist,33.901371,-84.275791,1/9/13 18:15,Injury,2,Dark-Lighted
5448482,Bicyclist,33.449762,-82.195765,9/29/15 21:18,Injury,2,Dark-Lighted
4635072,Bicyclist,32.0752,-81.090921,11/9/13 3:03,Injury,2,Dark-Lighted
6460919,Bicyclist,34.701976,-85.290808,11/5/17 6:35,Injury,2,Dark-Lighted
4987670,Bicyclist,33.922237,-83.378312,9/20/14 23:28,Injury,2,Dark-Lighted
6313277,Pedestrian,33.899167,-84.20732,7/13/17 21:00,Property Damaged Only,1,Dark-Lighted
6450523,Pedestrian,33.953221,-84.550204,10/26/17 7:30,Property Damaged Only,1,Dark-Lighted
6449776,Pedestrian,33.776603,-84.449616,10/13/17 19:50,Property Damaged Only,1,Dark-Lighted
5504007,Pedestrian,34.094109,-84.209677,11/3/15 22:29,Property Damaged Only,1,Dark-Lighted
5034061,Pedestrian,33.702016,-84.268953,10/29/14 21:00,Property Damaged Only,1,Dark-Lighted
5532356,Pedestrian,34.494957,-83.533982,11/26/15 17:33,Property Damaged Only,1,Dark-Lighted
5038848,Pedestrian,33.608144,-84.435953,11/3/14 18:40,Property Damaged Only,1,Dark-Lighted
4871602,Pedestrian,32.458435,-84.965944,6/8/14 22:02,Property Damaged Only,1,Dark-Lighted
6010837,Pedestrian,34.110908,-82.86757,11/18/16 2:57,Property Damaged Only,1,Dark-Lighted
6426785,Pedestrian,33.704274,-84.146938,10/12/17 22:04,Property Damaged Only,1,Dark-Lighted
6055034,Pedestrian,30.832865,-83.273501,12/26/16 20:31,Property Damaged Only,1,Dark-Lighted
4606053,Pedestrian,33.70194,-84.14757,10/14/13 20:09,Property Damaged Only,1,Dark-Lighted
4637701,Pedestrian,33.845322,-84.368662,11/3/13 22:32,Property Damaged Only,1,Dark-Lighted
5559852,Pedestrian,32.484909,-84.967318,12/20/15 1:00,Property Damaged Only,1,Dark-Lighted
6151765,Pedestrian,33.738232,-84.408008,2/14/17 20:45,Property Damaged Only,1,Dark-Lighted
4703867,Pedestrian,33.516349,-84.229884,1/15/14 22:37,Property Damaged Only,1,Dark-Lighted
5170890,Pedestrian,33.025116,-85.029277,2/4/15 7:06,Property Damaged Only,1,Dark-Lighted
5479571,Pedestrian,32.474598,-84.990363,10/22/15 22:49,Property Damaged Only,1,Dark-Lighted
4629559,Pedestrian,32.079724,-81.370462,11/2/13 21:36,Property Damaged Only,1,Dark-Lighted
5959125,Pedestrian,33.840683,-84.376387,10/1/16 22:19,Property Damaged Only,1,Dark-Lighted
6490085,Pedestrian,34.003522,-84.294546,11/27/17 18:27,Property Damaged Only,1,Dark-Lighted
5283473,Pedestrian,33.468584,-81.968724,5/10/15 23:10,Property Damaged Only,1,Dark-Lighted
4316281,Pedestrian,33.708878,-84.218056,1/4/13 7:08,Property Damaged Only,1,Dark-Lighted
6533121,Pedestrian,33.734358,-84.168222,12/29/17 18:30,Property Damaged Only,1,Dark-Lighted
5613567,Pedestrian,32.544783,-83.895383,11/10/15 19:46,Property Damaged Only,1,Dark-Lighted
6445388,Pedestrian,33.972385,-84.050596,10/17/17 21:45,Property Damaged Only,1,Dark-Lighted
6501876,Pedestrian,34.23685,-84.490855,10/14/17 19:00,Property Damaged Only,1,Dark-Lighted
5524730,Pedestrian,33.247343,-84.276649,11/16/15 17:57,Property Damaged Only,1,Dark-Lighted
6431116,Pedestrian,33.925024,-84.137659,10/13/17 6:30,Property Damaged Only,1,Dark-Lighted
6056003,Pedestrian,32.867378,-83.619456,12/27/16 6:32,Property Damaged Only,1,Dark-Lighted
4433004,Pedestrian,33.854047,-84.603485,5/3/13 23:05,Property Damaged Only,1,Dark-Lighted
5081343,Pedestrian,33.747354,-84.25969,12/8/14 17:48,Property Damaged Only,1,Dark-Lighted
4932451,Pedestrian,33.708817,-84.217706,8/9/14 20:35,Property Damaged Only,1,Dark-Lighted
5472493,Pedestrian,31.412741,-83.504009,10/16/15 22:49,Fatal,3,Dark-Lighted
6047367,Pedestrian,31.546493,-84.17673,12/14/16 17:51,Fatal,3,Dark-Lighted
6076987,Pedestrian,33.950903,-84.196489,1/10/17 19:38,Fatal,3,Dark-Lighted
4753911,Pedestrian,32.218513,-82.39567,7/27/13 21:13,Fatal,3,Dark-Lighted
4762444,Pedestrian,32.42656,-81.73753,3/14/14 21:58,Fatal,3,Dark-Lighted
5799792,Pedestrian,33.900513,-84.243805,6/18/16 22:35,Fatal,3,Dark-Lighted
5559564,Pedestrian,33.713494,-84.272224,12/18/15 23:19,Injury,2,Dark-Lighted
5981253,Pedestrian,33.754075,-84.349197,10/29/16 22:55,Injury,2,Dark-Lighted
5130245,Pedestrian,33.954521,-84.354136,1/15/15 6:21,Injury,2,Dark-Lighted
5118578,Pedestrian,32.481198,-84.990077,1/5/15 18:56,Injury,2,Dark-Lighted
4355505,Pedestrian,33.805695,-84.413038,2/13/13 19:04,Injury,2,Dark-Lighted
6384054,Pedestrian,33.922927,-84.215372,8/30/17 4:16,Injury,2,Dark-Lighted
5167316,Pedestrian,33.767532,-84.388783,11/18/14 20:20,Injury,2,Dark-Lighted
5664894,Pedestrian,33.906211,-84.490443,3/3/16 19:01,Injury,2,Dark-Lighted
4683804,Pedestrian,33.752249,-84.231401,12/22/13 2:10,Injury,2,Dark-Lighted
6391738,Pedestrian,34.490403,-84.947528,9/14/17 6:53,Injury,2,Dark-Lighted
5451508,Pedestrian,33.787684,-84.494245,9/25/15 3:17,Injury,2,Dark-Lighted
5490482,Pedestrian,33.694019,-84.088878,10/30/15 19:55,Injury,2,Dark-Lighted
5973686,Pedestrian,33.938328,-84.033858,10/21/16 7:23,Injury,2,Dark-Lighted
4374889,Pedestrian,33.959145,-83.366647,2/20/13 2:00,Injury,2,Dark-Lighted
4954927,Pedestrian,33.690856,-84.513376,8/25/14 20:10,Injury,2,Dark-Lighted
4874243,Pedestrian,33.61154,-84.471781,6/10/14 21:50,Injury,2,Dark-Lighted
4797802,Pedestrian,33.722153,-84.404553,4/5/14 20:54,Injury,2,Dark-Lighted
5908438,Pedestrian,33.683908,-84.409204,9/4/16 21:07,Injury,2,Dark-Lighted
4507192,Pedestrian,33.78834,-84.47663,7/2/13 21:50,Injury,2,Dark-Lighted
4328446,Pedestrian,33.764846,-84.33415,1/15/13 7:24,Injury,2,Dark-Lighted
5177857,Pedestrian,33.760711,-84.193953,2/15/15 20:13,Injury,2,Dark-Lighted
4993031,Pedestrian,33.752838,-84.402902,9/21/14 20:20,Injury,2,Dark-Lighted
6135995,Pedestrian,33.768131,-84.251902,3/2/17 19:20,Injury,2,Dark-Lighted
5447171,Pedestrian,33.845626,-84.503492,8/27/15 20:57,Injury,2,Dark-Lighted
4626057,Pedestrian,33.712011,-84.217238,10/30/13 20:00,Injury,2,Dark-Lighted
4535047,Pedestrian,34.173574,-84.5478,8/7/13 22:48,Injury,2,Dark-Lighted
4559745,Pedestrian,31.576598,-84.142249,9/4/13 2:59,Injury,2,Dark-Lighted
5985154,Pedestrian,33.708774,-84.218077,10/25/16 22:11,Injury,2,Dark-Lighted
5646372,Pedestrian & Bicyclist,33.471153,-81.986639,2/21/16 19:20,Injury,2,Dark-Lighted
6365460,Bicyclist,34.085875,-84.540655,8/18/17 21:07,Property Damaged Only,1,Dark-Lighted
5655072,Bicyclist,31.842356,-81.599349,1/19/16 19:03,Property Damaged Only,1,Dark-Lighted
4505794,Bicyclist,30.845461,-83.990942,7/16/13 23:26,Property Damaged Only,1,Dark-Lighted
5039007,Bicyclist,32.54755,-84.94486,11/3/14 20:00,Property Damaged Only,1,Dark-Lighted
4433383,Bicyclist,32.080315,-81.088991,5/4/13 3:10,Injury,2,Dark-Lighted
6509949,Bicyclist,33.786204,-84.401883,12/1/17 19:20,Injury,2,Dark-Lighted
4546795,Bicyclist,33.774153,-84.464921,8/12/13 1:39,Injury,2,Dark-Lighted
6225017,Bicyclist,30.776564,-81.59077,2/14/17 20:26,Injury,2,Dark-Lighted
6204399,Bicyclist,32.618254,-83.660592,4/24/17 0:16,Injury,2,Dark-Lighted
4699153,Bicyclist,33.946588,-83.350681,1/9/14 19:33,Injury,2,Dark-Lighted
6129228,Bicyclist,32.01154,-80.973885,2/24/17 20:00,Injury,2,Dark-Lighted
4622189,Pedestrian,33.381108,-84.810745,10/15/13 20:42,Property Damaged Only,1,Dark-Lighted
4563842,Pedestrian,33.960169,-83.376153,9/8/13 1:26,Property Damaged Only,1,Dark-Lighted
6170838,Pedestrian,33.839233,-84.377961,3/18/17 21:23,Property Damaged Only,1,Dark-Lighted
5892329,Pedestrian,34.285596,-85.227006,8/25/16 21:40,Property Damaged Only,1,Dark-Lighted
5463183,Pedestrian,33.694877,-84.185492,10/9/15 19:10,Property Damaged Only,1,Dark-Lighted
6123141,Pedestrian,33.902026,-84.266438,2/19/17 20:59,Property Damaged Only,1,Dark-Lighted
5940013,Pedestrian,32.852899,-83.689951,9/30/16 19:57,Property Damaged Only,1,Dark-Lighted
4583917,Pedestrian,33.61831,-84.39325,9/27/13 1:00,Property Damaged Only,1,Dark-Lighted
4345535,Pedestrian,33.935588,-84.12036,2/1/13 19:13,Property Damaged Only,1,Dark-Lighted
5520052,Pedestrian,33.777205,-84.352532,11/20/15 20:10,Property Damaged Only,1,Dark-Lighted
6282534,Pedestrian,33.738116,-84.259054,6/20/17 22:00,Property Damaged Only,1,Dark-Lighted
5613845,Pedestrian,34.045741,-83.943862,1/22/16 6:55,Property Damaged Only,1,Dark-Lighted
6036160,Pedestrian,33.553213,-84.350193,12/11/16 18:50,Property Damaged Only,1,Dark-Lighted
6419680,Pedestrian,32.077363,-81.091334,10/6/17 21:27,Property Damaged Only,1,Dark-Lighted
5426994,Pedestrian,32.028313,-81.108244,9/16/15 20:42,Property Damaged Only,1,Dark-Lighted
4642802,Pedestrian,33.754896,-84.267774,11/15/13 18:20,Property Damaged Only,1,Dark-Lighted
5903130,Pedestrian,33.890761,-84.289676,8/8/16 20:51,Property Damaged Only,1,Dark-Lighted
4898931,Pedestrian,33.841707,-84.379013,6/22/14 2:35,Property Damaged Only,1,Dark-Lighted
6028342,Pedestrian,32.367962,-81.326799,10/25/15 3:44,Property Damaged Only,1,Dark-Lighted
6365690,Pedestrian,33.960452,-84.248622,8/24/17 8:42,Property Damaged Only,1,Dark-Lighted
5533003,Pedestrian,33.701925,-84.268851,11/30/15 20:30,Property Damaged Only,1,Dark-Lighted
5967590,Pedestrian,34.715035,-85.2981,9/20/16 20:00,Property Damaged Only,1,Dark-Lighted
6118248,Pedestrian,34.26144,-85.180526,2/14/17 19:24,Property Damaged Only,1,Dark-Lighted
5413701,Pedestrian,33.904599,-84.112743,9/2/15 20:41,Property Damaged Only,1,Dark-Lighted
5327796,Pedestrian,33.906094,-84.259746,6/8/15 2:36,Property Damaged Only,1,Dark-Lighted
4738006,Pedestrian,33.787366,-84.254037,2/19/14 18:29,Property Damaged Only,1,Dark-Lighted
6273098,Pedestrian,34.000963,-85.25414,6/5/17 22:37,Property Damaged Only,1,Dark-Lighted
5017589,Pedestrian,33.981401,-84.350382,10/15/14 4:52,Property Damaged Only,1,Dark-Lighted
4343598,Pedestrian,33.993355,-84.347375,1/14/13 18:56,Property Damaged Only,1,Dark-Lighted
6174775,Pedestrian,33.280433,-84.291766,3/30/17 20:29,Fatal,3,Dark-Lighted
5653077,Pedestrian,31.57068,-84.173232,2/26/16 19:11,Fatal,3,Dark-Lighted
6461985,Pedestrian,33.579091,-84.469486,11/5/17 22:55,Fatal,3,Dark-Lighted
5262555,Pedestrian,32.61057,-83.74252,4/11/15 20:45,Fatal,3,Dark-Lighted
4757833,Pedestrian,33.568626,-84.539368,3/11/14 21:50,Injury,2,Dark-Lighted
4859232,Pedestrian,32.827385,-83.719947,5/15/14 5:06,Injury,2,Dark-Lighted
4710037,Pedestrian,33.73723,-84.23087,1/21/14 19:00,Injury,2,Dark-Lighted
5913406,Pedestrian,33.902535,-84.568076,9/8/16 22:00,Injury,2,Dark-Lighted
4775478,Pedestrian,33.057773,-83.21932,3/26/14 22:20,Injury,2,Dark-Lighted
4650392,Pedestrian,33.416653,-82.023488,10/29/13 21:21,Injury,2,Dark-Lighted
6405601,Pedestrian,33.783083,-84.097818,9/25/17 20:50,Injury,2,Dark-Lighted
5737819,Pedestrian,33.725349,-84.419643,3/19/16 6:19,Injury,2,Dark-Lighted
5913418,Pedestrian,33.999265,-84.458966,9/9/16 21:37,Injury,2,Dark-Lighted
6408154,Pedestrian,34.357652,-82.930512,9/27/17 20:07,Injury,2,Dark-Lighted
5857141,Pedestrian,33.716391,-84.12987,7/30/16 22:42,Injury,2,Dark-Lighted
4549747,Pedestrian,33.797418,-84.305918,8/24/13 20:56,Injury,2,Dark-Lighted
4879174,Pedestrian,33.976921,-84.079855,6/13/14 20:00,Injury,2,Dark-Lighted
4343701,Pedestrian,32.078536,-81.095829,2/2/13 2:55,Injury,2,Dark-Lighted
4386970,Pedestrian,33.458873,-82.060394,3/16/13 22:49,Injury,2,Dark-Lighted
4922561,Pedestrian,33.681124,-84.39634,7/25/14 22:30,Injury,2,Dark-Lighted
6426513,Pedestrian,32.027276,-81.108804,10/12/17 20:24,Injury,2,Dark-Lighted
4532690,Pedestrian,33.981673,-84.347322,7/29/13 23:55,Injury,2,Dark-Lighted
5471325,Pedestrian,33.440625,-82.021684,10/15/15 23:54,Injury,2,Dark-Lighted
6023262,Pedestrian,33.768645,-84.251568,12/3/16 0:52,Injury,2,Dark-Lighted
6099763,Pedestrian,33.754717,-84.414412,1/24/17 18:30,Injury,2,Dark-Lighted
5617562,Pedestrian,33.564056,-84.371073,1/29/16 21:00,Injury,2,Dark-Lighted
5709029,Pedestrian,34.21019,-84.819106,2/3/16 18:52,Injury,2,Dark-Lighted
4432389,Pedestrian,32.049779,-81.10313,5/3/13 21:02,Injury,2,Dark-Lighted
5038083,Pedestrian,33.445426,-82.063082,11/3/14 5:16,Injury,2,Dark-Lighted
4432438,Pedestrian,32.071558,-81.100579,5/3/13 22:04,Injury,2,Dark-Lighted
6429118,Pedestrian,32.42204,-84.958812,10/15/17 19:55,Injury,2,Dark-Lighted
5167416,Pedestrian,33.752184,-84.468542,11/14/14 18:28,Injury,2,Dark-Lighted
4826675,Bicyclist,34.060316,-84.289143,4/17/14 21:57,Property Damaged Only,1,Dark-Lighted
5991909,Bicyclist,33.586916,-84.459892,11/8/16 19:27,Property Damaged Only,1,Dark-Lighted
4526810,Bicyclist,33.969822,-84.198411,7/26/13 21:34,Property Damaged Only,1,Dark-Lighted
6252516,Bicyclist,33.75587,-84.364308,5/23/17 21:25,Property Damaged Only,1,Dark-Lighted
6534445,Bicyclist,33.62014,-84.364702,12/29/17 18:05,Property Damaged Only,1,Dark-Lighted
5750363,Bicyclist,33.517884,-84.414535,5/3/16 21:30,Property Damaged Only,1,Dark-Lighted
6005653,Bicyclist,30.823366,-83.304592,11/18/16 17:44,Property Damaged Only,1,Dark-Lighted
5145406,Bicyclist,33.752147,-84.265446,11/24/14 19:05,Property Damaged Only,1,Dark-Lighted
5258622,Bicyclist,32.41967,-84.945475,4/20/15 20:34,Property Damaged Only,1,Dark-Lighted
5046145,Bicyclist,33.932446,-83.39203,11/10/14 17:50,Property Damaged Only,1,Dark-Lighted
4930194,Bicyclist,30.857763,-83.95096,7/31/14 20:50,Injury,2,Dark-Lighted
4424100,Bicyclist,33.7196,-84.418064,4/17/13 5:23,Injury,2,Dark-Lighted
6325184,Bicyclist,32.5814,-83.699915,7/25/17 21:09,Injury,2,Dark-Lighted
5349373,Bicyclist,33.714696,-84.446748,6/25/15 23:50,Injury,2,Dark-Lighted
5102975,Pedestrian,32.095362,-81.093419,12/20/14 20:30,Property Damaged Only,1,Dark-Lighted
5088748,Pedestrian,33.822159,-84.231818,12/10/14 21:00,Property Damaged Only,1,Dark-Lighted
6046355,Pedestrian,33.814851,-84.350006,12/13/16 17:20,Property Damaged Only,1,Dark-Lighted
6003060,Pedestrian,33.926336,-84.023752,11/13/16 20:31,Property Damaged Only,1,Dark-Lighted
6100854,Pedestrian,33.941988,-83.375755,1/28/17 18:18,Property Damaged Only,1,Dark-Lighted
4412761,Pedestrian,33.966462,-84.412006,4/11/13 23:00,Property Damaged Only,1,Dark-Lighted
6250111,Pedestrian,33.823581,-84.367271,5/13/17 3:08,Property Damaged Only,1,Dark-Lighted
5956635,Pedestrian,33.77957,-84.390552,10/13/16 6:40,Property Damaged Only,1,Dark-Lighted
5482198,Pedestrian,33.828346,-84.249999,10/24/15 4:47,Property Damaged Only,1,Dark-Lighted
5456645,Pedestrian,34.94864,-85.256699,8/22/15 1:00,Property Damaged Only,1,Dark-Lighted
5751187,Pedestrian,33.756164,-84.388542,5/8/16 20:55,Property Damaged Only,1,Dark-Lighted
6515903,Pedestrian,33.778536,-84.575246,12/12/17 5:30,Property Damaged Only,1,Dark-Lighted
4609126,Pedestrian,33.853861,-84.359131,10/8/13 20:00,Property Damaged Only,1,Dark-Lighted
4413060,Pedestrian,32.47632,-84.93858,4/13/13 20:52,Property Damaged Only,1,Dark-Lighted
4888286,Pedestrian,33.737286,-84.230227,6/24/14 22:38,Property Damaged Only,1,Dark-Lighted