incidentIdNbr,crashType,latitude,longitude,dateOfIncidentDate,severity,Mag,lightCondition
5829980,Pedestrian,33.763722,-84.356662,7/8/16 21:30,Property Damaged Only,1,Dark-Lighted
6360118,Pedestrian,32.073091,-81.118397,8/19/17 21:01,Property Damaged Only,1,Dark-Lighted
4665233,Pedestrian,33.758194,-84.384142,12/5/13 17:19,Property Damaged Only,1,Dark-Lighted
6505319,Pedestrian,33.247388,-84.281528,12/7/17 18:16,Property Damaged Only,1,Dark-Lighted
5942654,Pedestrian,33.776646,-84.454052,10/2/16 22:01,Property Damaged Only,1,Dark-Lighted
4848230,Pedestrian,32.02375,-81.11186,5/16/14 21:00,Property Damaged Only,1,Dark-Lighted
5091487,Pedestrian,32.05248,-81.10212,12/12/14 17:56,Property Damaged Only,1,Dark-Lighted
6014891,Pedestrian,32.075666,-81.088432,11/26/16 18:30,Property Damaged Only,1,Dark-Lighted
4782390,Pedestrian,33.575697,-84.372293,4/5/14 22:00,Property Damaged Only,1,Dark-Lighted
4627209,Pedestrian,33.562622,-84.576888,10/7/13 5:45,Property Damaged Only,1,Dark-Lighted
5260906,Pedestrian,33.773998,-84.390038,4/13/15 5:47,Fatal,3,Dark-Lighted
5955176,Pedestrian,34.031362,-84.527744,10/1/16 21:18,Fatal,3,Dark-Lighted
5533732,Pedestrian,33.721936,-84.393369,11/20/15 21:22,Fatal,3,Dark-Lighted
6463093,Pedestrian,31.821576,-81.599805,11/4/17 7:05,Fatal,3,Dark-Lighted
6105503,Pedestrian,33.68111,-84.39373,2/1/17 21:14,Injury,2,Dark-Lighted
5375826,Pedestrian,33.785693,-84.237363,7/30/15 21:50,Injury,2,Dark-Lighted
6404088,Pedestrian,33.894403,-84.566479,9/23/17 21:23,Injury,2,Dark-Lighted
6344813,Pedestrian,32.455148,-84.92186,8/8/17 0:30,Injury,2,Dark-Lighted
5044500,Pedestrian,33.702185,-84.149234,11/9/14 19:31,Injury,2,Dark-Lighted
5013946,Pedestrian,33.473211,-81.977972,10/11/14 2:43,Injury,2,Dark-Lighted
4982196,Pedestrian,31.785803,-82.349938,1/2/13 18:40,Injury,2,Dark-Lighted
5062977,Pedestrian,32.076286,-84.233828,11/23/14 2:16,Injury,2,Dark-Lighted
4491732,Pedestrian,33.93846,-84.0277,6/26/13 22:38,Injury,2,Dark-Lighted
5133039,Pedestrian,32.533539,-84.912759,1/18/15 22:48,Injury,2,Dark-Lighted
5650140,Pedestrian,34.031764,-84.555924,2/24/16 19:05,Injury,2,Dark-Lighted
5268497,Pedestrian,33.951219,-83.379134,4/27/15 21:09,Injury,2,Dark-Lighted
4546815,Pedestrian,33.77953,-84.369403,8/17/13 22:20,Injury,2,Dark-Lighted
5734392,Pedestrian,33.781771,-84.372795,4/26/16 20:48,Injury,2,Dark-Lighted
4928730,Pedestrian,33.714133,-84.349524,8/6/14 0:45,Injury,2,Dark-Lighted
4502487,Pedestrian,33.946452,-83.281416,6/14/13 21:14,Injury,2,Dark-Lighted
5562399,Pedestrian,33.8422,-84.378879,12/19/15 0:24,Injury,2,Dark-Lighted
4693783,Pedestrian,33.965973,-84.49174,12/26/13 19:20,Injury,2,Dark-Lighted
5797997,Pedestrian,33.967385,-84.361716,6/17/16 0:35,Injury,2,Dark-Lighted
4459205,Pedestrian,33.76162,-84.45306,5/27/13 23:00,Injury,2,Dark-Lighted
5665061,Pedestrian,33.864408,-84.304749,2/15/16 19:07,Injury,2,Dark-Lighted
5472328,Pedestrian,32.292109,-84.068374,10/12/15 21:43,Injury,2,Dark-Lighted
6078293,Pedestrian,33.673998,-84.054655,1/13/17 4:12,Injury,2,Dark-Lighted
6419750,Bicyclist,30.824251,-83.98171,10/6/17 20:02,Property Damaged Only,1,Dark-Lighted
4656265,Bicyclist,33.849231,-84.36387,11/4/13 19:02,Property Damaged Only,1,Dark-Lighted
5682705,Bicyclist,30.831259,-82.005158,2/2/16 19:54,Property Damaged Only,1,Dark-Lighted
6039521,Bicyclist,33.736669,-84.376999,10/27/16 12:21,Injury,2,Dark-Lighted
5996459,Bicyclist,33.956422,-84.017914,11/10/16 20:27,Injury,2,Dark-Lighted
6423216,Bicyclist,33.754496,-84.379453,10/7/17 22:10,Injury,2,Dark-Lighted
4642107,Bicyclist,33.949758,-83.409665,11/14/13 0:05,Injury,2,Dark-Lighted
6119342,Bicyclist,34.009731,-85.032636,2/12/17 19:02,Injury,2,Dark-Lighted
4477772,Bicyclist,33.748153,-84.280254,6/15/13 3:30,Injury,2,Dark-Lighted
4679214,Bicyclist,32.064055,-81.090967,12/18/13 0:29,Injury,2,Dark-Lighted
6010329,Pedestrian,33.893352,-84.327902,11/17/16 18:00,Property Damaged Only,1,Dark-Lighted
6133762,Pedestrian,32.461722,-84.923872,3/1/17 5:00,Property Damaged Only,1,Dark-Lighted
4601582,Pedestrian,33.790107,-84.23051,10/8/13 20:36,Property Damaged Only,1,Dark-Lighted
5690719,Pedestrian,33.923248,-84.28158,3/26/16 22:32,Property Damaged Only,1,Dark-Lighted
4760725,Pedestrian,33.769139,-84.411182,3/8/14 19:18,Property Damaged Only,1,Dark-Lighted
5825664,Pedestrian,33.902266,-84.56428,7/3/16 0:48,Property Damaged Only,1,Dark-Lighted
5528237,Pedestrian,33.595993,-84.419321,11/28/15 18:58,Property Damaged Only,1,Dark-Lighted
5317162,Pedestrian,33.582672,-83.188428,4/25/15 22:00,Property Damaged Only,1,Dark-Lighted
5029760,Pedestrian,32.07736,-81.09131,10/25/14 21:24,Property Damaged Only,1,Dark-Lighted
4778816,Pedestrian,33.74074,-84.404898,3/29/14 20:29,Property Damaged Only,1,Dark-Lighted
5863683,Pedestrian,33.57456,-84.537454,8/4/16 21:15,Property Damaged Only,1,Dark-Lighted
5810541,Pedestrian,33.737389,-84.234278,6/24/16 14:39,Property Damaged Only,1,Dark-Lighted
5393042,Pedestrian,33.731789,-84.279062,8/18/15 5:54,Property Damaged Only,1,Dark-Lighted
6102342,Pedestrian,33.78659,-84.49148,1/31/17 22:55,Property Damaged Only,1,Dark-Lighted
5223792,Pedestrian,32.822062,-83.662693,3/20/15 20:55,Property Damaged Only,1,Dark-Lighted
5327491,Pedestrian,33.9553,-83.386708,6/15/15 21:49,Property Damaged Only,1,Dark-Lighted
5504768,Pedestrian,33.898998,-84.331299,11/9/15 19:22,Property Damaged Only,1,Dark-Lighted
4776128,Pedestrian,33.728068,-84.404382,3/15/14 21:47,Property Damaged Only,1,Dark-Lighted
5152317,Pedestrian,33.497125,-82.031288,1/30/15 18:33,Property Damaged Only,1,Dark-Lighted
4728758,Pedestrian,32.49093,-84.969079,2/10/14 20:38,Property Damaged Only,1,Dark-Lighted
5965921,Pedestrian,33.912004,-84.407814,10/20/16 0:14,Property Damaged Only,1,Dark-Lighted
5635662,Pedestrian,33.952344,-84.549028,2/10/16 18:55,Property Damaged Only,1,Dark-Lighted
5594365,Pedestrian,33.756581,-84.416648,1/9/16 21:44,Property Damaged Only,1,Dark-Lighted
4657118,Pedestrian,32.548877,-82.87318,11/25/13 19:05,Fatal,3,Dark-Lighted
6411035,Pedestrian,33.422465,-82.061654,9/29/17 22:48,Fatal,3,Dark-Lighted
5659651,Pedestrian,33.82367,-84.35198,2/28/16 3:50,Fatal,3,Dark-Lighted
5232517,Pedestrian,31.16828,-81.492622,3/23/15 2:48,Fatal,3,Dark-Lighted
4411626,Pedestrian,33.603557,-83.8673,4/8/13 5:29,Fatal,3,Dark-Lighted
6249757,Pedestrian,32.900035,-83.688224,5/25/17 22:44,Fatal,3,Dark-Lighted
5291021,Pedestrian,32.05379,-81.08758,5/17/15 0:00,Fatal,3,Dark-Lighted
6425185,Pedestrian,33.450286,-82.22652,10/7/17 1:45,Fatal,3,Dark-Lighted
6123467,Pedestrian,33.810352,-84.438705,2/17/17 5:14,Injury,2,Dark-Lighted
5699347,Pedestrian,31.998945,-81.103667,4/2/16 21:41,Injury,2,Dark-Lighted
5929443,Pedestrian,33.719513,-84.40925,9/19/16 20:03,Injury,2,Dark-Lighted
4629418,Pedestrian,33.798813,-84.220846,11/2/13 20:00,Injury,2,Dark-Lighted
5474724,Pedestrian,33.700628,-84.270279,10/20/15 5:47,Injury,2,Dark-Lighted
5328579,Pedestrian,33.907727,-84.206287,6/15/15 21:32,Injury,2,Dark-Lighted
5619565,Pedestrian,32.077131,-81.098577,2/1/16 19:36,Injury,2,Dark-Lighted
5982178,Pedestrian,33.750668,-84.737497,9/5/16 22:05,Injury,2,Dark-Lighted
5904901,Pedestrian,33.712789,-84.254035,9/4/16 20:16,Injury,2,Dark-Lighted
6495622,Pedestrian,33.71755,-84.14582,12/1/17 18:55,Injury,2,Dark-Lighted
4923829,Pedestrian,33.523667,-84.187919,7/30/14 0:15,Injury,2,Dark-Lighted
4978278,Pedestrian,33.811538,-84.197516,9/13/14 23:00,Injury,2,Dark-Lighted
4986409,Pedestrian,32.081498,-81.093429,9/20/14 1:53,Injury,2,Dark-Lighted
5570187,Pedestrian,34.368413,-84.934489,11/5/15 20:13,Injury,2,Dark-Lighted
4679232,Pedestrian,32.484159,-84.925148,12/18/13 0:40,Injury,2,Dark-Lighted
5811558,Pedestrian,33.937042,-84.378059,6/25/16 23:19,Injury,2,Dark-Lighted
6297621,Pedestrian,33.855229,-84.010529,7/4/17 21:27,Injury,2,Dark-Lighted
5255529,Pedestrian,33.624442,-84.651591,4/15/15 20:34,Injury,2,Dark-Lighted
5321817,Pedestrian,32.075638,-81.087655,6/12/15 1:57,Injury,2,Dark-Lighted
6387658,Pedestrian,33.752262,-84.248047,9/10/17 22:00,Injury,2,Dark-Lighted
4788294,Pedestrian,33.709818,-84.271859,4/11/14 21:45,Injury,2,Dark-Lighted
5353059,Pedestrian,33.763478,-84.225239,7/6/15 19:50,Injury,2,Dark-Lighted
4722036,Pedestrian,33.740958,-84.445907,1/31/14 19:35,Injury,2,Dark-Lighted
4524569,Pedestrian,33.808294,-84.393555,7/21/13 3:55,Injury,2,Dark-Lighted
6506071,Pedestrian,33.632405,-84.039195,12/8/17 20:05,Injury,2,Dark-Lighted
6530725,Pedestrian,22033.92,13159.23,12/23/17 0:02,Injury,2,Dark-Lighted
5100745,Pedestrian,33.867009,-84.185024,12/17/14 18:49,Injury,2,Dark-Lighted
5073059,Pedestrian,32.075541,-81.083184,12/3/14 18:19,Injury,2,Dark-Lighted
5889566,Pedestrian,33.771008,-84.388843,8/13/16 21:04,Injury,2,Dark-Lighted
4440740,Pedestrian & Bicyclist,31.19079,-81.48662,5/11/13 22:50,Injury,2,Dark-Lighted
5962366,Bicyclist,33.96779,-84.023738,10/18/16 23:58,Property Damaged Only,1,Dark-Lighted
4492582,Bicyclist,32.000114,-81.130316,7/2/13 20:46,Property Damaged Only,1,Dark-Lighted
4993155,Bicyclist,33.855397,-83.936653,9/21/14 21:04,Injury,2,Dark-Lighted
6214521,Bicyclist,33.960361,-83.375121,4/28/17 23:09,Injury,2,Dark-Lighted
6270246,Bicyclist,32.08619,-81.11092,6/12/17 4:55,Injury,2,Dark-Lighted
5470368,Pedestrian,33.78048,-84.372828,10/10/15 7:35,Property Damaged Only,1,Dark-Lighted
5261411,Pedestrian,32.08548,-81.114327,4/22/15 21:59,Property Damaged Only,1,Dark-Lighted
4413606,Pedestrian,33.743658,-84.253159,4/14/13 14:30,Property Damaged Only,1,Dark-Lighted
4404117,Pedestrian,33.927572,-84.332907,4/3/13 20:56,Property Damaged Only,1,Dark-Lighted
5817831,Pedestrian,33.801652,-84.567377,6/23/16 22:11,Property Damaged Only,1,Dark-Lighted
5842643,Pedestrian,33.879398,-84.518598,7/2/16 23:50,Property Damaged Only,1,Dark-Lighted
6053457,Pedestrian,32.078315,-81.097981,12/24/16 20:08,Property Damaged Only,1,Dark-Lighted
6052033,Pedestrian,32.801406,-83.665114,12/22/16 18:55,Property Damaged Only,1,Dark-Lighted
6313419,Pedestrian,33.892496,-84.209754,7/11/17 21:39,Property Damaged Only,1,Dark-Lighted
5258632,Pedestrian,31.980548,-81.145487,4/20/15 21:07,Property Damaged Only,1,Dark-Lighted
5273078,Pedestrian,33.926068,-84.089797,4/28/15 3:00,Property Damaged Only,1,Dark-Lighted
5761943,Pedestrian,33.75337,-84.321726,5/14/16 20:25,Property Damaged Only,1,Dark-Lighted
5993873,Pedestrian,33.401216,-82.012801,11/9/16 21:20,Property Damaged Only,1,Dark-Lighted
5950205,Pedestrian,33.746439,-84.163281,10/9/16 19:22,Property Damaged Only,1,Dark-Lighted
5210615,Pedestrian,34.285589,-85.228001,3/9/15 20:18,Property Damaged Only,1,Dark-Lighted
5545621,Pedestrian,33.816718,-84.358553,12/10/15 18:02,Property Damaged Only,1,Dark-Lighted
5787041,Pedestrian,33.611929,-84.471898,6/7/16 1:50,Property Damaged Only,1,Dark-Lighted
4885201,Pedestrian,33.843458,-84.328274,6/22/14 3:05,Fatal,3,Dark-Lighted
6201079,Pedestrian,33.854012,-84.588548,4/10/17 20:07,Fatal,3,Dark-Lighted
5820289,Pedestrian,33.78636,-84.391385,6/30/16 23:57,Fatal,3,Dark-Lighted
5581479,Pedestrian,33.903161,-84.567219,12/24/15 19:02,Fatal,3,Dark-Lighted
4954567,Pedestrian,33.752018,-84.230789,8/28/14 0:23,Injury,2,Dark-Lighted
4757386,Pedestrian,31.6726,-84.28102,3/10/14 21:38,Injury,2,Dark-Lighted
4662786,Pedestrian,33.82586,-84.19584,12/4/13 5:51,Injury,2,Dark-Lighted
5777945,Pedestrian,33.681146,-84.401303,5/28/16 23:45,Injury,2,Dark-Lighted
4381331,Pedestrian,32.585186,-82.161804,3/11/13 7:21,Injury,2,Dark-Lighted
5985799,Pedestrian,33.838587,-84.256812,11/3/16 22:20,Injury,2,Dark-Lighted
4612708,Pedestrian,33.802438,-84.567678,10/17/13 19:42,Injury,2,Dark-Lighted
5345923,Pedestrian,33.711339,-84.271615,7/3/15 23:51,Injury,2,Dark-Lighted
6467665,Pedestrian,32.99059,-82.79362,11/8/17 17:40,Injury,2,Dark-Lighted
5392161,Pedestrian,33.734462,-84.408111,8/13/15 21:09,Injury,2,Dark-Lighted
6253161,Pedestrian,33.938326,-84.553673,5/28/17 0:33,Injury,2,Dark-Lighted
4587477,Pedestrian,33.732926,-84.248791,9/30/13 20:58,Injury,2,Dark-Lighted
4347072,Pedestrian,33.908925,-84.378661,1/21/13 22:38,Injury,2,Dark-Lighted
6012264,Pedestrian,32.506187,-84.9816,11/24/16 21:35,Injury,2,Dark-Lighted
5511258,Pedestrian,32.509959,-84.989503,11/15/15 20:03,Injury,2,Dark-Lighted
5576661,Pedestrian,33.267484,-84.28239,12/29/15 18:30,Injury,2,Dark-Lighted
4775031,Pedestrian,33.438973,-82.000102,3/28/14 21:46,Injury,2,Dark-Lighted
4564254,Pedestrian,33.743294,-84.349227,8/29/13 6:03,Injury,2,Dark-Lighted
4862750,Pedestrian,34.064096,-84.423301,5/29/14 0:27,Injury,2,Dark-Lighted
4757123,Pedestrian,33.771389,-84.417406,3/7/14 22:51,Injury,2,Dark-Lighted
6370639,Pedestrian,33.53218,-84.363997,8/29/17 2:42,Injury,2,Dark-Lighted
5783405,Pedestrian,33.456193,-82.022087,6/4/16 20:49,Injury,2,Dark-Lighted
5729783,Pedestrian,33.904935,-84.475628,4/23/16 1:29,Injury,2,Dark-Lighted
6062862,Pedestrian,33.716025,-84.238716,1/1/17 0:00,Injury,2,Dark-Lighted
5078893,Pedestrian,33.551107,-84.464983,11/26/14 21:22,Injury,2,Dark-Lighted
4326910,Pedestrian,33.755697,-84.387895,1/12/13 19:45,Injury,2,Dark-Lighted
4663483,Pedestrian,34.470389,-84.917805,11/2/13 7:24,Injury,2,Dark-Lighted
4468670,Pedestrian,33.87142,-84.83547,6/2/13 2:21,Injury,2,Dark-Lighted
5511998,Pedestrian,32.805226,-81.949023,4/9/15 20:35,Injury,2,Dark-Lighted
5812270,Pedestrian,33.78654,-84.393274,5/29/16 1:01,Injury,2,Dark-Lighted
4659423,Pedestrian,33.579368,-84.383545,12/1/13 18:30,Injury,2,Dark-Lighted
5576471,Bicyclist,33.954649,-84.221528,12/31/15 19:55,Property Damaged Only,1,Dark-Lighted
4513444,Bicyclist,33.463536,-81.973973,6/11/13 22:17,Property Damaged Only,1,Dark-Lighted
4927369,Bicyclist,32.038645,-81.102006,8/4/14 21:29,Property Damaged Only,1,Dark-Lighted
5774260,Bicyclist,33.919161,-84.376649,5/30/13 23:22,Property Damaged Only,1,Dark-Lighted
6050904,Bicyclist,33.939488,-84.093607,12/12/16 18:26,Property Damaged Only,1,Dark-Lighted
6431407,Bicyclist,32.068508,-81.097086,10/17/17 19:25,Injury,2,Dark-Lighted
4505171,Bicyclist,33.253644,-84.258679,6/19/13 1:06,Injury,2,Dark-Lighted
4998818,Bicyclist,33.952435,-84.521445,9/26/14 19:41,Injury,2,Dark-Lighted
6534387,Pedestrian,31.039512,-83.079795,12/31/17 21:45,Property Damaged Only,1,Dark-Lighted
5734444,Pedestrian,33.829327,-84.387454,4/26/16 22:13,Property Damaged Only,1,Dark-Lighted
6407810,Pedestrian,33.754348,-84.374499,9/27/17 2:39,Property Damaged Only,1,Dark-Lighted
6030106,Pedestrian,32.068525,-81.101632,12/6/16 20:08,Property Damaged Only,1,Dark-Lighted
5358165,Pedestrian,33.947922,-83.417165,7/15/15 21:52,Property Damaged Only,1,Dark-Lighted
5658180,Pedestrian,33.889188,-84.149393,3/1/16 22:02,Property Damaged Only,1,Dark-Lighted
6168917,Pedestrian,33.976595,-84.163353,3/23/17 7:08,Property Damaged Only,1,Dark-Lighted
6421861,Pedestrian,33.655762,-84.501791,10/8/17 0:10,Property Damaged Only,1,Dark-Lighted
4962117,Pedestrian,32.876264,-85.184211,3/7/14 1:55,Property Damaged Only,1,Dark-Lighted
5183924,Pedestrian,33.689777,-84.489087,2/17/15 19:10,Property Damaged Only,1,Dark-Lighted
6428377,Pedestrian,33.781795,-84.456267,10/1/17 23:00,Property Damaged Only,1,Dark-Lighted
5590271,Pedestrian,33.610687,-83.832329,9/20/15 5:06,Property Damaged Only,1,Dark-Lighted
6116296,Pedestrian,33.886297,-84.192796,2/6/17 6:47,Property Damaged Only,1,Dark-Lighted
5629197,Pedestrian,30.848711,-83.994133,2/6/16 19:20,Property Damaged Only,1,Dark-Lighted
5999278,Pedestrian,33.77263,-84.352523,11/8/16 23:17,Property Damaged Only,1,Dark-Lighted
5062158,Pedestrian,31.963505,-83.787947,11/22/14 23:40,Property Damaged Only,1,Dark-Lighted
5002164,Pedestrian,33.701054,-84.144773,9/30/14 20:25,Property Damaged Only,1,Dark-Lighted
4402346,Pedestrian,33.749079,-84.417531,3/29/13 22:20,Property Damaged Only,1,Dark-Lighted
6022131,Pedestrian,33.942189,-83.376464,11/30/16 18:06,Property Damaged Only,1,Dark-Lighted
4663874,Pedestrian,33.75409,-84.2346,12/5/13 6:25,Property Damaged Only,1,Dark-Lighted
5383281,Pedestrian,32.051197,-81.152712,8/8/15 1:35,Property Damaged Only,1,Dark-Lighted
5508446,Pedestrian,33.718409,-84.150126,11/12/15 19:47,Fatal,3,Dark-Lighted
5006071,Pedestrian,33.706777,-84.218653,10/3/14 23:20,Fatal,3,Dark-Lighted
6442072,Pedestrian,33.674263,-84.046276,10/23/17 2:44,Fatal,3,Dark-Lighted
4522275,Pedestrian,33.719356,-84.222391,7/26/13 21:18,Injury,2,Dark-Lighted
5745935,Pedestrian,32.83967,-83.662431,5/7/16 21:23,Injury,2,Dark-Lighted
4845142,Pedestrian,31.15122,-81.48739,5/11/14 21:50,Injury,2,Dark-Lighted
6517916,Pedestrian,33.763516,-84.427337,12/11/17 20:15,Injury,2,Dark-Lighted
4704663,Pedestrian,33.943544,-84.249189,1/13/14 18:40,Injury,2,Dark-Lighted
5101139,Pedestrian,32.786763,-83.704641,12/18/14 22:00,Injury,2,Dark-Lighted
5316927,Pedestrian,34.473177,-84.923418,6/4/15 5:53,Injury,2,Dark-Lighted
4351628,Pedestrian,33.64174,-84.44509,2/10/13 5:40,Injury,2,Dark-Lighted
4688290,Pedestrian,33.27341,-84.29872,12/22/13 20:35,Injury,2,Dark-Lighted
4338140,Pedestrian,33.81232,-84.39228,1/14/13 10:15,Injury,2,Dark-Lighted
6061474,Pedestrian,33.750794,-84.389845,12/29/16 2:12,Injury,2,Dark-Lighted
6461035,Pedestrian,33.775657,-84.561964,10/30/17 6:35,Injury,2,Dark-Lighted
5564241,Pedestrian,33.29401,-83.976292,12/21/15 19:47,Injury,2,Dark-Lighted
5996016,Pedestrian,33.894759,-84.55314,11/6/16 21:32,Injury,2,Dark-Lighted
5103095,Pedestrian,33.631876,-84.036253,12/19/14 18:52,Injury,2,Dark-Lighted
5968805,Pedestrian,33.70525,-84.032212,10/22/16 20:56,Injury,2,Dark-Lighted
5455555,Pedestrian,33.962722,-84.494601,10/1/15 20:52,Injury,2,Dark-Lighted
5223666,Pedestrian,31.621312,-84.204555,3/20/15 20:16,Injury,2,Dark-Lighted
6464982,Pedestrian,32.063328,-81.104636,11/8/17 23:30,Injury,2,Dark-Lighted
4623832,Pedestrian,32.54153,-83.89564,10/24/13 19:15,Injury,2,Dark-Lighted
5383366,Pedestrian,33.786652,-84.162723,8/7/15 23:31,Injury,2,Dark-Lighted
4706996,Pedestrian,31.184555,-83.789989,12/6/13 19:14,Injury,2,Dark-Lighted
5350263,Pedestrian,33.695244,-84.262756,7/8/15 23:30,Injury,2,Dark-Lighted
5537118,Pedestrian,31.164721,-81.496795,11/28/15 21:00,Injury,2,Dark-Lighted
5842242,Pedestrian,33.98228,-84.429311,7/16/16 1:33,Injury,2,Dark-Lighted
4726662,Pedestrian,33.77854,-84.96536,2/5/14 20:53,Injury,2,Dark-Lighted
6065584,Pedestrian,33.95223,-84.54806,1/2/17 21:11,Injury,2,Dark-Lighted
4650800,Pedestrian,33.738133,-84.401657,11/2/13 1:23,Injury,2,Dark-Lighted
5043876,Pedestrian,31.576805,-84.164818,11/8/14 18:38,Injury,2,Dark-Lighted
4412093,Pedestrian,33.912742,-84.16759,4/8/13 21:51,Injury,2,Dark-Lighted
6338041,Pedestrian,33.751189,-84.726878,4/19/17 6:41,Injury,2,Dark-Lighted
6431605,Pedestrian,31.571494,-84.176211,10/17/17 21:15,Injury,2,Dark-Lighted
4666460,Bicyclist,32.079231,-81.093093,12/6/13 23:37,Property Damaged Only,1,Dark-Lighted
5667082,Bicyclist,34.285322,-83.825847,3/7/16 19:07,Property Damaged Only,1,Dark-Lighted
4472363,Bicyclist,33.786095,-84.397678,6/3/13 21:50,Injury,2,Dark-Lighted
6186044,Bicyclist,33.951219,-83.379134,4/9/17 20:51,Injury,2,Dark-Lighted
6492516,Bicyclist,31.21638,-81.48,11/28/17 18:05,Injury,2,Dark-Lighted
4394702,Bicyclist,33.781498,-84.387822,3/4/13 1:31,Injury,2,Dark-Lighted
6406107,Bicyclist,31.970632,-81.29586,9/19/17 23:05,Injury,2,Dark-Lighted
6517433,Pedestrian,32.78262,-83.787724,12/15/17 17:59,Property Damaged Only,1,Dark-Lighted
4340199,Pedestrian,33.702911,-84.165135,1/30/13 21:15,Property Damaged Only,1,Dark-Lighted
6327207,Pedestrian,34.176056,-84.793421,12/12/16 20:51,Property Damaged Only,1,Dark-Lighted
5484456,Pedestrian,33.78889,-84.175385,10/26/15 20:24,Property Damaged Only,1,Dark-Lighted
4406780,Pedestrian,32.092049,-81.125191,4/7/13 20:48,Property Damaged Only,1,Dark-Lighted
6282990,Pedestrian,32.631202,-83.623006,6/21/17 21:05,Property Damaged Only,1,Dark-Lighted
5878917,Pedestrian,33.863692,-84.536839,7/29/16 22:11,Property Damaged Only,1,Dark-Lighted
4668804,Pedestrian,34.088177,-84.295071,11/21/13 20:35,Property Damaged Only,1,Dark-Lighted
5559105,Pedestrian,33.567281,-84.534904,12/18/15 18:51,Property Damaged Only,1,Dark-Lighted
4834132,Pedestrian,33.764995,-84.349211,4/30/14 20:54,Property Damaged Only,1,Dark-Lighted
6321062,Pedestrian,33.658781,-84.432721,7/23/17 21:31,Property Damaged Only,1,Dark-Lighted
5563340,Pedestrian,34.206022,-84.139288,12/17/15 18:28,Property Damaged Only,1,Dark-Lighted
5910729,Pedestrian,33.880168,-84.513163,9/4/16 22:33,Property Damaged Only,1,Dark-Lighted
6205160,Pedestrian,33.778528,-84.384293,4/21/17 20:49,Property Damaged Only,1,Dark-Lighted
5501004,Pedestrian,33.846565,-84.203327,11/6/15 18:56,Property Damaged Only,1,Dark-Lighted
4571886,Pedestrian,32.512319,-84.973644,9/7/13 20:10,Property Damaged Only,1,Dark-Lighted
4695468,Pedestrian,32.059314,-81.086721,1/6/14 1:29,Property Damaged Only,1,Dark-Lighted
4745706,Pedestrian,33.903661,-84.118386,2/26/14 21:45,Property Damaged Only,1,Dark-Lighted
5417798,Pedestrian,33.905826,-84.26608,9/8/15 21:00,Property Damaged Only,1,Dark-Lighted
5966629,Pedestrian,33.407753,-84.16608,10/20/16 5:50,Property Damaged Only,1,Dark-Lighted
6524982,Pedestrian,33.753728,-84.380976,12/6/17 19:07,Property Damaged Only,1,Dark-Lighted
4976935,Pedestrian,33.76152,-84.38672,9/8/14 19:25,Property Damaged Only,1,Dark-Lighted
6172240,Pedestrian,33.706601,-84.114054,3/30/17 0:00,Property Damaged Only,1,Dark-Lighted
5633974,Pedestrian,33.870283,-84.380819,1/11/16 18:46,Fatal,3,Dark-Lighted
5439669,Pedestrian,31.570905,-84.105623,9/20/15 5:35,Fatal,3,Dark-Lighted
6150411,Pedestrian,31.645155,-84.1747,3/14/17 5:40,Fatal,3,Dark-Lighted
5752557,Pedestrian,33.75148,-84.48809,5/8/16 1:05,Fatal,3,Dark-Lighted
4688794,Pedestrian,33.570765,-84.530363,12/26/13 19:04,Fatal,3,Dark-Lighted
5381514,Pedestrian,32.45514,-84.920838,8/6/15 7:13,Fatal,3,Dark-Lighted
6316626,Pedestrian,33.768196,-84.404836,6/17/17 1:10,Injury,2,Dark-Lighted
5816765,Pedestrian,34.013135,-84.548437,6/17/16 23:13,Injury,2,Dark-Lighted
4909317,Pedestrian,32.414985,-84.943313,7/17/14 22:00,Injury,2,Dark-Lighted
6534296,Pedestrian,33.856028,-84.601812,12/30/17 19:06,Injury,2,Dark-Lighted
4788231,Pedestrian,33.6382,-84.390279,4/10/14 22:17,Injury,2,Dark-Lighted
5629540,Pedestrian,33.751573,-84.747715,12/31/15 6:57,Injury,2,Dark-Lighted
4343532,Pedestrian,32.848076,-83.612677,1/14/13 18:40,Injury,2,Dark-Lighted
5044571,Pedestrian,33.967876,-84.238288,10/31/14 20:36,Injury,2,Dark-Lighted
5514871,Pedestrian,33.58217,-84.49202,11/6/15 17:44,Injury,2,Dark-Lighted
4395290,Pedestrian,33.325943,-84.77905,3/21/13 20:30,Injury,2,Dark-Lighted
5252900,Pedestrian,33.687078,-84.175704,4/14/15 20:49,Injury,2,Dark-Lighted
4578637,Pedestrian,31.194597,-81.482639,9/23/13 20:00,Injury,2,Dark-Lighted
5872418,Pedestrian,33.72443,-84.167412,8/10/16 21:02,Injury,2,Dark-Lighted
5595569,Pedestrian,33.619131,-83.976056,1/9/16 17:58,Injury,2,Dark-Lighted
6111297,Pedestrian,33.945434,-83.408956,2/9/17 6:59,Injury,2,Dark-Lighted
4699124,Pedestrian,34.271158,-85.226666,1/10/14 7:25,Injury,2,Dark-Lighted
6287230,Pedestrian,32.616578,-83.646222,6/25/17 2:07,Injury,2,Dark-Lighted
5317671,Pedestrian,33.463736,-81.950579,6/7/15 20:23,Injury,2,Dark-Lighted
4670163,Pedestrian,33.644315,-84.326258,12/10/13 6:15,Injury,2,Dark-Lighted
5662321,Pedestrian,33.979506,-84.554221,3/5/16 19:31,Injury,2,Dark-Lighted
5233521,Pedestrian,34.254095,-85.173586,3/28/15 12:22,Injury,2,Dark-Lighted
6264282,Pedestrian,31.219551,-81.47883,6/3/17 22:25,Injury,2,Dark-Lighted
5317028,Pedestrian,33.953302,-84.143227,6/7/15 1:16,Injury,2,Dark-Lighted
4884995,Pedestrian,32.083725,-81.102972,6/22/14 1:36,Injury,2,Dark-Lighted
5176684,Pedestrian,34.266191,-85.202723,2/13/15 18:51,Injury,2,Dark-Lighted
6416866,Pedestrian,33.54525,-84.40349,10/4/17 20:39,Injury,2,Dark-Lighted