incidentIdNbr,crashType,latitude,longitude,dateOfIncidentDate,severity,Mag,lightCondition
5966649,Pedestrian,32.089173,-81.121692,10/20/16 19:50,Injury,2,Dark-Lighted
5405607,Pedestrian,33.741994,-84.401915,8/24/15 21:09,Injury,2,Dark-Lighted
6153917,Pedestrian,32.018097,-81.142169,3/17/17 6:34,Injury,2,Dark-Lighted
5782311,Pedestrian,33.980451,-85.017927,9/9/15 21:02,Injury,2,Dark-Lighted
5192805,Bicyclist,31.999543,-81.12728,2/22/15 19:14,Property Damaged Only,1,Dark-Lighted
5159661,Bicyclist,30.800807,-81.704546,10/10/14 19:58,Property Damaged Only,1,Dark-Lighted
5071732,Bicyclist,33.75769,-84.37433,12/2/14 18:42,Property Damaged Only,1,Dark-Lighted
4600937,Bicyclist,33.603673,-84.364052,9/22/13 10:30,Property Damaged Only,1,Dark-Lighted
6412934,Bicyclist,34.11311,-83.574171,9/29/17 21:20,Property Damaged Only,1,Dark-Lighted
5904963,Bicyclist,32.04448,-81.063759,9/5/16 1:05,Property Damaged Only,1,Dark-Lighted
5943892,Bicyclist,33.703369,-84.27045,10/3/16 23:33,Property Damaged Only,1,Dark-Lighted
5946817,Bicyclist,34.279984,-83.853396,10/5/16 7:01,Property Damaged Only,1,Dark-Lighted
4533019,Bicyclist,33.756269,-84.388533,8/2/13 22:19,Property Damaged Only,1,Dark-Lighted
4837871,Bicyclist,33.843004,-84.058256,5/3/14 3:48,Injury,2,Dark-Lighted
6207463,Bicyclist,32.50533,-84.98979,4/25/17 23:33,Injury,2,Dark-Lighted
4679099,Bicyclist,33.777244,-84.402391,11/17/13 21:38,Injury,2,Dark-Lighted
4665211,Pedestrian,33.76112,-84.2597,12/6/13 7:00,Property Damaged Only,1,Dark-Lighted
4623420,Pedestrian,33.544381,-84.231585,9/30/13 5:50,Property Damaged Only,1,Dark-Lighted
6134837,Pedestrian,31.210436,-82.361048,3/1/17 19:00,Property Damaged Only,1,Dark-Lighted
6061561,Pedestrian,33.922396,-84.314252,12/30/16 19:48,Property Damaged Only,1,Dark-Lighted
5985274,Pedestrian,32.378708,-83.357474,10/31/16 19:40,Property Damaged Only,1,Dark-Lighted
6294762,Pedestrian,32.611518,-83.622585,6/30/17 21:12,Property Damaged Only,1,Dark-Lighted
4329726,Pedestrian,33.906142,-84.156003,1/14/13 18:25,Property Damaged Only,1,Dark-Lighted
6493435,Pedestrian,33.731165,-84.408069,10/6/17 20:18,Property Damaged Only,1,Dark-Lighted
4844599,Pedestrian,33.458643,-82.492007,5/10/14 22:04,Property Damaged Only,1,Dark-Lighted
6526974,Pedestrian,32.882794,-83.695263,12/23/17 23:32,Property Damaged Only,1,Dark-Lighted
5330136,Pedestrian,32.0811,-81.094704,6/19/15 23:03,Property Damaged Only,1,Dark-Lighted
4959278,Pedestrian,33.812344,-84.151441,7/5/14 22:56,Property Damaged Only,1,Dark-Lighted
5517340,Pedestrian,33.72935,-84.406008,11/14/15 18:03,Property Damaged Only,1,Dark-Lighted
5533853,Pedestrian,33.906648,-84.110797,11/28/15 20:40,Property Damaged Only,1,Dark-Lighted
4323295,Pedestrian,30.818581,-83.975618,1/14/13 1:42,Property Damaged Only,1,Dark-Lighted
4788504,Pedestrian,30.80949,-81.71274,3/31/14 21:22,Property Damaged Only,1,Dark-Lighted
5668087,Pedestrian,33.923403,-84.281651,3/7/16 6:01,Property Damaged Only,1,Dark-Lighted
4618442,Pedestrian,33.908134,-84.192035,10/19/13 22:40,Property Damaged Only,1,Dark-Lighted
4648501,Pedestrian,33.939266,-84.269368,11/19/13 18:43,Property Damaged Only,1,Dark-Lighted
4536419,Pedestrian,33.681797,-84.45877,8/8/13 21:46,Fatal,3,Dark-Lighted
6117285,Pedestrian,33.919865,-84.304982,1/24/17 22:00,Fatal,3,Dark-Lighted
5153413,Pedestrian,34.023552,-83.397906,1/31/15 2:19,Fatal,3,Dark-Lighted
4558945,Pedestrian,33.711475,-84.444175,8/22/13 20:47,Injury,2,Dark-Lighted
5297240,Pedestrian,32.44527,-84.95484,5/20/15 21:37,Injury,2,Dark-Lighted
5022089,Pedestrian,33.989254,-84.088105,10/9/14 22:29,Injury,2,Dark-Lighted
5497172,Pedestrian,33.753346,-84.390971,11/2/15 20:15,Injury,2,Dark-Lighted
6450405,Pedestrian,32.82128,-83.696285,9/30/17 3:28,Injury,2,Dark-Lighted
5475423,Pedestrian,33.885965,-84.472075,9/25/15 21:43,Injury,2,Dark-Lighted
5459987,Pedestrian,33.771254,-84.380461,9/30/15 19:45,Injury,2,Dark-Lighted
4364316,Pedestrian,33.03336,-85.026966,2/22/13 20:16,Injury,2,Dark-Lighted
5934773,Pedestrian,33.681179,-85.262566,9/23/16 6:39,Injury,2,Dark-Lighted
5782401,Pedestrian,33.996468,-85.042768,2/18/16 19:53,Injury,2,Dark-Lighted
6483309,Pedestrian,33.810189,-84.407784,11/16/17 0:36,Injury,2,Dark-Lighted
5498067,Pedestrian,33.753822,-84.496076,10/29/15 19:30,Injury,2,Dark-Lighted
5040090,Pedestrian,32.53899,-84.94569,11/4/14 18:00,Injury,2,Dark-Lighted
4462269,Pedestrian,33.73981,-84.326192,5/29/13 22:56,Injury,2,Dark-Lighted
5686516,Pedestrian,32.443555,-84.919134,3/24/16 5:45,Injury,2,Dark-Lighted
4564698,Pedestrian,31.44576,-83.54269,9/6/13 22:42,Injury,2,Dark-Lighted
5077439,Pedestrian,31.17294,-81.491479,12/2/14 18:49,Injury,2,Dark-Lighted
4399572,Pedestrian,33.74017,-84.34665,3/24/13 2:04,Injury,2,Dark-Lighted
5466899,Pedestrian,33.77665,-84.452925,10/9/15 21:10,Injury,2,Dark-Lighted
5946165,Pedestrian,33.457717,-82.193934,10/6/16 23:42,Injury,2,Dark-Lighted
5430768,Pedestrian & Bicyclist,33.962297,-83.396565,9/21/15 0:56,Property Damaged Only,1,Dark-Lighted
5222662,Bicyclist,33.613974,-84.349191,3/20/15 0:25,Property Damaged Only,1,Dark-Lighted
5675488,Bicyclist,32.621814,-83.612914,9/28/15 7:08,Property Damaged Only,1,Dark-Lighted
6327809,Bicyclist,32.080129,-81.093519,7/27/17 22:00,Property Damaged Only,1,Dark-Lighted
6197780,Bicyclist,32.061885,-81.095908,4/18/17 1:49,Property Damaged Only,1,Dark-Lighted
4899042,Bicyclist,33.617977,-84.357151,6/27/14 21:20,Property Damaged Only,1,Dark-Lighted
5170864,Bicyclist,33.958771,-84.141671,2/7/15 20:25,Property Damaged Only,1,Dark-Lighted
5311898,Bicyclist,32.088818,-81.12022,6/2/15 21:51,Injury,2,Dark-Lighted
5163510,Pedestrian,32.870972,-83.613475,10/31/14 21:29,Property Damaged Only,1,Dark-Lighted
6425437,Pedestrian,32.809731,-81.948487,10/6/17 19:33,Property Damaged Only,1,Dark-Lighted
4957936,Pedestrian,33.962825,-83.374404,8/30/14 22:59,Property Damaged Only,1,Dark-Lighted
4522538,Pedestrian,33.79076,-84.30779,7/27/13 22:00,Property Damaged Only,1,Dark-Lighted
6445010,Pedestrian,33.718604,-84.215404,10/13/17 21:25,Property Damaged Only,1,Dark-Lighted
4586828,Pedestrian,33.761286,-84.388941,9/25/13 5:59,Property Damaged Only,1,Dark-Lighted
5138876,Pedestrian,33.705214,-84.169705,1/23/15 19:54,Property Damaged Only,1,Dark-Lighted
6149158,Pedestrian,33.804035,-84.238933,2/28/17 22:15,Property Damaged Only,1,Dark-Lighted
5629068,Pedestrian,31.617527,-84.176505,2/8/16 18:00,Property Damaged Only,1,Dark-Lighted
5871390,Pedestrian,33.778461,-84.376428,8/9/16 22:55,Property Damaged Only,1,Dark-Lighted
4603804,Pedestrian,33.79484,-84.22615,10/11/13 7:03,Property Damaged Only,1,Dark-Lighted
5546462,Pedestrian,34.022766,-84.36321,12/10/15 19:45,Property Damaged Only,1,Dark-Lighted
6115835,Pedestrian,33.740803,-84.510372,2/5/17 22:25,Property Damaged Only,1,Dark-Lighted
5051541,Pedestrian,33.60153,-84.429617,11/14/14 20:10,Property Damaged Only,1,Dark-Lighted
4598147,Pedestrian,32.50652,-84.97299,10/5/13 21:43,Property Damaged Only,1,Dark-Lighted
6092600,Pedestrian,33.857648,-84.019992,1/23/17 22:29,Property Damaged Only,1,Dark-Lighted
5984671,Pedestrian,34.071086,-84.296563,11/2/16 5:56,Property Damaged Only,1,Dark-Lighted
4481750,Pedestrian,33.84197,-84.32973,6/19/13 4:50,Property Damaged Only,1,Dark-Lighted
6422273,Pedestrian,33.414313,-84.156186,10/4/17 5:43,Property Damaged Only,1,Dark-Lighted
5583665,Pedestrian,33.92335,-84.379159,1/6/16 6:25,Property Damaged Only,1,Dark-Lighted
5166097,Pedestrian,31.99835,-81.122119,2/4/15 19:15,Property Damaged Only,1,Dark-Lighted
5035212,Pedestrian,31.568063,-84.176195,10/30/14 20:20,Property Damaged Only,1,Dark-Lighted
4996564,Pedestrian,33.106266,-82.02425,9/22/14 20:40,Property Damaged Only,1,Dark-Lighted
6049958,Pedestrian,33.824991,-84.358475,12/21/16 17:46,Property Damaged Only,1,Dark-Lighted
6018855,Pedestrian,32.06633,-81.09282,11/29/16 21:00,Property Damaged Only,1,Dark-Lighted
4512951,Pedestrian,33.43891,-81.991953,6/8/13 22:15,Property Damaged Only,1,Dark-Lighted
6180493,Pedestrian,33.71755,-84.14582,2/28/17 21:40,Property Damaged Only,1,Dark-Lighted
4715377,Pedestrian,33.024491,-85.051719,1/27/14 18:56,Property Damaged Only,1,Dark-Lighted
6504769,Pedestrian,33.798843,-84.220208,12/6/17 18:00,Fatal,3,Dark-Lighted
6092508,Pedestrian,33.895248,-84.282902,1/22/17 18:49,Fatal,3,Dark-Lighted
5964199,Pedestrian,33.939056,-84.514245,10/16/16 20:07,Fatal,3,Dark-Lighted
5957321,Pedestrian,31.994088,-81.129043,10/14/16 19:55,Fatal,3,Dark-Lighted
6048624,Pedestrian,33.816112,-84.316693,12/20/16 21:40,Fatal,3,Dark-Lighted
5046131,Pedestrian,30.845676,-83.295374,11/10/14 18:37,Injury,2,Dark-Lighted
6474707,Pedestrian,33.882274,-84.504635,11/10/17 20:53,Injury,2,Dark-Lighted
5624035,Pedestrian,33.768954,-84.251356,2/4/16 20:18,Injury,2,Dark-Lighted
5916102,Pedestrian,32.071114,-84.205791,11/9/15 18:56,Injury,2,Dark-Lighted
4390441,Pedestrian,33.899462,-84.380809,3/8/13 23:26,Injury,2,Dark-Lighted
5944955,Pedestrian,31.197968,-81.484653,9/23/16 19:31,Injury,2,Dark-Lighted
5882910,Pedestrian,32.736362,-83.693945,8/14/16 21:24,Injury,2,Dark-Lighted
5645912,Pedestrian,32.822486,-83.69926,2/22/16 20:44,Injury,2,Dark-Lighted
5464557,Pedestrian,33.763741,-84.233722,10/11/15 21:22,Injury,2,Dark-Lighted
5913926,Pedestrian,33.788138,-84.494133,9/10/16 21:28,Injury,2,Dark-Lighted
6334487,Pedestrian,33.993113,-84.346463,7/28/17 21:48,Injury,2,Dark-Lighted
6243019,Pedestrian,33.801841,-84.372304,5/20/17 21:45,Injury,2,Dark-Lighted
5449764,Pedestrian,33.880709,-84.676413,9/17/15 22:28,Injury,2,Dark-Lighted
6098725,Pedestrian,33.64264,-84.014557,1/25/17 22:01,Injury,2,Dark-Lighted
5467299,Pedestrian,34.269806,-85.218021,10/13/15 21:41,Injury,2,Dark-Lighted
6078442,Pedestrian,33.882796,-84.780839,1/13/17 19:45,Injury,2,Dark-Lighted
5692826,Pedestrian,33.970959,-84.147692,1/20/16 19:05,Injury,2,Dark-Lighted
4725364,Pedestrian,33.813264,-84.392363,2/4/14 19:04,Injury,2,Dark-Lighted
4653620,Pedestrian,32.42494,-84.947768,11/24/13 18:42,Injury,2,Dark-Lighted
5957974,Pedestrian,33.441412,-82.020434,10/14/16 21:09,Injury,2,Dark-Lighted
5613206,Pedestrian,33.899395,-84.203364,1/20/16 21:25,Injury,2,Dark-Lighted
4650649,Bicyclist,32.867448,-83.696371,11/7/13 18:11,Property Damaged Only,1,Dark-Lighted
6007183,Bicyclist,32.05913,-81.085932,11/19/16 17:52,Property Damaged Only,1,Dark-Lighted
4359816,Bicyclist,32.528079,-84.884426,2/19/13 20:18,Property Damaged Only,1,Dark-Lighted
5906317,Bicyclist,33.944158,-84.213776,8/31/16 21:09,Property Damaged Only,1,Dark-Lighted
6293956,Bicyclist,32.058125,-81.095982,6/30/17 21:27,Property Damaged Only,1,Dark-Lighted
5244051,Bicyclist,33.843724,-84.500676,3/18/15 6:34,Property Damaged Only,1,Dark-Lighted
6490379,Bicyclist,33.750175,-84.376684,11/28/17 18:35,Property Damaged Only,1,Dark-Lighted
4853587,Bicyclist,33.671725,-84.45947,5/6/14 23:10,Property Damaged Only,1,Dark-Lighted
6455369,Bicyclist,33.810892,-84.172762,10/23/17 6:25,Property Damaged Only,1,Dark-Lighted
5516914,Bicyclist,33.457925,-81.982064,11/19/15 21:58,Injury,2,Dark-Lighted
5382067,Bicyclist,34.046361,-84.339861,8/5/15 5:53,Injury,2,Dark-Lighted
5177453,Bicyclist,30.824161,-83.275306,2/13/15 13:18,Injury,2,Dark-Lighted
5211042,Bicyclist,31.235703,-82.370178,2/13/15 20:30,Injury,2,Dark-Lighted
4934887,Pedestrian,33.319942,-83.383984,6/28/14 21:41,Property Damaged Only,1,Dark-Lighted
5588379,Pedestrian,33.489969,-83.812121,10/21/14 23:11,Property Damaged Only,1,Dark-Lighted
5684113,Pedestrian,33.706796,-84.218125,3/22/16 6:00,Property Damaged Only,1,Dark-Lighted
6163392,Pedestrian,33.96229,-83.396608,3/23/17 2:34,Property Damaged Only,1,Dark-Lighted
4714942,Pedestrian,33.89516,-84.210183,1/22/14 19:43,Property Damaged Only,1,Dark-Lighted
4574563,Pedestrian,33.666883,-84.444884,7/26/13 6:34,Property Damaged Only,1,Dark-Lighted
5248353,Pedestrian,33.578779,-84.411956,4/9/15 22:53,Property Damaged Only,1,Dark-Lighted
6205433,Pedestrian,33.767941,-84.524171,4/24/17 2:54,Property Damaged Only,1,Dark-Lighted
5205472,Pedestrian,33.903057,-84.121618,3/1/15 5:44,Property Damaged Only,1,Dark-Lighted
6483162,Pedestrian,33.949185,-84.13817,11/20/17 19:15,Property Damaged Only,1,Dark-Lighted
6021174,Pedestrian,33.701064,-84.174699,11/17/16 19:37,Property Damaged Only,1,Dark-Lighted
6077558,Pedestrian,33.771405,-84.395518,1/12/17 18:24,Property Damaged Only,1,Dark-Lighted
5859789,Pedestrian,33.899523,-84.206978,8/1/16 20:53,Property Damaged Only,1,Dark-Lighted
5195955,Pedestrian,33.761517,-84.247798,2/22/15 4:00,Property Damaged Only,1,Dark-Lighted
5460319,Pedestrian,33.714359,-84.411929,10/3/15 6:53,Property Damaged Only,1,Dark-Lighted
5629484,Pedestrian,33.772767,-84.441922,2/4/16 19:33,Property Damaged Only,1,Dark-Lighted
5323915,Pedestrian,31.523778,-83.835747,6/12/15 21:05,Property Damaged Only,1,Dark-Lighted
4364884,Pedestrian,33.53704,-84.23131,2/24/13 20:35,Property Damaged Only,1,Dark-Lighted
6057270,Pedestrian,33.61634,-84.472776,11/5/16 22:11,Property Damaged Only,1,Dark-Lighted
5118136,Pedestrian,34.074316,-83.916721,12/23/14 0:01,Property Damaged Only,1,Dark-Lighted
4833098,Pedestrian,33.737939,-84.291553,4/30/14 21:40,Property Damaged Only,1,Dark-Lighted
4612716,Pedestrian,32.487312,-84.893686,10/20/13 18:39,Property Damaged Only,1,Dark-Lighted
6094752,Pedestrian,33.790427,-84.306425,1/26/17 19:10,Property Damaged Only,1,Dark-Lighted
6111368,Pedestrian,33.887356,-84.217133,2/8/17 7:06,Property Damaged Only,1,Dark-Lighted
4487197,Pedestrian,33.73551,-84.41411,6/23/13 22:00,Property Damaged Only,1,Dark-Lighted
6213589,Pedestrian,33.784813,-84.407397,4/28/17 22:45,Property Damaged Only,1,Dark-Lighted
4857161,Pedestrian,33.578791,-84.415471,5/23/14 21:50,Property Damaged Only,1,Dark-Lighted
4725149,Pedestrian,33.737346,-84.234478,2/6/14 19:50,Property Damaged Only,1,Dark-Lighted
4740850,Pedestrian,33.737934,-84.251991,2/22/14 21:40,Property Damaged Only,1,Dark-Lighted
6027558,Pedestrian,33.75113,-84.400114,12/5/16 18:18,Property Damaged Only,1,Dark-Lighted
4489684,Pedestrian,33.701503,-84.44756,6/26/13 22:32,Fatal,3,Dark-Lighted
5233351,Pedestrian,32.001537,-81.125892,3/27/15 23:56,Fatal,3,Dark-Lighted
5284802,Pedestrian,33.720527,-84.424235,5/4/15 20:46,Fatal,3,Dark-Lighted
6047643,Pedestrian,33.95295,-83.376496,12/14/16 2:29,Injury,2,Dark-Lighted
5460109,Pedestrian,33.677786,-84.460802,10/5/15 19:55,Injury,2,Dark-Lighted
4883058,Pedestrian,32.436847,-84.953558,6/20/14 2:48,Injury,2,Dark-Lighted
4729242,Pedestrian,34.002858,-84.350452,1/18/14 21:07,Injury,2,Dark-Lighted
4556190,Pedestrian,33.602816,-84.472167,8/30/13 1:55,Injury,2,Dark-Lighted
6230884,Pedestrian,33.494461,-84.343138,5/10/17 23:00,Injury,2,Dark-Lighted
5067667,Pedestrian,33.755831,-84.237375,11/29/14 21:20,Injury,2,Dark-Lighted
5463904,Pedestrian,33.364267,-82.03894,10/10/15 19:41,Injury,2,Dark-Lighted
4521600,Pedestrian,33.754374,-84.376654,7/20/13 1:25,Injury,2,Dark-Lighted
5315686,Pedestrian,33.718459,-84.339277,6/5/15 22:30,Injury,2,Dark-Lighted
5804013,Pedestrian,32.533585,-82.899821,10/1/15 21:18,Injury,2,Dark-Lighted
4762069,Pedestrian,32.447244,-84.949611,3/15/14 20:28,Injury,2,Dark-Lighted
5185493,Pedestrian,33.736836,-84.2211,2/19/15 18:10,Injury,2,Dark-Lighted
4463931,Pedestrian,32.078759,-81.09792,6/1/13 0:35,Injury,2,Dark-Lighted
4682617,Pedestrian,31.03646,-82.74719,12/19/13 18:51,Injury,2,Dark-Lighted
6465023,Pedestrian,33.891812,-84.755605,11/4/17 20:10,Injury,2,Dark-Lighted
4895820,Pedestrian,33.764614,-84.34919,6/26/14 21:31,Injury,2,Dark-Lighted
4779948,Pedestrian,34.007976,-85.25379,3/22/14 20:53,Injury,2,Dark-Lighted
4562815,Pedestrian,31.03653,-82.7452,9/5/13 21:01,Injury,2,Dark-Lighted
4467789,Pedestrian,33.727144,-84.442154,1/20/13 20:27,Injury,2,Dark-Lighted
5495346,Pedestrian,33.49401,-82.1095,10/20/15 3:06,Injury,2,Dark-Lighted
6495962,Pedestrian,31.44903,-83.535125,11/30/17 18:25,Injury,2,Dark-Lighted
6045144,Pedestrian,33.709254,-84.217904,12/18/16 21:14,Injury,2,Dark-Lighted
6310586,Pedestrian,32.060975,-81.103407,7/16/17 2:32,Injury,2,Dark-Lighted
6001032,Bicyclist,32.07541,-81.087512,11/15/16 18:46,Property Damaged Only,1,Dark-Lighted
5062216,Bicyclist,33.902899,-84.274189,11/21/14 22:04,Property Damaged Only,1,Dark-Lighted
5902081,Bicyclist,33.396624,-84.747654,9/1/16 21:49,Property Damaged Only,1,Dark-Lighted
4558753,Bicyclist,33.831809,-84.089765,9/2/13 20:29,Property Damaged Only,1,Dark-Lighted
6249176,Bicyclist,33.93748,-84.073233,5/19/17 23:14,Fatal,3,Dark-Lighted
5812267,Bicyclist,33.774218,-84.402275,5/29/16 22:05,Injury,2,Dark-Lighted
6131674,Bicyclist,33.553158,-84.258861,2/24/17 21:20,Injury,2,Dark-Lighted
4718936,Bicyclist,34.047356,-84.26095,1/27/14 6:39,Injury,2,Dark-Lighted
6267846,Bicyclist,33.038732,-85.029604,6/8/17 22:12,Injury,2,Dark-Lighted
6001265,Bicyclist,33.703821,-84.466685,11/9/16 20:05,Injury,2,Dark-Lighted
5254077,Pedestrian,33.469376,-82.067571,4/16/15 6:45,Property Damaged Only,1,Dark-Lighted
6415029,Pedestrian,33.10637,-84.90592,9/29/17 2:01,Property Damaged Only,1,Dark-Lighted
5478873,Pedestrian,33.758495,-84.384217,10/20/15 21:44,Property Damaged Only,1,Dark-Lighted
5396509,Pedestrian,33.894514,-84.196897,8/16/15 1:00,Property Damaged Only,1,Dark-Lighted
4470924,Pedestrian,33.66316,-84.0905,6/8/13 1:03,Property Damaged Only,1,Dark-Lighted
5649556,Pedestrian,33.671263,-84.461058,2/25/16 20:09,Property Damaged Only,1,Dark-Lighted
5411400,Pedestrian,34.018711,-84.191286,7/3/15 4:12,Property Damaged Only,1,Dark-Lighted
5039164,Pedestrian,34.036323,-83.988251,10/31/14 20:45,Property Damaged Only,1,Dark-Lighted
6023810,Pedestrian,32.437568,-84.944526,12/3/16 18:38,Property Damaged Only,1,Dark-Lighted
5328251,Pedestrian,32.054702,-81.115089,6/17/15 21:48,Property Damaged Only,1,Dark-Lighted
5943621,Pedestrian,33.908953,-84.378764,9/30/16 6:44,Property Damaged Only,1,Dark-Lighted
4364279,Pedestrian,32.506733,-84.953751,2/22/13 18:55,Property Damaged Only,1,Dark-Lighted
4319185,Pedestrian,32.040613,-81.008414,1/8/13 21:30,Property Damaged Only,1,Dark-Lighted
5989243,Pedestrian,34.038045,-84.325828,11/4/16 19:27,Property Damaged Only,1,Dark-Lighted
5784902,Pedestrian,33.842165,-84.060198,6/1/16 22:00,Property Damaged Only,1,Dark-Lighted
4750713,Pedestrian,33.719515,-84.425909,2/4/14 5:00,Property Damaged Only,1,Dark-Lighted
6343630,Pedestrian,33.771287,-84.384997,8/3/17 22:46,Property Damaged Only,1,Dark-Lighted
4596942,Pedestrian,33.901276,-84.27591,1/9/13 18:15,Property Damaged Only,1,Dark-Lighted
6458340,Pedestrian,33.738053,-84.258087,11/3/17 21:00,Property Damaged Only,1,Dark-Lighted
5815671,Pedestrian,34.262742,-85.187511,6/29/16 21:23,Property Damaged Only,1,Dark-Lighted
5732704,Pedestrian,33.751307,-84.726221,3/27/16 19:56,Property Damaged Only,1,Dark-Lighted
4708799,Pedestrian,33.725916,-84.182277,1/20/14 19:02,Property Damaged Only,1,Dark-Lighted
6223339,Pedestrian,33.713831,-84.368596,2/2/17 19:29,Property Damaged Only,1,Dark-Lighted
4551611,Pedestrian,33.680264,-84.36742,7/25/13 21:29,Fatal,3,Dark-Lighted
5484759,Pedestrian,33.897232,-84.20904,10/22/15 20:23,Fatal,3,Dark-Lighted
5212953,Pedestrian,33.704287,-84.40805,3/6/15 21:32,Fatal,3,Dark-Lighted
6078731,Pedestrian,33.848924,-84.348598,1/11/17 6:13,Injury,2,Dark-Lighted
4957323,Pedestrian,33.469566,-82.010072,8/30/14 20:42,Injury,2,Dark-Lighted
6008089,Pedestrian,33.25142,-84.26541,11/16/16 21:15,Injury,2,Dark-Lighted
5177364,Pedestrian,32.593336,-82.331022,2/12/15 18:55,Injury,2,Dark-Lighted
4561660,Pedestrian,33.728911,-84.575056,8/29/13 3:11,Injury,2,Dark-Lighted
4683754,Pedestrian,33.76848,-84.25151,12/21/13 18:45,Injury,2,Dark-Lighted
5486695,Pedestrian,33.80988,-84.373805,10/21/15 2:22,Injury,2,Dark-Lighted
4708874,Pedestrian,33.631081,-84.49214,1/20/14 19:35,Injury,2,Dark-Lighted
5225757,Pedestrian,33.957901,-83.374281,3/22/15 20:40,Injury,2,Dark-Lighted
5596342,Pedestrian,33.887158,-84.308417,12/28/15 19:08,Injury,2,Dark-Lighted
6149887,Pedestrian,33.823586,-84.367322,3/11/17 23:03,Injury,2,Dark-Lighted
6284121,Pedestrian,34.022298,-84.327016,6/21/17 21:23,Injury,2,Dark-Lighted
5690932,Pedestrian,31.827257,-81.604051,3/26/16 22:45,Injury,2,Dark-Lighted
6201594,Pedestrian,32.84894,-83.625356,4/20/17 23:13,Injury,2,Dark-Lighted
5829528,Pedestrian,33.800622,-84.186551,7/11/16 21:30,Injury,2,Dark-Lighted
6400452,Pedestrian,33.473262,-82.022569,9/21/17 9:45,Injury,2,Dark-Lighted
5779664,Pedestrian,31.791028,-81.617499,5/30/16 23:45,Injury,2,Dark-Lighted
5948505,Pedestrian,32.43006,-81.73373,10/4/16 20:06,Injury,2,Dark-Lighted
5015941,Pedestrian,33.578686,-84.411987,10/13/14 19:43,Injury,2,Dark-Lighted
4878740,Pedestrian,33.623314,-84.474303,5/15/14 21:42,Injury,2,Dark-Lighted
4623351,Pedestrian,33.624681,-84.474249,9/1/13 5:56,Injury,2,Dark-Lighted
4539817,Bicyclist,33.92467,-84.469354,8/7/13 20:19,Property Damaged Only,1,Dark-Lighted
4700118,Bicyclist,33.956147,-83.393069,1/10/14 19:08,Property Damaged Only,1,Dark-Lighted
6475035,Bicyclist,33.781728,-84.384005,11/9/17 17:30,Property Damaged Only,1,Dark-Lighted
4388979,Bicyclist,33.617758,-84.488486,3/5/13 6:18,Property Damaged Only,1,Dark-Lighted
4838366,Bicyclist,32.08096,-81.09121,5/5/14 21:54,Property Damaged Only,1,Dark-Lighted
5937237,Bicyclist,32.518792,-82.920939,9/16/16 20:34,Property Damaged Only,1,Dark-Lighted
6463146,Bicyclist,33.792529,-84.281298,11/7/17 18:54,Injury,2,Dark-Lighted
4624916,Bicyclist,33.94852,-83.414779,10/29/13 19:49,Injury,2,Dark-Lighted
4957661,Bicyclist,33.958822,-83.382097,8/30/14 20:48,Injury,2,Dark-Lighted
5058339,Bicyclist,32.066336,-81.092945,11/20/14 21:37,Injury,2,Dark-Lighted
5884920,Bicyclist,33.77691,-84.39304,6/13/16 22:00,Injury,2,Dark-Lighted
5494308,Pedestrian,33.759484,-84.505349,10/24/15 23:23,Property Damaged Only,1,Dark-Lighted
5320235,Pedestrian,33.907457,-84.206267,6/5/15 21:15,Property Damaged Only,1,Dark-Lighted
6446938,Pedestrian,33.968532,-84.033646,10/26/17 18:00,Property Damaged Only,1,Dark-Lighted
5660436,Pedestrian,33.272417,-84.297878,3/3/16 18:58,Property Damaged Only,1,Dark-Lighted
4659939,Pedestrian,33.705256,-84.453278,11/19/13 20:02,Property Damaged Only,1,Dark-Lighted
5421522,Pedestrian,33.773937,-84.352436,9/8/15 6:45,Property Damaged Only,1,Dark-Lighted
4408380,Pedestrian,33.500289,-82.139645,3/22/13 6:23,Property Damaged Only,1,Dark-Lighted
5316655,Pedestrian,33.743358,-84.238356,6/7/15 21:30,Property Damaged Only,1,Dark-Lighted
4746998,Pedestrian,32.053885,-81.106974,2/28/14 19:54,Property Damaged Only,1,Dark-Lighted
5105291,Pedestrian,33.446477,-82.010887,12/23/14 17:46,Property Damaged Only,1,Dark-Lighted
5750515,Pedestrian,32.820223,-83.672175,5/10/16 23:07,Property Damaged Only,1,Dark-Lighted
4632115,Pedestrian,33.71194,-84.27159,11/5/13 22:58,Property Damaged Only,1,Dark-Lighted
6441624,Pedestrian,33.759607,-84.505459,10/19/17 19:53,Property Damaged Only,1,Dark-Lighted
6496820,Pedestrian,34.766341,-84.927947,7/7/17 2:24,Property Damaged Only,1,Dark-Lighted
4710688,Pedestrian,34.071227,-83.984186,1/17/14 18:19,Property Damaged Only,1,Dark-Lighted
5529300,Pedestrian,33.75969,-84.38751,11/29/15 1:25,Property Damaged Only,1,Dark-Lighted
4395855,Pedestrian,33.743305,-84.349225,3/24/13 23:32,Property Damaged Only,1,Dark-Lighted
5621393,Pedestrian,31.981764,-81.149101,2/2/16 20:13,Property Damaged Only,1,Dark-Lighted
6472987,Pedestrian,33.659695,-84.477605,11/13/17 20:37,Property Damaged Only,1,Dark-Lighted
4759534,Pedestrian,32.082381,-81.099805,3/12/14 19:35,Property Damaged Only,1,Dark-Lighted
6180551,Pedestrian,33.589532,-84.468834,4/5/17 22:45,Property Damaged Only,1,Dark-Lighted
6413270,Pedestrian,32.494286,-84.979879,9/29/17 21:56,Property Damaged Only,1,Dark-Lighted
6514293,Pedestrian,32.080346,-81.089071,12/14/17 17:34,Property Damaged Only,1,Dark-Lighted