incidentIdNbr,crashType,latitude,longitude,dateOfIncidentDate,severity,Mag,lightCondition
5114251,Pedestrian,33.966505,-84.034511,12/27/14 22:51,Property Damaged Only,1,Dark-Lighted
5650082,Pedestrian,32.425784,-84.948618,2/26/16 0:07,Property Damaged Only,1,Dark-Lighted
5122782,Pedestrian,33.774826,-84.383238,12/28/14 17:35,Fatal,3,Dark-Lighted
4660942,Pedestrian,33.771778,-84.249734,12/2/13 20:58,Fatal,3,Dark-Lighted
6133410,Pedestrian,33.716405,-84.130117,2/28/17 19:33,Fatal,3,Dark-Lighted
4491420,Pedestrian,34.078636,-84.57335,6/30/13 22:17,Fatal,3,Dark-Lighted
6476310,Pedestrian,33.801576,-84.331317,11/16/17 23:30,Injury,2,Dark-Lighted
4565680,Pedestrian,33.911776,-84.595832,8/30/13 6:54,Injury,2,Dark-Lighted
6048002,Pedestrian,33.977029,-84.548664,12/19/16 18:27,Injury,2,Dark-Lighted
5741572,Pedestrian,33.503468,-84.238827,5/2/16 22:34,Injury,2,Dark-Lighted
4460125,Pedestrian,32.056269,-81.086714,5/28/13 22:56,Injury,2,Dark-Lighted
5983581,Pedestrian,31.830306,-81.615732,11/2/16 6:46,Injury,2,Dark-Lighted
4957627,Pedestrian,33.786139,-84.11417,8/30/14 21:35,Injury,2,Dark-Lighted
6133596,Pedestrian,34.779011,-84.964592,2/28/17 19:45,Injury,2,Dark-Lighted
6137693,Pedestrian,33.810686,-84.368365,2/26/17 0:40,Injury,2,Dark-Lighted
4530447,Pedestrian,34.24807,-83.459655,8/3/13 21:02,Injury,2,Dark-Lighted
6461369,Pedestrian,33.897105,-84.198793,11/5/17 16:12,Injury,2,Dark-Lighted
5012155,Pedestrian,33.747324,-84.31456,10/7/14 7:00,Injury,2,Dark-Lighted
4616698,Pedestrian,32.47589,-84.94108,10/23/13 7:18,Injury,2,Dark-Lighted
5991998,Pedestrian,33.787813,-84.232583,11/9/16 0:00,Injury,2,Dark-Lighted
5915885,Pedestrian,34.796635,-85.005905,9/4/16 23:38,Injury,2,Dark-Lighted
6074459,Pedestrian,33.78303,-84.38235,1/11/17 0:15,Injury,2,Dark-Lighted
5220601,Pedestrian,33.832082,-84.579871,3/16/15 21:00,Injury,2,Dark-Lighted
5943921,Pedestrian,33.946276,-83.353877,10/3/16 21:53,Injury,2,Dark-Lighted
5463846,Pedestrian,33.466494,-82.006823,10/10/15 19:15,Injury,2,Dark-Lighted
5551173,Pedestrian,33.758418,-84.349242,12/15/15 6:45,Injury,2,Dark-Lighted
5786156,Pedestrian,32.181921,-83.167642,6/3/16 20:46,Injury,2,Dark-Lighted
4783230,Pedestrian,33.722017,-84.452027,4/2/14 20:30,Injury,2,Dark-Lighted
4388110,Pedestrian,33.464116,-84.215733,3/20/13 23:00,Injury,2,Dark-Lighted
4508835,Pedestrian,32.4435,-84.95191,7/21/13 0:18,Injury,2,Dark-Lighted
6503879,Pedestrian,34.001937,-83.912786,12/6/17 6:56,Injury,2,Dark-Lighted
5730605,Pedestrian,33.837039,-84.377871,4/25/16 23:17,Injury,2,Dark-Lighted
4797428,Pedestrian,32.071165,-81.100727,4/21/14 0:08,Injury,2,Dark-Lighted
6296873,Pedestrian,33.607342,-83.853042,7/3/17 21:26,Injury,2,Dark-Lighted
5674935,Pedestrian,32.03615,-81.230079,3/16/16 6:09,Injury,2,Dark-Lighted
5502809,Pedestrian,32.50708,-84.960856,11/8/15 22:25,Injury,2,Dark-Lighted
5369611,Pedestrian,32.053445,-81.108549,7/26/15 22:17,Injury,2,Dark-Lighted
5316709,Pedestrian,33.778619,-84.241803,6/7/15 4:50,Injury,2,Dark-Lighted
5481414,Pedestrian,34.266262,-85.202943,10/23/15 20:10,Injury,2,Dark-Lighted
5704152,Pedestrian & Bicyclist,33.918829,-84.197737,4/6/16 21:15,Property Damaged Only,1,Dark-Lighted
4445923,Pedestrian & Bicyclist,33.403409,-84.797514,2/19/13 20:15,Property Damaged Only,1,Dark-Lighted
6187011,Bicyclist,32.412781,-81.781407,2/24/17 23:50,Property Damaged Only,1,Dark-Lighted
6410940,Bicyclist,32.4401,-84.947,9/29/17 22:10,Property Damaged Only,1,Dark-Lighted
4333577,Bicyclist,33.888098,-84.057973,1/10/13 20:54,Property Damaged Only,1,Dark-Lighted
5544361,Bicyclist,33.453416,-81.991445,12/9/15 18:46,Property Damaged Only,1,Dark-Lighted
5943820,Bicyclist,30.903943,-84.570045,8/29/16 20:41,Property Damaged Only,1,Dark-Lighted
6373994,Bicyclist,33.48892,-84.352369,8/29/17 20:25,Property Damaged Only,1,Dark-Lighted
5039417,Bicyclist,33.961887,-84.118477,10/30/14 19:41,Property Damaged Only,1,Dark-Lighted
6269739,Bicyclist,33.60983,-83.47827,6/9/17 23:42,Injury,2,Dark-Lighted
6529794,Bicyclist,33.817179,-84.106246,12/24/17 22:21,Injury,2,Dark-Lighted
5376031,Bicyclist,31.227708,-81.514674,5/20/15 5:31,Injury,2,Dark-Lighted
6407526,Bicyclist,30.903957,-84.570053,8/25/17 21:02,Injury,2,Dark-Lighted
5711519,Bicyclist,31.98148,-81.148008,4/13/16 4:20,Injury,2,Dark-Lighted
5795473,Bicyclist,33.96747,-84.196147,6/9/16 23:44,Injury,2,Dark-Lighted
5330256,Bicyclist,33.91868,-84.582675,6/19/15 23:52,Injury,2,Dark-Lighted
5021237,Pedestrian,33.973183,-84.358316,10/18/14 6:58,Property Damaged Only,1,Dark-Lighted
4855913,Pedestrian,34.160522,-83.99313,5/20/14 20:51,Property Damaged Only,1,Dark-Lighted
5702626,Pedestrian,33.605885,-84.471573,4/4/16 22:35,Property Damaged Only,1,Dark-Lighted
4674285,Pedestrian,33.930789,-84.496861,12/10/13 6:27,Property Damaged Only,1,Dark-Lighted
6012188,Pedestrian,33.426044,-82.021211,11/23/16 21:37,Property Damaged Only,1,Dark-Lighted
4581068,Pedestrian,32.51881,-84.95682,9/24/13 21:15,Property Damaged Only,1,Dark-Lighted
5588562,Pedestrian,33.554606,-83.906463,11/24/14 18:34,Property Damaged Only,1,Dark-Lighted
4396421,Pedestrian,33.841232,-84.379089,3/24/13 3:05,Property Damaged Only,1,Dark-Lighted
4481547,Pedestrian,33.816043,-84.234746,6/16/13 22:50,Property Damaged Only,1,Dark-Lighted
5589141,Pedestrian,33.582836,-83.980328,5/3/15 1:42,Property Damaged Only,1,Dark-Lighted
5088725,Pedestrian,33.711216,-84.27162,12/10/14 22:00,Property Damaged Only,1,Dark-Lighted
5819827,Pedestrian,32.078931,-81.091966,7/4/16 22:26,Property Damaged Only,1,Dark-Lighted
6420444,Pedestrian,32.077104,-81.09858,10/6/17 19:43,Property Damaged Only,1,Dark-Lighted
5036350,Pedestrian,32.055113,-81.063253,10/31/14 19:54,Property Damaged Only,1,Dark-Lighted
6530600,Pedestrian,33.727443,-84.235335,12/27/17 17:05,Property Damaged Only,1,Dark-Lighted
4370799,Pedestrian,33.702,-84.268958,3/1/13 19:55,Property Damaged Only,1,Dark-Lighted
5615539,Pedestrian,32.832129,-83.662612,12/30/15 18:06,Property Damaged Only,1,Dark-Lighted
5575805,Pedestrian,33.680978,-84.402732,12/18/15 21:17,Property Damaged Only,1,Dark-Lighted
6122863,Pedestrian,32.080366,-81.097254,2/19/17 3:05,Property Damaged Only,1,Dark-Lighted
4530291,Pedestrian,33.841232,-84.379089,7/13/13 2:46,Property Damaged Only,1,Dark-Lighted
4925658,Pedestrian,32.080069,-81.096189,8/3/14 2:30,Property Damaged Only,1,Dark-Lighted
4968596,Pedestrian,34.006499,-85.041561,5/9/13 22:07,Property Damaged Only,1,Dark-Lighted
5456140,Pedestrian,33.904574,-84.276621,10/2/15 23:55,Property Damaged Only,1,Dark-Lighted
4858239,Pedestrian,34.010093,-84.251861,4/25/14 21:15,Property Damaged Only,1,Dark-Lighted
4646866,Pedestrian,32.09511,-81.14572,10/22/13 20:45,Property Damaged Only,1,Dark-Lighted
5029254,Pedestrian,31.17537,-81.48351,10/19/14 20:30,Property Damaged Only,1,Dark-Lighted
6030529,Pedestrian,34.094939,-84.27706,12/5/16 21:02,Property Damaged Only,1,Dark-Lighted
4979243,Pedestrian,33.000763,-82.410257,9/9/14 19:37,Property Damaged Only,1,Dark-Lighted
5037224,Pedestrian,33.812777,-84.30783,11/1/14 23:00,Property Damaged Only,1,Dark-Lighted
5628391,Pedestrian,32.797465,-83.645921,1/16/16 21:43,Property Damaged Only,1,Dark-Lighted
4542199,Pedestrian,34.268335,-85.211417,8/17/13 20:36,Property Damaged Only,1,Dark-Lighted
4439869,Pedestrian,33.721849,-84.393379,4/29/13 20:10,Property Damaged Only,1,Dark-Lighted
5267513,Pedestrian,33.447788,-84.460531,4/26/15 23:37,Fatal,3,Dark-Lighted
5969749,Pedestrian,33.916818,-84.259307,10/12/16 11:21,Fatal,3,Dark-Lighted
6160442,Pedestrian,33.93213,-84.22238,3/18/17 23:54,Fatal,3,Dark-Lighted
4670019,Pedestrian,33.759916,-84.190219,12/10/13 18:17,Fatal,3,Dark-Lighted
5980951,Pedestrian,32.854495,-83.618243,10/31/16 21:34,Injury,2,Dark-Lighted
6503942,Pedestrian,33.795824,-84.230717,12/7/17 6:54,Injury,2,Dark-Lighted
5455695,Pedestrian,34.768814,-84.772699,10/4/15 20:46,Injury,2,Dark-Lighted
4835389,Pedestrian,31.572242,-84.175892,5/2/14 17:59,Injury,2,Dark-Lighted
5037892,Pedestrian,32.076806,-81.092747,11/2/14 22:15,Injury,2,Dark-Lighted
6501649,Pedestrian,33.629491,-84.385295,12/5/17 21:14,Injury,2,Dark-Lighted
4934339,Pedestrian,33.61771,-84.472826,7/5/14 3:45,Injury,2,Dark-Lighted
4356693,Pedestrian,34.465393,-84.47865,2/16/13 4:33,Injury,2,Dark-Lighted
5635850,Pedestrian,33.702797,-84.159668,2/13/16 0:10,Injury,2,Dark-Lighted
4352356,Pedestrian,33.713966,-84.252464,2/12/13 19:21,Injury,2,Dark-Lighted
4877813,Pedestrian,31.555114,-84.131036,6/15/14 0:07,Injury,2,Dark-Lighted
4550493,Pedestrian,33.905113,-84.237964,8/25/13 22:45,Injury,2,Dark-Lighted
4996147,Pedestrian,33.247526,-84.295686,9/25/14 7:08,Injury,2,Dark-Lighted
5629061,Pedestrian,33.732457,-84.568709,1/29/16 21:00,Injury,2,Dark-Lighted
4833416,Pedestrian,32.651935,-83.756168,4/22/14 6:32,Injury,2,Dark-Lighted
6340191,Pedestrian,33.904189,-84.202629,8/2/17 21:02,Injury,2,Dark-Lighted
5997912,Pedestrian,32.401239,-82.054123,11/12/16 18:19,Injury,2,Dark-Lighted
5629313,Pedestrian,33.900436,-84.148071,2/3/16 7:25,Injury,2,Dark-Lighted
4902332,Pedestrian,33.79073,-84.33824,7/10/14 1:26,Injury,2,Dark-Lighted
6241946,Pedestrian,33.668827,-84.464188,5/20/17 23:13,Injury,2,Dark-Lighted
6103463,Pedestrian,32.070337,-81.121025,2/1/17 22:24,Injury,2,Dark-Lighted
4671681,Pedestrian,34.26047,-85.17887,12/11/13 18:57,Injury,2,Dark-Lighted
5927636,Pedestrian,34.034749,-84.345911,9/18/16 20:17,Injury,2,Dark-Lighted
4876371,Pedestrian,33.718885,-84.215453,6/12/14 22:56,Injury,2,Dark-Lighted
5176807,Pedestrian,33.701747,-84.088518,2/13/15 23:03,Injury,2,Dark-Lighted
5198537,Pedestrian,33.713912,-84.368757,2/26/15 19:30,Injury,2,Dark-Lighted
6475130,Pedestrian,33.758195,-84.388384,11/10/17 23:20,Injury,2,Dark-Lighted
4377448,Pedestrian,33.993436,-84.049246,3/8/13 21:54,Injury,2,Dark-Lighted
6069192,Pedestrian,33.711231,-84.210102,1/5/17 19:56,Injury,2,Dark-Lighted
5049602,Pedestrian,33.8211,-84.37017,11/12/14 20:11,Injury,2,Dark-Lighted
4683522,Pedestrian,33.462326,-82.488655,12/20/13 19:46,Injury,2,Dark-Lighted
6201224,Pedestrian,33.917536,-84.500196,4/14/17 22:00,Injury,2,Dark-Lighted
4434929,Pedestrian,33.945033,-83.282681,4/20/13 20:44,Injury,2,Dark-Lighted
5282967,Pedestrian,33.880015,-84.272583,5/9/15 6:00,Injury,2,Dark-Lighted
4503594,Pedestrian,32.495616,-82.98179,7/10/13 23:08,Injury,2,Dark-Lighted
6429091,Pedestrian,33.613215,-84.435065,10/15/17 21:35,Injury,2,Dark-Lighted
4897465,Bicyclist,30.831744,-83.9801,7/3/14 21:12,Property Damaged Only,1,Dark-Lighted
6514471,Bicyclist,33.510788,-82.033889,12/14/17 20:22,Property Damaged Only,1,Dark-Lighted
5656613,Bicyclist,33.921481,-84.840196,11/19/15 6:49,Property Damaged Only,1,Dark-Lighted
6365307,Bicyclist,33.951069,-84.098908,8/19/17 20:56,Property Damaged Only,1,Dark-Lighted
6078901,Bicyclist,34.260615,-85.168966,1/14/17 20:17,Property Damaged Only,1,Dark-Lighted
5626843,Bicyclist,32.488135,-84.98893,2/7/16 19:25,Property Damaged Only,1,Dark-Lighted
5504910,Bicyclist,30.82324,-83.304364,11/9/15 5:57,Property Damaged Only,1,Dark-Lighted
5804708,Bicyclist,32.546667,-82.909087,12/19/15 19:46,Injury,2,Dark-Lighted
4634225,Bicyclist,32.26218,-81.22034,11/6/13 17:50,Injury,2,Dark-Lighted
6495711,Bicyclist,32.053899,-81.088017,12/1/17 3:15,Injury,2,Dark-Lighted
6510748,Bicyclist,30.902933,-84.561474,12/6/17 22:11,Injury,2,Dark-Lighted
4661709,Bicyclist,31.440942,-83.50549,11/29/13 18:40,Injury,2,Dark-Lighted
6415399,Bicyclist,33.654708,-84.3078,10/4/17 6:40,Injury,2,Dark-Lighted
5205840,Bicyclist,34.049515,-84.584299,3/3/15 20:50,Injury,2,Dark-Lighted
5452646,Pedestrian,32.058604,-81.105444,10/2/15 19:25,Property Damaged Only,1,Dark-Lighted
4998988,Pedestrian,33.969109,-84.181379,9/19/14 19:55,Property Damaged Only,1,Dark-Lighted
4318740,Pedestrian,33.608748,-84.610242,1/7/13 21:00,Property Damaged Only,1,Dark-Lighted
6162825,Pedestrian,32.48935,-84.93141,3/23/17 7:16,Property Damaged Only,1,Dark-Lighted
5472444,Pedestrian,33.788897,-84.249787,10/17/15 20:57,Property Damaged Only,1,Dark-Lighted
4444517,Pedestrian,33.813455,-84.347096,5/15/13 21:39,Property Damaged Only,1,Dark-Lighted
6482866,Pedestrian,31.984906,-81.137709,11/21/17 20:46,Property Damaged Only,1,Dark-Lighted
6429306,Pedestrian,33.709948,-84.218363,10/15/17 21:48,Property Damaged Only,1,Dark-Lighted
4664905,Pedestrian,33.838807,-84.380474,12/3/13 20:10,Property Damaged Only,1,Dark-Lighted
5129515,Pedestrian,33.771287,-84.384997,1/10/15 22:30,Property Damaged Only,1,Dark-Lighted
5081077,Pedestrian,33.644571,-84.491036,12/3/14 23:36,Property Damaged Only,1,Dark-Lighted
6527536,Pedestrian,33.681014,-84.418637,12/23/17 22:54,Property Damaged Only,1,Dark-Lighted
6469676,Pedestrian,33.5077,-84.142956,11/12/17 3:00,Property Damaged Only,1,Dark-Lighted
6233105,Pedestrian,33.954828,-83.362774,5/8/17 0:32,Property Damaged Only,1,Dark-Lighted
4441954,Pedestrian,33.717986,-84.165542,5/13/13 21:05,Property Damaged Only,1,Dark-Lighted
5850013,Pedestrian,33.605173,-83.872465,7/25/16 4:50,Fatal,3,Dark-Lighted
5118583,Pedestrian,31.575345,-84.156293,1/5/15 21:00,Fatal,3,Dark-Lighted
4502092,Pedestrian,33.944812,-83.340244,4/8/13 21:09,Fatal,3,Dark-Lighted
5766053,Pedestrian,32.465222,-84.900437,5/22/16 21:05,Fatal,3,Dark-Lighted
4858797,Pedestrian,33.94844,-83.41475,5/19/14 22:31,Fatal,3,Dark-Lighted
5182967,Pedestrian,33.738557,-84.427127,1/13/15 18:37,Fatal,3,Dark-Lighted
4597261,Pedestrian,33.7485,-84.705,9/14/13 22:15,Fatal,3,Dark-Lighted
5667846,Pedestrian,34.260461,-85.178845,3/9/16 19:43,Injury,2,Dark-Lighted
4512530,Pedestrian,33.534164,-82.066629,6/7/13 21:08,Injury,2,Dark-Lighted
6133469,Pedestrian,32.059492,-81.06735,2/28/17 19:41,Injury,2,Dark-Lighted
5738827,Pedestrian,33.910448,-84.352738,4/22/16 22:38,Injury,2,Dark-Lighted
5061106,Pedestrian,33.959941,-83.373313,11/23/14 1:37,Injury,2,Dark-Lighted
6184874,Pedestrian,33.56005,-84.00701,4/5/17 23:08,Injury,2,Dark-Lighted
6528300,Pedestrian,32.477599,-84.977689,12/25/17 21:53,Injury,2,Dark-Lighted
4422689,Pedestrian,32.079121,-81.100787,4/24/13 3:00,Injury,2,Dark-Lighted
4635106,Pedestrian,33.797431,-84.199256,11/9/13 3:01,Injury,2,Dark-Lighted
5031038,Pedestrian,33.726953,-84.359728,10/19/14 2:00,Injury,2,Dark-Lighted
4691323,Pedestrian,32.890373,-84.68122,12/28/13 18:25,Injury,2,Dark-Lighted
6186863,Pedestrian,33.937499,-83.368624,2/28/17 19:48,Injury,2,Dark-Lighted
5640857,Pedestrian,33.886243,-84.192749,2/16/16 21:54,Injury,2,Dark-Lighted
5904461,Pedestrian,33.437689,-82.007003,9/3/16 2:49,Injury,2,Dark-Lighted
6115060,Pedestrian,33.049345,-85.022012,2/11/17 18:43,Injury,2,Dark-Lighted
4471508,Pedestrian,34.29153,-83.84611,6/7/13 22:55,Injury,2,Dark-Lighted
6117023,Pedestrian,33.797273,-84.236614,2/13/17 0:00,Injury,2,Dark-Lighted
5504672,Pedestrian,33.791533,-84.555657,11/8/15 21:50,Injury,2,Dark-Lighted
4664307,Pedestrian,33.951808,-84.10149,12/3/13 21:10,Injury,2,Dark-Lighted
5643645,Pedestrian,32.059044,-81.085583,2/20/16 21:11,Injury,2,Dark-Lighted
5554600,Pedestrian,33.978066,-84.099907,12/10/15 19:09,Injury,2,Dark-Lighted
4780805,Pedestrian,33.908715,-84.20632,4/2/14 20:44,Injury,2,Dark-Lighted
5331727,Pedestrian,33.736739,-84.40163,6/15/15 22:44,Injury,2,Dark-Lighted
5714137,Pedestrian,32.05135,-81.166585,4/15/16 0:42,Injury,2,Dark-Lighted
5888165,Pedestrian,33.627152,-84.484119,8/13/16 23:35,Injury,2,Dark-Lighted
5634900,Pedestrian,33.900868,-84.628123,2/11/16 23:47,Injury,2,Dark-Lighted
4358120,Pedestrian,33.421393,-82.081713,1/26/13 21:59,Injury,2,Dark-Lighted
6036483,Pedestrian,33.902535,-84.568076,12/5/16 17:50,Injury,2,Dark-Lighted
5691112,Pedestrian,33.84168,-84.38461,3/25/16 7:30,Injury,2,Dark-Lighted
4615156,Pedestrian,34.263511,-83.84357,10/22/13 6:42,Injury,2,Dark-Lighted
4691259,Pedestrian,31.41035,-81.39964,12/29/13 20:35,Injury,2,Dark-Lighted
5109108,Pedestrian,33.922342,-84.550091,12/27/14 22:15,Injury,2,Dark-Lighted
4703291,Pedestrian,33.680677,-84.381679,1/11/14 19:17,Injury,2,Dark-Lighted
4690657,Bicyclist,33.756948,-84.392715,12/27/13 19:17,Property Damaged Only,1,Dark-Lighted
5917682,Bicyclist,33.781514,-84.390438,9/12/16 20:53,Property Damaged Only,1,Dark-Lighted
5052825,Bicyclist,32.035266,-81.119998,11/15/14 18:12,Property Damaged Only,1,Dark-Lighted
4552261,Bicyclist,33.453441,-82.05045,7/27/13 21:40,Property Damaged Only,1,Dark-Lighted
5577777,Bicyclist,30.871674,-83.26585,12/31/15 18:39,Property Damaged Only,1,Dark-Lighted
4438208,Bicyclist,33.888715,-84.194338,4/29/13 22:12,Injury,2,Dark-Lighted
6393044,Bicyclist,33.834579,-84.080059,8/26/17 20:53,Injury,2,Dark-Lighted
4844362,Bicyclist,31.579916,-84.110248,5/13/14 0:51,Injury,2,Dark-Lighted
4609065,Bicyclist,33.504199,-84.406408,10/16/13 19:25,Injury,2,Dark-Lighted
5004644,Bicyclist,32.078626,-81.090877,10/2/14 21:00,Injury,2,Dark-Lighted
4697646,Bicyclist,33.434909,-82.010432,1/3/14 20:12,Injury,2,Dark-Lighted
6436652,Bicyclist,32.072742,-81.095517,10/20/17 21:50,Injury,2,Dark-Lighted
4678876,Bicyclist,30.79128,-81.68012,10/31/13 22:27,Injury,2,Dark-Lighted
4904930,Bicyclist,33.9561,-83.354313,7/11/14 20:51,Injury,2,Dark-Lighted
5005121,Pedestrian,33.755632,-84.360251,9/29/14 21:30,Property Damaged Only,1,Dark-Lighted
5101963,Pedestrian,33.810832,-84.193753,12/19/14 18:15,Property Damaged Only,1,Dark-Lighted
4644183,Pedestrian,33.703986,-84.170037,11/16/13 20:47,Property Damaged Only,1,Dark-Lighted
5464689,Pedestrian,32.053097,-81.10747,10/11/15 6:45,Property Damaged Only,1,Dark-Lighted
4635476,Pedestrian,33.898548,-84.573004,11/3/13 21:27,Property Damaged Only,1,Dark-Lighted
4419558,Pedestrian,32.4633,-84.92693,4/20/13 21:30,Property Damaged Only,1,Dark-Lighted
4969930,Pedestrian,34.021367,-83.573481,5/16/14 23:50,Property Damaged Only,1,Dark-Lighted
4316906,Pedestrian,32.04913,-81.137623,1/5/13 18:01,Property Damaged Only,1,Dark-Lighted
5012129,Pedestrian,33.807661,-84.268427,10/9/14 6:50,Property Damaged Only,1,Dark-Lighted
4576293,Pedestrian,33.70837,-84.166101,9/19/13 20:15,Property Damaged Only,1,Dark-Lighted
5733440,Pedestrian,33.764302,-84.397274,4/25/16 20:20,Property Damaged Only,1,Dark-Lighted
5101141,Pedestrian,33.518078,-84.387441,12/18/14 19:35,Property Damaged Only,1,Dark-Lighted
5936492,Pedestrian,33.722432,-84.349465,9/26/16 23:55,Property Damaged Only,1,Dark-Lighted
4624210,Pedestrian,34.047372,-84.39604,9/21/13 6:45,Property Damaged Only,1,Dark-Lighted
4613944,Pedestrian,32.820992,-83.695408,9/27/13 22:50,Property Damaged Only,1,Dark-Lighted
6026954,Pedestrian,33.714474,-84.272852,12/5/16 21:21,Property Damaged Only,1,Dark-Lighted
5269926,Pedestrian,33.205805,-82.38883,3/26/15 20:15,Property Damaged Only,1,Dark-Lighted
5816204,Pedestrian,33.887322,-84.063792,6/26/16 23:40,Injury,2,Dark-Lighted
5470321,Pedestrian,33.740533,-84.510296,9/25/15 19:29,Injury,2,Dark-Lighted
6387644,Pedestrian,34.267158,-85.206117,9/10/17 21:10,Injury,2,Dark-Lighted
5515736,Pedestrian,34.887328,-84.341661,11/18/15 18:07,Injury,2,Dark-Lighted
5063671,Pedestrian,32.061536,-81.103188,11/24/14 20:31,Injury,2,Dark-Lighted
4354295,Pedestrian,34.085479,-84.028218,2/13/13 6:43,Injury,2,Dark-Lighted
4465736,Pedestrian,32.421953,-81.778146,5/4/13 22:43,Injury,2,Dark-Lighted
4783552,Pedestrian,33.568613,-84.539391,4/4/14 21:35,Injury,2,Dark-Lighted
5479768,Pedestrian,32.079827,-81.095379,10/22/15 23:00,Injury,2,Dark-Lighted
5118093,Pedestrian,33.611343,-84.471805,1/1/15 1:40,Injury,2,Dark-Lighted
4848867,Pedestrian,33.759783,-84.178315,5/17/14 22:00,Injury,2,Dark-Lighted
5601538,Pedestrian,33.950902,-84.5187,1/14/16 21:53,Injury,2,Dark-Lighted
5620230,Pedestrian,33.773824,-84.355598,1/24/16 21:40,Injury,2,Dark-Lighted
5090006,Pedestrian,33.593768,-84.407765,12/9/14 18:30,Injury,2,Dark-Lighted
5970855,Pedestrian,34.970096,-85.165059,10/24/16 6:52,Injury,2,Dark-Lighted
5859878,Pedestrian,33.544825,-84.368747,8/1/16 20:55,Injury,2,Dark-Lighted
5234726,Pedestrian,33.586148,-84.515972,3/28/15 22:07,Injury,2,Dark-Lighted
5176934,Pedestrian,34.523339,-83.975108,2/13/15 20:53,Injury,2,Dark-Lighted
5678801,Pedestrian,33.721911,-84.161755,3/17/16 21:01,Injury,2,Dark-Lighted
4544518,Pedestrian,33.778245,-84.352761,8/17/13 0:27,Injury,2,Dark-Lighted
5153943,Pedestrian,33.510293,-82.028035,1/31/15 18:44,Injury,2,Dark-Lighted
5914379,Pedestrian,33.757028,-84.391293,9/10/16 3:43,Injury,2,Dark-Lighted
5360294,Pedestrian,32.470485,-84.988944,7/18/15 3:36,Injury,2,Dark-Lighted
5320387,Pedestrian,34.085433,-83.991173,6/1/15 22:57,Injury,2,Dark-Lighted
6474929,Pedestrian,33.96493,-83.59668,10/31/17 20:33,Injury,2,Dark-Lighted
4327112,Pedestrian,33.802507,-84.193562,1/15/13 18:09,Injury,2,Dark-Lighted
4998438,Pedestrian,32.053139,-81.107443,9/27/14 19:04,Injury,2,Dark-Lighted
4676470,Pedestrian,33.754757,-84.417524,12/6/13 18:45,Injury,2,Dark-Lighted
4339476,Pedestrian,33.27984,-85.09904,1/25/13 20:47,Injury,2,Dark-Lighted
4439215,Pedestrian,33.73174,-84.4081,5/3/13 22:53,Injury,2,Dark-Lighted
6054396,Pedestrian & Bicyclist,33.781477,-84.407532,12/24/16 19:50,Property Damaged Only,1,Dark-Lighted
6457626,Bicyclist,33.777454,-84.385871,11/2/17 18:55,Property Damaged Only,1,Dark-Lighted
4575212,Bicyclist,33.467205,-81.952876,8/23/13 23:42,Property Damaged Only,1,Dark-Lighted
4998367,Bicyclist,32.0535,-81.093428,9/27/14 21:22,Property Damaged Only,1,Dark-Lighted
4772061,Bicyclist,32.060559,-81.094061,3/25/14 21:54,Property Damaged Only,1,Dark-Lighted
6061964,Bicyclist,32.002332,-81.12481,12/31/16 17:59,Property Damaged Only,1,Dark-Lighted
5248700,Bicyclist,33.76783,-84.3961,4/9/15 0:05,Property Damaged Only,1,Dark-Lighted
5505206,Bicyclist,33.887947,-84.154801,11/6/15 22:08,Property Damaged Only,1,Dark-Lighted
5325381,Bicyclist,33.777912,-84.296428,5/8/15 23:18,Injury,2,Dark-Lighted
6078717,Bicyclist,34.761452,-84.970621,1/14/17 20:22,Injury,2,Dark-Lighted
6202820,Bicyclist,32.06291,-81.077763,4/22/17 0:47,Injury,2,Dark-Lighted
5076969,Bicyclist,32.038926,-81.079221,12/6/14 3:36,Injury,2,Dark-Lighted
6252440,Bicyclist,30.829935,-83.967,5/27/17 23:50,Injury,2,Dark-Lighted
5681929,Bicyclist,33.407771,-84.568835,3/20/16 0:06,Injury,2,Dark-Lighted
5393412,Bicyclist,33.721993,-84.394244,8/15/15 1:35,Injury,2,Dark-Lighted
5774963,Bicyclist,32.624793,-83.641526,5/27/16 23:36,Injury,2,Dark-Lighted
6125993,Pedestrian,33.777148,-84.381331,2/21/17 18:15,Property Damaged Only,1,Dark-Lighted
4656074,Pedestrian,31.609613,-84.210734,11/26/13 18:33,Property Damaged Only,1,Dark-Lighted
4570506,Pedestrian,32.475025,-83.74789,9/11/13 23:55,Property Damaged Only,1,Dark-Lighted
4679766,Pedestrian,31.581103,-84.156001,12/14/13 18:30,Property Damaged Only,1,Dark-Lighted
5066027,Pedestrian,33.7008,-84.267693,11/26/14 19:25,Property Damaged Only,1,Dark-Lighted
5599907,Pedestrian,33.804349,-84.26738,1/15/16 7:10,Property Damaged Only,1,Dark-Lighted
6501592,Pedestrian,33.767771,-84.52418,12/3/17 21:00,Property Damaged Only,1,Dark-Lighted
4567393,Pedestrian,33.810557,-84.291598,9/11/13 6:45,Property Damaged Only,1,Dark-Lighted
5482150,Pedestrian,33.420278,-82.032393,10/24/15 20:03,Property Damaged Only,1,Dark-Lighted
4757696,Pedestrian,33.693569,-84.261231,3/11/14 20:11,Property Damaged Only,1,Dark-Lighted
5281090,Pedestrian,33.992996,-84.345161,3/30/15 20:38,Property Damaged Only,1,Dark-Lighted
5886540,Pedestrian,33.968898,-83.365183,8/20/16 22:00,Property Damaged Only,1,Dark-Lighted
5613212,Pedestrian,32.493582,-84.980232,1/28/16 7:00,Property Damaged Only,1,Dark-Lighted
5972955,Pedestrian,34.108407,-84.459742,10/25/16 20:05,Property Damaged Only,1,Dark-Lighted
5576196,Pedestrian,33.737363,-84.234418,12/31/15 19:34,Property Damaged Only,1,Dark-Lighted
6230146,Pedestrian,33.804033,-84.190956,5/11/17 20:48,Property Damaged Only,1,Dark-Lighted
4364333,Pedestrian,33.08371,-83.22953,2/23/13 2:36,Property Damaged Only,1,Dark-Lighted