incidentIdNbr,crashType,latitude,longitude,dateOfIncidentDate,severity,Mag,lightCondition
6501756,Pedestrian,33.773816,-84.358939,12/5/17 20:57,Property Damaged Only,1,Dark-Lighted
4691006,Pedestrian,33.683458,-84.248212,12/30/13 19:49,Property Damaged Only,1,Dark-Lighted
6083581,Pedestrian,32.506708,-84.953694,1/17/17 19:38,Property Damaged Only,1,Dark-Lighted
5966627,Pedestrian,32.07204,-81.200531,10/20/16 19:20,Property Damaged Only,1,Dark-Lighted
5553508,Pedestrian,33.047042,-85.034787,12/15/15 21:35,Property Damaged Only,1,Dark-Lighted
6449894,Pedestrian,33.760983,-84.387552,10/22/17 19:12,Fatal,3,Dark-Lighted
5494527,Pedestrian,32.080331,-81.103551,11/1/15 0:45,Fatal,3,Dark-Lighted
6396333,Pedestrian,34.272762,-85.22927,9/13/17 20:43,Fatal,3,Dark-Lighted
5279862,Pedestrian,33.736247,-84.566045,5/7/15 5:41,Injury,2,Dark-Lighted
6351536,Pedestrian,34.700847,-83.73023,8/11/17 22:25,Injury,2,Dark-Lighted
5872056,Pedestrian,34.259264,-83.846331,8/10/16 6:29,Injury,2,Dark-Lighted
4317477,Pedestrian,33.790547,-84.32096,1/6/13 23:10,Injury,2,Dark-Lighted
4648526,Pedestrian,33.73735,-84.23427,11/20/13 4:37,Injury,2,Dark-Lighted
5628648,Pedestrian,34.465711,-84.447473,2/6/16 21:00,Injury,2,Dark-Lighted
4652569,Pedestrian,32.080323,-81.088957,11/23/13 2:25,Injury,2,Dark-Lighted
5456907,Pedestrian,33.507602,-82.138517,9/12/15 23:11,Injury,2,Dark-Lighted
5334282,Pedestrian,32.825869,-83.662868,6/23/15 22:29,Injury,2,Dark-Lighted
5031586,Pedestrian,33.785851,-84.225567,10/27/14 20:05,Injury,2,Dark-Lighted
5360284,Pedestrian,32.46028,-84.91503,7/17/15 23:30,Injury,2,Dark-Lighted
4968718,Pedestrian,34.010916,-85.044241,10/11/13 19:32,Injury,2,Dark-Lighted
4910208,Pedestrian,32.004509,-81.117966,7/18/14 20:38,Injury,2,Dark-Lighted
5539611,Pedestrian,30.893712,-84.573294,12/6/15 18:12,Injury,2,Dark-Lighted
5061126,Pedestrian,31.769246,-84.44814,11/21/14 21:53,Injury,2,Dark-Lighted
4335698,Pedestrian,33.786684,-84.23359,1/23/13 19:11,Injury,2,Dark-Lighted
5243386,Pedestrian,32.46729,-84.91355,4/6/15 22:38,Injury,2,Dark-Lighted
5721747,Pedestrian,33.98164,-84.348958,4/18/16 21:01,Injury,2,Dark-Lighted
4790920,Pedestrian,33.795986,-84.246323,4/14/14 16:20,Injury,2,Dark-Lighted
4629552,Pedestrian,33.681361,-84.273531,11/2/13 21:09,Injury,2,Dark-Lighted
6057360,Pedestrian,33.618386,-84.472865,11/18/16 20:58,Injury,2,Dark-Lighted
6045316,Pedestrian,33.68381,-84.347626,12/19/16 0:00,Injury,2,Dark-Lighted
5539864,Pedestrian & Bicyclist,33.94178,-84.270963,12/6/15 18:11,Property Damaged Only,1,Dark-Lighted
4617744,Pedestrian & Bicyclist,33.693157,-84.630265,10/22/13 21:40,Injury,2,Dark-Lighted
4477552,Bicyclist,32.07566,-81.09262,6/14/13 22:00,Property Damaged Only,1,Dark-Lighted
6275509,Bicyclist,22935.4525,5678.6662,6/15/17 21:37,Property Damaged Only,1,Dark-Lighted
6316440,Bicyclist,33.901162,-84.478567,7/19/17 21:25,Property Damaged Only,1,Dark-Lighted
4620850,Bicyclist,33.957863,-83.378573,10/26/13 21:55,Property Damaged Only,1,Dark-Lighted
4924987,Bicyclist,32.022915,-81.088716,8/1/14 21:16,Property Damaged Only,1,Dark-Lighted
5875512,Bicyclist,31.163941,-81.494368,8/13/16 23:45,Property Damaged Only,1,Dark-Lighted
4347983,Bicyclist,33.49975,-82.012151,1/15/13 18:17,Property Damaged Only,1,Dark-Lighted
4452133,Bicyclist,32.050082,-81.06544,5/21/13 21:12,Property Damaged Only,1,Dark-Lighted
5376611,Bicyclist,33.417632,-82.078457,7/31/15 21:23,Property Damaged Only,1,Dark-Lighted
5041786,Bicyclist,33.568104,-84.57919,11/5/14 17:18,Injury,2,Dark-Lighted
4609889,Bicyclist,32.077337,-81.092562,10/18/13 0:01,Injury,2,Dark-Lighted
4905378,Bicyclist,32.073443,-81.074044,7/13/14 2:17,Injury,2,Dark-Lighted
4402303,Bicyclist,33.931764,-83.382075,3/20/13 20:02,Injury,2,Dark-Lighted
4691187,Bicyclist,33.763389,-84.415121,12/18/13 0:42,Injury,2,Dark-Lighted
4849463,Bicyclist,33.775942,-84.393742,3/8/14 1:09,Injury,2,Dark-Lighted
5910581,Bicyclist,33.897987,-84.005961,9/3/16 22:55,Injury,2,Dark-Lighted
6457385,Bicyclist,30.8234,-83.270184,10/26/17 19:21,Injury,2,Dark-Lighted
4352146,Pedestrian,33.92457,-84.21613,2/11/13 5:46,Property Damaged Only,1,Dark-Lighted
4413620,Pedestrian,31.99745,-81.25841,4/14/13 21:12,Property Damaged Only,1,Dark-Lighted
6519962,Pedestrian,33.772314,-84.387369,12/15/17 20:52,Property Damaged Only,1,Dark-Lighted
6118175,Pedestrian,32.044329,-81.105169,2/14/17 16:49,Property Damaged Only,1,Dark-Lighted
5876612,Pedestrian,33.961525,-83.355469,8/13/16 1:53,Property Damaged Only,1,Dark-Lighted
5698498,Pedestrian,33.490914,-84.196816,4/1/16 20:50,Property Damaged Only,1,Dark-Lighted
5655935,Pedestrian,32.054676,-81.138861,2/29/16 21:38,Property Damaged Only,1,Dark-Lighted
6105275,Pedestrian,33.670678,-84.457837,2/3/17 18:51,Property Damaged Only,1,Dark-Lighted
5468292,Pedestrian,33.750849,-84.389935,10/11/15 6:45,Property Damaged Only,1,Dark-Lighted
4660952,Pedestrian,34.028772,-84.246605,12/2/13 19:36,Property Damaged Only,1,Dark-Lighted
4625129,Pedestrian,33.90812,-84.192182,10/23/13 22:40,Property Damaged Only,1,Dark-Lighted
4436843,Pedestrian,33.278045,-84.305915,4/21/13 20:50,Property Damaged Only,1,Dark-Lighted
4368628,Pedestrian,33.703106,-84.376657,2/24/13 23:40,Property Damaged Only,1,Dark-Lighted
5813753,Pedestrian,33.709807,-84.271844,6/27/16 19:50,Property Damaged Only,1,Dark-Lighted
5971465,Pedestrian,33.981397,-84.350232,10/24/16 22:07,Property Damaged Only,1,Dark-Lighted
6044295,Pedestrian,33.705924,-84.169438,12/18/16 1:19,Property Damaged Only,1,Dark-Lighted
6177943,Pedestrian,33.751083,-84.720071,1/13/17 5:30,Property Damaged Only,1,Dark-Lighted
6018589,Pedestrian,34.040941,-84.323414,11/28/16 19:56,Property Damaged Only,1,Dark-Lighted
5487876,Pedestrian,32.471659,-84.955847,10/29/15 6:45,Property Damaged Only,1,Dark-Lighted
5454742,Pedestrian,34.540955,-85.309669,10/2/15 22:45,Property Damaged Only,1,Dark-Lighted
6024664,Pedestrian,34.044343,-84.576243,12/4/16 21:02,Property Damaged Only,1,Dark-Lighted
6426505,Pedestrian,33.537605,-84.417834,10/12/17 19:30,Property Damaged Only,1,Dark-Lighted
5679322,Pedestrian,32.470476,-84.987651,3/18/16 6:58,Property Damaged Only,1,Dark-Lighted
6030427,Pedestrian,33.783092,-84.383885,12/3/16 18:02,Property Damaged Only,1,Dark-Lighted
5395587,Pedestrian,33.480851,-82.074865,8/16/15 0:25,Property Damaged Only,1,Dark-Lighted
5593905,Pedestrian,32.453343,-84.989015,1/12/16 3:05,Property Damaged Only,1,Dark-Lighted
6101184,Pedestrian,33.928697,-84.55116,1/21/17 21:18,Fatal,3,Dark-Lighted
4352771,Pedestrian,32.07113,-84.20406,2/7/13 18:00,Injury,2,Dark-Lighted
5377203,Pedestrian,32.018024,-80.976798,8/2/15 23:12,Injury,2,Dark-Lighted
6411480,Pedestrian,33.755051,-84.268079,9/30/17 20:00,Injury,2,Dark-Lighted
4590535,Pedestrian,33.850526,-84.361804,10/1/13 6:37,Injury,2,Dark-Lighted
4639560,Pedestrian,33.848491,-84.3663,11/7/13 5:53,Injury,2,Dark-Lighted
5548370,Pedestrian,33.747621,-84.349225,12/10/15 19:26,Injury,2,Dark-Lighted
6120652,Pedestrian,33.724618,-84.17921,2/16/17 20:24,Injury,2,Dark-Lighted
4602080,Pedestrian,33.771358,-84.38499,10/5/13 1:42,Injury,2,Dark-Lighted
5124854,Pedestrian,33.694883,-84.185123,1/11/15 1:45,Injury,2,Dark-Lighted
5420982,Pedestrian,33.94998,-84.128306,9/8/15 21:45,Injury,2,Dark-Lighted
5116338,Pedestrian,33.966523,-83.371422,1/1/15 2:30,Injury,2,Dark-Lighted
6338070,Pedestrian,33.730225,-84.762169,4/29/17 20:52,Injury,2,Dark-Lighted
5114791,Pedestrian,33.37685,-82.073223,12/31/14 20:49,Injury,2,Dark-Lighted
5745774,Pedestrian,34.123451,-83.618849,5/4/16 21:00,Injury,2,Dark-Lighted
4913152,Pedestrian,33.967468,-84.509802,7/11/14 0:08,Injury,2,Dark-Lighted
6018435,Pedestrian,33.973377,-83.387991,11/29/16 7:03,Injury,2,Dark-Lighted
5957579,Pedestrian,33.647774,-84.539391,10/14/16 21:28,Injury,2,Dark-Lighted
6375618,Pedestrian,33.509114,-82.02476,8/31/17 22:30,Injury,2,Dark-Lighted
5533241,Pedestrian,33.767737,-84.524272,12/1/15 18:30,Injury,2,Dark-Lighted
4371866,Pedestrian,30.832383,-83.992037,3/2/13 0:10,Injury,2,Dark-Lighted
6533100,Pedestrian,33.831702,-84.322943,12/29/17 18:50,Injury,2,Dark-Lighted
4342073,Pedestrian,32.43989,-84.92379,2/1/13 18:30,Injury,2,Dark-Lighted
4782980,Pedestrian,33.690106,-84.506456,3/18/14 0:42,Injury,2,Dark-Lighted
4666791,Pedestrian,33.543554,-84.225666,12/7/13 19:19,Injury,2,Dark-Lighted
4607856,Pedestrian,34.26734,-85.206636,10/15/13 20:48,Injury,2,Dark-Lighted
5378884,Pedestrian,33.772477,-84.383282,7/29/15 21:22,Injury,2,Dark-Lighted
5126207,Pedestrian,34.035474,-84.582595,1/12/15 18:21,Injury,2,Dark-Lighted
6066404,Pedestrian,33.801232,-84.422976,1/3/17 21:25,Injury,2,Dark-Lighted
5549755,Bicyclist,32.422859,-81.778885,11/10/15 21:56,Property Damaged Only,1,Dark-Lighted
5567442,Bicyclist,33.793834,-84.277079,12/26/15 19:23,Property Damaged Only,1,Dark-Lighted
6033479,Bicyclist,32.409344,-84.955269,12/8/16 19:10,Property Damaged Only,1,Dark-Lighted
4685424,Bicyclist,32.01074,-80.84108,12/23/13 17:45,Property Damaged Only,1,Dark-Lighted
5869929,Bicyclist,33.902845,-84.244804,8/7/16 3:30,Property Damaged Only,1,Dark-Lighted
6603512,Bicyclist,31.824189,-81.627292,11/29/17 12:00,Property Damaged Only,1,Dark-Lighted
5710774,Bicyclist,32.981338,-82.808272,4/8/16 21:50,Fatal,3,Dark-Lighted
5480352,Bicyclist,33.870966,-84.297439,10/2/15 20:04,Injury,2,Dark-Lighted
5994420,Bicyclist,31.45568,-83.507002,11/10/16 20:10,Injury,2,Dark-Lighted
5229136,Pedestrian,33.690686,-84.51214,3/21/15 22:57,Property Damaged Only,1,Dark-Lighted
4797395,Pedestrian,33.93928,-84.507697,4/18/14 4:37,Property Damaged Only,1,Dark-Lighted
5571138,Pedestrian,33.698203,-84.408048,12/26/15 20:55,Property Damaged Only,1,Dark-Lighted
5169491,Pedestrian,32.081403,-81.116532,2/6/15 20:00,Property Damaged Only,1,Dark-Lighted
5681524,Pedestrian,30.860955,-83.280474,3/19/16 20:26,Property Damaged Only,1,Dark-Lighted
5617128,Pedestrian,32.043614,-81.070166,1/29/16 20:27,Property Damaged Only,1,Dark-Lighted
6055864,Pedestrian,34.050421,-83.928634,12/18/16 20:36,Property Damaged Only,1,Dark-Lighted
6381655,Pedestrian,33.764124,-84.397248,8/12/17 5:04,Property Damaged Only,1,Dark-Lighted
5405992,Pedestrian,33.560167,-84.345423,8/27/15 23:20,Property Damaged Only,1,Dark-Lighted
5132492,Pedestrian,33.921317,-84.467654,1/15/15 18:59,Property Damaged Only,1,Dark-Lighted
5700502,Pedestrian,33.961707,-84.118478,4/1/16 11:26,Property Damaged Only,1,Dark-Lighted
4656555,Pedestrian,31.589037,-84.17602,11/27/13 7:48,Property Damaged Only,1,Dark-Lighted
4563724,Pedestrian,33.760593,-84.194001,9/8/13 1:57,Property Damaged Only,1,Dark-Lighted
5783664,Pedestrian,33.761595,-84.247533,6/5/16 4:44,Property Damaged Only,1,Dark-Lighted
4515198,Pedestrian,33.250755,-84.266979,5/17/13 21:24,Property Damaged Only,1,Dark-Lighted
4941351,Pedestrian,33.840461,-84.379422,8/7/14 10:00,Property Damaged Only,1,Dark-Lighted
6513262,Pedestrian,33.632654,-84.492329,12/10/17 19:30,Property Damaged Only,1,Dark-Lighted
4691916,Pedestrian,33.802715,-84.192895,1/1/14 3:25,Property Damaged Only,1,Dark-Lighted
5587897,Pedestrian,33.576406,-83.970167,8/18/13 0:39,Property Damaged Only,1,Dark-Lighted
5511810,Pedestrian,33.749445,-84.469014,11/13/15 18:35,Property Damaged Only,1,Dark-Lighted
6111868,Pedestrian,33.941515,-84.125609,2/3/17 18:19,Property Damaged Only,1,Dark-Lighted
6167021,Pedestrian,31.194788,-83.26098,3/27/17 3:20,Property Damaged Only,1,Dark-Lighted
6270605,Pedestrian,34.035326,-83.982407,6/12/17 0:54,Property Damaged Only,1,Dark-Lighted
5494952,Pedestrian,33.936897,-84.120748,11/2/15 18:10,Fatal,3,Dark-Lighted
6303176,Pedestrian,32.081573,-81.09359,7/5/17 0:19,Fatal,3,Dark-Lighted
5935331,Pedestrian,33.6812,-84.402768,9/22/16 20:35,Fatal,3,Dark-Lighted
6268643,Pedestrian,33.71571,-84.21554,6/9/17 23:29,Fatal,3,Dark-Lighted
6043382,Pedestrian,33.450766,-82.199658,12/16/16 18:43,Injury,2,Dark-Lighted
4544212,Pedestrian,33.683222,-84.407819,6/13/13 0:09,Injury,2,Dark-Lighted
5162532,Pedestrian,33.626768,-84.474526,10/21/14 19:56,Injury,2,Dark-Lighted
5444272,Pedestrian,31.552358,-84.136987,9/24/15 21:40,Injury,2,Dark-Lighted
4711344,Pedestrian,33.525833,-84.363368,1/22/14 19:25,Injury,2,Dark-Lighted
5263036,Pedestrian,32.19525,-83.176366,4/17/15 21:08,Injury,2,Dark-Lighted
5208396,Pedestrian,33.802147,-84.193735,3/7/15 1:33,Injury,2,Dark-Lighted
6295891,Pedestrian,33.908917,-84.107408,7/2/17 21:11,Injury,2,Dark-Lighted
5758009,Pedestrian,33.84129,-84.36963,5/10/16 2:30,Injury,2,Dark-Lighted
5665062,Pedestrian,33.885537,-84.284728,2/12/16 20:13,Injury,2,Dark-Lighted
5810265,Pedestrian,34.048301,-84.22187,5/25/16 17:15,Injury,2,Dark-Lighted
5387970,Pedestrian,34.091148,-84.245958,8/7/15 23:23,Injury,2,Dark-Lighted
5197808,Pedestrian,33.843486,-84.37923,2/22/15 1:37,Injury,2,Dark-Lighted
6530443,Pedestrian,31.525707,-83.842275,12/25/17 22:11,Injury,2,Dark-Lighted
5139545,Pedestrian,33.666072,-84.016307,1/25/15 19:44,Injury,2,Dark-Lighted
4547873,Pedestrian,34.43117,-84.10874,6/15/13 21:29,Injury,2,Dark-Lighted
5504931,Pedestrian,33.784483,-84.407402,11/9/15 6:50,Injury,2,Dark-Lighted
5064837,Pedestrian,33.5443,-84.2337,11/25/14 18:20,Injury,2,Dark-Lighted
5444788,Pedestrian,33.959889,-83.373329,9/26/15 1:39,Injury,2,Dark-Lighted
5205868,Pedestrian,33.708803,-84.218069,3/4/15 19:29,Injury,2,Dark-Lighted
5479842,Pedestrian,33.777956,-84.567028,10/22/15 19:05,Injury,2,Dark-Lighted
5269494,Pedestrian,30.846798,-83.303921,4/28/15 21:42,Injury,2,Dark-Lighted
6201534,Pedestrian,32.530726,-84.925036,4/20/17 0:00,Injury,2,Dark-Lighted
5612470,Pedestrian,33.936273,-83.979789,12/18/15 19:22,Injury,2,Dark-Lighted
6460982,Pedestrian,33.507889,-84.232389,11/3/17 23:49,Injury,2,Dark-Lighted
5726462,Pedestrian,33.848459,-84.244612,4/22/16 21:30,Injury,2,Dark-Lighted
5250242,Pedestrian,30.90654,-84.56068,4/10/15 20:33,Injury,2,Dark-Lighted
5554813,Pedestrian & Bicyclist,31.576922,-84.145226,12/16/15 18:04,Property Damaged Only,1,Dark-Lighted
5563524,Pedestrian & Bicyclist,31.57453,-84.094722,12/21/15 18:44,Injury,2,Dark-Lighted
5842187,Bicyclist,32.07516,-81.092164,7/19/16 20:14,Property Damaged Only,1,Dark-Lighted
6103543,Bicyclist,33.883987,-84.514411,1/30/17 21:13,Property Damaged Only,1,Dark-Lighted
6325160,Bicyclist,33.817809,-84.571079,7/26/17 0:36,Property Damaged Only,1,Dark-Lighted
6432795,Bicyclist,31.998219,-81.114433,10/18/17 19:22,Property Damaged Only,1,Dark-Lighted
4615898,Bicyclist,32.08681,-81.113007,10/22/13 22:19,Property Damaged Only,1,Dark-Lighted
4878746,Bicyclist,33.654594,-84.449504,5/10/14 6:27,Property Damaged Only,1,Dark-Lighted
4852121,Bicyclist,33.512208,-84.366158,5/19/14 21:16,Property Damaged Only,1,Dark-Lighted
4791248,Bicyclist,33.905493,-84.003849,4/8/14 6:03,Injury,2,Dark-Lighted
4623569,Bicyclist,33.962177,-83.413601,10/28/13 19:30,Injury,2,Dark-Lighted
5166156,Pedestrian,33.793795,-84.276348,2/4/15 20:30,Property Damaged Only,1,Dark-Lighted
6123133,Pedestrian,33.081222,-83.227101,2/18/17 23:54,Property Damaged Only,1,Dark-Lighted
6138380,Pedestrian,34.483955,-84.937894,3/3/17 21:11,Property Damaged Only,1,Dark-Lighted
5886592,Pedestrian,33.807874,-84.086707,8/17/16 21:51,Property Damaged Only,1,Dark-Lighted
5635885,Pedestrian,30.854274,-83.278445,2/11/16 19:04,Property Damaged Only,1,Dark-Lighted
5645754,Pedestrian,33.939818,-83.981808,2/22/16 18:57,Property Damaged Only,1,Dark-Lighted
6523173,Pedestrian,34.024746,-84.326472,12/20/17 23:31,Property Damaged Only,1,Dark-Lighted
4740884,Pedestrian,31.619928,-84.204276,2/22/14 21:19,Property Damaged Only,1,Dark-Lighted
5029795,Pedestrian,33.942712,-84.532142,10/21/14 19:10,Property Damaged Only,1,Dark-Lighted
4383984,Pedestrian,33.681261,-84.407203,3/6/13 21:17,Property Damaged Only,1,Dark-Lighted
5994426,Pedestrian,33.56566,-83.90227,11/11/16 0:40,Property Damaged Only,1,Dark-Lighted
5166369,Pedestrian,30.865553,-83.263776,2/3/15 19:36,Property Damaged Only,1,Dark-Lighted
5614115,Pedestrian,33.808342,-84.435568,1/17/16 22:35,Property Damaged Only,1,Dark-Lighted
4691755,Pedestrian,33.4695,-82.06442,12/31/13 18:46,Property Damaged Only,1,Dark-Lighted
4674771,Pedestrian,33.705612,-84.271572,12/14/13 20:20,Property Damaged Only,1,Dark-Lighted
6088997,Pedestrian,33.828975,-84.198888,1/21/17 20:04,Property Damaged Only,1,Dark-Lighted
6274211,Pedestrian,33.509525,-82.063274,6/11/17 22:50,Property Damaged Only,1,Dark-Lighted
5243886,Pedestrian,33.725153,-84.436488,3/26/15 0:02,Property Damaged Only,1,Dark-Lighted
5130459,Pedestrian,33.65765,-84.33423,1/7/15 23:03,Property Damaged Only,1,Dark-Lighted
4481610,Pedestrian,33.97932,-84.461456,6/13/13 21:26,Property Damaged Only,1,Dark-Lighted
4610723,Pedestrian,33.937603,-84.288868,10/17/13 21:23,Property Damaged Only,1,Dark-Lighted
4624874,Pedestrian,33.748196,-84.280352,10/30/13 0:19,Fatal,3,Dark-Lighted
5304831,Pedestrian,33.690523,-84.511019,4/27/15 23:21,Fatal,3,Dark-Lighted
6485339,Pedestrian,33.727373,-84.18651,11/24/17 18:24,Fatal,3,Dark-Lighted
5141322,Pedestrian,33.738217,-84.414125,9/24/14 21:00,Fatal,3,Dark-Lighted
5493255,Pedestrian,31.248616,-82.375047,10/30/15 19:29,Fatal,3,Dark-Lighted
6100566,Pedestrian,32.801079,-83.664091,1/31/17 19:20,Fatal,3,Dark-Lighted
5017949,Pedestrian,33.593899,-84.494663,7/20/14 1:30,Fatal,3,Dark-Lighted
5534501,Pedestrian,33.779965,-84.455161,11/28/15 1:55,Injury,2,Dark-Lighted
4601692,Pedestrian,32.508925,-84.994386,10/9/13 1:45,Injury,2,Dark-Lighted
5736282,Pedestrian,33.537691,-84.364982,4/29/16 20:35,Injury,2,Dark-Lighted
5269437,Pedestrian,31.211173,-81.481515,4/27/15 20:45,Injury,2,Dark-Lighted
6393105,Pedestrian,32.07993,-82.11462,9/11/17 0:15,Injury,2,Dark-Lighted
5297095,Pedestrian,33.605313,-83.860858,5/18/15 20:59,Injury,2,Dark-Lighted
4479363,Pedestrian,33.79449,-84.469475,6/8/13 23:50,Injury,2,Dark-Lighted
5442747,Pedestrian,34.204961,-84.812902,9/24/15 22:28,Injury,2,Dark-Lighted
5206931,Pedestrian,32.044529,-81.072276,3/5/15 19:12,Injury,2,Dark-Lighted
6534087,Pedestrian,33.588778,-84.468931,12/21/17 19:17,Injury,2,Dark-Lighted
5838270,Pedestrian,33.513239,-82.045779,7/16/16 22:37,Injury,2,Dark-Lighted
6429199,Pedestrian,32.022735,-81.07126,10/7/17 20:13,Injury,2,Dark-Lighted
4586135,Pedestrian,33.854116,-84.511916,8/7/13 20:44,Injury,2,Dark-Lighted
6253317,Pedestrian,33.948254,-83.391825,5/27/17 5:15,Injury,2,Dark-Lighted
5072655,Pedestrian,31.93501,-81.92444,12/3/14 3:29,Injury,2,Dark-Lighted
5432661,Pedestrian,33.943326,-84.534651,9/16/15 3:13,Injury,2,Dark-Lighted
4334921,Pedestrian,34.4317,-83.10374,1/22/13 19:23,Injury,2,Dark-Lighted
4557504,Pedestrian,32.456446,-84.892513,9/1/13 5:50,Injury,2,Dark-Lighted
4757324,Pedestrian,33.80837,-84.393412,3/8/14 19:30,Injury,2,Dark-Lighted
5115243,Pedestrian,33.92778,-84.493354,12/28/14 20:27,Injury,2,Dark-Lighted
5940718,Pedestrian,33.868264,-84.675638,9/27/16 21:11,Injury,2,Dark-Lighted
4476891,Pedestrian,32.502187,-84.990033,6/13/13 21:40,Injury,2,Dark-Lighted
5842445,Pedestrian & Bicyclist,30.780558,-83.560338,6/22/16 21:10,Injury,2,Dark-Lighted
5572308,Bicyclist,33.865475,-84.308487,11/25/15 0:00,Property Damaged Only,1,Dark-Lighted
5811055,Bicyclist,32.057392,-81.1047,6/25/16 21:34,Property Damaged Only,1,Dark-Lighted
5138534,Bicyclist,33.905102,-84.48939,1/21/15 6:55,Property Damaged Only,1,Dark-Lighted
5142229,Bicyclist,33.773582,-84.298306,12/11/14 17:45,Property Damaged Only,1,Dark-Lighted
6261224,Bicyclist,33.956342,-83.988365,6/3/17 0:41,Property Damaged Only,1,Dark-Lighted
5229346,Bicyclist,34.185796,-84.141004,2/9/15 6:57,Property Damaged Only,1,Dark-Lighted
5906970,Bicyclist,34.036897,-84.343539,9/3/16 20:50,Property Damaged Only,1,Dark-Lighted
5675654,Bicyclist,32.6263,-83.622471,10/23/15 7:12,Property Damaged Only,1,Dark-Lighted
5426009,Bicyclist,32.042394,-81.091689,9/15/15 19:28,Property Damaged Only,1,Dark-Lighted
4388612,Bicyclist,33.78066,-84.369042,3/16/13 21:08,Property Damaged Only,1,Dark-Lighted
5811372,Bicyclist,33.81282,-84.158636,6/22/16 22:23,Injury,2,Dark-Lighted
4450724,Bicyclist,34.29074,-85.213542,5/21/13 0:32,Injury,2,Dark-Lighted
6418894,Bicyclist,33.935399,-83.373595,9/26/17 20:18,Injury,2,Dark-Lighted
5918187,Bicyclist,34.771132,-84.949074,9/13/16 20:23,Injury,2,Dark-Lighted
4909425,Bicyclist,33.960169,-83.376153,7/17/14 22:23,Injury,2,Dark-Lighted
5588419,Pedestrian,33.583925,-83.983388,9/9/14 21:57,Property Damaged Only,1,Dark-Lighted
5626376,Pedestrian,32.07761,-81.098407,2/6/16 22:45,Property Damaged Only,1,Dark-Lighted
5866476,Pedestrian,32.061376,-81.080726,8/6/16 21:00,Property Damaged Only,1,Dark-Lighted
6084606,Pedestrian,33.779079,-84.388767,1/14/17 18:12,Property Damaged Only,1,Dark-Lighted
6084651,Pedestrian,33.73805,-84.417371,1/2/17 20:00,Property Damaged Only,1,Dark-Lighted
5414642,Pedestrian,33.77118,-84.372781,8/28/15 20:53,Property Damaged Only,1,Dark-Lighted
4685495,Pedestrian,31.590265,-84.17605,12/23/13 20:22,Property Damaged Only,1,Dark-Lighted
4477737,Pedestrian,32.830727,-83.667692,5/27/13 21:49,Property Damaged Only,1,Dark-Lighted
5332809,Pedestrian,33.761954,-84.196468,6/22/15 20:41,Property Damaged Only,1,Dark-Lighted
5771543,Pedestrian,33.731233,-84.19451,5/25/16 23:00,Property Damaged Only,1,Dark-Lighted
5790726,Pedestrian,34.046545,-84.581027,6/6/16 21:13,Property Damaged Only,1,Dark-Lighted
4758604,Pedestrian,33.662122,-84.414426,2/3/14 22:37,Property Damaged Only,1,Dark-Lighted
5276700,Pedestrian,33.682802,-84.214973,5/3/15 22:00,Property Damaged Only,1,Dark-Lighted
5233384,Pedestrian,31.99288,-80.849015,3/27/15 21:52,Property Damaged Only,1,Dark-Lighted
4535102,Pedestrian,32.044,-81.07055,8/9/13 1:53,Property Damaged Only,1,Dark-Lighted
5972334,Pedestrian,33.681109,-84.393735,10/25/16 6:54,Property Damaged Only,1,Dark-Lighted
6399846,Pedestrian,33.767052,-84.526484,9/19/17 20:15,Property Damaged Only,1,Dark-Lighted
5716864,Pedestrian,33.903119,-84.567173,4/17/16 20:39,Property Damaged Only,1,Dark-Lighted
4745589,Pedestrian,33.773522,-84.367716,2/19/14 19:45,Property Damaged Only,1,Dark-Lighted
4562304,Pedestrian,33.701611,-84.268511,9/5/13 16:25,Property Damaged Only,1,Dark-Lighted
4650326,Pedestrian,34.002414,-84.169662,10/31/13 19:56,Property Damaged Only,1,Dark-Lighted
4379384,Pedestrian,33.92068,-84.312664,3/12/13 9:35,Property Damaged Only,1,Dark-Lighted
5382674,Pedestrian,33.681146,-84.401208,8/4/15 21:52,Property Damaged Only,1,Dark-Lighted
5928458,Pedestrian,33.733077,-84.349341,9/20/16 6:45,Fatal,3,Dark-Lighted
5628438,Pedestrian,33.747087,-84.289469,2/6/16 19:07,Fatal,3,Dark-Lighted
4667509,Pedestrian,33.546572,-84.36923,12/6/13 22:50,Injury,2,Dark-Lighted
5727249,Pedestrian,33.712564,-84.26975,4/24/16 1:23,Injury,2,Dark-Lighted
5907898,Pedestrian,33.959567,-84.077868,9/2/16 21:49,Injury,2,Dark-Lighted
4857570,Pedestrian,33.841722,-84.330039,5/19/14 4:30,Injury,2,Dark-Lighted
6468788,Pedestrian,33.761797,-84.196499,11/11/17 20:59,Injury,2,Dark-Lighted
4684275,Pedestrian,33.922839,-84.491875,12/14/13 18:26,Injury,2,Dark-Lighted
5874118,Pedestrian,33.952751,-84.130296,8/11/16 23:12,Injury,2,Dark-Lighted
5621775,Pedestrian,30.849289,-83.278202,2/1/16 19:24,Injury,2,Dark-Lighted
4829569,Pedestrian,33.771121,-84.37279,4/18/14 22:02,Injury,2,Dark-Lighted
5315627,Pedestrian,33.591145,-84.521428,6/5/15 23:20,Injury,2,Dark-Lighted
6369971,Pedestrian,33.98521,-83.7146,8/28/17 6:10,Injury,2,Dark-Lighted
4654841,Pedestrian,33.771864,-84.162902,11/25/13 18:20,Injury,2,Dark-Lighted
6052593,Pedestrian,33.751989,-84.272362,12/23/16 19:45,Injury,2,Dark-Lighted
6046249,Pedestrian,33.83318,-84.38371,12/13/16 18:34,Injury,2,Dark-Lighted
4955176,Pedestrian,33.57631,-84.4122,8/21/14 20:34,Injury,2,Dark-Lighted
5355011,Pedestrian,30.991348,-83.372639,7/13/15 21:17,Injury,2,Dark-Lighted