incidentIdNbr,crashType,latitude,longitude,dateOfIncidentDate,severity,Mag,lightCondition
5152738,Pedestrian,34.743711,-85.271031,11/16/14 19:49,Injury,2,Dark-Lighted
6139146,Pedestrian,31.208686,-82.375697,3/5/17 0:00,Injury,2,Dark-Lighted
6075094,Pedestrian,33.327474,-84.779736,1/8/17 18:33,Injury,2,Dark-Lighted
6389840,Pedestrian,32.063754,-81.078341,9/12/17 22:05,Injury,2,Dark-Lighted
5428032,Pedestrian,33.795463,-84.276006,9/18/15 22:41,Injury,2,Dark-Lighted
4404435,Pedestrian,33.763438,-84.402931,3/30/13 20:24,Injury,2,Dark-Lighted
6064725,Pedestrian,33.68112,-84.400394,12/31/16 21:10,Injury,2,Dark-Lighted
6261316,Pedestrian,33.800399,-84.186579,6/3/17 21:25,Injury,2,Dark-Lighted
4655635,Pedestrian,33.764643,-84.389045,11/23/13 23:00,Injury,2,Dark-Lighted
4750473,Pedestrian,33.747492,-84.335505,2/20/14 21:35,Injury,2,Dark-Lighted
5881661,Pedestrian,32.08179,-81.094584,8/17/16 22:36,Injury,2,Dark-Lighted
4961506,Pedestrian,32.552597,-82.921566,10/23/13 19:27,Injury,2,Dark-Lighted
6485383,Pedestrian,32.45521,-84.960761,11/24/17 20:30,Injury,2,Dark-Lighted
5191302,Bicyclist,32.593587,-83.613706,11/4/14 22:18,Property Damaged Only,1,Dark-Lighted
5040117,Bicyclist,33.430637,-82.012134,11/4/14 20:07,Property Damaged Only,1,Dark-Lighted
4545426,Bicyclist,33.44231,-84.455019,8/7/13 4:30,Property Damaged Only,1,Dark-Lighted
4795683,Bicyclist,33.938631,-83.386235,4/11/14 21:16,Property Damaged Only,1,Dark-Lighted
5370544,Bicyclist,30.835865,-83.979997,7/2/15 6:15,Property Damaged Only,1,Dark-Lighted
6132384,Bicyclist,33.76807,-84.385331,2/23/17 20:43,Property Damaged Only,1,Dark-Lighted
4460939,Bicyclist,33.94481,-83.38483,5/8/13 21:50,Injury,2,Dark-Lighted
4317033,Bicyclist,32.030097,-81.114946,1/6/13 21:46,Injury,2,Dark-Lighted
4975495,Bicyclist,31.55829,-81.893566,8/8/14 23:15,Injury,2,Dark-Lighted
6436865,Bicyclist,32.472039,-84.966118,10/21/17 3:00,Injury,2,Dark-Lighted
6419754,Pedestrian,32.847043,-83.688084,10/7/17 0:30,Property Damaged Only,1,Dark-Lighted
5126573,Pedestrian,33.92765,-84.175743,1/12/15 7:39,Property Damaged Only,1,Dark-Lighted
5360085,Pedestrian,32.006608,-81.100948,7/17/15 21:19,Property Damaged Only,1,Dark-Lighted
6160302,Pedestrian,34.036543,-84.343566,3/21/17 6:49,Property Damaged Only,1,Dark-Lighted
6103615,Pedestrian,33.774157,-84.076506,2/2/17 22:02,Property Damaged Only,1,Dark-Lighted
6408106,Pedestrian,33.68096,-84.418647,9/27/17 21:20,Property Damaged Only,1,Dark-Lighted
6505285,Pedestrian,31.575574,-84.105172,12/7/17 18:26,Property Damaged Only,1,Dark-Lighted
5118634,Pedestrian,33.714219,-84.272386,1/6/15 0:35,Property Damaged Only,1,Dark-Lighted
4699219,Pedestrian,33.738237,-84.414099,1/9/14 19:46,Property Damaged Only,1,Dark-Lighted
5599715,Pedestrian,33.753818,-84.392657,1/15/16 6:40,Property Damaged Only,1,Dark-Lighted
6250976,Pedestrian,33.463998,-84.223511,5/26/17 21:31,Property Damaged Only,1,Dark-Lighted
5542901,Pedestrian,32.845593,-83.655737,11/22/15 18:00,Property Damaged Only,1,Dark-Lighted
6110178,Pedestrian,33.930926,-84.264718,1/31/17 19:33,Property Damaged Only,1,Dark-Lighted
6303628,Pedestrian,33.94164,-84.528469,7/10/17 3:53,Property Damaged Only,1,Dark-Lighted
4448038,Pedestrian,33.801062,-84.20614,5/18/13 22:00,Property Damaged Only,1,Dark-Lighted
5249715,Pedestrian,32.040217,-81.157054,4/10/15 21:33,Property Damaged Only,1,Dark-Lighted
6232260,Pedestrian,33.51352,-82.05334,5/13/17 22:45,Property Damaged Only,1,Dark-Lighted
6024644,Pedestrian,33.744852,-84.131683,12/4/16 20:28,Property Damaged Only,1,Dark-Lighted
5202811,Pedestrian,34.028212,-84.357855,3/1/15 0:37,Property Damaged Only,1,Dark-Lighted
5875947,Pedestrian,33.761728,-84.196221,8/14/16 0:00,Property Damaged Only,1,Dark-Lighted
4968882,Pedestrian,34.003856,-85.037627,4/8/14 22:43,Property Damaged Only,1,Dark-Lighted
5067315,Pedestrian,33.957901,-83.374281,11/29/14 1:19,Property Damaged Only,1,Dark-Lighted
5178102,Pedestrian,33.956373,-83.381283,2/15/15 0:19,Property Damaged Only,1,Dark-Lighted
5701111,Pedestrian,33.727328,-84.186749,4/4/16 5:29,Property Damaged Only,1,Dark-Lighted
5200684,Pedestrian,33.274694,-84.291608,2/28/15 5:30,Fatal,3,Dark-Lighted
5927230,Pedestrian,33.777764,-84.390778,9/17/16 4:55,Fatal,3,Dark-Lighted
6256905,Pedestrian,34.134162,-84.120304,4/27/17 6:19,Fatal,3,Dark-Lighted
4842811,Pedestrian,32.55845,-83.92103,5/8/14 21:22,Fatal,3,Dark-Lighted
5744725,Pedestrian,33.577218,-84.344183,10/6/15 22:52,Fatal,3,Dark-Lighted
5225476,Pedestrian,32.084901,-84.23985,3/19/15 20:30,Fatal,3,Dark-Lighted
6112641,Pedestrian,31.231121,-84.206241,12/18/16 20:50,Injury,2,Dark-Lighted
4888124,Pedestrian,33.418063,-84.292668,6/20/14 12:09,Injury,2,Dark-Lighted
6134872,Pedestrian,31.57382,-84.154637,3/1/17 22:04,Injury,2,Dark-Lighted
5391583,Pedestrian,31.535999,-83.828468,8/16/15 22:42,Injury,2,Dark-Lighted
5019420,Pedestrian,33.803276,-84.411919,10/14/14 6:03,Injury,2,Dark-Lighted
4383393,Pedestrian,32.072933,-84.21607,3/15/13 7:00,Injury,2,Dark-Lighted
5708048,Pedestrian,32.981318,-82.808111,4/8/16 21:38,Injury,2,Dark-Lighted
5277806,Pedestrian,33.692896,-84.260599,5/5/15 21:08,Injury,2,Dark-Lighted
6174584,Pedestrian,33.42563,-82.052003,4/1/17 23:15,Injury,2,Dark-Lighted
4528450,Pedestrian,33.773117,-84.372917,7/26/13 0:50,Injury,2,Dark-Lighted
6068102,Pedestrian,33.74774,-84.32665,12/31/16 4:54,Injury,2,Dark-Lighted
5853677,Pedestrian,33.911677,-84.378968,7/27/16 23:20,Injury,2,Dark-Lighted
5814999,Pedestrian,34.29655,-83.82004,6/25/16 20:58,Injury,2,Dark-Lighted
5721774,Pedestrian,34.01371,-84.561688,1/31/16 0:40,Injury,2,Dark-Lighted
5384508,Pedestrian,32.820234,-83.670705,8/9/15 22:00,Injury,2,Dark-Lighted
6204553,Pedestrian,31.21128,-82.48375,4/21/17 21:34,Injury,2,Dark-Lighted
5504962,Pedestrian,33.903435,-84.203681,11/7/15 0:09,Injury,2,Dark-Lighted
5572202,Pedestrian,34.787654,-84.962612,11/6/15 18:13,Injury,2,Dark-Lighted
4941950,Pedestrian,33.50948,-82.03337,8/16/14 2:40,Injury,2,Dark-Lighted
5342489,Pedestrian,33.941721,-84.24987,5/4/15 0:31,Injury,2,Dark-Lighted
4413228,Pedestrian,33.06196,-83.21629,4/13/13 23:01,Injury,2,Dark-Lighted
5282357,Pedestrian,33.694154,-84.185289,5/9/15 3:00,Injury,2,Dark-Lighted
6603625,Pedestrian,33.995777,-83.714843,12/11/17 18:04,Injury,2,Dark-Lighted
5164428,Pedestrian,33.905178,-84.489389,2/3/15 6:50,Injury,2,Dark-Lighted
5496683,Pedestrian,32.505456,-84.971532,11/4/15 1:10,Injury,2,Dark-Lighted
5254960,Pedestrian,33.806793,-84.394,4/13/15 20:59,Injury,2,Dark-Lighted
5962964,Pedestrian,34.124175,-84.249638,7/16/16 21:50,Injury,2,Dark-Lighted
6154890,Pedestrian,33.739373,-84.322088,3/17/17 20:45,Injury,2,Dark-Lighted
5179867,Bicyclist,33.7725,-84.37481,1/20/15 19:20,Property Damaged Only,1,Dark-Lighted
4365450,Bicyclist,33.506521,-82.235354,2/6/13 18:49,Property Damaged Only,1,Dark-Lighted
5232406,Bicyclist,33.79527,-84.321393,2/12/15 21:45,Property Damaged Only,1,Dark-Lighted
5171991,Bicyclist,32.470588,-84.993452,2/9/15 20:21,Property Damaged Only,1,Dark-Lighted
6045162,Bicyclist,32.225236,-82.408921,12/16/16 21:08,Property Damaged Only,1,Dark-Lighted
5220974,Bicyclist,33.613717,-84.449046,2/6/15 21:31,Property Damaged Only,1,Dark-Lighted
6176275,Bicyclist,31.570818,-84.103156,3/30/17 22:20,Injury,2,Dark-Lighted
5004034,Bicyclist,33.845728,-84.358662,9/27/14 22:13,Injury,2,Dark-Lighted
6118499,Bicyclist,34.002286,-84.08065,2/9/17 22:23,Injury,2,Dark-Lighted
5374256,Bicyclist,33.359803,-82.078515,7/30/15 21:30,Injury,2,Dark-Lighted
4676252,Pedestrian,33.769988,-84.403222,12/5/13 17:55,Property Damaged Only,1,Dark-Lighted
5515258,Pedestrian,33.795611,-84.335656,11/18/15 20:50,Property Damaged Only,1,Dark-Lighted
4897811,Pedestrian,31.98272,-81.15281,7/4/14 21:28,Property Damaged Only,1,Dark-Lighted
6070233,Pedestrian,33.694036,-84.185371,1/6/17 21:55,Property Damaged Only,1,Dark-Lighted
4726555,Pedestrian,33.564209,-84.37109,2/3/14 21:45,Property Damaged Only,1,Dark-Lighted
6015417,Pedestrian,33.543573,-84.390878,11/17/16 19:00,Property Damaged Only,1,Dark-Lighted
6194165,Pedestrian,32.071502,-81.118859,4/14/17 21:20,Property Damaged Only,1,Dark-Lighted
4457246,Pedestrian,32.2203,-82.41161,4/3/13 20:08,Property Damaged Only,1,Dark-Lighted
6488944,Pedestrian,33.753567,-84.349203,11/26/17 19:48,Property Damaged Only,1,Dark-Lighted
5170480,Pedestrian,32.036344,-81.090188,2/7/15 18:54,Property Damaged Only,1,Dark-Lighted
4360962,Pedestrian,33.794899,-84.327664,1/25/13 2:30,Property Damaged Only,1,Dark-Lighted
6428467,Pedestrian,33.781745,-84.3825,10/11/17 20:28,Property Damaged Only,1,Dark-Lighted
6463698,Pedestrian,34.254788,-83.860725,11/6/17 18:16,Property Damaged Only,1,Dark-Lighted
6190470,Pedestrian,33.715596,-84.31202,4/11/17 20:50,Property Damaged Only,1,Dark-Lighted
5106525,Pedestrian,34.010423,-84.103604,12/23/14 0:01,Property Damaged Only,1,Dark-Lighted
5739759,Pedestrian,33.792512,-84.386382,4/29/16 22:05,Property Damaged Only,1,Dark-Lighted
4705221,Pedestrian,32.50461,-84.9573,1/15/14 19:44,Property Damaged Only,1,Dark-Lighted
4779451,Pedestrian,33.610273,-84.471324,4/2/14 22:30,Property Damaged Only,1,Dark-Lighted
5117314,Pedestrian,32.064435,-81.103347,1/4/15 18:44,Property Damaged Only,1,Dark-Lighted
5222958,Pedestrian,34.014448,-84.02416,3/19/15 7:31,Property Damaged Only,1,Dark-Lighted
6379707,Pedestrian,33.759661,-84.384199,9/4/17 2:30,Property Damaged Only,1,Dark-Lighted
5029869,Pedestrian,33.711466,-84.271577,10/25/14 21:08,Injury,2,Dark-Lighted
5424866,Pedestrian,33.966418,-84.411752,9/12/15 20:38,Injury,2,Dark-Lighted
4650079,Pedestrian,32.035675,-81.009768,11/21/13 18:04,Injury,2,Dark-Lighted
5454809,Pedestrian,34.22851,-85.1729,10/1/15 20:40,Injury,2,Dark-Lighted
4590350,Pedestrian,32.561635,-84.961283,10/3/13 23:52,Injury,2,Dark-Lighted
6134644,Pedestrian,33.794914,-84.344839,3/1/17 19:22,Injury,2,Dark-Lighted
5014322,Pedestrian,33.614543,-84.43824,10/10/14 23:49,Injury,2,Dark-Lighted
4872771,Pedestrian,33.854529,-84.492773,6/1/14 3:40,Injury,2,Dark-Lighted
5481385,Pedestrian,32.031288,-81.119502,10/23/15 21:18,Injury,2,Dark-Lighted
4786494,Pedestrian,33.833904,-84.310389,4/9/14 21:08,Injury,2,Dark-Lighted
6222481,Pedestrian,33.844148,-84.247012,5/8/17 0:49,Injury,2,Dark-Lighted
4589558,Pedestrian,31.78724,-82.35068,9/1/13 21:52,Injury,2,Dark-Lighted
5115320,Pedestrian,33.772775,-84.249016,1/1/15 21:20,Injury,2,Dark-Lighted
5224956,Pedestrian,31.576468,-84.164837,3/22/15 2:48,Injury,2,Dark-Lighted
4956748,Pedestrian,32.845732,-83.610961,8/29/14 20:47,Injury,2,Dark-Lighted
6173851,Pedestrian,33.879063,-84.27288,4/1/17 3:50,Injury,2,Dark-Lighted
5924605,Pedestrian,33.723028,-84.505622,9/18/16 6:17,Injury,2,Dark-Lighted
4645539,Pedestrian,33.681236,-84.401692,11/11/13 18:08,Injury,2,Dark-Lighted
4517125,Pedestrian,34.024301,-84.25275,6/8/13 22:25,Injury,2,Dark-Lighted
6408266,Pedestrian,33.737357,-84.234913,9/27/17 23:30,Injury,2,Dark-Lighted
4560611,Pedestrian,31.57681,-84.15135,5/25/13 23:55,Injury,2,Dark-Lighted
5782847,Bicyclist,32.069289,-81.115957,6/3/16 0:00,Property Damaged Only,1,Dark-Lighted
5126308,Bicyclist,32.062914,-81.090027,1/13/15 4:44,Property Damaged Only,1,Dark-Lighted
4414093,Bicyclist,33.7795,-84.372809,4/6/13 19:00,Property Damaged Only,1,Dark-Lighted
5927786,Bicyclist,32.61828,-83.655545,9/20/16 20:31,Property Damaged Only,1,Dark-Lighted
5097090,Bicyclist,34.095736,-84.27967,12/7/14 19:10,Property Damaged Only,1,Dark-Lighted
5766140,Bicyclist,33.950715,-84.549042,5/14/16 22:34,Property Damaged Only,1,Dark-Lighted
5555155,Bicyclist,33.043361,-85.034977,12/17/15 5:18,Property Damaged Only,1,Dark-Lighted
4761469,Bicyclist,32.506639,-84.955694,3/14/14 20:12,Property Damaged Only,1,Dark-Lighted
4669397,Bicyclist,33.910605,-84.158482,12/5/13 18:43,Property Damaged Only,1,Dark-Lighted
5753243,Bicyclist,33.70505,-83.980918,5/12/16 20:42,Property Damaged Only,1,Dark-Lighted
5847934,Bicyclist,33.510009,-82.028313,7/23/16 5:07,Property Damaged Only,1,Dark-Lighted
5993879,Bicyclist,33.949547,-84.088032,11/8/16 18:43,Property Damaged Only,1,Dark-Lighted
6503677,Bicyclist,33.473759,-81.982728,12/6/17 18:06,Property Damaged Only,1,Dark-Lighted
5184116,Bicyclist,33.94746,-83.3781,2/11/15 22:23,Injury,2,Dark-Lighted
5519950,Bicyclist,33.918987,-84.113518,11/19/15 20:15,Injury,2,Dark-Lighted
6501913,Bicyclist,33.77691,-84.393633,9/19/17 21:00,Injury,2,Dark-Lighted
6172000,Bicyclist,32.063401,-81.100221,3/30/17 20:40,Injury,2,Dark-Lighted
5446814,Bicyclist,30.891492,-84.572035,9/27/15 20:11,Injury,2,Dark-Lighted
4776160,Bicyclist,33.754298,-84.368024,3/21/14 21:10,Injury,2,Dark-Lighted
5528712,Pedestrian,32.892917,-84.316072,11/24/15 18:25,Property Damaged Only,1,Dark-Lighted
5690306,Pedestrian,33.752115,-84.440086,3/3/16 18:46,Property Damaged Only,1,Dark-Lighted
4777267,Pedestrian,33.885126,-84.255927,4/1/14 6:30,Property Damaged Only,1,Dark-Lighted
5663888,Pedestrian,33.847718,-84.373393,2/26/16 19:05,Property Damaged Only,1,Dark-Lighted
6307439,Pedestrian,33.72343,-84.318511,7/13/17 1:30,Property Damaged Only,1,Dark-Lighted
5284547,Pedestrian,33.70735,-84.38009,5/4/15 1:59,Property Damaged Only,1,Dark-Lighted
4373449,Pedestrian,32.832684,-83.657316,2/14/13 22:49,Property Damaged Only,1,Dark-Lighted
5509757,Pedestrian,33.476893,-81.969607,11/14/15 2:31,Property Damaged Only,1,Dark-Lighted
6463641,Pedestrian,33.769814,-84.385141,10/30/17 19:27,Property Damaged Only,1,Dark-Lighted
6101652,Pedestrian,33.960218,-84.526744,1/30/17 22:00,Property Damaged Only,1,Dark-Lighted
5415418,Pedestrian,32.073323,-81.073041,9/4/15 21:58,Property Damaged Only,1,Dark-Lighted
6064010,Pedestrian,33.956173,-83.376964,1/2/17 23:10,Property Damaged Only,1,Dark-Lighted
6281813,Pedestrian,33.59075,-84.4274,6/20/17 23:25,Property Damaged Only,1,Dark-Lighted
6100752,Pedestrian,32.618208,-83.641631,1/31/17 19:42,Property Damaged Only,1,Dark-Lighted
5954950,Pedestrian,33.797556,-84.223131,10/12/16 20:45,Property Damaged Only,1,Dark-Lighted
6149162,Pedestrian,33.818972,-84.231167,3/7/17 20:15,Property Damaged Only,1,Dark-Lighted
4936188,Pedestrian,32.558628,-83.893702,7/15/14 22:41,Property Damaged Only,1,Dark-Lighted
5871134,Pedestrian,33.761828,-84.19662,8/9/16 22:45,Property Damaged Only,1,Dark-Lighted
5826251,Pedestrian,33.848152,-84.203313,7/10/16 0:01,Property Damaged Only,1,Dark-Lighted
5102988,Pedestrian,32.048386,-81.108073,12/21/14 20:20,Property Damaged Only,1,Dark-Lighted
4508353,Pedestrian,31.56013,-84.161918,7/20/13 0:01,Property Damaged Only,1,Dark-Lighted
6045511,Pedestrian,34.040112,-84.319215,12/17/16 22:29,Property Damaged Only,1,Dark-Lighted
5570260,Pedestrian,34.208026,-84.819352,11/23/15 19:12,Property Damaged Only,1,Dark-Lighted
6143418,Pedestrian,32.468759,-84.957742,3/8/17 0:00,Property Damaged Only,1,Dark-Lighted
4674099,Pedestrian,34.26921,-85.15565,12/13/13 17:50,Property Damaged Only,1,Dark-Lighted
5664716,Pedestrian,33.680933,-84.308238,3/7/16 18:15,Property Damaged Only,1,Dark-Lighted
5545255,Pedestrian,33.736851,-84.216765,12/10/15 18:40,Property Damaged Only,1,Dark-Lighted
4680086,Pedestrian,32.453337,-84.990524,12/18/13 18:31,Property Damaged Only,1,Dark-Lighted
5422894,Pedestrian,34.160036,-84.473535,9/12/15 20:38,Property Damaged Only,1,Dark-Lighted
5904496,Pedestrian,32.528081,-84.991987,9/4/16 3:33,Fatal,3,Dark-Lighted
4435021,Pedestrian,33.801323,-84.461964,3/16/13 20:57,Fatal,3,Dark-Lighted
5501937,Pedestrian,34.249026,-85.17081,11/7/15 18:24,Fatal,3,Dark-Lighted
5440623,Pedestrian,33.537459,-84.364926,9/17/15 21:11,Fatal,3,Dark-Lighted
5690177,Pedestrian,32.537568,-84.870056,3/27/16 21:20,Fatal,3,Dark-Lighted
5486277,Pedestrian,33.481456,-81.984062,10/27/15 19:21,Fatal,3,Dark-Lighted
6084395,Pedestrian,33.906603,-84.156282,1/13/17 20:51,Fatal,3,Dark-Lighted
4840205,Pedestrian,33.950173,-83.408018,5/8/14 2:23,Fatal,3,Dark-Lighted
4649504,Pedestrian,33.81097,-84.39249,11/9/13 18:45,Injury,2,Dark-Lighted
5420793,Pedestrian,33.941718,-84.118069,9/4/15 21:51,Injury,2,Dark-Lighted
6113640,Pedestrian,34.282119,-83.148586,2/7/17 21:28,Injury,2,Dark-Lighted
5156027,Pedestrian,32.848093,-83.612369,9/24/14 13:49,Injury,2,Dark-Lighted
6499197,Pedestrian,32.02633,-81.106134,12/4/17 18:13,Injury,2,Dark-Lighted
5333698,Pedestrian,33.773832,-84.349134,6/19/15 21:15,Injury,2,Dark-Lighted
4737687,Pedestrian,33.963626,-84.124253,2/17/14 20:59,Injury,2,Dark-Lighted
5248496,Pedestrian,33.752859,-84.374289,3/28/15 2:16,Injury,2,Dark-Lighted
6471858,Pedestrian,32.086554,-81.123911,11/14/17 6:30,Injury,2,Dark-Lighted
5377195,Pedestrian,33.597739,-84.32122,8/3/15 0:05,Injury,2,Dark-Lighted
4880009,Pedestrian,33.937711,-83.320615,6/15/14 21:29,Injury,2,Dark-Lighted
5781398,Pedestrian,33.601531,-84.429618,6/2/16 21:30,Injury,2,Dark-Lighted
4897479,Pedestrian,33.761661,-84.259078,7/3/14 22:25,Injury,2,Dark-Lighted
6208897,Pedestrian,33.741453,-84.417754,4/21/17 2:46,Injury,2,Dark-Lighted
5345826,Pedestrian,32.256086,-83.741256,7/3/15 20:15,Injury,2,Dark-Lighted
5358211,Pedestrian,33.374108,-84.761945,7/10/15 21:52,Injury,2,Dark-Lighted
5881594,Pedestrian,33.853989,-84.603531,8/14/16 21:24,Injury,2,Dark-Lighted
5419883,Pedestrian,33.751013,-84.445259,8/31/15 23:15,Injury,2,Dark-Lighted
5736945,Pedestrian,33.039727,-85.019959,4/30/16 21:35,Injury,2,Dark-Lighted
5225611,Pedestrian,34.179062,-84.549605,3/21/15 19:49,Injury,2,Dark-Lighted
6476986,Pedestrian,33.571154,-84.54674,11/10/17 1:12,Injury,2,Dark-Lighted
5216725,Pedestrian,33.765331,-84.251431,3/14/15 17:05,Injury,2,Dark-Lighted
6486252,Pedestrian,31.208167,-82.339643,11/25/17 17:45,Injury,2,Dark-Lighted
5490611,Pedestrian,33.680912,-84.30838,10/30/15 5:35,Injury,2,Dark-Lighted
6366247,Pedestrian,32.040064,-81.064753,8/24/17 0:00,Injury,2,Dark-Lighted
5978812,Pedestrian,30.838204,-83.991573,10/30/16 19:45,Injury,2,Dark-Lighted
5344719,Pedestrian,33.578869,-84.540306,7/3/15 3:37,Injury,2,Dark-Lighted
5614174,Pedestrian,33.760689,-84.469602,12/28/15 21:59,Injury,2,Dark-Lighted
4316806,Bicyclist,33.578634,-84.386798,1/5/13 22:20,Property Damaged Only,1,Dark-Lighted
4328281,Bicyclist,33.599564,-84.33904,1/16/13 18:30,Property Damaged Only,1,Dark-Lighted
5189884,Bicyclist,31.213059,-82.360922,11/22/14 18:14,Property Damaged Only,1,Dark-Lighted
6508725,Bicyclist,32.057967,-81.103482,12/11/17 6:35,Property Damaged Only,1,Dark-Lighted
5189008,Bicyclist,33.786578,-84.290252,11/20/14 18:25,Property Damaged Only,1,Dark-Lighted
4910367,Bicyclist,33.606431,-84.403866,7/18/14 22:22,Property Damaged Only,1,Dark-Lighted
4552259,Bicyclist,33.46712,-81.956109,7/31/13 2:48,Injury,2,Dark-Lighted
6036108,Bicyclist,33.572304,-84.358539,10/20/16 18:45,Injury,2,Dark-Lighted
5216147,Bicyclist,33.411412,-82.006583,3/13/15 19:58,Injury,2,Dark-Lighted
5942700,Bicyclist,31.832191,-81.596899,10/3/16 6:30,Injury,2,Dark-Lighted
5391322,Bicyclist,32.062513,-81.079555,8/15/15 20:26,Injury,2,Dark-Lighted
6357047,Bicyclist,33.880565,-84.203123,8/14/17 15:42,Injury,2,Dark-Lighted
5122543,Bicyclist,33.764568,-84.350285,12/1/14 23:01,Injury,2,Dark-Lighted
6351528,Bicyclist,32.05465,-81.083018,8/12/17 21:34,Injury,2,Dark-Lighted
5181438,Bicyclist,32.492562,-84.975742,2/17/15 18:55,Injury,2,Dark-Lighted
5012946,Pedestrian,34.071718,-83.848505,10/8/14 1:30,Property Damaged Only,1,Dark-Lighted
4331105,Pedestrian,33.773833,-84.361746,1/12/13 2:23,Property Damaged Only,1,Dark-Lighted
5566948,Pedestrian,33.890761,-84.289676,11/23/15 20:35,Property Damaged Only,1,Dark-Lighted
4420290,Pedestrian,33.895181,-84.210177,4/16/13 23:04,Property Damaged Only,1,Dark-Lighted
6206350,Pedestrian,232.273556,149.94008,4/24/17 21:20,Property Damaged Only,1,Dark-Lighted
4993703,Pedestrian,33.748483,-84.396781,8/22/14 1:40,Property Damaged Only,1,Dark-Lighted
4862808,Pedestrian,33.703851,-84.21274,5/29/14 22:30,Property Damaged Only,1,Dark-Lighted
6470098,Pedestrian,33.766607,-84.353156,11/6/17 6:15,Property Damaged Only,1,Dark-Lighted
4695580,Pedestrian,33.781735,-84.379905,12/31/13 22:01,Property Damaged Only,1,Dark-Lighted
6106779,Pedestrian,33.586083,-84.51586,2/1/17 6:30,Property Damaged Only,1,Dark-Lighted
6471478,Pedestrian,33.71016,-84.203195,11/11/17 20:53,Property Damaged Only,1,Dark-Lighted
4535112,Pedestrian,33.903855,-84.237779,8/8/13 22:35,Property Damaged Only,1,Dark-Lighted
6045130,Pedestrian,32.080031,-81.087894,12/18/16 21:05,Property Damaged Only,1,Dark-Lighted
5943188,Pedestrian,33.718298,-84.275412,10/3/16 20:16,Property Damaged Only,1,Dark-Lighted
5306950,Pedestrian,33.762166,-84.38255,5/16/15 2:30,Property Damaged Only,1,Dark-Lighted
5974162,Pedestrian,34.24338,-85.161217,10/26/16 20:06,Property Damaged Only,1,Dark-Lighted
6292896,Pedestrian,33.62902,-84.286776,6/30/17 3:20,Property Damaged Only,1,Dark-Lighted
5347769,Pedestrian,34.240815,-85.179502,7/6/15 22:00,Property Damaged Only,1,Dark-Lighted
5685578,Pedestrian,34.081561,-83.923492,3/20/16 22:10,Property Damaged Only,1,Dark-Lighted
5981602,Pedestrian,34.564911,-84.943664,10/10/16 0:08,Property Damaged Only,1,Dark-Lighted
4873603,Pedestrian,33.795722,-84.236407,6/4/14 20:30,Property Damaged Only,1,Dark-Lighted
6068088,Pedestrian,34.283569,-83.838688,12/31/16 6:38,Property Damaged Only,1,Dark-Lighted
5493118,Pedestrian,33.596556,-84.46917,10/26/15 20:22,Property Damaged Only,1,Dark-Lighted
4683261,Pedestrian,33.765657,-84.528882,12/20/13 23:10,Property Damaged Only,1,Dark-Lighted
5513851,Pedestrian,32.067861,-81.088174,11/14/15 20:00,Property Damaged Only,1,Dark-Lighted
5560512,Pedestrian,33.77336,-84.365554,12/13/15 0:13,Property Damaged Only,1,Dark-Lighted
6235475,Pedestrian,33.776886,-84.392065,12/4/16 17:50,Property Damaged Only,1,Dark-Lighted
6147228,Pedestrian,33.738187,-84.259059,3/11/17 21:44,Property Damaged Only,1,Dark-Lighted
4378017,Pedestrian,33.822188,-84.23168,3/11/13 19:20,Property Damaged Only,1,Dark-Lighted
5991354,Pedestrian,33.786486,-84.380554,11/7/16 17:44,Property Damaged Only,1,Dark-Lighted
4535081,Pedestrian,33.793451,-84.320985,8/9/13 0:09,Property Damaged Only,1,Dark-Lighted
6488205,Pedestrian,34.029219,-84.356439,11/10/17 22:38,Fatal,3,Dark-Lighted
6016566,Pedestrian,31.14861,-81.49386,11/26/16 19:01,Fatal,3,Dark-Lighted
6012841,Pedestrian,31.996857,-81.123565,11/25/16 18:49,Injury,2,Dark-Lighted
5595903,Pedestrian,32.600391,-82.33904,1/10/16 2:46,Injury,2,Dark-Lighted
5642017,Pedestrian,33.245528,-84.25309,2/18/16 18:43,Injury,2,Dark-Lighted
4720360,Pedestrian,33.574008,-84.304644,1/31/14 19:53,Injury,2,Dark-Lighted
5441958,Pedestrian,33.770708,-84.473372,9/17/15 22:34,Injury,2,Dark-Lighted
6212814,Pedestrian,33.862348,-84.596893,4/28/17 21:24,Injury,2,Dark-Lighted
6288805,Pedestrian,33.275413,-84.29136,6/26/17 1:39,Injury,2,Dark-Lighted
4331348,Pedestrian,33.707454,-84.1155,1/18/13 6:04,Injury,2,Dark-Lighted
5167556,Pedestrian,33.76097,-84.387529,11/15/14 19:05,Injury,2,Dark-Lighted
5956298,Pedestrian,32.847171,-83.697957,10/12/16 19:35,Injury,2,Dark-Lighted
4792874,Pedestrian,33.907435,-84.206361,4/10/14 21:50,Injury,2,Dark-Lighted
6216316,Pedestrian,33.84124,-84.20085,5/2/17 23:35,Injury,2,Dark-Lighted
5026219,Pedestrian,33.46939,-82.06687,10/12/14 20:26,Injury,2,Dark-Lighted
4357965,Pedestrian,33.965125,-83.377962,1/30/13 0:22,Injury,2,Dark-Lighted
6247262,Pedestrian,33.892055,-84.28645,4/22/17 21:44,Injury,2,Dark-Lighted
5952226,Pedestrian,33.772758,-84.552137,10/6/16 22:19,Injury,2,Dark-Lighted
6529595,Pedestrian,33.901755,-84.221573,12/18/17 3:14,Injury,2,Dark-Lighted
6529292,Pedestrian,34.046499,-84.34023,12/23/17 18:19,Injury,2,Dark-Lighted
6356757,Pedestrian,33.768583,-84.251543,8/16/17 21:49,Injury,2,Dark-Lighted
5234631,Pedestrian,33.995826,-84.507764,3/29/15 22:42,Injury,2,Dark-Lighted
6143527,Pedestrian,32.089446,-81.115599,3/8/17 22:00,Injury,2,Dark-Lighted