incidentIdNbr,crashType,latitude,longitude,dateOfIncidentDate,severity,Mag,lightCondition
5960830,Pedestrian,33.00984,-85.018198,10/17/16 21:14,Injury,2,Dark-Lighted
4610945,Pedestrian,33.91746,-84.000038,10/17/13 21:42,Injury,2,Dark-Lighted
5747195,Pedestrian,33.926794,-84.059974,5/7/16 21:40,Injury,2,Dark-Lighted
5123164,Pedestrian,33.693755,-84.519387,1/2/15 18:08,Injury,2,Dark-Lighted
6102108,Pedestrian,32.8125,-83.72084,2/1/17 20:35,Injury,2,Dark-Lighted
4590262,Pedestrian,33.7615,-84.24721,10/3/13 20:59,Injury,2,Dark-Lighted
5874729,Pedestrian & Bicyclist,33.619907,-84.383283,8/12/16 5:23,Property Damaged Only,1,Dark-Lighted
5753278,Pedestrian & Bicyclist,32.012434,-81.113628,5/12/16 22:06,Property Damaged Only,1,Dark-Lighted
4830573,Bicyclist,34.009395,-84.605265,4/29/14 0:14,Property Damaged Only,1,Dark-Not Lighted
6381478,Bicyclist,32.60357,-83.673688,9/5/17 20:13,Property Damaged Only,1,Dark-Not Lighted
4786431,Bicyclist,32.497037,-84.912699,4/2/14 21:19,Property Damaged Only,1,Dark-Not Lighted
5445280,Bicyclist,33.946169,-84.135821,9/15/15 21:00,Property Damaged Only,1,Dark-Not Lighted
5932271,Bicyclist,32.025807,-81.091989,9/24/16 21:00,Property Damaged Only,1,Dark-Not Lighted
4867113,Bicyclist,31.12172,-83.43658,5/30/14 23:03,Fatal,3,Dark-Not Lighted
5065379,Bicyclist,34.004578,-84.040543,11/24/14 19:58,Injury,2,Dark-Not Lighted
4339398,Bicyclist,34.425254,-83.86651,1/28/13 18:16,Injury,2,Dark-Not Lighted
6503806,Bicyclist,33.940451,-83.483634,12/6/17 22:34,Injury,2,Dark-Not Lighted
5664346,Bicyclist,31.994384,-81.128929,3/6/16 22:21,Injury,2,Dark-Not Lighted
5468172,Bicyclist,32.449858,-81.794419,10/13/15 20:12,Injury,2,Dark-Not Lighted
5032979,Bicyclist,34.100961,-83.596407,10/28/14 19:35,Injury,2,Dark-Not Lighted
5606077,Pedestrian,32.075466,-81.082876,1/20/16 20:50,Property Damaged Only,1,Dark-Not Lighted
5423813,Pedestrian,31.991726,-81.129852,9/14/15 6:10,Property Damaged Only,1,Dark-Not Lighted
5304702,Pedestrian,33.91409,-84.188043,5/24/15 4:32,Property Damaged Only,1,Dark-Not Lighted
5590224,Pedestrian,33.534052,-83.692042,9/24/15 23:16,Property Damaged Only,1,Dark-Not Lighted
4691004,Pedestrian,33.553167,-84.350176,12/30/13 19:36,Property Damaged Only,1,Dark-Not Lighted
5875438,Pedestrian,32.0882,-81.118069,8/13/16 23:39,Property Damaged Only,1,Dark-Not Lighted
5931045,Pedestrian,33.896917,-84.209198,9/18/16 20:10,Property Damaged Only,1,Dark-Not Lighted
5535878,Pedestrian,33.872262,-84.476185,11/14/15 18:48,Property Damaged Only,1,Dark-Not Lighted
4739567,Pedestrian,33.908456,-84.112162,2/18/14 18:46,Property Damaged Only,1,Dark-Not Lighted
4640476,Pedestrian,33.931479,-84.053194,11/8/13 20:54,Property Damaged Only,1,Dark-Not Lighted
4414474,Pedestrian,33.91282,-84.114422,4/7/13 20:45,Property Damaged Only,1,Dark-Not Lighted
5595831,Pedestrian,33.626578,-84.276822,1/12/16 6:00,Property Damaged Only,1,Dark-Not Lighted
5076727,Pedestrian,33.714386,-84.269364,12/5/14 17:38,Property Damaged Only,1,Dark-Not Lighted
6062909,Pedestrian,33.600896,-84.40558,12/31/16 22:15,Property Damaged Only,1,Dark-Not Lighted
4455098,Pedestrian,33.785169,-84.461227,5/11/13 22:25,Property Damaged Only,1,Dark-Not Lighted
6483581,Pedestrian,33.62214,-84.233857,11/22/17 6:39,Property Damaged Only,1,Dark-Not Lighted
6070823,Pedestrian,33.549682,-84.414666,1/6/17 17:41,Property Damaged Only,1,Dark-Not Lighted
6087543,Pedestrian,33.822217,-84.231703,11/26/16 21:15,Property Damaged Only,1,Dark-Not Lighted
5533932,Pedestrian,34.037065,-84.466823,12/1/15 19:10,Property Damaged Only,1,Dark-Not Lighted
5170546,Pedestrian,31.988328,-81.103103,2/8/15 19:12,Property Damaged Only,1,Dark-Not Lighted
5995932,Pedestrian,33.814913,-84.182438,11/12/16 19:33,Property Damaged Only,1,Dark-Not Lighted
6432162,Pedestrian,33.797458,-84.236693,10/18/17 6:45,Fatal,3,Dark-Not Lighted
6108170,Pedestrian,33.612139,-84.292137,2/5/17 23:30,Fatal,3,Dark-Not Lighted
4319356,Pedestrian,32.66054,-81.93774,1/7/13 5:55,Fatal,3,Dark-Not Lighted
5528754,Pedestrian,34.274753,-83.781597,11/28/15 18:57,Fatal,3,Dark-Not Lighted
6305241,Pedestrian,33.740738,-84.392384,6/30/17 22:18,Fatal,3,Dark-Not Lighted
5374975,Pedestrian,33.921445,-83.326538,7/25/15 3:00,Fatal,3,Dark-Not Lighted
4929047,Pedestrian,32.67055,-82.18508,8/2/14 4:14,Fatal,3,Dark-Not Lighted
5858821,Pedestrian,33.800905,-84.750803,7/30/16 0:25,Fatal,3,Dark-Not Lighted
6527897,Pedestrian,33.366193,-82.037374,12/21/17 18:37,Fatal,3,Dark-Not Lighted
4958015,Pedestrian,32.490349,-84.965959,9/1/14 23:15,Injury,2,Dark-Not Lighted
5757083,Pedestrian,33.977106,-84.079617,5/14/16 21:25,Injury,2,Dark-Not Lighted
6155622,Pedestrian,33.562162,-84.32325,3/18/17 21:05,Injury,2,Dark-Not Lighted
6533054,Pedestrian,32.569007,-82.960655,12/22/17 19:14,Injury,2,Dark-Not Lighted
6076404,Pedestrian,33.789409,-84.565518,1/11/17 7:00,Injury,2,Dark-Not Lighted
4990013,Pedestrian,33.904596,-84.153834,9/21/14 2:53,Injury,2,Dark-Not Lighted
5035646,Pedestrian,34.38967,-83.02402,10/30/14 20:33,Injury,2,Dark-Not Lighted
6342460,Pedestrian,33.459639,-81.981531,8/6/17 0:09,Injury,2,Dark-Not Lighted
6163270,Pedestrian,32.21291,-83.20413,3/19/17 5:41,Injury,2,Dark-Not Lighted
5372182,Pedestrian,33.984039,-83.999218,7/24/15 2:25,Injury,2,Dark-Not Lighted
6496700,Pedestrian,33.460553,-84.192513,12/2/17 0:00,Injury,2,Dark-Not Lighted
4901538,Pedestrian,31.786932,-82.3508,7/7/14 21:15,Injury,2,Dark-Not Lighted
4478444,Pedestrian,33.536722,-84.418084,6/14/13 21:00,Injury,2,Dark-Not Lighted
6473316,Pedestrian,32.081234,-81.091456,11/14/17 19:03,Injury,2,Dark-Not Lighted
5153370,Pedestrian,33.759223,-84.240927,2/2/15 0:45,Injury,2,Dark-Not Lighted
6383326,Pedestrian,33.880266,-84.274674,9/7/17 6:47,Injury,2,Dark-Not Lighted
4525453,Pedestrian,33.026943,-85.035143,7/30/13 21:54,Injury,2,Dark-Not Lighted
4681538,Pedestrian,32.432194,-84.943336,12/19/13 20:50,Injury,2,Dark-Not Lighted
4330232,Pedestrian,34.217136,-84.81721,1/16/13 18:30,Injury,2,Dark-Not Lighted
4734920,Pedestrian,31.20363,-81.51379,2/11/14 18:45,Injury,2,Dark-Not Lighted
6161621,Pedestrian,33.09789,-84.426978,1/21/17 23:38,Injury,2,Dark-Not Lighted
4411579,Pedestrian,34.47166,-84.05344,4/8/13 20:46,Injury,2,Dark-Not Lighted
6108447,Pedestrian,34.74019,-84.77198,2/3/17 19:03,Injury,2,Dark-Not Lighted
5980979,Pedestrian,32.783071,-83.707813,10/31/16 19:13,Injury,2,Dark-Not Lighted
4484823,Pedestrian,33.732004,-84.196386,6/22/13 21:20,Injury,2,Dark-Not Lighted
5603178,Pedestrian,34.085774,-83.820786,12/29/15 18:28,Injury,2,Dark-Not Lighted
5280391,Pedestrian,34.081903,-83.867241,5/7/15 23:32,Injury,2,Dark-Not Lighted
5785120,Pedestrian,33.341935,-83.392605,6/4/16 21:57,Injury,2,Dark-Not Lighted
5535777,Pedestrian & Bicyclist,34.476461,-84.93012,12/3/15 18:14,Property Damaged Only,1,Dark-Not Lighted
5587250,Pedestrian & Bicyclist,33.596139,-83.959859,8/12/14 20:00,Injury,2,Dark-Not Lighted
4745922,Pedestrian & Bicyclist,34.22074,-83.63021,2/26/14 19:19,Injury,2,Dark-Not Lighted
6451286,Bicyclist,33.602062,-84.427959,10/29/17 21:45,Property Damaged Only,1,Dark-Not Lighted
5418323,Bicyclist,34.26391,-84.494008,9/9/15 6:22,Property Damaged Only,1,Dark-Not Lighted
4866993,Bicyclist,32.813573,-83.735137,5/25/14 3:33,Fatal,3,Dark-Not Lighted
5698151,Bicyclist,32.629651,-84.797919,3/23/16 6:30,Injury,2,Dark-Not Lighted
5675394,Bicyclist,32.640105,-83.635078,9/15/15 6:56,Injury,2,Dark-Not Lighted
6402272,Bicyclist,33.53725,-84.36803,9/21/17 19:50,Injury,2,Dark-Not Lighted
6338416,Bicyclist,33.404781,-84.751381,4/13/17 5:30,Injury,2,Dark-Not Lighted
5898215,Bicyclist,32.56143,-84.954005,7/16/16 20:45,Injury,2,Dark-Not Lighted
5549789,Bicyclist,34.351555,-83.110264,12/12/15 21:22,Injury,2,Dark-Not Lighted
5250417,Pedestrian,33.57385,-84.448821,4/12/15 21:18,Property Damaged Only,1,Dark-Not Lighted
4750314,Pedestrian,33.333871,-84.118482,3/4/14 20:00,Property Damaged Only,1,Dark-Not Lighted
4778144,Pedestrian,34.011108,-84.042574,3/30/14 21:11,Property Damaged Only,1,Dark-Not Lighted
6081151,Pedestrian,33.569139,-83.941843,1/31/16 19:22,Property Damaged Only,1,Dark-Not Lighted
5403416,Pedestrian,33.582813,-84.544618,8/25/15 20:09,Property Damaged Only,1,Dark-Not Lighted
5425906,Pedestrian,33.740009,-83.996122,9/14/15 20:50,Property Damaged Only,1,Dark-Not Lighted
4917914,Pedestrian,33.23384,-84.23502,7/21/14 0:31,Property Damaged Only,1,Dark-Not Lighted
6086250,Pedestrian,33.561515,-84.168596,1/18/17 19:55,Property Damaged Only,1,Dark-Not Lighted
5020282,Pedestrian,33.817688,-84.366955,10/14/14 7:27,Property Damaged Only,1,Dark-Not Lighted
5995600,Pedestrian,31.769881,-84.771702,11/10/16 20:39,Property Damaged Only,1,Dark-Not Lighted
4575237,Pedestrian,33.463653,-81.987595,8/22/13 20:10,Property Damaged Only,1,Dark-Not Lighted
6171296,Pedestrian,34.862874,-84.319843,3/9/17 20:23,Property Damaged Only,1,Dark-Not Lighted
4618927,Pedestrian,33.937002,-83.980168,10/24/13 19:11,Property Damaged Only,1,Dark-Not Lighted
6339461,Pedestrian,31.304033,-82.202829,5/21/17 20:42,Property Damaged Only,1,Dark-Not Lighted
4363392,Pedestrian,33.38735,-84.77862,2/16/13 18:50,Property Damaged Only,1,Dark-Not Lighted
5509469,Pedestrian,33.994498,-84.034806,11/9/15 19:25,Property Damaged Only,1,Dark-Not Lighted
6098698,Pedestrian,33.904094,-84.237417,1/29/17 20:54,Property Damaged Only,1,Dark-Not Lighted
5925780,Pedestrian,31.071864,-83.655737,8/11/16 21:20,Property Damaged Only,1,Dark-Not Lighted
6041108,Pedestrian,32.05347,-81.106132,12/14/16 18:09,Property Damaged Only,1,Dark-Not Lighted
4539880,Pedestrian,33.818005,-84.18063,7/9/13 0:02,Property Damaged Only,1,Dark-Not Lighted
5600943,Pedestrian,33.930413,-84.356077,1/15/16 19:46,Property Damaged Only,1,Dark-Not Lighted
5629608,Pedestrian,33.829979,-83.046171,10/10/15 6:07,Property Damaged Only,1,Dark-Not Lighted
5647208,Pedestrian,33.592961,-84.230325,2/23/16 19:07,Property Damaged Only,1,Dark-Not Lighted
5210570,Pedestrian,33.74437,-84.3933,3/7/15 3:53,Fatal,3,Dark-Not Lighted
5736908,Pedestrian,33.94107,-84.504245,3/24/16 1:18,Fatal,3,Dark-Not Lighted
5218441,Pedestrian,33.905662,-84.464262,3/12/15 5:30,Fatal,3,Dark-Not Lighted
4736918,Pedestrian,30.810897,-83.33213,2/9/14 20:24,Fatal,3,Dark-Not Lighted
5978472,Pedestrian,34.576513,-83.762626,10/27/16 19:55,Fatal,3,Dark-Not Lighted
6121248,Pedestrian,33.595249,-84.640641,2/12/17 19:13,Fatal,3,Dark-Not Lighted
5962103,Pedestrian,33.551317,-84.601323,10/18/16 19:22,Fatal,3,Dark-Not Lighted
4395302,Pedestrian,33.133812,-84.9182,3/24/13 0:50,Fatal,3,Dark-Not Lighted
5273631,Pedestrian,31.521866,-83.835889,4/28/15 4:00,Fatal,3,Dark-Not Lighted
4670453,Pedestrian,33.89793,-84.496001,9/3/13 22:04,Fatal,3,Dark-Not Lighted
6023718,Pedestrian,34.164418,-83.828784,12/1/16 18:18,Injury,2,Dark-Not Lighted
5245661,Pedestrian,32.527975,-83.743856,4/1/15 6:17,Injury,2,Dark-Not Lighted
4745926,Pedestrian,32.61918,-85.05165,2/26/14 19:20,Injury,2,Dark-Not Lighted
5144478,Pedestrian,33.61624,-84.463111,12/22/14 18:26,Injury,2,Dark-Not Lighted
5410605,Pedestrian,33.207958,-82.400769,8/31/15 5:59,Injury,2,Dark-Not Lighted
6310397,Pedestrian,31.44185,-83.50568,7/12/17 20:45,Injury,2,Dark-Not Lighted
4998744,Pedestrian,32.715871,-83.780889,9/24/14 22:30,Injury,2,Dark-Not Lighted
4516078,Pedestrian,32.848227,-83.605912,6/29/13 0:05,Injury,2,Dark-Not Lighted
6499539,Pedestrian,34.086466,-84.576251,12/4/17 18:46,Injury,2,Dark-Not Lighted
6394208,Pedestrian,32.757696,-83.661601,9/16/17 2:20,Injury,2,Dark-Not Lighted
5674027,Pedestrian,33.583024,-84.417535,3/15/16 7:00,Injury,2,Dark-Not Lighted
5992159,Pedestrian,32.53107,-82.922726,9/26/16 21:03,Injury,2,Dark-Not Lighted
5129553,Pedestrian,33.777546,-84.60607,1/13/15 18:20,Injury,2,Dark-Not Lighted
5342316,Pedestrian,33.293276,-83.966415,6/27/15 21:08,Injury,2,Dark-Not Lighted
4333634,Pedestrian,34.199153,-84.82636,1/19/13 19:35,Injury,2,Dark-Not Lighted
4635027,Pedestrian,33.783375,-84.540307,11/3/13 20:28,Injury,2,Dark-Not Lighted
5669561,Pedestrian,34.928099,-85.15244,3/5/16 21:15,Injury,2,Dark-Not Lighted
6490573,Pedestrian,34.25378,-84.47007,11/28/17 19:37,Injury,2,Dark-Not Lighted
5512242,Pedestrian,31.17406,-83.76905,11/7/15 20:17,Injury,2,Dark-Not Lighted
4757018,Pedestrian,33.894446,-84.210068,3/9/14 4:13,Injury,2,Dark-Not Lighted
5852110,Pedestrian,33.008438,-82.392439,7/24/16 20:45,Injury,2,Dark-Not Lighted
4691598,Pedestrian,34.003056,-84.044834,12/23/13 21:45,Injury,2,Dark-Not Lighted
6425407,Pedestrian,31.34923,-84.93695,10/9/17 20:20,Injury,2,Dark-Not Lighted
6499095,Pedestrian,33.72838,-83.69587,11/30/17 21:00,Injury,2,Dark-Not Lighted
5712530,Pedestrian,33.731797,-84.280127,4/12/16 20:15,Injury,2,Dark-Not Lighted
4476185,Pedestrian,33.737452,-84.237155,6/13/13 3:30,Injury,2,Dark-Not Lighted
4993649,Pedestrian,33.938134,-84.163392,9/23/14 20:25,Injury,2,Dark-Not Lighted
5313623,Pedestrian,34.339822,-84.38164,6/3/15 21:50,Injury,2,Dark-Not Lighted
4469481,Pedestrian,33.0819,-83.22375,6/6/13 23:19,Injury,2,Dark-Not Lighted
6371173,Pedestrian,34.84923,-85.23016,8/26/17 20:07,Injury,2,Dark-Not Lighted
4765332,Pedestrian,32.79845,-83.66561,3/1/14 20:02,Injury,2,Dark-Not Lighted
6387350,Pedestrian,33.588467,-84.423947,9/6/17 21:30,Injury,2,Dark-Not Lighted
5992950,Pedestrian,34.084039,-84.519196,11/8/16 0:52,Injury,2,Dark-Not Lighted
5602588,Pedestrian,32.7337,-82.72602,1/15/16 20:30,Injury,2,Dark-Not Lighted
5954114,Pedestrian,33.580841,-84.379373,9/26/16 5:05,Injury,2,Dark-Not Lighted
6320046,Pedestrian,33.081572,-83.223613,7/21/17 6:00,Injury,2,Dark-Not Lighted
5842702,Pedestrian,33.708442,-84.235454,7/19/16 4:05,Injury,2,Dark-Not Lighted
5459448,Pedestrian,33.991559,-84.767698,10/5/15 22:43,Injury,2,Dark-Not Lighted
5722883,Pedestrian,31.009292,-83.546368,2/6/16 23:36,Injury,2,Dark-Not Lighted
4910868,Pedestrian,33.846842,-84.315418,7/19/14 1:04,Injury,2,Dark-Not Lighted
5202030,Pedestrian & Bicyclist,33.280502,-84.256904,2/22/15 6:14,Injury,2,Dark-Not Lighted
4655418,Bicyclist,33.962406,-84.182977,11/22/13 19:15,Property Damaged Only,1,Dark-Not Lighted
4886734,Bicyclist,33.938398,-83.99592,6/8/14 22:55,Property Damaged Only,1,Dark-Not Lighted
4413214,Bicyclist,33.593226,-84.387247,4/13/13 22:35,Property Damaged Only,1,Dark-Not Lighted
4666546,Bicyclist,34.81117,-84.94892,12/4/13 18:30,Fatal,3,Dark-Not Lighted
6118335,Bicyclist,33.610531,-84.335816,2/14/17 1:01,Injury,2,Dark-Not Lighted
4643630,Bicyclist,32.055917,-81.132499,11/15/13 5:55,Injury,2,Dark-Not Lighted
6068626,Bicyclist,33.81409,-83.70822,1/3/17 18:22,Injury,2,Dark-Not Lighted
4616917,Pedestrian,34.73154,-83.84846,10/20/13 19:45,Property Damaged Only,1,Dark-Not Lighted
5233911,Pedestrian,33.644788,-83.990735,3/27/15 5:41,Property Damaged Only,1,Dark-Not Lighted
6056215,Pedestrian,33.882763,-84.536008,12/23/16 7:20,Property Damaged Only,1,Dark-Not Lighted
4436069,Pedestrian,33.93895,-83.75084,5/6/13 22:21,Property Damaged Only,1,Dark-Not Lighted
4857132,Pedestrian,32.213188,-82.403504,5/23/14 21:55,Property Damaged Only,1,Dark-Not Lighted
6188418,Pedestrian,33.731228,-84.413749,3/30/17 22:30,Property Damaged Only,1,Dark-Not Lighted
5912009,Pedestrian,33.888599,-84.474337,8/14/16 23:03,Property Damaged Only,1,Dark-Not Lighted
4963527,Pedestrian,32.08358,-81.11496,9/4/14 0:01,Property Damaged Only,1,Dark-Not Lighted
5157563,Pedestrian,32.859409,-83.615057,10/4/14 5:59,Property Damaged Only,1,Dark-Not Lighted
5378384,Pedestrian,34.157069,-84.406786,8/3/15 22:09,Property Damaged Only,1,Dark-Not Lighted
5717083,Pedestrian,32.860917,-84.618232,4/17/16 21:35,Property Damaged Only,1,Dark-Not Lighted
4957525,Pedestrian,33.587243,-84.409786,8/30/14 23:35,Property Damaged Only,1,Dark-Not Lighted
5352191,Pedestrian,33.810117,-84.182511,7/9/15 21:48,Property Damaged Only,1,Dark-Not Lighted
5257289,Pedestrian,33.812669,-84.301722,4/19/15 1:40,Property Damaged Only,1,Dark-Not Lighted
5191524,Pedestrian,33.712349,-84.634285,11/27/14 18:28,Property Damaged Only,1,Dark-Not Lighted
5487697,Pedestrian,33.793645,-84.26837,10/28/15 23:06,Property Damaged Only,1,Dark-Not Lighted
6015154,Pedestrian,32.600113,-83.613863,11/26/16 18:14,Property Damaged Only,1,Dark-Not Lighted
6146694,Pedestrian,33.761812,-84.196554,3/10/17 21:48,Property Damaged Only,1,Dark-Not Lighted
6241910,Pedestrian,32.022763,-80.855143,5/20/17 0:00,Property Damaged Only,1,Dark-Not Lighted
4978268,Pedestrian,33.843549,-84.244229,9/14/14 1:00,Property Damaged Only,1,Dark-Not Lighted
5509667,Pedestrian,31.221336,-81.502832,11/12/15 20:50,Property Damaged Only,1,Dark-Not Lighted
5419322,Pedestrian,32.856132,-83.58611,9/10/15 18:00,Fatal,3,Dark-Not Lighted
5709222,Pedestrian,34.163019,-84.756165,3/30/16 23:07,Fatal,3,Dark-Not Lighted
6117460,Pedestrian,32.072284,-81.08405,2/14/17 6:14,Fatal,3,Dark-Not Lighted
5133901,Pedestrian,34.101867,-84.021704,1/16/15 22:19,Fatal,3,Dark-Not Lighted
4645867,Pedestrian,33.920325,-84.325762,11/16/13 22:01,Fatal,3,Dark-Not Lighted
5789661,Pedestrian,32.58065,-83.743308,5/21/16 22:10,Fatal,3,Dark-Not Lighted
5563548,Pedestrian,34.104309,-84.850238,12/18/15 5:55,Fatal,3,Dark-Not Lighted
5140399,Pedestrian,33.910286,-84.362024,1/26/15 6:32,Fatal,3,Dark-Not Lighted
6198084,Pedestrian,236.946,147.8279,4/13/17 22:35,Fatal,3,Dark-Not Lighted
4376671,Pedestrian,33.867901,-84.309438,3/8/13 23:33,Fatal,3,Dark-Not Lighted
5749241,Pedestrian,33.402833,-82.262134,5/1/16 21:58,Fatal,3,Dark-Not Lighted
5834449,Pedestrian,33.787976,-84.62008,6/10/16 5:03,Fatal,3,Dark-Not Lighted
5957575,Pedestrian,33.5793,-84.512345,10/14/16 23:45,Fatal,3,Dark-Not Lighted
4340832,Pedestrian,33.811718,-84.197538,1/31/13 19:00,Injury,2,Dark-Not Lighted
5043997,Pedestrian,33.02988,-85.0323,11/7/14 22:07,Injury,2,Dark-Not Lighted
6298974,Pedestrian,32.999595,-81.75376,7/3/17 22:38,Injury,2,Dark-Not Lighted
5488844,Pedestrian,31.217377,-83.769231,10/23/15 19:20,Injury,2,Dark-Not Lighted
5609709,Pedestrian,33.528167,-84.661699,1/21/16 18:43,Injury,2,Dark-Not Lighted
4794897,Pedestrian,33.919299,-84.692613,4/12/14 22:10,Injury,2,Dark-Not Lighted
4680910,Pedestrian,32.190715,-81.22884,12/18/13 18:04,Injury,2,Dark-Not Lighted
6495877,Pedestrian,33.1837,-83.0009,11/25/17 20:02,Injury,2,Dark-Not Lighted
5498051,Pedestrian,34.267138,-83.818489,11/3/15 21:16,Injury,2,Dark-Not Lighted
6397803,Pedestrian,33.95886,-84.134535,9/15/17 1:04,Injury,2,Dark-Not Lighted
5698005,Pedestrian,33.240905,-84.349617,3/23/16 21:20,Injury,2,Dark-Not Lighted
4352523,Pedestrian,34.143253,-82.91054,2/11/13 18:56,Injury,2,Dark-Not Lighted
5514079,Pedestrian,33.606006,-84.435362,11/17/15 19:09,Injury,2,Dark-Not Lighted
5404569,Pedestrian,33.815217,-83.728934,8/23/15 0:39,Injury,2,Dark-Not Lighted
5629292,Pedestrian,33.777353,-84.652833,2/6/16 0:00,Injury,2,Dark-Not Lighted
6125903,Pedestrian,32.806382,-83.714434,2/21/17 19:02,Injury,2,Dark-Not Lighted
6146876,Pedestrian,33.161811,-82.085738,3/10/17 19:20,Injury,2,Dark-Not Lighted
6082962,Pedestrian,33.589042,-84.475493,1/13/17 19:54,Injury,2,Dark-Not Lighted
4483521,Pedestrian,34.507957,-85.32448,6/19/13 21:58,Injury,2,Dark-Not Lighted
4535005,Pedestrian,33.908054,-84.557618,8/7/13 20:28,Injury,2,Dark-Not Lighted
6397866,Pedestrian,33.709018,-84.352872,9/16/17 20:24,Injury,2,Dark-Not Lighted
5708189,Pedestrian,34.262827,-85.154898,4/10/16 3:53,Injury,2,Dark-Not Lighted
6338969,Pedestrian,33.61634,-84.472776,5/11/17 22:42,Injury,2,Dark-Not Lighted
6526779,Pedestrian,34.090026,-84.681175,12/22/17 20:43,Injury,2,Dark-Not Lighted
4789763,Pedestrian,31.471517,-83.6534,4/9/14 6:44,Injury,2,Dark-Not Lighted
5493067,Pedestrian,33.551118,-84.465069,10/23/15 19:37,Injury,2,Dark-Not Lighted
4690969,Pedestrian,32.076384,-81.094082,12/30/13 18:45,Injury,2,Dark-Not Lighted
5068281,Pedestrian,34.404337,-83.676288,11/29/14 18:30,Injury,2,Dark-Not Lighted
6076336,Pedestrian,33.851593,-84.318693,1/11/17 23:36,Injury,2,Dark-Not Lighted
6108830,Pedestrian,32.108211,-81.146856,11/28/16 18:37,Injury,2,Dark-Not Lighted
5944241,Pedestrian,32.020528,-84.382891,9/30/16 5:48,Injury,2,Dark-Not Lighted
6073514,Pedestrian,33.700045,-84.715961,12/31/16 18:16,Injury,2,Dark-Not Lighted
6513282,Pedestrian,33.72015,-84.297447,12/13/17 18:13,Injury,2,Dark-Not Lighted
6263092,Pedestrian,33.80424,-83.71464,5/31/17 0:44,Injury,2,Dark-Not Lighted
6154633,Pedestrian,33.891725,-84.779655,3/15/17 20:15,Injury,2,Dark-Not Lighted
5461115,Pedestrian,33.78667,-84.158387,10/7/15 21:23,Injury,2,Dark-Not Lighted
5198291,Pedestrian,34.283454,-83.800552,2/25/15 22:49,Injury,2,Dark-Not Lighted
4337076,Pedestrian,33.926235,-84.06888,1/19/13 21:19,Injury,2,Dark-Not Lighted
4382798,Pedestrian,33.583986,-84.377615,3/15/13 21:00,Injury,2,Dark-Not Lighted
6352328,Pedestrian,33.573819,-84.372001,8/13/17 22:00,Injury,2,Dark-Not Lighted
5598418,Pedestrian,33.842233,-84.330041,1/14/16 19:31,Injury,2,Dark-Not Lighted
5929057,Pedestrian & Bicyclist,33.955654,-83.34763,9/20/16 20:08,Fatal,3,Dark-Not Lighted
5135010,Bicyclist,30.823242,-83.301058,1/20/15 18:30,Property Damaged Only,1,Dark-Not Lighted
5899984,Bicyclist,33.29544,-84.29324,8/29/16 6:40,Fatal,3,Dark-Not Lighted
5215757,Bicyclist,31.471493,-83.654027,3/10/15 20:44,Injury,2,Dark-Not Lighted
5688830,Pedestrian,33.029785,-85.03565,3/25/16 20:32,Property Damaged Only,1,Dark-Not Lighted
4690553,Pedestrian,33.949382,-84.093886,12/25/13 19:51,Property Damaged Only,1,Dark-Not Lighted
5993960,Pedestrian,33.967551,-84.005578,11/9/16 20:46,Property Damaged Only,1,Dark-Not Lighted
6444730,Pedestrian,33.941341,-84.122366,10/25/17 6:24,Property Damaged Only,1,Dark-Not Lighted
6163129,Pedestrian,32.42554,-84.94772,3/23/17 21:52,Property Damaged Only,1,Dark-Not Lighted
6497953,Pedestrian,34.323323,-83.834327,11/30/17 17:26,Property Damaged Only,1,Dark-Not Lighted
5976072,Pedestrian,33.681435,-84.420771,10/28/16 5:24,Property Damaged Only,1,Dark-Not Lighted
6532418,Pedestrian,34.132145,-83.992483,11/22/17 23:35,Property Damaged Only,1,Dark-Not Lighted
5549926,Pedestrian,33.632274,-84.285956,12/13/15 19:20,Property Damaged Only,1,Dark-Not Lighted
4911983,Pedestrian,32.842262,-83.678315,7/4/14 22:29,Property Damaged Only,1,Dark-Not Lighted
5043513,Pedestrian,33.533969,-84.418929,11/7/14 3:27,Property Damaged Only,1,Dark-Not Lighted
6013472,Pedestrian,34.603902,-83.762816,10/29/16 5:18,Property Damaged Only,1,Dark-Not Lighted
5728186,Pedestrian,33.338086,-84.875657,3/24/16 20:39,Property Damaged Only,1,Dark-Not Lighted
6184193,Pedestrian,33.778175,-84.192459,4/8/17 1:56,Property Damaged Only,1,Dark-Not Lighted
4764836,Pedestrian,33.900366,-84.277133,3/17/14 7:51,Property Damaged Only,1,Dark-Not Lighted
6001203,Pedestrian,32.839239,-83.676133,11/15/16 20:28,Property Damaged Only,1,Dark-Not Lighted
4656223,Pedestrian,33.755915,-84.165261,10/22/13 20:00,Property Damaged Only,1,Dark-Not Lighted
5287157,Pedestrian,34.481094,-83.181168,5/10/15 21:08,Fatal,3,Dark-Not Lighted
5888284,Pedestrian,33.900394,-84.44473,8/22/16 22:58,Fatal,3,Dark-Not Lighted
6165819,Pedestrian,33.492434,-84.385203,3/25/17 20:21,Fatal,3,Dark-Not Lighted
6118312,Pedestrian,33.79869,-84.620125,2/13/17 19:28,Fatal,3,Dark-Not Lighted
5203540,Pedestrian,32.11038,-81.233183,2/27/15 1:01,Fatal,3,Dark-Not Lighted
5676620,Pedestrian,32.618305,-83.656375,3/1/16 23:52,Fatal,3,Dark-Not Lighted
4661284,Pedestrian,33.22755,-82.361694,11/28/13 18:55,Fatal,3,Dark-Not Lighted
4475819,Pedestrian,32.60571,-82.34032,6/9/13 20:39,Fatal,3,Dark-Not Lighted
5161024,Pedestrian,32.841679,-83.559033,10/11/14 23:35,Fatal,3,Dark-Not Lighted
4932642,Pedestrian,34.727455,-84.74907,8/6/14 21:00,Injury,2,Dark-Not Lighted
5200940,Pedestrian,34.098593,-83.573385,2/27/15 22:00,Injury,2,Dark-Not Lighted