incidentIdNbr,crashType,latitude,longitude,dateOfIncidentDate,severity,Mag,lightCondition
5358239,Pedestrian,33.489099,-84.583092,7/15/15 21:58,Injury,2,Dark-Not Lighted
6402422,Pedestrian,32.500818,-84.987808,9/22/17 20:10,Injury,2,Dark-Not Lighted
5331401,Pedestrian,31.774793,-82.792724,6/21/15 0:32,Injury,2,Dark-Not Lighted
5380885,Pedestrian,33.761333,-84.251536,8/5/15 20:38,Injury,2,Dark-Not Lighted
5564243,Pedestrian,34.018798,-84.040896,12/21/15 22:27,Injury,2,Dark-Not Lighted
6452640,Pedestrian,34.27409,-84.762904,10/23/17 7:45,Injury,2,Dark-Not Lighted
5717699,Pedestrian,31.282303,-81.563871,4/14/16 6:10,Injury,2,Dark-Not Lighted
4979758,Pedestrian,34.44857,-83.09994,9/12/14 21:12,Injury,2,Dark-Not Lighted
5949908,Pedestrian,33.2732,-84.303551,10/3/16 6:40,Injury,2,Dark-Not Lighted
5537013,Pedestrian,33.018958,-81.701573,12/1/15 4:00,Injury,2,Dark-Not Lighted
4380146,Pedestrian,33.522687,-84.417643,3/13/13 22:07,Injury,2,Dark-Not Lighted
4497197,Pedestrian,34.04361,-83.2435,6/29/13 21:40,Injury,2,Dark-Not Lighted
4646108,Pedestrian,31.000244,-83.08709,11/18/13 6:40,Injury,2,Dark-Not Lighted
5454582,Pedestrian,34.92162,-84.378273,10/2/15 19:38,Injury,2,Dark-Not Lighted
6466732,Pedestrian,33.810579,-84.477729,10/12/17 3:10,Injury,2,Dark-Not Lighted
5223897,Pedestrian,32.048722,-81.164041,3/21/15 5:31,Injury,2,Dark-Not Lighted
5791697,Pedestrian,33.647047,-84.254342,6/13/16 1:40,Injury,2,Dark-Not Lighted
5116056,Pedestrian,34.476725,-84.930609,1/2/15 18:22,Injury,2,Dark-Not Lighted
4942315,Pedestrian,34.158163,-84.174702,8/2/14 21:47,Injury,2,Dark-Not Lighted
4625367,Pedestrian,33.952778,-84.143961,10/26/13 22:12,Injury,2,Dark-Not Lighted
4969708,Pedestrian,33.997392,-83.642696,3/12/14 3:32,Injury,2,Dark-Not Lighted
5826598,Pedestrian,34.292944,-83.847555,7/9/16 22:27,Injury,2,Dark-Not Lighted
4600717,Pedestrian,33.922713,-83.947905,10/6/13 3:19,Injury,2,Dark-Not Lighted
6202993,Pedestrian,33.747553,-84.397816,4/21/17 5:23,Injury,2,Dark-Not Lighted
4346867,Pedestrian,33.950213,-83.987731,2/2/13 19:33,Injury,2,Dark-Not Lighted
5400858,Pedestrian,33.94092,-83.46964,8/21/15 21:13,Injury,2,Dark-Not Lighted
5378652,Pedestrian,34.033628,-83.895565,8/2/15 22:30,Injury,2,Dark-Not Lighted
5948055,Pedestrian,33.913063,-84.166419,9/28/16 20:19,Injury,2,Dark-Not Lighted
6216705,Pedestrian,33.555441,-84.370815,4/24/17 22:20,Injury,2,Dark-Not Lighted
6476336,Pedestrian & Bicyclist,34.124489,-84.170958,11/16/17 20:15,Injury,2,Dark-Not Lighted
5581545,Bicyclist,33.954214,-83.525096,1/5/16 6:51,Property Damaged Only,1,Dark-Not Lighted
4977457,Bicyclist,32.435903,-84.929126,9/12/14 20:20,Property Damaged Only,1,Dark-Not Lighted
4545035,Bicyclist,33.79479,-83.71322,8/20/13 20:54,Property Damaged Only,1,Dark-Not Lighted
6064983,Bicyclist,34.811554,-84.854454,7/26/16 1:17,Property Damaged Only,1,Dark-Not Lighted
6426627,Bicyclist,31.91067,-81.63689,10/9/17 7:03,Fatal,3,Dark-Not Lighted
4406750,Bicyclist,33.996191,-84.584259,4/6/13 21:37,Injury,2,Dark-Not Lighted
6068965,Bicyclist,33.5528,-84.34742,12/26/16 3:02,Injury,2,Dark-Not Lighted
5712547,Bicyclist,33.252545,-81.957399,4/11/16 20:14,Injury,2,Dark-Not Lighted
5572376,Pedestrian,33.789876,-84.323179,11/19/15 15:26,Property Damaged Only,1,Dark-Not Lighted
5164328,Pedestrian,33.934142,-84.503056,1/29/15 6:57,Property Damaged Only,1,Dark-Not Lighted
4728676,Pedestrian,34.882253,-83.944896,12/27/13 18:05,Property Damaged Only,1,Dark-Not Lighted
6083642,Pedestrian,31.945112,-81.112728,1/17/17 21:09,Property Damaged Only,1,Dark-Not Lighted
4667647,Pedestrian,33.927546,-84.242459,12/7/13 6:01,Property Damaged Only,1,Dark-Not Lighted
4443795,Pedestrian,34.278489,-84.50857,5/15/13 4:05,Property Damaged Only,1,Dark-Not Lighted
5115456,Pedestrian,33.896292,-84.19721,12/30/14 20:10,Property Damaged Only,1,Dark-Not Lighted
6252683,Pedestrian,33.695844,-84.397449,5/27/17 23:11,Property Damaged Only,1,Dark-Not Lighted
5149148,Pedestrian,34.121236,-84.171829,9/10/14 20:18,Property Damaged Only,1,Dark-Not Lighted
4955154,Pedestrian,33.74532,-84.64202,8/26/14 22:03,Property Damaged Only,1,Dark-Not Lighted
5115515,Pedestrian,33.575978,-84.36083,1/1/15 18:40,Property Damaged Only,1,Dark-Not Lighted
4360646,Pedestrian,33.368888,-84.77514,1/20/13 19:20,Property Damaged Only,1,Dark-Not Lighted
6450012,Pedestrian,34.10909,-82.85772,10/28/17 20:25,Property Damaged Only,1,Dark-Not Lighted
4686812,Pedestrian,33.790936,-84.320972,12/9/13 7:56,Property Damaged Only,1,Dark-Not Lighted
4363462,Pedestrian,33.879229,-84.273427,2/22/13 1:07,Property Damaged Only,1,Dark-Not Lighted
5455195,Pedestrian,33.564235,-84.517236,10/2/15 23:20,Property Damaged Only,1,Dark-Not Lighted
5029804,Pedestrian,33.967083,-84.537383,10/23/14 7:25,Property Damaged Only,1,Dark-Not Lighted
5700178,Pedestrian,33.178508,-83.286768,3/9/16 19:08,Property Damaged Only,1,Dark-Not Lighted
4414342,Pedestrian,33.528229,-84.250098,4/15/13 6:21,Fatal,3,Dark-Not Lighted
5933149,Pedestrian,33.359882,-84.657904,9/22/16 6:32,Fatal,3,Dark-Not Lighted
5494882,Pedestrian,32.102799,-81.148547,10/11/15 20:16,Fatal,3,Dark-Not Lighted
5969056,Pedestrian,31.854843,-82.59896,9/25/16 22:00,Fatal,3,Dark-Not Lighted
6488228,Pedestrian,31.224842,-81.460365,11/19/17 21:48,Fatal,3,Dark-Not Lighted
5172437,Pedestrian,33.906921,-84.431223,2/6/15 4:29,Fatal,3,Dark-Not Lighted
5103066,Pedestrian,31.184101,-81.470539,12/18/14 16:36,Fatal,3,Dark-Not Lighted
6126838,Pedestrian,31.854843,-82.59896,9/25/16 22:35,Fatal,3,Dark-Not Lighted
6174909,Pedestrian,30.947364,-81.694274,4/2/17 4:50,Injury,2,Dark-Not Lighted
6499317,Pedestrian,33.586459,-84.292547,12/4/17 21:40,Injury,2,Dark-Not Lighted
4563847,Pedestrian,34.000621,-83.384113,9/8/13 2:38,Injury,2,Dark-Not Lighted
6133231,Pedestrian,33.323326,-82.010135,2/25/17 19:16,Injury,2,Dark-Not Lighted
6399821,Pedestrian,33.728518,-84.237285,9/20/17 20:59,Injury,2,Dark-Not Lighted
6137145,Pedestrian,33.56978,-84.309316,3/2/17 20:18,Injury,2,Dark-Not Lighted
5270300,Pedestrian,33.563076,-84.468568,4/29/15 6:50,Injury,2,Dark-Not Lighted
5515675,Pedestrian,34.071239,-84.29659,11/17/15 18:43,Injury,2,Dark-Not Lighted
4626439,Pedestrian,33.468545,-82.157364,10/9/13 19:44,Injury,2,Dark-Not Lighted
4852938,Pedestrian,31.27,-82.86177,5/19/14 5:40,Injury,2,Dark-Not Lighted
6009909,Pedestrian,33.921449,-83.326374,11/21/16 19:38,Injury,2,Dark-Not Lighted
6085029,Pedestrian,32.412047,-84.944582,1/18/17 18:30,Injury,2,Dark-Not Lighted
4752512,Pedestrian,33.469563,-84.437585,2/10/14 18:50,Injury,2,Dark-Not Lighted
5481682,Pedestrian,33.816116,-83.72726,10/23/15 19:00,Injury,2,Dark-Not Lighted
5709257,Pedestrian,33.776195,-84.377671,4/1/16 23:50,Injury,2,Dark-Not Lighted
4884088,Pedestrian,32.432663,-84.944758,6/21/14 0:01,Injury,2,Dark-Not Lighted
5974521,Pedestrian,33.939497,-84.193009,10/20/16 19:09,Injury,2,Dark-Not Lighted
4682769,Pedestrian,33.981195,-84.558528,12/18/13 18:32,Injury,2,Dark-Not Lighted
6465179,Pedestrian,33.699652,-84.118341,11/9/17 3:48,Injury,2,Dark-Not Lighted
4679740,Pedestrian,33.90118,-84.4761,12/17/13 18:00,Injury,2,Dark-Not Lighted
6459471,Pedestrian,33.612216,-85.034835,11/3/17 7:37,Injury,2,Dark-Not Lighted
5497760,Pedestrian,34.20063,-84.798385,11/3/15 21:09,Injury,2,Dark-Not Lighted
6397135,Pedestrian,33.056896,-84.98253,9/19/17 0:25,Injury,2,Dark-Not Lighted
5882868,Pedestrian,33.68808,-84.31094,8/18/16 4:10,Injury,2,Dark-Not Lighted
5746651,Pedestrian,33.856543,-82.742517,5/4/16 21:01,Injury,2,Dark-Not Lighted
4387486,Pedestrian,33.585098,-84.531963,2/26/13 22:50,Injury,2,Dark-Not Lighted
5964528,Pedestrian,34.103027,-84.682121,10/14/16 20:31,Injury,2,Dark-Not Lighted
5503942,Pedestrian,33.840614,-84.379338,11/7/15 23:35,Injury,2,Dark-Not Lighted
4579425,Pedestrian,32.81601,-83.698545,8/30/13 23:19,Injury,2,Dark-Not Lighted
6012812,Pedestrian,32.043947,-80.998304,11/25/16 19:41,Injury,2,Dark-Not Lighted
5347765,Pedestrian,31.468757,-83.49153,7/7/15 1:11,Injury,2,Dark-Not Lighted
6505245,Bicyclist,33.976729,-83.414505,12/7/17 20:48,Property Damaged Only,1,Dark-Not Lighted
5668702,Bicyclist,33.396864,-82.025314,3/10/16 6:12,Property Damaged Only,1,Dark-Not Lighted
5308056,Bicyclist,34.041528,-84.477116,5/29/15 23:41,Property Damaged Only,1,Dark-Not Lighted
5463825,Bicyclist,31.063772,-83.028015,10/6/15 21:10,Property Damaged Only,1,Dark-Not Lighted
4477993,Bicyclist,33.379344,-82.028284,5/24/13 0:54,Fatal,3,Dark-Not Lighted
4656661,Bicyclist,33.12141,-85.057655,11/25/13 18:40,Fatal,3,Dark-Not Lighted
6310649,Bicyclist,33.734062,-84.85248,7/15/17 22:40,Injury,2,Dark-Not Lighted
5240035,Pedestrian,33.862367,-84.199105,4/2/15 19:50,Property Damaged Only,1,Dark-Not Lighted
6490148,Pedestrian,33.597692,-84.428963,11/28/17 21:45,Property Damaged Only,1,Dark-Not Lighted
5979242,Pedestrian,33.752885,-84.371795,10/27/16 20:02,Property Damaged Only,1,Dark-Not Lighted
6190874,Pedestrian,31.991318,-81.25433,4/12/17 21:37,Property Damaged Only,1,Dark-Not Lighted
6100548,Pedestrian,33.378401,-82.08074,1/25/17 22:40,Property Damaged Only,1,Dark-Not Lighted
5882820,Pedestrian,33.92273,-84.482353,8/11/16 21:51,Property Damaged Only,1,Dark-Not Lighted
5339522,Pedestrian,33.904538,-84.276662,6/28/15 3:38,Property Damaged Only,1,Dark-Not Lighted
4659138,Pedestrian,33.944258,-84.240679,11/29/13 18:23,Property Damaged Only,1,Dark-Not Lighted
5425778,Pedestrian,34.074226,-84.638327,9/11/15 20:08,Property Damaged Only,1,Dark-Not Lighted
6523216,Pedestrian,33.439415,-84.041625,12/21/17 3:20,Property Damaged Only,1,Dark-Not Lighted
5561427,Pedestrian,33.965668,-83.372253,12/19/15 23:21,Property Damaged Only,1,Dark-Not Lighted
5538255,Pedestrian,33.590934,-84.37703,12/2/15 23:30,Property Damaged Only,1,Dark-Not Lighted
6517520,Pedestrian,634.2176,987.9846,10/9/17 6:16,Property Damaged Only,1,Dark-Not Lighted
4523032,Pedestrian,33.671831,-84.265551,7/28/13 21:20,Property Damaged Only,1,Dark-Not Lighted
6169435,Pedestrian,32.798564,-83.658995,3/28/17 21:41,Property Damaged Only,1,Dark-Not Lighted
6058964,Pedestrian,31.392923,-84.481679,12/23/16 19:15,Fatal,3,Dark-Not Lighted
4879966,Pedestrian,33.436747,-82.001206,6/17/14 0:00,Fatal,3,Dark-Not Lighted
4564571,Pedestrian,33.489654,-85.282424,8/27/13 21:34,Fatal,3,Dark-Not Lighted
6060861,Pedestrian,31.3279,-83.0477,12/23/16 19:15,Fatal,3,Dark-Not Lighted
5090247,Pedestrian,33.74094,-84.21822,12/11/14 19:35,Fatal,3,Dark-Not Lighted
5257419,Pedestrian,33.965811,-83.43978,4/19/15 0:05,Fatal,3,Dark-Not Lighted
5957002,Pedestrian,33.62573,-83.833465,10/11/16 23:36,Fatal,3,Dark-Not Lighted
6450607,Pedestrian,33.64584,-84.39826,10/6/17 21:10,Fatal,3,Dark-Not Lighted
6298903,Pedestrian,33.9138,-84.47993,5/29/17 4:30,Fatal,3,Dark-Not Lighted
6180400,Pedestrian,33.764224,-84.532498,4/3/17 6:25,Fatal,3,Dark-Not Lighted
6407413,Pedestrian,33.58217,-84.366985,9/23/17 1:30,Fatal,3,Dark-Not Lighted
4789423,Pedestrian,33.569216,-84.468486,4/11/14 23:53,Fatal,3,Dark-Not Lighted
5780126,Pedestrian,33.845495,-84.490549,5/19/16 22:40,Fatal,3,Dark-Not Lighted
4445379,Pedestrian,33.640279,-84.376461,5/15/13 22:36,Fatal,3,Dark-Not Lighted
5695712,Pedestrian,33.777915,-84.240783,3/31/16 3:05,Fatal,3,Dark-Not Lighted
5621528,Pedestrian,31.27272,-84.127236,1/23/16 23:27,Fatal,3,Dark-Not Lighted
4983295,Pedestrian,34.216785,-84.81893,9/16/14 20:26,Fatal,3,Dark-Not Lighted
4369169,Pedestrian,33.42805,-84.3108,1/31/13 19:57,Injury,2,Dark-Not Lighted
6032487,Pedestrian,33.054117,-84.077589,12/24/15 0:36,Injury,2,Dark-Not Lighted
5941508,Pedestrian,33.79061,-84.230037,10/2/16 21:25,Injury,2,Dark-Not Lighted
6068697,Pedestrian,33.624709,-84.047532,12/26/16 19:57,Injury,2,Dark-Not Lighted
5892518,Pedestrian,33.434792,-84.186284,8/25/16 22:40,Injury,2,Dark-Not Lighted
4625886,Pedestrian,33.854421,-83.933461,10/25/13 22:17,Injury,2,Dark-Not Lighted
4522218,Pedestrian,33.611579,-84.436644,7/26/13 22:30,Injury,2,Dark-Not Lighted
4530137,Pedestrian,33.633589,-84.258652,8/4/13 22:09,Injury,2,Dark-Not Lighted
6328113,Pedestrian,33.895199,-84.213367,7/10/17 0:07,Injury,2,Dark-Not Lighted
4726227,Pedestrian,33.574901,-84.372026,2/8/14 3:19,Injury,2,Dark-Not Lighted
6081353,Pedestrian,33.501162,-83.901617,3/27/16 21:42,Injury,2,Dark-Not Lighted
4687561,Pedestrian,33.954144,-84.094004,12/23/13 18:02,Injury,2,Dark-Not Lighted
5602833,Pedestrian,31.27261,-81.56217,1/16/16 20:00,Injury,2,Dark-Not Lighted
4725931,Pedestrian,33.574128,-84.371922,2/7/14 19:41,Injury,2,Dark-Not Lighted
4834438,Pedestrian,31.464395,-83.54644,4/30/14 20:46,Injury,2,Dark-Not Lighted
5926772,Pedestrian,33.676694,-84.369971,9/10/16 3:00,Injury,2,Dark-Not Lighted
4653458,Pedestrian,32.28009,-83.44902,11/22/13 18:34,Injury,2,Dark-Not Lighted
6472343,Pedestrian,33.904867,-84.158068,11/10/17 19:06,Injury,2,Dark-Not Lighted
6028845,Pedestrian,32.141256,-81.326601,5/22/16 0:48,Injury,2,Dark-Not Lighted
5308586,Pedestrian,33.803469,-84.248467,5/30/15 21:15,Injury,2,Dark-Not Lighted
6033273,Pedestrian,31.467112,-83.493534,12/7/16 18:54,Injury,2,Dark-Not Lighted
5014162,Pedestrian,34.8726,-84.31364,10/10/14 20:09,Injury,2,Dark-Not Lighted
5869077,Pedestrian,33.757628,-84.122473,8/8/16 20:34,Injury,2,Dark-Not Lighted
5910991,Bicyclist,30.850843,-83.39001,9/6/16 6:37,Injury,2,Dark-Not Lighted
5163541,Bicyclist,32.878893,-83.693894,11/6/14 20:44,Injury,2,Dark-Not Lighted
5191326,Bicyclist,33.536393,-84.459092,12/4/14 21:42,Injury,2,Dark-Not Lighted
5886859,Pedestrian,33.744356,-84.379318,8/17/16 0:15,Property Damaged Only,1,Dark-Not Lighted
6561301,Pedestrian,33.611652,-84.471815,12/5/17 5:00,Property Damaged Only,1,Dark-Not Lighted
5116094,Pedestrian,31.207561,-81.482281,12/30/14 18:41,Property Damaged Only,1,Dark-Not Lighted
5314634,Pedestrian,33.469936,-84.207999,6/4/15 22:00,Property Damaged Only,1,Dark-Not Lighted
4478813,Pedestrian,34.05435,-83.32094,6/16/13 2:30,Property Damaged Only,1,Dark-Not Lighted
5360249,Pedestrian,32.069229,-81.104289,7/18/15 0:09,Property Damaged Only,1,Dark-Not Lighted
4631834,Pedestrian,32.485513,-84.990201,11/5/13 18:00,Property Damaged Only,1,Dark-Not Lighted
4692287,Pedestrian,33.430663,-82.043009,12/3/13 17:44,Property Damaged Only,1,Dark-Not Lighted
5216531,Pedestrian,33.819494,-84.23127,3/12/15 21:00,Property Damaged Only,1,Dark-Not Lighted
4394478,Pedestrian,34.500517,-84.959089,3/25/13 20:13,Property Damaged Only,1,Dark-Not Lighted
4621346,Pedestrian,33.735382,-84.287551,10/27/13 21:24,Property Damaged Only,1,Dark-Not Lighted
5698544,Pedestrian,33.922685,-84.482429,3/31/16 23:20,Property Damaged Only,1,Dark-Not Lighted
5612148,Pedestrian,33.936546,-84.104603,1/16/16 3:24,Property Damaged Only,1,Dark-Not Lighted
4373262,Pedestrian,33.722153,-84.762737,1/30/13 20:41,Property Damaged Only,1,Dark-Not Lighted
4734245,Pedestrian,33.422651,-82.020188,2/15/14 0:22,Property Damaged Only,1,Dark-Not Lighted
5026981,Pedestrian,33.905925,-84.225177,10/21/14 20:52,Property Damaged Only,1,Dark-Not Lighted
4429374,Pedestrian,31.543702,-84.054267,3/31/13 5:56,Property Damaged Only,1,Dark-Not Lighted
5133630,Pedestrian,32.639209,-83.605838,1/18/15 0:01,Fatal,3,Dark-Not Lighted
6446400,Pedestrian,33.457363,-81.951008,10/27/17 0:01,Fatal,3,Dark-Not Lighted
4639371,Pedestrian,32.866749,-83.61284,10/10/13 1:12,Fatal,3,Dark-Not Lighted
5388631,Pedestrian,33.53768,-84.364992,8/12/15 5:50,Fatal,3,Dark-Not Lighted
5865259,Pedestrian,32.897628,-83.693314,8/6/16 1:13,Fatal,3,Dark-Not Lighted
5119492,Pedestrian,32.135218,-81.173348,1/5/15 5:00,Fatal,3,Dark-Not Lighted
6416803,Pedestrian,33.006881,-85.02923,10/1/17 21:06,Fatal,3,Dark-Not Lighted
4365156,Pedestrian,32.478813,-83.75362,2/22/13 21:51,Fatal,3,Dark-Not Lighted
4636887,Pedestrian,34.09606,-84.58314,11/8/13 18:35,Fatal,3,Dark-Not Lighted
6367038,Pedestrian,33.92656,-85.01974,8/22/17 20:40,Fatal,3,Dark-Not Lighted
6074226,Pedestrian,34.007506,-84.285693,11/1/16 5:50,Fatal,3,Dark-Not Lighted
5628599,Pedestrian,33.92225,-84.550055,1/26/16 7:02,Fatal,3,Dark-Not Lighted
5127930,Pedestrian,32.846728,-83.579037,1/13/15 19:40,Injury,2,Dark-Not Lighted
5107882,Pedestrian,33.906194,-84.246584,12/28/14 18:08,Injury,2,Dark-Not Lighted
4857699,Pedestrian,33.29017,-83.959655,5/23/14 21:10,Injury,2,Dark-Not Lighted
5983417,Pedestrian,32.086893,-81.113309,10/14/16 20:00,Injury,2,Dark-Not Lighted
5846865,Pedestrian,33.09101,-83.22812,7/22/16 22:40,Injury,2,Dark-Not Lighted
6501375,Pedestrian,33.730773,-84.906796,12/1/17 3:44,Injury,2,Dark-Not Lighted
6281231,Pedestrian,34.358497,-84.0437,6/17/17 23:22,Injury,2,Dark-Not Lighted
4677925,Pedestrian,33.782993,-84.63492,12/11/13 19:33,Injury,2,Dark-Not Lighted
5763229,Pedestrian,33.520925,-84.361882,9/9/15 21:02,Injury,2,Dark-Not Lighted
6076860,Pedestrian,33.902997,-84.810367,9/14/16 22:39,Injury,2,Dark-Not Lighted
5919120,Pedestrian,33.70352,-85.185964,9/13/16 20:24,Injury,2,Dark-Not Lighted
5164850,Pedestrian,33.571161,-84.309688,2/3/15 19:40,Injury,2,Dark-Not Lighted
6339885,Pedestrian,33.554775,-84.187441,8/4/17 0:00,Injury,2,Dark-Not Lighted
6524866,Pedestrian,33.633464,-84.292836,12/20/17 5:57,Injury,2,Dark-Not Lighted
4477360,Pedestrian,33.880405,-84.460945,6/9/13 22:53,Injury,2,Dark-Not Lighted
4461461,Pedestrian,34.236353,-84.174162,5/12/13 21:30,Injury,2,Dark-Not Lighted
4436282,Pedestrian,32.28308,-81.233197,5/5/13 2:58,Injury,2,Dark-Not Lighted
5718335,Pedestrian,33.824481,-83.878155,4/15/16 22:09,Injury,2,Dark-Not Lighted
5642977,Pedestrian,33.75742,-84.12289,2/19/16 21:18,Injury,2,Dark-Not Lighted
4604572,Pedestrian,33.689273,-84.942153,10/9/13 19:48,Injury,2,Dark-Not Lighted
6392860,Pedestrian,33.903593,-84.238677,9/14/17 23:20,Injury,2,Dark-Not Lighted
6067669,Pedestrian,33.890208,-84.112229,12/23/16 20:21,Injury,2,Dark-Not Lighted
4365512,Pedestrian,31.616728,-84.28195,1/12/13 1:00,Injury,2,Dark-Not Lighted
6367122,Pedestrian,31.340713,-83.046578,8/24/17 23:19,Injury,2,Dark-Not Lighted
5034806,Pedestrian,33.981255,-84.558424,10/28/14 21:57,Injury,2,Dark-Not Lighted
5094206,Pedestrian,34.210147,-84.394987,12/14/14 17:57,Injury,2,Dark-Not Lighted
5940751,Pedestrian,34.062737,-84.641552,9/28/16 21:30,Injury,2,Dark-Not Lighted
5472581,Pedestrian,33.74483,-84.13156,10/18/15 3:48,Injury,2,Dark-Not Lighted
4344306,Pedestrian,33.341117,-84.64354,2/1/13 19:15,Injury,2,Dark-Not Lighted
4628515,Pedestrian,33.982192,-83.985058,10/31/13 19:07,Injury,2,Dark-Not Lighted
5070831,Pedestrian,32.04223,-81.190361,11/7/14 18:08,Injury,2,Dark-Not Lighted
4337381,Pedestrian,33.83946,-84.626524,1/26/13 18:35,Injury,2,Dark-Not Lighted
4998234,Pedestrian,32.50535,-84.945764,9/27/14 20:23,Injury,2,Dark-Not Lighted
6418373,Pedestrian,33.54443,-84.349564,10/6/17 1:47,Injury,2,Dark-Not Lighted
5036822,Pedestrian,32.16286,-81.242096,10/24/14 6:42,Injury,2,Dark-Not Lighted
4678682,Pedestrian,33.53231,-84.36386,12/17/13 18:18,Injury,2,Dark-Not Lighted
6454349,Bicyclist,34.55985,-83.25792,10/31/17 6:28,Property Damaged Only,1,Dark-Not Lighted
5615511,Bicyclist,34.1519,-84.173743,12/25/15 19:48,Property Damaged Only,1,Dark-Not Lighted
5633848,Bicyclist,31.771413,-84.445639,2/10/16 20:21,Property Damaged Only,1,Dark-Not Lighted
5425952,Bicyclist,33.407999,-84.166411,9/15/15 20:18,Injury,2,Dark-Not Lighted
5120702,Bicyclist,34.241113,-83.85254,1/6/15 18:12,Injury,2,Dark-Not Lighted
4535224,Bicyclist,33.855663,-83.452446,8/7/13 20:47,Injury,2,Dark-Not Lighted
5645887,Bicyclist,33.976719,-84.479712,2/20/16 22:35,Injury,2,Dark-Not Lighted
5443657,Pedestrian,33.700873,-84.172014,9/26/15 20:12,Property Damaged Only,1,Dark-Not Lighted
4933234,Pedestrian,33.11402,-83.235335,7/2/14 22:09,Property Damaged Only,1,Dark-Not Lighted
5935099,Pedestrian,33.637768,-84.494023,9/26/16 23:07,Property Damaged Only,1,Dark-Not Lighted
6130386,Pedestrian,33.553141,-84.268939,2/26/17 6:30,Property Damaged Only,1,Dark-Not Lighted
4772980,Pedestrian,33.608067,-84.446532,3/26/14 21:45,Property Damaged Only,1,Dark-Not Lighted
6134670,Pedestrian,33.593768,-84.407765,3/1/17 20:00,Property Damaged Only,1,Dark-Not Lighted
5469131,Pedestrian,33.359963,-82.071914,10/15/15 6:28,Property Damaged Only,1,Dark-Not Lighted
6514388,Pedestrian,33.791411,-84.285728,12/14/17 18:15,Property Damaged Only,1,Dark-Not Lighted
4842180,Pedestrian,33.715647,-84.273699,5/9/14 22:24,Property Damaged Only,1,Dark-Not Lighted
4653903,Pedestrian,32.847632,-83.555827,11/11/13 18:15,Property Damaged Only,1,Dark-Not Lighted
5107796,Pedestrian,32.002992,-81.281401,12/28/14 18:56,Property Damaged Only,1,Dark-Not Lighted
4705372,Pedestrian,34.014434,-84.307907,1/10/14 21:55,Property Damaged Only,1,Dark-Not Lighted
6447222,Pedestrian,34.045758,-83.943847,10/20/17 6:55,Property Damaged Only,1,Dark-Not Lighted
4397204,Pedestrian,33.68125,-84.406111,3/23/13 23:23,Property Damaged Only,1,Dark-Not Lighted
5728799,Pedestrian,33.760975,-84.38673,4/10/16 22:31,Property Damaged Only,1,Dark-Not Lighted
6095031,Pedestrian,33.95618,-84.35887,1/20/17 18:01,Property Damaged Only,1,Dark-Not Lighted
5852555,Pedestrian,31.734247,-84.142958,10/18/15 5:13,Property Damaged Only,1,Dark-Not Lighted
4334140,Pedestrian,34.213279,-85.156367,1/21/13 20:28,Property Damaged Only,1,Dark-Not Lighted
6082453,Pedestrian,33.648754,-84.490354,1/13/17 23:37,Property Damaged Only,1,Dark-Not Lighted
5167942,Pedestrian,31.278345,-81.563962,2/5/15 18:35,Property Damaged Only,1,Dark-Not Lighted
5610634,Pedestrian,33.606312,-84.532844,1/18/16 23:05,Fatal,3,Dark-Not Lighted
6221202,Pedestrian,33.91547,-83.42351,5/5/17 3:52,Fatal,3,Dark-Not Lighted
5933360,Pedestrian,33.976803,-83.381418,9/24/16 1:41,Fatal,3,Dark-Not Lighted
6043962,Pedestrian,32.089804,-81.123955,12/17/16 18:05,Fatal,3,Dark-Not Lighted
5236189,Pedestrian,33.747155,-84.698887,3/22/15 0:00,Fatal,3,Dark-Not Lighted
6434608,Pedestrian,33.374474,-81.999546,10/19/17 23:04,Fatal,3,Dark-Not Lighted
4943773,Pedestrian,34.30767,-85.173184,8/17/14 6:18,Fatal,3,Dark-Not Lighted
6017096,Pedestrian,33.067432,-84.122052,11/25/16 2:08,Fatal,3,Dark-Not Lighted
5924656,Pedestrian,33.612685,-83.824366,9/16/16 20:52,Injury,2,Dark-Not Lighted
6478425,Pedestrian,33.595452,-84.263326,11/17/17 23:50,Injury,2,Dark-Not Lighted
5394735,Pedestrian,34.782808,-84.972658,7/31/15 13:33,Injury,2,Dark-Not Lighted
6286149,Pedestrian,34.46575,-85.26912,6/20/17 22:21,Injury,2,Dark-Not Lighted
4869758,Pedestrian,33.731451,-84.195047,6/5/14 22:29,Injury,2,Dark-Not Lighted
4406355,Pedestrian,32.453151,-84.988076,4/6/13 21:22,Injury,2,Dark-Not Lighted
4595762,Pedestrian,33.913056,-84.286263,2/17/13 3:43,Injury,2,Dark-Not Lighted
6121690,Pedestrian,33.412683,-83.85249,2/13/17 19:19,Injury,2,Dark-Not Lighted
5263272,Pedestrian,34.480462,-84.971631,4/7/15 20:35,Injury,2,Dark-Not Lighted
6268903,Pedestrian,33.28641,-84.16325,6/7/17 22:00,Injury,2,Dark-Not Lighted
5232553,Pedestrian,30.695682,-83.209904,3/24/15 6:23,Injury,2,Dark-Not Lighted
6121256,Pedestrian,33.482129,-83.239677,2/14/17 22:22,Injury,2,Dark-Not Lighted
5203775,Pedestrian,33.846754,-84.381803,3/1/15 0:29,Injury,2,Dark-Not Lighted
4986881,Pedestrian,32.46762,-84.91132,9/20/14 21:30,Injury,2,Dark-Not Lighted
4624776,Pedestrian,33.83228,-84.690602,10/27/13 19:25,Injury,2,Dark-Not Lighted
5733596,Pedestrian,34.256921,-83.850932,4/26/16 21:11,Injury,2,Dark-Not Lighted
5060905,Pedestrian,32.523376,-83.691093,11/21/14 18:30,Injury,2,Dark-Not Lighted
4479725,Pedestrian,33.46691,-83.82137,6/15/13 20:39,Injury,2,Dark-Not Lighted
5958224,Pedestrian,33.902278,-84.564327,10/13/16 23:07,Injury,2,Dark-Not Lighted
5821964,Pedestrian,31.822393,-84.462742,7/4/16 22:05,Injury,2,Dark-Not Lighted
4616805,Pedestrian,34.1829,-84.82901,10/21/13 20:05,Injury,2,Dark-Not Lighted
5439898,Pedestrian,34.377373,-83.888083,9/22/15 20:12,Injury,2,Dark-Not Lighted