incidentIdNbr,crashType,latitude,longitude,dateOfIncidentDate,severity,Mag,lightCondition
4523961,Pedestrian,33.593714,-84.408033,7/29/13 6:00,Injury,2,Dark-Not Lighted
5987426,Pedestrian,33.544503,-84.35843,11/4/16 21:19,Injury,2,Dark-Not Lighted
5876228,Pedestrian,33.662327,-84.337601,8/14/16 21:40,Injury,2,Dark-Not Lighted
6041570,Pedestrian,33.617693,-83.867474,12/9/16 22:25,Injury,2,Dark-Not Lighted
5966416,Pedestrian,34.272367,-83.83703,10/20/16 5:13,Injury,2,Dark-Not Lighted
4917971,Pedestrian,31.781593,-84.78822,7/24/14 21:14,Injury,2,Dark-Not Lighted
6054435,Pedestrian,34.199762,-84.795526,12/23/16 21:11,Injury,2,Dark-Not Lighted
4504842,Pedestrian,33.69032,-84.50973,7/12/13 22:40,Injury,2,Dark-Not Lighted
4578561,Pedestrian,33.38916,-82.356544,9/20/13 23:21,Injury,2,Dark-Not Lighted
5596549,Pedestrian & Bicyclist,33.996463,-83.738731,12/16/15 17:22,Property Damaged Only,1,Dark-Not Lighted
5045654,Bicyclist,33.831699,-84.089389,11/8/14 6:52,Property Damaged Only,1,Dark-Not Lighted
6300625,Bicyclist,33.603199,-84.425037,7/6/17 20:30,Property Damaged Only,1,Dark-Not Lighted
5756315,Bicyclist,32.435588,-82.705062,5/11/16 3:00,Property Damaged Only,1,Dark-Not Lighted
4626979,Bicyclist,33.448779,-82.117559,10/7/13 2:42,Property Damaged Only,1,Dark-Not Lighted
4740988,Bicyclist,33.956671,-83.329104,2/22/14 19:20,Fatal,3,Dark-Not Lighted
5603388,Bicyclist,33.793286,-83.621263,12/7/15 3:02,Injury,2,Dark-Not Lighted
5366089,Bicyclist,31.966131,-83.787964,7/19/15 1:19,Injury,2,Dark-Not Lighted
5242265,Bicyclist,34.245871,-83.883953,1/12/15 23:15,Injury,2,Dark-Not Lighted
6518238,Pedestrian,33.807601,-84.000906,12/11/17 18:00,Property Damaged Only,1,Dark-Not Lighted
6530945,Pedestrian,34.132145,-83.992483,11/21/17 23:35,Property Damaged Only,1,Dark-Not Lighted
5544703,Pedestrian,33.896485,-84.140307,12/8/15 19:03,Property Damaged Only,1,Dark-Not Lighted
6205426,Pedestrian,33.684206,-84.565844,4/22/17 1:59,Property Damaged Only,1,Dark-Not Lighted
5540998,Pedestrian,33.833838,-84.214054,12/7/15 18:23,Property Damaged Only,1,Dark-Not Lighted
5515535,Pedestrian,33.879856,-84.274224,11/18/15 23:20,Property Damaged Only,1,Dark-Not Lighted
5986062,Pedestrian,34.94643,-85.231168,10/31/16 20:50,Property Damaged Only,1,Dark-Not Lighted
4761801,Pedestrian,33.63232,-84.039187,3/14/14 3:35,Property Damaged Only,1,Dark-Not Lighted
5008799,Pedestrian,33.904095,-83.362401,10/6/14 19:55,Property Damaged Only,1,Dark-Not Lighted
5886283,Pedestrian,33.688516,-84.303989,8/21/16 21:30,Property Damaged Only,1,Dark-Not Lighted
6480754,Pedestrian,33.972316,-84.050612,11/8/17 21:30,Property Damaged Only,1,Dark-Not Lighted
6092543,Pedestrian,34.259461,-84.493706,1/24/17 20:42,Property Damaged Only,1,Dark-Not Lighted
6154227,Pedestrian,33.43165,-82.04346,3/16/17 7:15,Property Damaged Only,1,Dark-Not Lighted
4849622,Pedestrian,33.51553,-82.100366,5/6/14 6:07,Property Damaged Only,1,Dark-Not Lighted
6002435,Pedestrian,34.28146,-85.182004,11/16/16 18:16,Property Damaged Only,1,Dark-Not Lighted
4961529,Pedestrian,32.53427,-82.900211,10/30/13 21:42,Property Damaged Only,1,Dark-Not Lighted
5560082,Pedestrian,33.737934,-84.251991,12/19/15 21:37,Property Damaged Only,1,Dark-Not Lighted
4843550,Pedestrian,31.559753,-84.094558,5/12/14 5:26,Fatal,3,Dark-Not Lighted
6050410,Pedestrian,33.381321,-84.303722,12/21/16 18:25,Fatal,3,Dark-Not Lighted
6593227,Pedestrian,31.584618,-84.154061,12/6/17 20:36,Fatal,3,Dark-Not Lighted
6058938,Pedestrian,33.573417,-84.311552,12/29/16 1:55,Fatal,3,Dark-Not Lighted
6442457,Pedestrian,34.238637,-84.227106,10/5/17 19:44,Fatal,3,Dark-Not Lighted
5939472,Pedestrian,33.505618,-84.406715,9/30/16 5:12,Fatal,3,Dark-Not Lighted
5185366,Pedestrian,31.520115,-83.825304,2/14/15 22:45,Fatal,3,Dark-Not Lighted
5399504,Pedestrian,33.794478,-84.166859,8/22/15 1:54,Fatal,3,Dark-Not Lighted
4656718,Pedestrian,33.66803,-84.43217,11/22/13 19:15,Fatal,3,Dark-Not Lighted
4933934,Pedestrian,33.58409,-83.87762,8/8/14 21:18,Fatal,3,Dark-Not Lighted
4992176,Pedestrian,32.404922,-81.79895,9/21/14 23:00,Injury,2,Dark-Not Lighted
6194967,Pedestrian,33.78723,-84.15727,4/15/17 22:08,Injury,2,Dark-Not Lighted
4570233,Pedestrian,30.790086,-83.26658,9/6/13 6:50,Injury,2,Dark-Not Lighted
6251408,Pedestrian,33.795295,-84.66145,5/24/17 22:56,Injury,2,Dark-Not Lighted
5037870,Pedestrian,33.723422,-84.318504,11/2/14 20:37,Injury,2,Dark-Not Lighted
6517623,Pedestrian,33.569469,-84.541947,12/16/17 21:39,Injury,2,Dark-Not Lighted
5107132,Pedestrian,33.902044,-84.269493,12/26/14 20:13,Injury,2,Dark-Not Lighted
5966125,Pedestrian,34.221476,-84.513121,10/16/16 20:38,Injury,2,Dark-Not Lighted
5796289,Pedestrian,32.469709,-84.942923,6/15/16 21:10,Injury,2,Dark-Not Lighted
5752693,Pedestrian,33.443906,-82.096821,5/11/16 2:44,Injury,2,Dark-Not Lighted
5132611,Pedestrian,34.021906,-84.625296,1/15/15 22:53,Injury,2,Dark-Not Lighted
6464965,Pedestrian,33.617397,-84.398503,10/21/17 3:13,Injury,2,Dark-Not Lighted
5230973,Pedestrian,32.402487,-81.759536,3/21/15 1:17,Injury,2,Dark-Not Lighted
5357928,Pedestrian,34.29054,-85.252399,7/16/15 2:58,Injury,2,Dark-Not Lighted
4619945,Pedestrian,33.56252,-83.99715,10/19/13 0:24,Injury,2,Dark-Not Lighted
5431651,Pedestrian,33.933206,-84.554944,9/19/15 20:59,Injury,2,Dark-Not Lighted
6067247,Pedestrian,31.60623,-83.249,12/24/16 20:32,Injury,2,Dark-Not Lighted
6011682,Pedestrian,32.785336,-83.681786,11/23/16 19:44,Injury,2,Dark-Not Lighted
5137105,Pedestrian,33.38075,-82.0023,1/23/15 5:01,Injury,2,Dark-Not Lighted
6000559,Pedestrian,33.96154,-84.093746,11/11/16 18:14,Injury,2,Dark-Not Lighted
5240692,Pedestrian,33.286212,-83.965408,3/23/15 7:00,Injury,2,Dark-Not Lighted
6420625,Pedestrian,33.88571,-83.12587,10/3/17 20:39,Injury,2,Dark-Not Lighted
6349383,Pedestrian,33.783411,-84.200201,8/10/17 22:00,Injury,2,Dark-Not Lighted
6035944,Pedestrian,34.531751,-83.297826,12/10/16 6:48,Injury,2,Dark-Not Lighted
4669000,Pedestrian,33.355888,-84.738716,12/10/13 3:49,Injury,2,Dark-Not Lighted
5048087,Pedestrian,33.867171,-84.823621,11/7/14 18:15,Injury,2,Dark-Not Lighted
5115366,Pedestrian,33.926447,-84.337007,1/1/15 21:13,Injury,2,Dark-Not Lighted
6346655,Pedestrian,33.889322,-84.17466,8/8/17 22:05,Injury,2,Dark-Not Lighted
5109257,Pedestrian,33.907639,-83.98641,12/24/14 19:15,Injury,2,Dark-Not Lighted
5924267,Pedestrian,33.350532,-84.657269,8/6/16 21:34,Injury,2,Dark-Not Lighted
5489974,Pedestrian,33.218003,-83.866173,10/28/15 6:29,Injury,2,Dark-Not Lighted
5603180,Pedestrian,34.029107,-83.754952,12/14/15 18:10,Injury,2,Dark-Not Lighted
5763463,Pedestrian,33.508673,-84.356075,4/4/16 22:11,Injury,2,Dark-Not Lighted
5350907,Pedestrian,31.437141,-83.508076,7/7/15 11:00,Injury,2,Dark-Not Lighted
6049601,Pedestrian,34.360091,-84.924112,12/17/16 18:25,Injury,2,Dark-Not Lighted
5955157,Pedestrian,33.99152,-84.339043,10/13/16 2:40,Injury,2,Dark-Not Lighted
6485382,Pedestrian & Bicyclist,33.897649,-84.24281,11/24/17 23:28,Property Damaged Only,1,Dark-Not Lighted
4873930,Bicyclist,34.234986,-83.737787,5/24/14 21:03,Property Damaged Only,1,Dark-Not Lighted
4623937,Bicyclist,30.850811,-81.98982,10/25/13 18:24,Injury,2,Dark-Not Lighted
5636347,Bicyclist,31.989821,-81.077387,2/13/16 20:17,Injury,2,Dark-Not Lighted
5191863,Bicyclist,33.953105,-83.473778,2/20/15 18:50,Injury,2,Dark-Not Lighted
5142245,Bicyclist,33.76697,-84.306106,12/18/14 18:19,Injury,2,Dark-Not Lighted
5212440,Bicyclist,34.295569,-84.733058,3/11/15 6:38,Injury,2,Dark-Not Lighted
6090433,Bicyclist,31.095088,-81.725788,1/20/17 18:52,Injury,2,Dark-Not Lighted
6293168,Bicyclist,33.780934,-84.56428,6/29/17 21:54,Injury,2,Dark-Not Lighted
5292672,Bicyclist,33.509532,-82.44921,5/18/15 5:40,Injury,2,Dark-Not Lighted
5728536,Pedestrian,34.427119,-84.135275,4/3/16 22:40,Property Damaged Only,1,Dark-Not Lighted
5634775,Pedestrian,33.675107,-84.407609,2/4/16 21:18,Property Damaged Only,1,Dark-Not Lighted
6056073,Pedestrian,32.070793,-81.102681,12/27/16 18:03,Property Damaged Only,1,Dark-Not Lighted
4722638,Pedestrian,33.834244,-84.199907,2/3/14 22:45,Property Damaged Only,1,Dark-Not Lighted
5005936,Pedestrian,33.424367,-84.399704,10/2/14 21:00,Property Damaged Only,1,Dark-Not Lighted
5941712,Pedestrian,32.069313,-81.100275,10/3/16 2:35,Property Damaged Only,1,Dark-Not Lighted
5976130,Pedestrian,33.966281,-84.142301,10/26/16 20:12,Property Damaged Only,1,Dark-Not Lighted
5506168,Pedestrian,22477.7075,13983.8562,11/10/15 18:21,Property Damaged Only,1,Dark-Not Lighted
4857371,Pedestrian,32.054698,-81.115086,5/23/14 21:46,Property Damaged Only,1,Dark-Not Lighted
4636738,Pedestrian,33.708163,-84.192157,11/11/13 6:10,Property Damaged Only,1,Dark-Not Lighted
5319065,Pedestrian,33.509823,-84.41167,6/9/15 21:00,Property Damaged Only,1,Dark-Not Lighted
5590209,Pedestrian,33.616398,-83.880002,10/3/15 19:41,Property Damaged Only,1,Dark-Not Lighted
6505509,Pedestrian,33.865612,-84.471133,12/7/17 18:45,Property Damaged Only,1,Dark-Not Lighted
4436416,Pedestrian,33.540881,-84.401638,4/26/13 22:00,Property Damaged Only,1,Dark-Not Lighted
5457281,Pedestrian,33.480205,-82.130221,9/11/15 23:53,Property Damaged Only,1,Dark-Not Lighted
6377033,Pedestrian,32.083914,-81.279784,8/22/17 20:36,Fatal,3,Dark-Not Lighted
5382307,Pedestrian,33.569985,-84.371781,8/7/15 1:42,Fatal,3,Dark-Not Lighted
4331864,Pedestrian,33.752559,-84.231933,1/19/13 3:37,Fatal,3,Dark-Not Lighted
6394756,Pedestrian,31.194635,-81.468833,9/16/17 0:00,Fatal,3,Dark-Not Lighted
5847689,Pedestrian,30.827543,-82.03437,7/21/16 23:30,Fatal,3,Dark-Not Lighted
6141831,Pedestrian,227.1747,143.2976,3/4/17 20:14,Fatal,3,Dark-Not Lighted
5173898,Pedestrian,30.710542,-83.250694,2/4/15 4:05,Fatal,3,Dark-Not Lighted
6384052,Pedestrian,34.048257,-83.936729,8/31/17 21:17,Fatal,3,Dark-Not Lighted
4734171,Pedestrian,33.915139,-84.480676,2/12/14 22:36,Fatal,3,Dark-Not Lighted
6273020,Pedestrian,33.706849,-84.031423,6/13/17 21:11,Injury,2,Dark-Not Lighted
6411093,Pedestrian,32.630198,-83.67427,9/29/17 6:31,Injury,2,Dark-Not Lighted
5194253,Pedestrian,33.709811,-84.271664,2/23/15 20:08,Injury,2,Dark-Not Lighted
4572874,Pedestrian,34.022922,-84.615278,9/17/13 6:54,Injury,2,Dark-Not Lighted
4992004,Pedestrian,33.837834,-84.334724,9/21/14 3:05,Injury,2,Dark-Not Lighted
4705906,Pedestrian,33.553822,-84.263917,1/16/14 19:30,Injury,2,Dark-Not Lighted
6156709,Pedestrian,33.945373,-84.517643,3/17/17 21:54,Injury,2,Dark-Not Lighted
6052897,Pedestrian,33.256708,-81.971581,12/23/16 20:10,Injury,2,Dark-Not Lighted
4996806,Pedestrian,34.199315,-84.794113,9/22/14 1:04,Injury,2,Dark-Not Lighted
4339269,Pedestrian,32.03782,-81.06601,1/29/13 19:01,Injury,2,Dark-Not Lighted
5918973,Pedestrian,32.977716,-82.803714,9/14/16 20:05,Injury,2,Dark-Not Lighted
6052641,Pedestrian,33.83766,-84.311973,12/23/16 19:56,Injury,2,Dark-Not Lighted
6209624,Pedestrian,34.084937,-84.699757,4/25/17 1:34,Injury,2,Dark-Not Lighted
5175622,Pedestrian,33.701726,-84.116314,2/12/15 19:22,Injury,2,Dark-Not Lighted
4778267,Pedestrian,31.59899,-81.86037,3/29/14 22:20,Injury,2,Dark-Not Lighted
5221014,Pedestrian,33.613985,-84.454116,2/13/15 18:45,Injury,2,Dark-Not Lighted
5061043,Pedestrian,33.961632,-83.375504,11/23/14 2:01,Injury,2,Dark-Not Lighted
5335862,Pedestrian,32.853137,-83.600836,6/24/15 21:33,Injury,2,Dark-Not Lighted
4424969,Pedestrian,33.04434,-84.14196,4/20/13 20:50,Injury,2,Dark-Not Lighted
6055050,Pedestrian,33.926212,-83.334885,12/23/16 20:59,Injury,2,Dark-Not Lighted
6320813,Pedestrian,34.28299,-84.85015,7/23/17 5:39,Injury,2,Dark-Not Lighted
4652871,Pedestrian,33.739143,-84.585174,11/20/13 21:25,Injury,2,Dark-Not Lighted
6176578,Pedestrian,33.38726,-84.73746,3/28/17 21:25,Injury,2,Dark-Not Lighted
5446753,Pedestrian,33.5624,-84.517402,9/28/15 23:47,Injury,2,Dark-Not Lighted
5504467,Pedestrian,32.549598,-82.972458,11/7/15 21:26,Injury,2,Dark-Not Lighted
6351578,Pedestrian,34.23703,-84.438856,8/13/17 0:08,Injury,2,Dark-Not Lighted
6047489,Pedestrian,34.492363,-85.336535,12/19/16 18:17,Injury,2,Dark-Not Lighted
5171990,Pedestrian,33.671655,-84.180462,2/9/15 21:39,Injury,2,Dark-Not Lighted
6489685,Pedestrian,34.96125,-83.76262,11/25/17 18:50,Injury,2,Dark-Not Lighted
5128032,Pedestrian,33.985876,-83.39686,1/13/15 19:34,Injury,2,Dark-Not Lighted
6131036,Pedestrian,33.823304,-84.156692,2/27/17 3:35,Injury,2,Dark-Not Lighted
5546205,Pedestrian,33.950871,-84.517512,12/7/15 18:15,Injury,2,Dark-Not Lighted
5216817,Pedestrian,33.881218,-84.219269,3/15/15 1:10,Injury,2,Dark-Not Lighted
5736718,Pedestrian,33.802496,-83.915225,4/26/16 21:18,Injury,2,Dark-Not Lighted
5232740,Pedestrian,33.891546,-84.836182,3/25/15 20:34,Injury,2,Dark-Not Lighted
6494799,Pedestrian,32.841712,-83.64944,11/30/17 23:42,Injury,2,Dark-Not Lighted
5116841,Pedestrian,33.673789,-84.262317,1/4/15 1:05,Injury,2,Dark-Not Lighted
5948678,Pedestrian,33.566216,-84.395577,10/5/16 20:17,Injury,2,Dark-Not Lighted
4964894,Pedestrian,33.70534,-84.03509,8/31/14 20:44,Injury,2,Dark-Not Lighted
5558410,Pedestrian,33.59951,-84.334941,12/18/15 6:28,Injury,2,Dark-Not Lighted
5669311,Pedestrian & Bicyclist,33.919625,-84.088706,3/9/16 21:08,Property Damaged Only,1,Dark-Not Lighted
4339016,Bicyclist,33.580022,-84.28208,1/29/13 7:10,Property Damaged Only,1,Dark-Not Lighted
4463596,Bicyclist,32.129215,-81.290034,5/30/13 4:56,Property Damaged Only,1,Dark-Not Lighted
5382072,Bicyclist,32.027792,-81.111194,8/6/15 22:08,Property Damaged Only,1,Dark-Not Lighted
5578599,Bicyclist,32.144158,-81.335215,12/29/15 19:27,Injury,2,Dark-Not Lighted
6472802,Bicyclist,33.813218,-84.093708,11/8/17 8:36,Injury,2,Dark-Not Lighted
5858546,Bicyclist,33.810013,-84.042817,7/27/16 21:05,Injury,2,Dark-Not Lighted
6121478,Bicyclist,33.576789,-83.477209,2/17/17 6:48,Injury,2,Dark-Not Lighted
5825986,Bicyclist,32.464454,-84.922002,7/10/16 8:10,Injury,2,Dark-Not Lighted
5980635,Bicyclist,33.969341,-84.489073,10/25/16 22:19,Injury,2,Dark-Not Lighted
5904965,Pedestrian,33.554736,-84.299282,9/4/16 4:24,Property Damaged Only,1,Dark-Not Lighted
5562624,Pedestrian,33.889784,-84.143829,12/20/15 0:39,Property Damaged Only,1,Dark-Not Lighted
4322602,Pedestrian,31.641247,-84.095668,1/12/13 21:34,Property Damaged Only,1,Dark-Not Lighted
5078519,Pedestrian,30.835178,-83.9478,12/6/14 18:06,Property Damaged Only,1,Dark-Not Lighted
4622109,Pedestrian,33.398001,-84.738898,9/25/13 20:05,Property Damaged Only,1,Dark-Not Lighted
5921264,Pedestrian,33.423212,-82.031835,9/15/16 21:32,Property Damaged Only,1,Dark-Not Lighted
6482970,Pedestrian,33.644612,-84.325926,11/21/17 23:40,Property Damaged Only,1,Dark-Not Lighted
5066642,Pedestrian,33.959028,-84.212212,11/27/14 21:00,Property Damaged Only,1,Dark-Not Lighted
5950368,Pedestrian,32.499503,-84.963285,10/9/16 21:25,Property Damaged Only,1,Dark-Not Lighted
6042366,Pedestrian,33.517687,-84.363674,12/12/16 1:15,Property Damaged Only,1,Dark-Not Lighted
5020755,Pedestrian,33.60153,-84.429617,10/17/14 19:50,Property Damaged Only,1,Dark-Not Lighted
4315683,Pedestrian,32.047504,-81.062325,1/3/13 18:56,Property Damaged Only,1,Dark-Not Lighted
5837657,Pedestrian,33.433748,-82.012915,7/15/16 22:28,Property Damaged Only,1,Dark-Not Lighted
6304708,Pedestrian,33.518105,-84.386351,7/11/17 0:00,Property Damaged Only,1,Dark-Not Lighted
6102722,Pedestrian,32.05974,-84.205405,10/9/16 21:45,Property Damaged Only,1,Dark-Not Lighted
5916162,Pedestrian,32.059716,-84.205174,11/26/15 22:59,Property Damaged Only,1,Dark-Not Lighted
5565958,Pedestrian,33.701253,-84.146874,12/24/15 17:33,Property Damaged Only,1,Dark-Not Lighted
4535135,Pedestrian,33.82228,-84.17977,8/9/13 2:00,Property Damaged Only,1,Dark-Not Lighted
4487328,Pedestrian,32.385894,-81.57707,6/22/13 20:50,Property Damaged Only,1,Dark-Not Lighted
6494344,Pedestrian,33.750088,-84.264098,11/30/17 19:00,Property Damaged Only,1,Dark-Not Lighted
4670046,Pedestrian,33.79151,-84.555636,12/9/13 20:31,Property Damaged Only,1,Dark-Not Lighted
5948358,Pedestrian,33.732692,-84.93875,10/5/16 22:30,Fatal,3,Dark-Not Lighted
6372373,Pedestrian,31.713142,-83.18774,8/28/17 6:00,Fatal,3,Dark-Not Lighted
4893274,Pedestrian,34.275985,-83.82245,6/28/14 22:31,Fatal,3,Dark-Not Lighted
4884780,Pedestrian,32.977714,-84.31739,6/22/14 4:30,Fatal,3,Dark-Not Lighted
5987078,Pedestrian,33.810843,-84.193763,11/5/16 6:14,Fatal,3,Dark-Not Lighted
5360545,Pedestrian,31.434227,-83.504648,7/13/15 22:45,Fatal,3,Dark-Not Lighted
5399741,Pedestrian,30.879782,-83.151761,8/18/15 5:40,Fatal,3,Dark-Not Lighted
5153827,Pedestrian,31.886604,-81.917238,1/31/15 20:49,Fatal,3,Dark-Not Lighted
4713681,Pedestrian,32.23698,-81.45173,1/24/14 18:55,Fatal,3,Dark-Not Lighted
4681130,Pedestrian,33.966854,-84.014833,12/19/13 5:29,Fatal,3,Dark-Not Lighted
6402504,Pedestrian,33.79701,-84.65125,9/18/17 23:33,Fatal,3,Dark-Not Lighted
4899943,Pedestrian,30.699832,-84.51746,7/2/14 0:03,Injury,2,Dark-Not Lighted
6009808,Pedestrian,34.273129,-84.81259,11/18/16 18:38,Injury,2,Dark-Not Lighted
5750557,Pedestrian,34.467395,-84.947528,5/10/16 6:18,Injury,2,Dark-Not Lighted
4323275,Pedestrian,31.391941,-82.844863,1/13/13 19:25,Injury,2,Dark-Not Lighted
5499964,Pedestrian,33.076637,-83.227558,11/5/15 19:29,Injury,2,Dark-Not Lighted
5058376,Pedestrian,33.763432,-84.20611,11/20/14 23:20,Injury,2,Dark-Not Lighted
4933066,Pedestrian,33.911001,-84.379816,8/10/14 21:00,Injury,2,Dark-Not Lighted
5624724,Pedestrian,33.737005,-84.596554,2/3/16 23:30,Injury,2,Dark-Not Lighted
5584038,Pedestrian,31.998497,-81.273517,1/6/16 18:27,Injury,2,Dark-Not Lighted
4519358,Pedestrian,32.01074,-80.84108,7/24/13 22:23,Injury,2,Dark-Not Lighted
4588086,Pedestrian,33.509315,-83.92314,9/26/13 21:46,Injury,2,Dark-Not Lighted
6253831,Pedestrian,33.366617,-84.806302,5/25/17 21:50,Injury,2,Dark-Not Lighted
6075067,Pedestrian,34.596522,-84.930212,1/11/17 19:08,Injury,2,Dark-Not Lighted
5406949,Pedestrian,34.477055,-84.462173,8/28/15 21:19,Injury,2,Dark-Not Lighted
5077094,Pedestrian,34.04408,-84.482345,12/6/14 0:26,Injury,2,Dark-Not Lighted
4585064,Pedestrian,33.70765,-84.783485,9/23/13 20:07,Injury,2,Dark-Not Lighted
4709139,Pedestrian,33.737042,-84.414103,1/13/14 18:10,Injury,2,Dark-Not Lighted
4337459,Pedestrian,33.039142,-85.01643,1/26/13 20:05,Injury,2,Dark-Not Lighted
6421023,Pedestrian,33.522071,-82.141716,10/6/17 22:30,Injury,2,Dark-Not Lighted
4568377,Pedestrian,33.295257,-84.29168,9/7/13 21:27,Injury,2,Dark-Not Lighted
4564399,Pedestrian,33.19197,-84.48273,9/8/13 1:59,Injury,2,Dark-Not Lighted
6505989,Pedestrian,33.099891,-83.228903,12/8/17 0:00,Injury,2,Dark-Not Lighted
4441003,Pedestrian,33.540362,-84.197664,5/9/13 23:01,Injury,2,Dark-Not Lighted
5316922,Bicyclist,33.704814,-84.71623,6/5/15 3:05,Injury,2,Dark-Not Lighted
6407484,Bicyclist,33.440707,-84.181816,9/17/17 23:05,Injury,2,Dark-Not Lighted
5377289,Bicyclist,32.09028,-81.164692,8/3/15 4:53,Injury,2,Dark-Not Lighted
4366872,Bicyclist,33.78177,-84.37278,2/24/13 19:12,Injury,2,Dark-Not Lighted
6153784,Pedestrian,33.436924,-84.455776,3/7/17 20:15,Property Damaged Only,1,Dark-Not Lighted
4700416,Pedestrian,33.655869,-84.276399,1/11/14 18:43,Property Damaged Only,1,Dark-Not Lighted
6456753,Pedestrian,33.900447,-84.475258,10/27/17 23:16,Property Damaged Only,1,Dark-Not Lighted
5185555,Pedestrian,33.749487,-84.197221,2/19/15 20:21,Property Damaged Only,1,Dark-Not Lighted
5136305,Pedestrian,31.442738,-83.5319,1/20/15 19:41,Property Damaged Only,1,Dark-Not Lighted
5253144,Pedestrian,33.826949,-84.11673,4/13/15 22:10,Property Damaged Only,1,Dark-Not Lighted
4878247,Pedestrian,33.875247,-84.643238,6/12/14 22:02,Property Damaged Only,1,Dark-Not Lighted
6046525,Pedestrian,33.704139,-84.480898,12/11/16 1:55,Property Damaged Only,1,Dark-Not Lighted
4621363,Pedestrian,34.28541,-85.121001,10/25/13 5:00,Property Damaged Only,1,Dark-Not Lighted
5204629,Pedestrian,33.638566,-84.184761,3/4/15 2:56,Property Damaged Only,1,Dark-Not Lighted
5030513,Pedestrian,33.62276,-85.179318,10/27/14 0:30,Property Damaged Only,1,Dark-Not Lighted
5901907,Pedestrian,30.865568,-83.270921,9/1/16 6:25,Property Damaged Only,1,Dark-Not Lighted
5476224,Pedestrian,33.906865,-84.154088,10/15/15 20:56,Property Damaged Only,1,Dark-Not Lighted
5000901,Pedestrian,33.511219,-82.502628,9/28/14 20:08,Fatal,3,Dark-Not Lighted
4637817,Pedestrian,33.18627,-84.27486,11/9/13 4:35,Fatal,3,Dark-Not Lighted
6019203,Pedestrian,33.647091,-84.260181,11/30/16 2:10,Fatal,3,Dark-Not Lighted
6139691,Pedestrian,32.40351,-81.813382,3/1/17 19:48,Fatal,3,Dark-Not Lighted
4423668,Pedestrian,34.179506,-84.785546,3/28/13 21:24,Fatal,3,Dark-Not Lighted
6098232,Pedestrian,33.865354,-84.309439,1/23/17 20:17,Fatal,3,Dark-Not Lighted
4352761,Pedestrian,32.418682,-81.77189,2/8/13 1:57,Fatal,3,Dark-Not Lighted
6141551,Pedestrian,33.943195,-84.250299,2/24/17 19:36,Fatal,3,Dark-Not Lighted
5753770,Pedestrian,30.85447,-83.21664,5/12/16 6:20,Fatal,3,Dark-Not Lighted
4607995,Pedestrian,33.900237,-84.492476,9/14/13 22:34,Fatal,3,Dark-Not Lighted
4333641,Pedestrian,33.919598,-84.088599,1/16/13 7:24,Fatal,3,Dark-Not Lighted
5509745,Pedestrian,30.682249,-83.225216,11/10/15 21:35,Fatal,3,Dark-Not Lighted
5667424,Pedestrian,33.700834,-84.267757,3/6/16 20:13,Injury,2,Dark-Not Lighted
4661037,Pedestrian,34.392498,-85.023574,11/30/13 22:45,Injury,2,Dark-Not Lighted
5063435,Pedestrian,32.018015,-80.976803,11/24/14 18:40,Injury,2,Dark-Not Lighted
6060477,Pedestrian,34.844658,-85.248995,12/27/16 19:24,Injury,2,Dark-Not Lighted
5532914,Pedestrian,33.761113,-84.107937,12/1/15 19:33,Injury,2,Dark-Not Lighted
4960906,Pedestrian,34.828464,-85.571365,9/2/14 6:22,Injury,2,Dark-Not Lighted
5003788,Pedestrian,31.431513,-83.514022,9/30/14 11:25,Injury,2,Dark-Not Lighted
6438773,Pedestrian,33.586148,-84.515972,10/20/17 20:31,Injury,2,Dark-Not Lighted
5025585,Pedestrian,34.384744,-83.248509,10/19/14 19:39,Injury,2,Dark-Not Lighted
6394957,Pedestrian,33.502504,-84.350302,9/17/17 6:36,Injury,2,Dark-Not Lighted
5012856,Pedestrian,33.918221,-84.091009,10/2/14 21:00,Injury,2,Dark-Not Lighted
6532276,Pedestrian,32.008799,-81.069848,12/28/17 21:48,Injury,2,Dark-Not Lighted
6192086,Pedestrian,34.20353,-84.82444,4/10/17 20:19,Injury,2,Dark-Not Lighted
6356725,Pedestrian,33.9356,-84.556526,8/4/17 22:24,Injury,2,Dark-Not Lighted
5977232,Pedestrian,32.094077,-81.263637,10/22/16 19:27,Injury,2,Dark-Not Lighted
5501498,Pedestrian,33.82649,-84.252618,11/7/15 5:53,Injury,2,Dark-Not Lighted
4669967,Pedestrian,34.167529,-84.41336,12/10/13 19:32,Injury,2,Dark-Not Lighted
5426089,Pedestrian,33.550093,-84.370061,9/15/15 23:07,Injury,2,Dark-Not Lighted
5456775,Pedestrian,34.059241,-83.782305,8/14/15 0:48,Injury,2,Dark-Not Lighted
5906568,Pedestrian,31.450768,-83.506709,9/4/16 20:52,Injury,2,Dark-Not Lighted
6284759,Pedestrian,32.048374,-81.074627,6/22/17 21:03,Injury,2,Dark-Not Lighted
5437518,Pedestrian,33.979101,-84.558448,8/14/15 3:48,Injury,2,Dark-Not Lighted
6113549,Pedestrian,34.026921,-84.045025,2/2/17 18:42,Injury,2,Dark-Not Lighted
5884467,Pedestrian,33.805947,-84.193598,8/19/16 2:10,Injury,2,Dark-Not Lighted
6124960,Pedestrian,33.428175,-84.402259,1/6/17 20:32,Injury,2,Dark-Not Lighted
5814519,Pedestrian,33.803427,-83.993079,6/25/16 2:20,Injury,2,Dark-Not Lighted
4612161,Pedestrian,34.268227,-85.229801,10/19/13 21:15,Injury,2,Dark-Not Lighted
5502236,Pedestrian,34.273894,-83.493835,11/7/15 18:07,Injury,2,Dark-Not Lighted
5612112,Pedestrian,30.831125,-83.274189,1/26/16 19:45,Injury,2,Dark-Not Lighted
5036343,Pedestrian,33.553712,-84.265987,10/31/14 19:14,Injury,2,Dark-Not Lighted
5671791,Pedestrian,34.2177,-83.039299,3/11/16 19:01,Injury,2,Dark-Not Lighted
5732461,Pedestrian,33.758714,-84.168237,4/25/16 10:30,Injury,2,Dark-Not Lighted
6301925,Pedestrian,33.999992,-84.562215,7/4/17 2:48,Injury,2,Dark-Not Lighted