incidentIdNbr,crashType,latitude,longitude,dateOfIncidentDate,severity,Mag,lightCondition
4530235,Pedestrian,33.425931,-84.143907,8/5/13 5:35,Injury,2,Dark-Not Lighted
6291613,Pedestrian,33.698403,-84.180679,6/28/17 23:08,Injury,2,Dark-Not Lighted
5466038,Pedestrian,33.522956,-84.392434,10/12/15 21:10,Injury,2,Dark-Not Lighted
6007135,Pedestrian & Bicyclist,34.07366,-83.386359,11/16/16 5:57,Injury,2,Dark-Not Lighted
6023721,Pedestrian & Bicyclist,34.164418,-83.828784,12/1/16 18:17,Injury,2,Dark-Not Lighted
5255297,Bicyclist,33.652645,-84.488331,4/16/15 21:28,Property Damaged Only,1,Dark-Not Lighted
4952242,Bicyclist,33.538968,-84.354755,8/27/14 1:12,Property Damaged Only,1,Dark-Not Lighted
5544831,Bicyclist,33.949142,-84.090788,12/6/15 20:31,Property Damaged Only,1,Dark-Not Lighted
5484411,Bicyclist,33.854529,-84.715194,10/23/15 21:43,Injury,2,Dark-Not Lighted
6511714,Bicyclist,31.21403,-82.329921,12/12/17 19:51,Injury,2,Dark-Not Lighted
5025760,Bicyclist,30.780272,-81.686624,10/13/14 19:54,Injury,2,Dark-Not Lighted
5734717,Bicyclist,33.352503,-84.150464,4/28/16 6:31,Injury,2,Dark-Not Lighted
6493020,Bicyclist,33.464173,-82.086165,10/12/17 20:46,Injury,2,Dark-Not Lighted
5224665,Bicyclist,33.883283,-84.587605,3/19/15 21:07,Injury,2,Dark-Not Lighted
6126347,Bicyclist,32.934912,-84.34763,2/20/17 19:15,Injury,2,Dark-Not Lighted
5600961,Pedestrian,34.211373,-85.159996,1/15/16 22:02,Property Damaged Only,1,Dark-Not Lighted
5295996,Pedestrian,34.29303,-85.24345,5/19/15 0:00,Property Damaged Only,1,Dark-Not Lighted
5607793,Pedestrian,31.25739,-81.557099,1/15/16 19:57,Property Damaged Only,1,Dark-Not Lighted
4582162,Pedestrian,33.463376,-84.364079,9/25/13 21:20,Property Damaged Only,1,Dark-Not Lighted
5867206,Pedestrian,31.643088,-84.19133,8/4/16 12:00,Property Damaged Only,1,Dark-Not Lighted
4677306,Pedestrian,33.786841,-84.195503,12/16/13 18:13,Property Damaged Only,1,Dark-Not Lighted
4335228,Pedestrian,33.761781,-84.341877,1/15/13 18:00,Property Damaged Only,1,Dark-Not Lighted
6460074,Pedestrian,34.075526,-84.430043,11/2/17 19:33,Property Damaged Only,1,Dark-Not Lighted
5583995,Pedestrian,33.836836,-84.696593,1/1/16 20:46,Property Damaged Only,1,Dark-Not Lighted
4731274,Pedestrian,34.957097,-85.229161,1/4/14 19:34,Property Damaged Only,1,Dark-Not Lighted
4633128,Pedestrian,34.115727,-83.966711,11/5/13 22:39,Property Damaged Only,1,Dark-Not Lighted
5256845,Pedestrian,33.9129,-84.555828,4/18/15 1:00,Property Damaged Only,1,Dark-Not Lighted
5518387,Pedestrian,33.691969,-84.219176,11/21/15 0:47,Property Damaged Only,1,Dark-Not Lighted
4776243,Pedestrian,33.91298,-84.286422,3/27/14 22:20,Property Damaged Only,1,Dark-Not Lighted
5640172,Pedestrian,33.851125,-84.379263,2/17/16 6:50,Property Damaged Only,1,Dark-Not Lighted
6374528,Pedestrian,33.925948,-84.174479,8/29/17 20:30,Property Damaged Only,1,Dark-Not Lighted
5131261,Pedestrian,33.393121,-82.081422,1/16/15 13:03,Property Damaged Only,1,Dark-Not Lighted
5492220,Pedestrian,33.954455,-83.36995,11/1/15 1:35,Property Damaged Only,1,Dark-Not Lighted
5574636,Pedestrian,32.869783,-83.742733,12/22/15 3:32,Fatal,3,Dark-Not Lighted
6114891,Pedestrian,33.45721,-82.043219,2/11/17 18:53,Fatal,3,Dark-Not Lighted
6358678,Pedestrian,33.621442,-83.686937,8/18/17 0:00,Fatal,3,Dark-Not Lighted
5402879,Pedestrian,31.379923,-84.150178,8/23/15 0:36,Fatal,3,Dark-Not Lighted
6442857,Pedestrian,33.86783,-83.4145,10/21/17 19:32,Fatal,3,Dark-Not Lighted
4645936,Pedestrian,33.894739,-84.253841,11/18/13 6:00,Fatal,3,Dark-Not Lighted
5792492,Pedestrian,33.42907,-83.274652,4/30/16 21:14,Fatal,3,Dark-Not Lighted
6401771,Pedestrian,33.22227,-82.37119,9/20/17 0:24,Fatal,3,Dark-Not Lighted
5536816,Pedestrian,30.367956,-82.137737,11/24/15 5:09,Fatal,3,Dark-Not Lighted
4705435,Pedestrian,34.201873,-84.79503,1/14/14 22:32,Fatal,3,Dark-Not Lighted
5332161,Pedestrian,34.267922,-84.807613,6/14/15 0:12,Fatal,3,Dark-Not Lighted
5650603,Pedestrian,33.865751,-84.763141,2/22/16 18:50,Fatal,3,Dark-Not Lighted
5444012,Pedestrian,33.44535,-84.58912,9/27/15 1:01,Fatal,3,Dark-Not Lighted
5164701,Pedestrian,34.876076,-84.32204,2/2/15 7:21,Injury,2,Dark-Not Lighted
6436956,Pedestrian,33.549761,-84.275055,10/21/17 0:08,Injury,2,Dark-Not Lighted
4775582,Pedestrian,33.572785,-84.371949,3/29/14 2:06,Injury,2,Dark-Not Lighted
5984708,Pedestrian,33.756237,-84.349219,11/1/16 7:20,Injury,2,Dark-Not Lighted
5416514,Pedestrian,33.694896,-84.179169,9/7/15 1:00,Injury,2,Dark-Not Lighted
4712303,Pedestrian,33.941329,-84.527373,1/21/14 7:07,Injury,2,Dark-Not Lighted
4573176,Pedestrian,33.601396,-84.446235,9/17/13 20:27,Injury,2,Dark-Not Lighted
6168154,Pedestrian,34.049767,-84.180839,1/24/17 21:49,Injury,2,Dark-Not Lighted
5997585,Pedestrian,32.82449,-83.63456,11/9/16 18:19,Injury,2,Dark-Not Lighted
5687125,Pedestrian,31.466732,-83.651097,3/18/16 20:45,Injury,2,Dark-Not Lighted
5520049,Pedestrian,33.808716,-84.366551,11/20/15 19:35,Injury,2,Dark-Not Lighted
6477438,Pedestrian,33.945176,-83.98831,11/17/17 6:02,Injury,2,Dark-Not Lighted
5153786,Pedestrian,33.708343,-84.748648,1/18/15 18:29,Injury,2,Dark-Not Lighted
5681235,Pedestrian,33.757446,-84.239125,3/18/16 21:55,Injury,2,Dark-Not Lighted
5791059,Pedestrian,31.79105,-84.446302,6/12/16 4:10,Injury,2,Dark-Not Lighted
5518012,Pedestrian,34.109383,-84.675076,11/17/15 18:51,Injury,2,Dark-Not Lighted
5178535,Pedestrian,34.193678,-83.735945,2/13/15 6:25,Injury,2,Dark-Not Lighted
4433751,Pedestrian,32.104473,-82.96782,5/4/13 21:42,Injury,2,Dark-Not Lighted
6220095,Pedestrian,33.803829,-84.568403,5/4/17 6:39,Injury,2,Dark-Not Lighted
4444053,Pedestrian,33.765144,-84.521605,5/11/13 5:30,Injury,2,Dark-Not Lighted
6494571,Pedestrian,34.12214,-84.56573,11/29/17 17:57,Injury,2,Dark-Not Lighted
4986347,Pedestrian,33.708381,-84.229776,9/19/14 20:25,Injury,2,Dark-Not Lighted
4662497,Pedestrian,33.79709,-84.36898,12/1/13 18:47,Injury,2,Dark-Not Lighted
6078221,Pedestrian,32.3299,-84.087988,1/9/17 18:31,Injury,2,Dark-Not Lighted
5657563,Pedestrian,30.89991,-84.550816,2/26/16 19:37,Injury,2,Dark-Not Lighted
4439166,Pedestrian,33.792159,-84.194607,5/10/13 0:09,Injury,2,Dark-Not Lighted
4503934,Pedestrian,33.948948,-83.412992,7/12/13 22:45,Injury,2,Dark-Not Lighted
4563792,Pedestrian,33.712535,-84.66379,8/28/13 20:34,Injury,2,Dark-Not Lighted
6484061,Pedestrian,33.59349,-84.30195,11/23/17 0:40,Injury,2,Dark-Not Lighted
5755309,Pedestrian,33.428493,-81.957483,5/12/16 0:01,Injury,2,Dark-Not Lighted
5452232,Pedestrian,34.151476,-84.588153,10/2/15 6:56,Injury,2,Dark-Not Lighted
5270945,Bicyclist,34.809706,-84.950482,2/26/15 4:32,Property Damaged Only,1,Dark-Not Lighted
6130066,Bicyclist,33.445212,-82.026359,2/24/17 22:39,Property Damaged Only,1,Dark-Not Lighted
5943829,Bicyclist,32.050848,-81.154275,10/4/16 5:56,Property Damaged Only,1,Dark-Not Lighted
6295342,Bicyclist,32.459814,-84.952132,7/1/17 21:40,Property Damaged Only,1,Dark-Not Lighted
6418453,Bicyclist,33.911717,-84.063952,10/5/17 6:29,Injury,2,Dark-Not Lighted
4511258,Bicyclist,33.64246,-84.03458,5/25/13 0:15,Injury,2,Dark-Not Lighted
4961176,Bicyclist,31.720659,-83.243963,8/31/13 20:37,Injury,2,Dark-Not Lighted
4616254,Bicyclist,33.401052,-83.273733,9/21/13 20:21,Injury,2,Dark-Not Lighted
5442786,Bicyclist,33.543475,-84.218383,9/25/15 20:50,Injury,2,Dark-Not Lighted
4731770,Bicyclist,32.496198,-83.607746,12/13/13 17:55,Injury,2,Dark-Not Lighted
6313624,Bicyclist,34.53282,-83.53314,7/15/17 23:00,Injury,2,Dark-Not Lighted
6215270,Pedestrian,34.119367,-83.73798,5/1/17 22:24,Property Damaged Only,1,Dark-Not Lighted
5868736,Pedestrian,32.096067,-81.212311,8/6/16 22:10,Property Damaged Only,1,Dark-Not Lighted
6144329,Pedestrian,32.832392,-83.640406,3/4/17 21:38,Property Damaged Only,1,Dark-Not Lighted
5586014,Pedestrian,33.603619,-83.972531,7/18/14 21:56,Property Damaged Only,1,Dark-Not Lighted
4460459,Pedestrian,32.59346,-82.32064,5/8/13 0:55,Property Damaged Only,1,Dark-Not Lighted
6104741,Pedestrian,33.7341,-84.349317,1/26/17 16:54,Property Damaged Only,1,Dark-Not Lighted
5606035,Pedestrian,32.865059,-83.586254,1/20/16 19:26,Property Damaged Only,1,Dark-Not Lighted
4371803,Pedestrian,33.755154,-84.545508,3/4/13 3:40,Property Damaged Only,1,Dark-Not Lighted
5759770,Pedestrian,33.934718,-84.216156,5/17/16 21:16,Property Damaged Only,1,Dark-Not Lighted
6129373,Pedestrian,34.003256,-84.578958,2/21/17 21:10,Property Damaged Only,1,Dark-Not Lighted
4510746,Pedestrian,32.420521,-81.792054,6/3/13 23:31,Property Damaged Only,1,Dark-Not Lighted
6288903,Pedestrian,33.566999,-84.448706,6/26/17 23:25,Property Damaged Only,1,Dark-Not Lighted
4699875,Pedestrian,33.792404,-84.2762,1/10/14 20:35,Property Damaged Only,1,Dark-Not Lighted
5763237,Pedestrian,33.517785,-84.353911,9/18/15 20:16,Property Damaged Only,1,Dark-Not Lighted
5621839,Pedestrian,33.826777,-84.029807,1/28/16 20:12,Property Damaged Only,1,Dark-Not Lighted
6493309,Pedestrian,33.93162,-84.337541,10/13/17 6:55,Property Damaged Only,1,Dark-Not Lighted
5478956,Pedestrian,34.705765,-84.457975,10/2/15 10:00,Property Damaged Only,1,Dark-Not Lighted
5197321,Pedestrian,33.900177,-84.380138,2/25/15 18:42,Property Damaged Only,1,Dark-Not Lighted
5619983,Pedestrian,34.352374,-84.047155,2/1/16 6:30,Fatal,3,Dark-Not Lighted
5626517,Pedestrian,33.68989,-84.25685,2/7/16 5:45,Fatal,3,Dark-Not Lighted
4795224,Pedestrian,33.41039,-82.006509,4/17/14 20:36,Fatal,3,Dark-Not Lighted
4573542,Pedestrian,34.024379,-84.631232,9/12/13 3:43,Fatal,3,Dark-Not Lighted
5088940,Pedestrian,32.802831,-83.640617,12/10/14 19:15,Fatal,3,Dark-Not Lighted
5700162,Pedestrian,33.15966,-83.354723,3/13/16 0:00,Injury,2,Dark-Not Lighted
4778293,Pedestrian,32.143203,-81.332435,3/28/14 19:58,Injury,2,Dark-Not Lighted
6484572,Pedestrian,33.02409,-85.07776,11/20/17 20:49,Injury,2,Dark-Not Lighted
6474573,Pedestrian,32.78068,-83.66415,11/10/17 20:58,Injury,2,Dark-Not Lighted
5511280,Pedestrian,33.569815,-84.575517,11/14/15 18:35,Injury,2,Dark-Not Lighted
6049631,Pedestrian,33.793713,-84.272361,12/21/16 17:54,Injury,2,Dark-Not Lighted
5530761,Pedestrian,33.918573,-84.090327,11/28/15 19:24,Injury,2,Dark-Not Lighted
5181558,Pedestrian,33.911202,-84.159647,2/16/15 20:43,Injury,2,Dark-Not Lighted
5565055,Pedestrian,33.544557,-84.281378,12/23/15 22:37,Injury,2,Dark-Not Lighted
4924945,Pedestrian,33.777778,-84.571368,7/6/14 21:35,Injury,2,Dark-Not Lighted
4398317,Pedestrian,33.844864,-84.256423,3/29/13 20:17,Injury,2,Dark-Not Lighted
6107404,Pedestrian,33.183952,-84.86253,1/17/17 21:06,Injury,2,Dark-Not Lighted
5753332,Pedestrian,34.013416,-84.50241,5/9/16 20:33,Injury,2,Dark-Not Lighted
5958367,Pedestrian,33.458883,-82.073945,10/15/16 20:19,Injury,2,Dark-Not Lighted
5548267,Pedestrian,32.37656,-82.934042,12/10/15 17:46,Injury,2,Dark-Not Lighted
4623946,Pedestrian,33.722827,-84.166084,10/29/13 6:12,Injury,2,Dark-Not Lighted
5416318,Pedestrian,32.455348,-81.740861,8/3/15 20:15,Injury,2,Dark-Not Lighted
6491431,Pedestrian,33.739803,-84.326193,11/28/17 20:52,Injury,2,Dark-Not Lighted
5474639,Pedestrian,33.783616,-84.218021,10/19/15 23:27,Injury,2,Dark-Not Lighted
6307401,Pedestrian,33.61443,-84.472625,7/12/17 23:04,Injury,2,Dark-Not Lighted
5528021,Pedestrian,33.709192,-84.93477,11/27/15 18:00,Injury,2,Dark-Not Lighted
4473974,Pedestrian,33.83001,-83.73246,6/6/13 4:04,Injury,2,Dark-Not Lighted
5825230,Pedestrian,33.480789,-82.130351,6/21/16 21:20,Injury,2,Dark-Not Lighted
4969325,Pedestrian,33.981974,-83.651118,11/9/13 2:51,Injury,2,Dark-Not Lighted
5014240,Pedestrian,33.662515,-84.229328,10/11/14 20:25,Injury,2,Dark-Not Lighted
5772665,Pedestrian,33.673069,-83.988871,5/26/16 22:47,Injury,2,Dark-Not Lighted
4963815,Pedestrian,33.441136,-84.326291,8/22/14 22:40,Injury,2,Dark-Not Lighted
5940667,Pedestrian,34.049521,-84.583686,9/24/16 20:28,Injury,2,Dark-Not Lighted
4914348,Bicyclist,32.48946,-84.977008,7/21/14 21:11,Property Damaged Only,1,Dark-Not Lighted
5126748,Bicyclist,34.004007,-84.063209,1/9/15 18:35,Property Damaged Only,1,Dark-Not Lighted
4997803,Bicyclist,33.865216,-84.603719,9/26/14 20:43,Property Damaged Only,1,Dark-Not Lighted
5066186,Bicyclist,33.925874,-83.334396,11/26/14 17:32,Property Damaged Only,1,Dark-Not Lighted
5474608,Bicyclist,32.004083,-81.091565,10/19/15 22:01,Fatal,3,Dark-Not Lighted
5156791,Bicyclist,33.324521,-83.338171,8/24/14 21:27,Injury,2,Dark-Not Lighted
6495001,Bicyclist,30.781953,-83.559494,11/7/17 18:50,Injury,2,Dark-Not Lighted
4959192,Bicyclist,33.927642,-84.83159,8/27/14 21:11,Injury,2,Dark-Not Lighted
5268470,Bicyclist,33.709656,-84.26303,4/27/15 5:47,Injury,2,Dark-Not Lighted
6305467,Bicyclist,31.79891,-81.61131,7/10/17 21:18,Injury,2,Dark-Not Lighted
5572030,Pedestrian,31.396554,-82.128395,12/22/15 19:26,Property Damaged Only,1,Dark-Not Lighted
4511422,Pedestrian,33.65536,-84.00373,5/23/13 21:30,Property Damaged Only,1,Dark-Not Lighted
5509028,Pedestrian,34.961166,-85.249143,10/28/15 20:25,Property Damaged Only,1,Dark-Not Lighted
5542466,Pedestrian,33.550183,-84.391772,12/8/15 19:00,Property Damaged Only,1,Dark-Not Lighted
5119606,Pedestrian,31.139689,-81.588756,1/2/15 20:07,Property Damaged Only,1,Dark-Not Lighted
6198870,Pedestrian,33.364502,-84.180231,4/16/17 20:57,Property Damaged Only,1,Dark-Not Lighted
4970224,Pedestrian,34.035592,-83.714589,8/13/14 23:24,Property Damaged Only,1,Dark-Not Lighted
5345458,Pedestrian,33.517941,-84.375261,7/3/15 0:50,Property Damaged Only,1,Dark-Not Lighted
4706775,Pedestrian,33.761472,-84.249387,1/18/14 3:00,Property Damaged Only,1,Dark-Not Lighted
5263783,Pedestrian,34.000995,-84.76139,4/15/15 20:56,Property Damaged Only,1,Dark-Not Lighted
4750455,Pedestrian,33.767945,-84.252103,3/4/14 22:54,Property Damaged Only,1,Dark-Not Lighted
5214060,Pedestrian,33.945307,-84.250885,3/1/15 21:39,Property Damaged Only,1,Dark-Not Lighted
6462838,Pedestrian,34.136702,-83.162925,11/6/17 17:42,Property Damaged Only,1,Dark-Not Lighted
5494680,Pedestrian,31.561092,-84.173105,10/28/15 6:45,Property Damaged Only,1,Dark-Not Lighted
4315294,Pedestrian,33.481257,-84.339193,1/2/13 21:05,Property Damaged Only,1,Dark-Not Lighted
4783891,Pedestrian,32.841372,-83.574746,11/29/13 4:15,Property Damaged Only,1,Dark-Not Lighted
5666685,Pedestrian,31.528728,-81.445331,2/29/16 0:45,Fatal,3,Dark-Not Lighted
6458440,Pedestrian,34.312771,-85.172118,11/2/17 23:16,Fatal,3,Dark-Not Lighted
4489155,Pedestrian,32.12692,-83.86736,6/13/13 0:44,Fatal,3,Dark-Not Lighted
4477765,Pedestrian,33.380752,-84.476381,5/28/13 23:23,Fatal,3,Dark-Not Lighted
4610503,Pedestrian,32.867172,-83.656106,5/31/13 22:40,Fatal,3,Dark-Not Lighted
4641077,Pedestrian,34.20715,-84.81938,10/23/13 21:38,Fatal,3,Dark-Not Lighted
6305301,Pedestrian,33.7551,-84.4601,7/10/17 2:40,Injury,2,Dark-Not Lighted
5009856,Pedestrian,34.113007,-84.561176,10/3/14 22:13,Injury,2,Dark-Not Lighted
4427111,Pedestrian,33.84272,-84.378913,4/26/13 0:33,Injury,2,Dark-Not Lighted
4435771,Pedestrian,33.666034,-84.80651,4/27/13 20:59,Injury,2,Dark-Not Lighted
5807241,Pedestrian,34.704616,-85.274187,12/16/15 18:41,Injury,2,Dark-Not Lighted
5984260,Pedestrian,33.56658,-84.46854,10/30/16 21:38,Injury,2,Dark-Not Lighted
5725160,Pedestrian,30.791165,-81.586132,3/30/16 6:38,Injury,2,Dark-Not Lighted
6063246,Pedestrian,34.004555,-84.170153,11/18/16 18:47,Injury,2,Dark-Not Lighted
4605616,Pedestrian,33.910968,-84.13562,10/9/13 21:06,Injury,2,Dark-Not Lighted
6308292,Pedestrian,32.002774,-81.102305,7/13/17 21:09,Injury,2,Dark-Not Lighted
5026297,Pedestrian,34.914525,-84.277009,10/14/14 21:54,Injury,2,Dark-Not Lighted
6422250,Pedestrian,33.522002,-84.412738,10/9/17 2:35,Injury,2,Dark-Not Lighted
5955035,Pedestrian,33.784814,-84.454543,9/21/16 19:00,Injury,2,Dark-Not Lighted
5314045,Pedestrian,34.111974,-83.997509,6/1/15 21:52,Injury,2,Dark-Not Lighted
6143408,Pedestrian,31.998911,-81.103762,3/7/17 19:20,Injury,2,Dark-Not Lighted
4728862,Pedestrian,33.98159,-84.558232,2/7/14 21:24,Injury,2,Dark-Not Lighted
6505175,Pedestrian,33.6554,-84.334,12/7/17 22:10,Injury,2,Dark-Not Lighted
4713111,Pedestrian,33.768586,-84.522289,1/24/14 18:53,Injury,2,Dark-Not Lighted
4701708,Pedestrian,32.45074,-81.77328,1/11/14 20:00,Injury,2,Dark-Not Lighted
5634847,Pedestrian,32.15894,-81.93328,2/11/16 19:15,Injury,2,Dark-Not Lighted
6399671,Pedestrian,34.36604,-83.58984,9/15/17 0:45,Injury,2,Dark-Not Lighted
5052584,Pedestrian,31.750864,-81.6121,11/14/14 23:53,Injury,2,Dark-Not Lighted
6367796,Pedestrian,33.712402,-84.78135,8/22/17 21:30,Injury,2,Dark-Not Lighted
6107592,Pedestrian,31.8797,-81.89715,2/3/17 21:30,Injury,2,Dark-Not Lighted
4794363,Pedestrian,33.689259,-84.019201,3/12/14 22:27,Injury,2,Dark-Not Lighted
4714059,Pedestrian,33.847489,-84.63709,1/8/14 18:26,Injury,2,Dark-Not Lighted
6061962,Pedestrian,33.715263,-84.21561,12/31/16 18:10,Injury,2,Dark-Not Lighted
5819347,Pedestrian,33.401889,-84.246107,7/4/16 2:34,Injury,2,Dark-Not Lighted
5878668,Pedestrian,32.230352,-81.447187,7/27/16 5:16,Injury,2,Dark-Not Lighted
4350385,Pedestrian,34.14549,-83.96308,2/8/13 18:45,Injury,2,Dark-Not Lighted
6471693,Pedestrian,32.48768,-84.98611,11/13/17 21:50,Injury,2,Dark-Not Lighted
5496533,Pedestrian,33.7388,-84.288109,11/3/15 18:10,Injury,2,Dark-Not Lighted
6038213,Pedestrian,33.673117,-83.988796,12/12/16 17:26,Injury,2,Dark-Not Lighted
5478500,Pedestrian,33.526396,-84.267399,10/21/15 22:12,Injury,2,Dark-Not Lighted
5621035,Bicyclist,34.015688,-83.694355,12/12/15 23:41,Injury,2,Dark-Not Lighted
4530862,Bicyclist,32.344837,-81.2657,7/31/13 22:07,Injury,2,Dark-Not Lighted
5131329,Bicyclist,30.986089,-83.287764,1/15/15 17:55,Injury,2,Dark-Not Lighted
5655463,Bicyclist,33.601817,-84.446258,2/29/16 19:50,Injury,2,Dark-Not Lighted
5164266,Pedestrian,33.808002,-83.93381,2/3/15 7:01,Property Damaged Only,1,Dark-Not Lighted
6024097,Pedestrian,33.256157,-81.97047,12/3/16 4:15,Property Damaged Only,1,Dark-Not Lighted
5844084,Pedestrian,32.521668,-82.921428,7/18/16 6:08,Property Damaged Only,1,Dark-Not Lighted
5663338,Pedestrian,33.976773,-84.547059,3/5/16 21:48,Property Damaged Only,1,Dark-Not Lighted
6158295,Pedestrian,34.09043,-83.648335,3/20/17 2:57,Property Damaged Only,1,Dark-Not Lighted
6126826,Pedestrian,33.52251,-84.363298,2/21/17 19:00,Property Damaged Only,1,Dark-Not Lighted
6468897,Pedestrian,33.59132,-84.42804,11/12/17 0:12,Property Damaged Only,1,Dark-Not Lighted
6452029,Pedestrian,33.963507,-83.428051,10/30/17 18:55,Property Damaged Only,1,Dark-Not Lighted
5548125,Pedestrian,33.88532,-84.159416,12/11/15 22:43,Property Damaged Only,1,Dark-Not Lighted
5138815,Pedestrian,33.827575,-84.329726,1/23/15 6:27,Property Damaged Only,1,Dark-Not Lighted
5003403,Pedestrian,33.48189,-82.10606,10/1/14 21:05,Property Damaged Only,1,Dark-Not Lighted
4759244,Pedestrian,33.711243,-84.189636,3/12/14 7:27,Property Damaged Only,1,Dark-Not Lighted
5538992,Pedestrian,32.416379,-81.779403,12/5/15 21:30,Property Damaged Only,1,Dark-Not Lighted
4753463,Pedestrian,33.867686,-84.631237,2/13/14 19:14,Property Damaged Only,1,Dark-Not Lighted
5585069,Pedestrian,33.558292,-84.014593,12/6/13 21:56,Property Damaged Only,1,Dark-Not Lighted
5589778,Pedestrian,33.612013,-83.819738,6/2/15 21:35,Property Damaged Only,1,Dark-Not Lighted
5470157,Pedestrian,33.951858,-84.570595,10/6/15 3:17,Fatal,3,Dark-Not Lighted
6248810,Pedestrian,33.66797,-84.03784,5/20/17 23:17,Fatal,3,Dark-Not Lighted
6444184,Pedestrian,34.052956,-84.290516,10/21/17 23:51,Fatal,3,Dark-Not Lighted
4705283,Pedestrian,33.380086,-82.088302,1/13/14 21:25,Fatal,3,Dark-Not Lighted
6226773,Pedestrian,34.58412,-83.24253,5/1/17 0:00,Fatal,3,Dark-Not Lighted
5925036,Pedestrian,33.712048,-84.271599,9/19/16 0:00,Fatal,3,Dark-Not Lighted
4778362,Pedestrian,32.572132,-82.168014,3/30/14 21:42,Fatal,3,Dark-Not Lighted
6462536,Pedestrian,34.30467,-84.20281,11/6/17 6:34,Injury,2,Dark-Not Lighted
5133784,Pedestrian,33.866558,-84.84525,1/15/15 21:03,Injury,2,Dark-Not Lighted
6378577,Pedestrian,33.518093,-84.363711,9/3/17 23:44,Injury,2,Dark-Not Lighted
6131648,Pedestrian,33.86345,-84.761947,2/26/17 22:30,Injury,2,Dark-Not Lighted
4695005,Pedestrian,33.592452,-84.428841,1/4/14 20:35,Injury,2,Dark-Not Lighted
5111374,Pedestrian,30.77472,-83.23102,12/20/14 18:48,Injury,2,Dark-Not Lighted
5025253,Pedestrian,32.245243,-83.74496,10/16/14 5:57,Injury,2,Dark-Not Lighted
5645849,Pedestrian,33.439998,-84.263733,2/21/16 20:20,Injury,2,Dark-Not Lighted
4667873,Pedestrian,32.27292,-83.50299,12/8/13 21:26,Injury,2,Dark-Not Lighted
5113377,Pedestrian,31.938146,-81.33465,12/11/14 18:05,Injury,2,Dark-Not Lighted
5502729,Pedestrian,32.506618,-84.973088,11/8/15 20:14,Injury,2,Dark-Not Lighted
6083350,Pedestrian,33.244059,-82.331407,1/15/17 18:18,Injury,2,Dark-Not Lighted
4514951,Pedestrian,33.898782,-84.494651,6/8/13 5:23,Injury,2,Dark-Not Lighted
6006228,Pedestrian,33.930669,-84.557667,11/18/16 1:24,Injury,2,Dark-Not Lighted
6321808,Pedestrian,34.891986,-84.274574,7/22/17 0:16,Injury,2,Dark-Not Lighted
4529723,Pedestrian,32.083518,-81.09613,8/4/13 2:51,Injury,2,Dark-Not Lighted
5540439,Pedestrian,33.982674,-84.030147,12/6/15 20:10,Injury,2,Dark-Not Lighted
5503772,Pedestrian,33.569202,-84.292241,11/8/15 18:23,Injury,2,Dark-Not Lighted
4507738,Pedestrian,33.773165,-84.420065,7/11/13 23:02,Injury,2,Dark-Not Lighted
4335017,Pedestrian,34.18863,-83.8479,1/20/13 19:38,Injury,2,Dark-Not Lighted
5489558,Pedestrian,31.00835,-83.42279,10/29/15 22:05,Injury,2,Dark-Not Lighted
6079609,Pedestrian,33.071306,-83.955806,1/16/17 6:35,Injury,2,Dark-Not Lighted
5048743,Pedestrian,34.174674,-82.889749,11/4/14 17:58,Injury,2,Dark-Not Lighted
5407033,Pedestrian,34.55947,-83.345044,8/26/15 22:09,Injury,2,Dark-Not Lighted
4523441,Pedestrian,31.27554,-84.19032,6/22/13 5:46,Injury,2,Dark-Not Lighted
6524425,Pedestrian,33.582846,-84.307048,12/20/17 18:34,Injury,2,Dark-Not Lighted
4860361,Pedestrian,34.09705,-83.81208,5/24/14 23:18,Injury,2,Dark-Not Lighted
6523580,Pedestrian,33.518324,-84.409712,12/20/17 19:45,Injury,2,Dark-Not Lighted
6414359,Pedestrian,33.91649,-83.4597,9/29/17 20:07,Injury,2,Dark-Not Lighted
4519768,Pedestrian,33.480046,-82.133296,7/2/13 22:14,Injury,2,Dark-Not Lighted
6073549,Pedestrian,33.954924,-83.360824,1/9/17 18:28,Injury,2,Dark-Not Lighted
5504833,Pedestrian,33.756848,-84.515177,11/2/15 5:34,Injury,2,Dark-Not Lighted
6551312,Pedestrian,33.731278,-84.76226,8/24/17 21:36,Injury,2,Dark-Not Lighted
4318673,Pedestrian,34.229516,-85.161908,1/7/13 19:24,Injury,2,Dark-Not Lighted
6182326,Pedestrian,33.75084,-84.931805,4/2/17 6:50,Injury,2,Dark-Not Lighted
5622039,Pedestrian & Bicyclist,32.004439,-83.794069,2/2/16 21:13,Property Damaged Only,1,Dark-Not Lighted
4550120,Pedestrian & Bicyclist,34.282152,-83.821648,8/23/13 6:41,Injury,2,Dark-Not Lighted
6343225,Bicyclist,33.273657,-84.288126,8/6/17 22:34,Property Damaged Only,1,Dark-Not Lighted
6385251,Bicyclist,33.743371,-84.686629,8/20/17 10:45,Fatal,3,Dark-Not Lighted
4845813,Bicyclist,32.47221,-81.75674,5/11/14 20:55,Injury,2,Dark-Not Lighted
6127659,Bicyclist,33.898686,-84.202006,2/13/17 19:55,Injury,2,Dark-Not Lighted
5450668,Bicyclist,33.601366,-84.339736,9/30/15 22:26,Injury,2,Dark-Not Lighted
5187092,Bicyclist,32.634593,-83.65912,10/26/14 19:01,Injury,2,Dark-Not Lighted
5063674,Pedestrian,32.048459,-81.194922,10/31/14 19:32,Property Damaged Only,1,Dark-Not Lighted
4550421,Pedestrian,33.986642,-84.143579,8/15/13 1:21,Property Damaged Only,1,Dark-Not Lighted
5048866,Pedestrian,33.768852,-84.251343,11/12/14 19:28,Property Damaged Only,1,Dark-Not Lighted
4397517,Pedestrian,33.995295,-83.686484,2/13/13 20:04,Property Damaged Only,1,Dark-Not Lighted
5938940,Pedestrian,33.751637,-84.441229,9/22/16 20:52,Property Damaged Only,1,Dark-Not Lighted
5221017,Pedestrian,33.619582,-84.473346,2/20/15 20:20,Property Damaged Only,1,Dark-Not Lighted