incidentIdNbr,crashType,latitude,longitude,dateOfIncidentDate,severity,Mag,lightCondition
5073257,Pedestrian,33.926602,-84.551324,12/2/14 18:40,Property Damaged Only,1,Dark-Not Lighted
4787247,Pedestrian,34.272292,-85.232461,4/10/14 21:32,Property Damaged Only,1,Dark-Not Lighted
4349278,Pedestrian,33.70951,-83.85153,2/6/13 18:52,Property Damaged Only,1,Dark-Not Lighted
6023427,Pedestrian,33.425148,-82.031742,12/2/16 23:47,Property Damaged Only,1,Dark-Not Lighted
4331048,Pedestrian,33.579809,-85.098568,1/17/13 18:58,Property Damaged Only,1,Dark-Not Lighted
5587093,Pedestrian,33.55874,-83.916688,7/9/13 22:24,Property Damaged Only,1,Dark-Not Lighted
5550143,Pedestrian,33.943987,-83.993334,12/14/15 18:11,Property Damaged Only,1,Dark-Not Lighted
5077848,Pedestrian,33.651189,-84.489235,12/5/14 19:19,Property Damaged Only,1,Dark-Not Lighted
5145912,Pedestrian,32.8327,-83.65499,12/4/14 22:04,Fatal,3,Dark-Not Lighted
5517601,Pedestrian,33.64069,-84.354419,11/13/15 19:58,Fatal,3,Dark-Not Lighted
5255469,Pedestrian,33.47403,-82.127846,4/16/15 21:08,Fatal,3,Dark-Not Lighted
6030889,Pedestrian,33.890978,-84.195357,12/2/16 20:38,Fatal,3,Dark-Not Lighted
6425991,Pedestrian,34.088954,-84.585038,9/27/17 20:35,Fatal,3,Dark-Not Lighted
5009041,Pedestrian,33.83469,-84.07984,10/3/14 19:57,Fatal,3,Dark-Not Lighted
6183064,Pedestrian,32.038417,-81.065648,4/6/17 23:56,Fatal,3,Dark-Not Lighted
5815414,Pedestrian,32.804454,-82.630332,6/27/16 5:56,Fatal,3,Dark-Not Lighted
5586842,Pedestrian,33.750912,-84.452007,1/1/16 2:07,Fatal,3,Dark-Not Lighted
4350329,Pedestrian,34.601375,-83.76506,2/9/13 20:17,Injury,2,Dark-Not Lighted
6352619,Pedestrian,33.33869,-84.2954,8/12/17 21:11,Injury,2,Dark-Not Lighted
6037782,Pedestrian,33.952454,-84.057777,12/10/16 22:28,Injury,2,Dark-Not Lighted
4886369,Pedestrian,32.870746,-83.659603,6/7/14 3:27,Injury,2,Dark-Not Lighted
6418548,Pedestrian,33.832276,-84.862424,10/2/17 7:00,Injury,2,Dark-Not Lighted
4363120,Pedestrian,34.54125,-83.990776,2/21/13 6:25,Injury,2,Dark-Not Lighted
4609109,Pedestrian,33.805193,-84.413421,10/8/13 22:20,Injury,2,Dark-Not Lighted
4607922,Pedestrian,33.812711,-84.306285,10/15/13 22:04,Injury,2,Dark-Not Lighted
6134698,Pedestrian,34.402139,-83.679808,2/27/17 20:17,Injury,2,Dark-Not Lighted
6047907,Pedestrian,33.711714,-84.663126,12/16/16 19:13,Injury,2,Dark-Not Lighted
6407480,Pedestrian,34.29042,-83.80794,9/26/17 6:44,Injury,2,Dark-Not Lighted
5353807,Pedestrian,34.289347,-83.830369,7/11/15 3:14,Injury,2,Dark-Not Lighted
4571031,Pedestrian,34.165512,-84.856272,8/22/13 20:34,Injury,2,Dark-Not Lighted
5762443,Pedestrian,32.505652,-84.966453,5/19/16 22:55,Injury,2,Dark-Not Lighted
5512210,Pedestrian,33.51748,-84.230029,11/16/15 6:40,Injury,2,Dark-Not Lighted
4513129,Pedestrian,33.24873,-83.474574,4/19/13 21:59,Injury,2,Dark-Not Lighted
5338735,Pedestrian,34.303672,-83.815069,6/25/15 22:05,Injury,2,Dark-Not Lighted
4796611,Pedestrian,32.5307,-84.915479,4/19/14 2:00,Injury,2,Dark-Not Lighted
5987758,Pedestrian,33.841396,-84.309528,11/6/16 1:15,Injury,2,Dark-Not Lighted
6247210,Pedestrian,33.858863,-84.310984,4/15/17 20:29,Injury,2,Dark-Not Lighted
4417325,Pedestrian,31.995828,-81.150471,4/18/13 21:06,Injury,2,Dark-Not Lighted
4827707,Pedestrian,32.113282,-81.24078,12/21/13 18:27,Injury,2,Dark-Not Lighted
6478793,Pedestrian,32.711188,-83.692653,11/18/17 22:38,Injury,2,Dark-Not Lighted
4732419,Pedestrian,30.826551,-83.947878,1/1/14 19:35,Injury,2,Dark-Not Lighted
5091682,Pedestrian,33.429822,-84.105411,12/12/14 18:26,Injury,2,Dark-Not Lighted
6352146,Pedestrian & Bicyclist,34.32798,-82.94096,8/11/17 21:47,Injury,2,Dark-Not Lighted
4752100,Pedestrian & Bicyclist,33.07769,-84.93104,2/27/14 19:57,Injury,2,Dark-Not Lighted
5061578,Bicyclist,32.51868,-84.96607,11/23/14 20:47,Property Damaged Only,1,Dark-Not Lighted
4942906,Bicyclist,33.760099,-84.349142,8/18/14 1:36,Property Damaged Only,1,Dark-Not Lighted
4554199,Bicyclist,34.03056,-84.33833,8/6/13 21:48,Injury,2,Dark-Not Lighted
4729900,Bicyclist,33.397613,-84.228748,2/7/14 19:38,Injury,2,Dark-Not Lighted
5596605,Bicyclist,34.180718,-84.090573,11/27/15 18:17,Injury,2,Dark-Not Lighted
5673845,Bicyclist,30.868509,-83.180173,3/14/16 23:10,Injury,2,Dark-Not Lighted
4481775,Bicyclist,33.742617,-84.517931,6/13/13 20:15,Injury,2,Dark-Not Lighted
6441044,Bicyclist,33.765581,-84.529147,10/20/17 21:15,Injury,2,Dark-Not Lighted
6002950,Pedestrian,31.671164,-81.890563,10/26/16 19:06,Property Damaged Only,1,Dark-Not Lighted
5637257,Pedestrian,34.088505,-84.274181,2/14/16 20:58,Property Damaged Only,1,Dark-Not Lighted
4652853,Pedestrian,34.56438,-83.493255,11/21/13 19:05,Property Damaged Only,1,Dark-Not Lighted
5529894,Pedestrian,33.941336,-83.372987,11/3/15 18:21,Property Damaged Only,1,Dark-Not Lighted
6148908,Pedestrian,31.489067,-84.116164,3/13/17 5:58,Property Damaged Only,1,Dark-Not Lighted
6453177,Pedestrian,33.758265,-84.167768,10/31/17 18:55,Property Damaged Only,1,Dark-Not Lighted
4702718,Pedestrian,32.502311,-84.953272,12/14/13 3:00,Property Damaged Only,1,Dark-Not Lighted
6078645,Pedestrian,32.232797,-84.303426,1/12/17 18:28,Property Damaged Only,1,Dark-Not Lighted
5685349,Pedestrian,33.543297,-84.282478,3/22/16 22:13,Property Damaged Only,1,Dark-Not Lighted
6453389,Pedestrian,33.954651,-83.964175,10/31/17 6:37,Property Damaged Only,1,Dark-Not Lighted
6321575,Pedestrian,33.368584,-84.123284,7/18/17 22:31,Property Damaged Only,1,Dark-Not Lighted
4632192,Pedestrian,33.904907,-84.463229,11/5/13 20:50,Property Damaged Only,1,Dark-Not Lighted
4426408,Pedestrian,33.621317,-84.473767,3/20/13 19:31,Property Damaged Only,1,Dark-Not Lighted
4320407,Pedestrian,33.522051,-84.363321,1/9/13 4:47,Property Damaged Only,1,Dark-Not Lighted
5770546,Pedestrian,33.776253,-84.38599,5/21/16 3:20,Property Damaged Only,1,Dark-Not Lighted
6291239,Pedestrian,33.588447,-84.328885,6/28/17 5:07,Property Damaged Only,1,Dark-Not Lighted
6335119,Pedestrian,33.056461,-83.241673,7/29/17 22:11,Property Damaged Only,1,Dark-Not Lighted
5684183,Pedestrian,34.948653,-85.292263,3/21/16 20:55,Fatal,3,Dark-Not Lighted
5420118,Pedestrian,33.959115,-84.24673,9/6/15 22:59,Fatal,3,Dark-Not Lighted
6498442,Pedestrian,31.689338,-83.88243,12/2/17 20:55,Fatal,3,Dark-Not Lighted
6416182,Pedestrian,34.497772,-83.18663,10/2/17 19:53,Fatal,3,Dark-Not Lighted
5129509,Pedestrian,33.756202,-84.500792,12/31/14 22:26,Fatal,3,Dark-Not Lighted
6100628,Pedestrian,33.855467,-84.602141,1/5/17 19:45,Fatal,3,Dark-Not Lighted
5635224,Pedestrian,34.004437,-84.391217,1/25/16 20:00,Fatal,3,Dark-Not Lighted
4582867,Pedestrian,33.955858,-83.324986,9/25/13 19:48,Fatal,3,Dark-Not Lighted
5840542,Pedestrian,33.887455,-84.742554,7/16/16 5:31,Fatal,3,Dark-Not Lighted
6148474,Pedestrian,34.017671,-84.041068,3/9/17 18:54,Fatal,3,Dark-Not Lighted
4450977,Pedestrian,31.47026,-81.72092,5/16/13 21:09,Fatal,3,Dark-Not Lighted
4370226,Pedestrian,33.728672,-84.69372,2/19/13 20:15,Injury,2,Dark-Not Lighted
6254206,Pedestrian,31.226768,-81.47916,5/26/17 21:33,Injury,2,Dark-Not Lighted
4664623,Pedestrian,33.894665,-84.547456,11/22/13 19:07,Injury,2,Dark-Not Lighted
5513926,Pedestrian,33.75473,-84.267538,11/17/15 18:18,Injury,2,Dark-Not Lighted
4918571,Pedestrian,33.6735,-84.277926,7/26/14 4:34,Injury,2,Dark-Not Lighted
6106108,Pedestrian,33.829163,-84.575836,2/3/17 3:40,Injury,2,Dark-Not Lighted
6077129,Pedestrian,33.898062,-84.832659,9/28/13 23:34,Injury,2,Dark-Not Lighted
5540929,Pedestrian,33.507429,-84.67406,12/6/15 18:15,Injury,2,Dark-Not Lighted
5781769,Pedestrian,33.941466,-84.118971,6/2/16 21:33,Injury,2,Dark-Not Lighted
5706227,Pedestrian,33.784098,-84.895968,4/2/16 1:20,Injury,2,Dark-Not Lighted
5567910,Pedestrian,33.783535,-84.636699,12/21/15 18:12,Injury,2,Dark-Not Lighted
4660058,Pedestrian,33.952903,-84.143769,11/26/13 18:16,Injury,2,Dark-Not Lighted
5629300,Pedestrian,34.354842,-82.912037,2/7/16 19:10,Injury,2,Dark-Not Lighted
5043546,Pedestrian,33.398122,-84.079319,11/7/14 23:30,Injury,2,Dark-Not Lighted
4870911,Pedestrian,30.67913,-83.22656,5/31/14 20:55,Injury,2,Dark-Not Lighted
5646063,Pedestrian,33.670611,-84.340798,2/23/16 5:38,Injury,2,Dark-Not Lighted
6391230,Pedestrian,33.78894,-84.581103,9/7/17 20:22,Injury,2,Dark-Not Lighted
6397675,Pedestrian,33.767771,-84.52418,9/1/17 5:21,Injury,2,Dark-Not Lighted
5873946,Pedestrian,33.745073,-84.260595,8/12/16 6:15,Injury,2,Dark-Not Lighted
6032730,Pedestrian,33.755503,-85.128139,12/3/16 18:34,Injury,2,Dark-Not Lighted
5873802,Pedestrian,33.380298,-84.178682,8/11/16 23:20,Injury,2,Dark-Not Lighted
5387554,Pedestrian,33.697931,-85.020977,8/11/15 21:08,Injury,2,Dark-Not Lighted
6322573,Pedestrian,32.618305,-83.656375,7/23/17 21:12,Injury,2,Dark-Not Lighted
4599253,Pedestrian,33.16593,-84.772445,10/3/13 22:36,Injury,2,Dark-Not Lighted
6442847,Pedestrian,32.911396,-85.121086,10/18/17 2:48,Injury,2,Dark-Not Lighted
6457253,Pedestrian,34.001001,-84.057259,10/31/17 21:15,Injury,2,Dark-Not Lighted
5905671,Pedestrian,32.847221,-83.579103,9/6/16 1:51,Injury,2,Dark-Not Lighted
5287155,Pedestrian,34.470871,-83.066589,5/10/15 23:41,Injury,2,Dark-Not Lighted
5321565,Pedestrian,31.455216,-83.471969,6/10/15 21:29,Injury,2,Dark-Not Lighted
5301583,Pedestrian,33.608886,-83.47065,5/10/15 23:43,Injury,2,Dark-Not Lighted
6323257,Pedestrian,33.959692,-84.060198,7/20/17 3:03,Injury,2,Dark-Not Lighted
5005979,Pedestrian,32.509114,-84.957305,10/3/14 23:54,Injury,2,Dark-Not Lighted
5502024,Pedestrian,33.933533,-84.50211,11/3/15 20:30,Injury,2,Dark-Not Lighted
5592820,Bicyclist,34.042744,-84.581206,1/11/16 6:17,Property Damaged Only,1,Dark-Not Lighted
5634489,Bicyclist,33.787052,-84.321806,2/11/16 19:18,Property Damaged Only,1,Dark-Not Lighted
4684765,Bicyclist,34.057292,-84.73989,12/22/13 18:14,Property Damaged Only,1,Dark-Not Lighted
5861776,Bicyclist,34.152331,-83.644834,5/8/16 21:22,Property Damaged Only,1,Dark-Not Lighted
5874620,Bicyclist,33.238101,-84.219339,8/4/16 23:08,Injury,2,Dark-Not Lighted
5750088,Bicyclist,32.055719,-81.105171,5/9/16 21:50,Injury,2,Dark-Not Lighted
5948058,Bicyclist,32.644582,-83.641454,10/7/16 6:13,Injury,2,Dark-Not Lighted
5930285,Bicyclist,33.866374,-84.700381,9/22/16 6:27,Injury,2,Dark-Not Lighted
5280224,Pedestrian,32.47367,-84.899427,5/7/15 23:45,Property Damaged Only,1,Dark-Not Lighted
6499231,Pedestrian,31.845389,-81.587806,12/4/17 17:49,Property Damaged Only,1,Dark-Not Lighted
5160895,Pedestrian,33.487188,-82.211397,10/19/14 21:39,Property Damaged Only,1,Dark-Not Lighted
6244407,Pedestrian,33.365111,-84.278699,5/22/17 22:44,Property Damaged Only,1,Dark-Not Lighted
5725463,Pedestrian,33.922896,-84.28141,4/14/16 21:28,Property Damaged Only,1,Dark-Not Lighted
5443876,Pedestrian,34.075511,-84.649616,9/25/15 20:33,Property Damaged Only,1,Dark-Not Lighted
6118093,Pedestrian,33.805376,-84.188049,2/13/17 20:10,Property Damaged Only,1,Dark-Not Lighted
6150358,Pedestrian,31.585751,-84.218802,11/21/16 18:17,Property Damaged Only,1,Dark-Not Lighted
6120689,Pedestrian,33.685885,-84.199222,2/16/17 20:10,Property Damaged Only,1,Dark-Not Lighted
5459770,Pedestrian,32.846502,-83.556127,10/6/15 19:46,Property Damaged Only,1,Dark-Not Lighted
5064233,Pedestrian,33.817726,-84.038086,11/21/14 21:25,Property Damaged Only,1,Dark-Not Lighted
5888515,Pedestrian,31.423674,-83.517328,8/18/16 6:03,Property Damaged Only,1,Dark-Not Lighted
6304631,Pedestrian,33.412601,-82.006678,7/10/17 23:41,Property Damaged Only,1,Dark-Not Lighted
4630650,Pedestrian,33.620881,-83.869632,11/2/13 2:45,Property Damaged Only,1,Dark-Not Lighted
5338783,Pedestrian,34.097929,-84.423795,6/28/15 0:00,Property Damaged Only,1,Dark-Not Lighted
5218760,Pedestrian,33.938792,-83.981206,3/16/15 20:30,Property Damaged Only,1,Dark-Not Lighted
6225828,Pedestrian,33.29088,-81.95912,5/7/17 21:47,Fatal,3,Dark-Not Lighted
4653369,Pedestrian,32.997695,-81.979934,11/22/13 21:05,Fatal,3,Dark-Not Lighted
4492765,Pedestrian,33.899446,-84.269288,7/3/13 1:14,Fatal,3,Dark-Not Lighted
4904064,Pedestrian,33.561861,-84.491773,7/8/14 0:37,Fatal,3,Dark-Not Lighted
5290556,Pedestrian,33.882751,-84.758907,5/14/15 21:53,Fatal,3,Dark-Not Lighted
6057534,Pedestrian,34.004232,-83.582995,11/14/16 19:11,Fatal,3,Dark-Not Lighted
4674794,Pedestrian,32.042896,-81.26202,12/12/13 18:14,Fatal,3,Dark-Not Lighted
5814856,Pedestrian,32.815812,-83.698394,6/28/16 21:58,Fatal,3,Dark-Not Lighted
6373221,Pedestrian,31.79013,-84.44179,8/17/17 1:50,Fatal,3,Dark-Not Lighted
5263802,Pedestrian,34.542986,-84.93746,4/22/15 21:00,Fatal,3,Dark-Not Lighted
6464960,Pedestrian,32.879914,-83.607377,11/8/17 20:39,Fatal,3,Dark-Not Lighted
5437657,Pedestrian,33.922858,-84.490522,8/6/15 5:49,Fatal,3,Dark-Not Lighted
6160415,Pedestrian,33.37925,-82.07056,3/22/17 21:23,Injury,2,Dark-Not Lighted
4549823,Pedestrian,33.767,-84.65149,8/23/13 4:45,Injury,2,Dark-Not Lighted
4560335,Pedestrian,33.493108,-84.335375,9/4/13 3:26,Injury,2,Dark-Not Lighted
4577623,Pedestrian,34.064226,-84.724086,9/15/13 20:27,Injury,2,Dark-Not Lighted
5880722,Pedestrian,33.33199,-84.288133,8/14/16 21:45,Injury,2,Dark-Not Lighted
5177308,Pedestrian,33.791406,-84.256653,2/14/15 18:40,Injury,2,Dark-Not Lighted
5459751,Pedestrian,32.217359,-82.405568,10/6/15 19:55,Injury,2,Dark-Not Lighted
4341393,Pedestrian,34.02295,-84.052205,1/28/13 21:11,Injury,2,Dark-Not Lighted
6093387,Pedestrian,32.72746,-82.739666,1/24/17 18:52,Injury,2,Dark-Not Lighted
5984083,Pedestrian,32.045928,-82.414036,11/1/16 6:30,Injury,2,Dark-Not Lighted
4741829,Pedestrian,34.095509,-84.592004,2/23/14 19:57,Injury,2,Dark-Not Lighted
5691456,Pedestrian,32.821035,-83.695689,3/28/16 20:22,Injury,2,Dark-Not Lighted
4835238,Pedestrian,34.133723,-85.21583,5/2/14 20:45,Injury,2,Dark-Not Lighted
5807143,Pedestrian,34.731808,-85.279284,7/11/15 21:51,Injury,2,Dark-Not Lighted
5856438,Pedestrian,33.258735,-84.267,7/29/16 23:53,Injury,2,Dark-Not Lighted
6447905,Pedestrian,33.673312,-84.277671,10/27/17 6:15,Injury,2,Dark-Not Lighted
5181728,Pedestrian,32.052129,-81.106714,2/18/15 1:07,Injury,2,Dark-Not Lighted
6073016,Pedestrian,34.289962,-83.865441,1/10/17 2:03,Injury,2,Dark-Not Lighted
6504980,Pedestrian,33.848419,-84.315523,12/6/17 18:51,Injury,2,Dark-Not Lighted
4783191,Pedestrian,32.975602,-84.578128,4/5/14 20:24,Injury,2,Dark-Not Lighted
5430475,Pedestrian,33.554907,-84.413899,9/19/15 22:38,Injury,2,Dark-Not Lighted
6260649,Pedestrian,32.052344,-81.148838,6/2/17 23:45,Injury,2,Dark-Not Lighted
5988301,Pedestrian,34.412729,-83.900154,11/2/16 22:40,Injury,2,Dark-Not Lighted
5174680,Pedestrian,34.124231,-82.997086,2/11/15 21:00,Injury,2,Dark-Not Lighted
4355288,Pedestrian,33.591026,-83.164276,2/3/13 20:21,Injury,2,Dark-Not Lighted
5338612,Pedestrian,33.408766,-82.094638,6/26/15 23:57,Injury,2,Dark-Not Lighted
4693661,Pedestrian,33.366141,-82.037416,1/2/14 17:38,Injury,2,Dark-Not Lighted
4858582,Pedestrian,33.609882,-84.471302,5/26/14 3:46,Injury,2,Dark-Not Lighted
5396536,Pedestrian,33.767434,-85.050455,8/18/15 21:36,Injury,2,Dark-Not Lighted
5980146,Pedestrian,31.682742,-81.870367,10/28/16 7:18,Injury,2,Dark-Not Lighted
6145961,Pedestrian,31.743542,-83.28208,3/9/17 20:20,Injury,2,Dark-Not Lighted
5514795,Pedestrian,33.643695,-84.346606,11/17/15 19:00,Injury,2,Dark-Not Lighted
6253893,Pedestrian,33.939278,-84.248558,5/27/17 4:34,Injury,2,Dark-Not Lighted
5822099,Pedestrian & Bicyclist,31.031675,-83.062398,7/4/16 23:12,Property Damaged Only,1,Dark-Not Lighted
4460124,Bicyclist,33.608023,-84.538965,5/28/13 5:51,Property Damaged Only,1,Dark-Not Lighted
6331511,Bicyclist,33.922789,-84.072065,7/30/17 0:16,Property Damaged Only,1,Dark-Not Lighted
6004610,Bicyclist,34.402566,-83.659719,11/17/16 18:18,Injury,2,Dark-Not Lighted
4907939,Bicyclist,34.063553,-83.92601,7/14/14 22:24,Injury,2,Dark-Not Lighted
6007260,Bicyclist,33.690747,-84.021813,11/18/16 19:58,Injury,2,Dark-Not Lighted
6468412,Bicyclist,33.26419,-84.281394,11/4/17 19:55,Injury,2,Dark-Not Lighted
5527388,Bicyclist,33.493043,-82.199232,11/6/15 21:20,Injury,2,Dark-Not Lighted
4521165,Bicyclist,34.153218,-84.486037,7/24/13 21:38,Injury,2,Dark-Not Lighted
5985041,Pedestrian,34.54158,-83.744842,10/29/16 21:35,Property Damaged Only,1,Dark-Not Lighted
5099768,Pedestrian,34.17388,-84.544726,12/17/14 17:15,Property Damaged Only,1,Dark-Not Lighted
6180976,Pedestrian,33.517229,-82.068611,3/1/17 23:49,Property Damaged Only,1,Dark-Not Lighted
4710448,Pedestrian,32.214129,-82.400463,12/7/13 19:40,Property Damaged Only,1,Dark-Not Lighted
6038053,Pedestrian,33.571834,-84.539312,12/12/16 21:27,Property Damaged Only,1,Dark-Not Lighted
4726563,Pedestrian,31.583157,-84.116003,2/9/14 0:24,Property Damaged Only,1,Dark-Not Lighted
5640540,Pedestrian,33.752886,-84.232377,2/17/16 19:30,Property Damaged Only,1,Dark-Not Lighted
5824830,Pedestrian,33.567805,-84.317374,7/8/16 23:50,Property Damaged Only,1,Dark-Not Lighted
5431149,Pedestrian,33.9008,-84.137913,9/13/14 21:10,Property Damaged Only,1,Dark-Not Lighted
4671962,Pedestrian,33.557772,-84.302603,12/12/13 5:30,Property Damaged Only,1,Dark-Not Lighted
5174179,Pedestrian,32.977102,-82.816826,1/4/15 18:47,Property Damaged Only,1,Dark-Not Lighted
4976986,Pedestrian,32.98765,-82.79545,2/10/14 18:27,Property Damaged Only,1,Dark-Not Lighted
6484506,Pedestrian,34.92552,-85.14085,11/21/17 0:30,Property Damaged Only,1,Dark-Not Lighted
6236247,Pedestrian,33.597183,-84.428955,5/14/17 1:00,Property Damaged Only,1,Dark-Not Lighted
6134642,Pedestrian,32.741299,-83.666698,3/1/17 19:34,Property Damaged Only,1,Dark-Not Lighted
4383456,Pedestrian,33.899428,-84.246239,3/17/13 6:00,Property Damaged Only,1,Dark-Not Lighted
6434556,Pedestrian,33.646693,-84.035248,10/19/17 21:50,Property Damaged Only,1,Dark-Not Lighted
5353660,Pedestrian,34.82205,-84.96964,7/5/15 23:15,Property Damaged Only,1,Dark-Not Lighted
5633575,Pedestrian,31.152475,-83.708035,1/23/16 2:48,Property Damaged Only,1,Dark-Not Lighted
4421784,Pedestrian,33.99236,-83.72085,4/23/13 2:52,Property Damaged Only,1,Dark-Not Lighted
5702686,Pedestrian,33.95463,-84.116915,4/4/16 6:51,Property Damaged Only,1,Dark-Not Lighted
4621778,Pedestrian,32.069578,-81.101278,10/26/13 7:17,Property Damaged Only,1,Dark-Not Lighted
5986209,Pedestrian,33.643658,-84.351252,11/3/16 20:32,Fatal,3,Dark-Not Lighted
5709014,Pedestrian,34.208176,-84.798922,1/29/16 23:44,Fatal,3,Dark-Not Lighted
4440741,Pedestrian,34.266231,-85.154724,5/12/13 0:28,Fatal,3,Dark-Not Lighted
6507353,Pedestrian,33.550889,-84.447675,12/10/17 19:10,Fatal,3,Dark-Not Lighted
5737429,Pedestrian,33.53227,-84.36377,5/1/16 4:33,Fatal,3,Dark-Not Lighted
6270161,Pedestrian,32.03658,-81.12491,6/11/17 20:58,Injury,2,Dark-Not Lighted
6052583,Pedestrian,33.475761,-84.33752,12/23/16 20:00,Injury,2,Dark-Not Lighted
5543536,Pedestrian,34.542088,-83.542649,12/6/15 18:40,Injury,2,Dark-Not Lighted
4668740,Pedestrian,33.850366,-84.320518,12/6/13 20:14,Injury,2,Dark-Not Lighted
5037705,Pedestrian,34.322222,-85.001007,10/24/14 21:54,Injury,2,Dark-Not Lighted
4479862,Pedestrian,34.413135,-85.15357,6/13/13 22:20,Injury,2,Dark-Not Lighted
5163089,Pedestrian,33.565277,-82.195076,11/4/14 18:42,Injury,2,Dark-Not Lighted
6277526,Pedestrian,33.640724,-83.976257,6/10/17 22:03,Injury,2,Dark-Not Lighted
4790950,Pedestrian,34.00784,-84.390391,4/11/14 23:56,Injury,2,Dark-Not Lighted
5096532,Pedestrian,33.78681,-84.15808,12/16/14 5:58,Injury,2,Dark-Not Lighted
5292010,Pedestrian,33.034463,-83.952513,5/13/15 0:00,Injury,2,Dark-Not Lighted
5563918,Pedestrian,34.81712,-85.241133,12/22/15 21:45,Injury,2,Dark-Not Lighted
5978322,Pedestrian,33.902626,-84.822858,10/29/16 20:45,Injury,2,Dark-Not Lighted
4533972,Pedestrian,33.24008,-84.23013,8/4/13 1:30,Injury,2,Dark-Not Lighted
5611230,Pedestrian,34.799724,-85.055481,1/19/16 22:01,Injury,2,Dark-Not Lighted
5607564,Pedestrian,33.988951,-83.401076,1/21/16 18:05,Injury,2,Dark-Not Lighted
4791150,Pedestrian,33.239286,-84.281491,4/14/14 22:24,Injury,2,Dark-Not Lighted
4525714,Pedestrian,32.18927,-83.181594,7/30/13 21:59,Injury,2,Dark-Not Lighted
4625862,Pedestrian,33.941128,-84.122228,10/29/13 7:02,Injury,2,Dark-Not Lighted
5985098,Pedestrian,33.8275,-84.251437,11/3/16 6:58,Injury,2,Dark-Not Lighted
6108555,Pedestrian,33.800063,-84.657147,2/6/17 6:24,Injury,2,Dark-Not Lighted
4978812,Pedestrian,31.214484,-81.465652,9/14/14 3:00,Injury,2,Dark-Not Lighted
5760002,Pedestrian,33.657167,-84.510741,5/14/16 21:52,Injury,2,Dark-Not Lighted
6342398,Pedestrian,32.51083,-84.97278,8/5/17 22:37,Injury,2,Dark-Not Lighted
4791390,Pedestrian,31.931964,-82.043365,4/13/14 20:58,Injury,2,Dark-Not Lighted
6529801,Pedestrian,33.867001,-84.185071,12/22/17 1:50,Injury,2,Dark-Not Lighted
5656696,Pedestrian,33.915468,-84.849979,10/27/15 0:56,Injury,2,Dark-Not Lighted
5652910,Pedestrian,32.073413,-81.099921,2/28/16 20:05,Injury,2,Dark-Not Lighted
6486473,Pedestrian,33.673592,-84.457864,11/25/17 18:35,Injury,2,Dark-Not Lighted
5625540,Pedestrian,34.977775,-85.310288,2/3/16 6:58,Injury,2,Dark-Not Lighted
6516550,Pedestrian,33.786817,-84.230638,12/16/17 17:50,Injury,2,Dark-Not Lighted
5089690,Pedestrian,33.616406,-84.014487,12/10/14 18:18,Injury,2,Dark-Not Lighted
5195315,Bicyclist,32.43577,-81.769699,2/9/15 18:31,Property Damaged Only,1,Dark-Not Lighted
5243768,Bicyclist,33.571137,-82.192008,3/27/15 6:10,Property Damaged Only,1,Dark-Not Lighted
4395940,Bicyclist,31.392767,-83.23389,3/19/13 5:00,Property Damaged Only,1,Dark-Not Lighted
4729239,Bicyclist,30.720376,-81.548563,1/4/14 17:48,Injury,2,Dark-Not Lighted
5006283,Bicyclist,34.034304,-84.675067,10/4/14 7:46,Injury,2,Dark-Not Lighted
6361282,Bicyclist,33.978428,-84.211227,8/18/17 5:54,Injury,2,Dark-Not Lighted
4522830,Bicyclist,33.80404,-84.23894,7/27/13 21:17,Injury,2,Dark-Not Lighted
5400062,Pedestrian,33.583934,-84.377699,8/23/15 1:35,Property Damaged Only,1,Dark-Not Lighted
4975058,Pedestrian,33.606076,-84.240755,9/12/14 4:48,Property Damaged Only,1,Dark-Not Lighted
6019022,Pedestrian,33.6009,-84.41195,11/21/16 18:43,Property Damaged Only,1,Dark-Not Lighted
5759078,Pedestrian,33.574789,-83.195693,12/27/15 3:30,Property Damaged Only,1,Dark-Not Lighted
4845319,Pedestrian,31.99913,-81.12601,5/14/14 1:43,Property Damaged Only,1,Dark-Not Lighted
5874029,Pedestrian,33.892168,-83.960062,8/11/16 22:43,Property Damaged Only,1,Dark-Not Lighted
5548812,Pedestrian,33.546871,-83.945742,12/1/15 18:39,Property Damaged Only,1,Dark-Not Lighted
6033411,Pedestrian,33.812712,-84.306468,12/8/16 18:15,Property Damaged Only,1,Dark-Not Lighted
4709647,Pedestrian,34.008171,-84.088488,1/14/14 6:38,Property Damaged Only,1,Dark-Not Lighted
5694158,Pedestrian,33.980944,-84.23156,3/30/16 22:29,Property Damaged Only,1,Dark-Not Lighted
4739912,Pedestrian,33.814391,-84.561636,2/21/14 6:40,Property Damaged Only,1,Dark-Not Lighted
6021812,Pedestrian,32.092708,-81.196916,12/1/16 20:31,Property Damaged Only,1,Dark-Not Lighted
4733137,Pedestrian,33.793363,-84.560074,2/9/14 5:25,Fatal,3,Dark-Not Lighted
5222069,Pedestrian,31.459531,-83.478794,3/11/15 7:29,Fatal,3,Dark-Not Lighted
6109817,Pedestrian,33.926935,-84.684553,2/1/17 18:48,Fatal,3,Dark-Not Lighted
5505862,Pedestrian,34.593962,-83.777061,11/9/15 19:04,Fatal,3,Dark-Not Lighted
4327737,Pedestrian,34.218437,-84.84163,1/15/13 1:13,Fatal,3,Dark-Not Lighted
5510633,Pedestrian,33.407202,-82.098814,11/14/15 23:27,Fatal,3,Dark-Not Lighted
4682268,Pedestrian,34.057004,-83.990759,12/17/13 6:25,Fatal,3,Dark-Not Lighted
4336820,Pedestrian,33.623797,-84.384217,1/24/13 23:57,Fatal,3,Dark-Not Lighted
4660742,Pedestrian,33.579411,-84.38344,12/2/13 18:16,Injury,2,Dark-Not Lighted
5520493,Pedestrian,33.144664,-84.749505,11/19/15 18:45,Injury,2,Dark-Not Lighted
4423897,Pedestrian,32.2622,-84.1005,4/22/13 20:45,Injury,2,Dark-Not Lighted