incidentIdNbr,crashType,latitude,longitude,dateOfIncidentDate,severity,Mag,lightCondition
6062950,Pedestrian,33.715311,-84.273466,1/1/17 17:40,Injury,2,Dark-Not Lighted
4371604,Pedestrian,33.71966,-84.778724,2/28/13 22:07,Injury,2,Dark-Not Lighted
4649660,Pedestrian,31.20125,-82.25971,11/20/13 18:07,Injury,2,Dark-Not Lighted
6465080,Pedestrian,33.734315,-84.168195,11/9/17 4:20,Injury,2,Dark-Not Lighted
5439937,Pedestrian,32.852166,-83.765304,9/22/15 20:05,Injury,2,Dark-Not Lighted
5607982,Pedestrian,31.705804,-83.259697,8/17/15 21:54,Injury,2,Dark-Not Lighted
4607774,Pedestrian,34.29274,-83.02477,10/15/13 6:49,Injury,2,Dark-Not Lighted
6062290,Pedestrian,31.887918,-85.10876,12/30/16 21:55,Injury,2,Dark-Not Lighted
6399258,Pedestrian,32.80765,-81.96946,9/18/17 21:10,Injury,2,Dark-Not Lighted
5316644,Pedestrian,34.054275,-84.828585,6/2/15 5:40,Injury,2,Dark-Not Lighted
4381681,Pedestrian,33.408512,-82.41559,3/9/13 3:15,Injury,2,Dark-Not Lighted
5566422,Pedestrian,33.789647,-84.18369,12/25/15 18:03,Injury,2,Dark-Not Lighted
5222244,Pedestrian,33.396846,-84.754681,3/14/15 3:24,Injury,2,Dark-Not Lighted
5492216,Pedestrian,33.696846,-84.647048,10/27/15 19:50,Injury,2,Dark-Not Lighted
4723444,Pedestrian,33.28801,-84.71257,2/3/14 18:42,Injury,2,Dark-Not Lighted
5395801,Pedestrian,33.361095,-84.76699,8/18/15 20:49,Injury,2,Dark-Not Lighted
5335473,Pedestrian,33.902304,-84.564713,6/5/15 22:21,Injury,2,Dark-Not Lighted
5510657,Pedestrian,34.075501,-84.648459,11/14/15 22:15,Injury,2,Dark-Not Lighted
4902362,Pedestrian,34.42432,-83.91064,7/8/14 22:10,Injury,2,Dark-Not Lighted
6203240,Pedestrian,34.33607,-84.384094,4/21/17 20:04,Injury,2,Dark-Not Lighted
5550970,Pedestrian,33.862426,-84.292373,10/25/15 0:00,Injury,2,Dark-Not Lighted
4467676,Pedestrian,33.941152,-84.52675,6/1/13 22:17,Injury,2,Dark-Not Lighted
6435762,Pedestrian,33.605779,-85.082415,6/21/15 23:54,Injury,2,Dark-Not Lighted
6108838,Pedestrian,32.043841,-81.183853,12/1/16 21:45,Injury,2,Dark-Not Lighted
6468281,Pedestrian,33.783042,-84.62489,11/9/17 23:58,Injury,2,Dark-Not Lighted
5949078,Pedestrian,33.887697,-84.584407,10/1/16 22:47,Injury,2,Dark-Not Lighted
4852933,Pedestrian,31.71398,-83.23573,5/18/14 21:10,Injury,2,Dark-Not Lighted
5877864,Pedestrian,33.70713,-84.746988,8/15/16 21:55,Injury,2,Dark-Not Lighted
5697271,Pedestrian,33.92563,-84.277692,3/26/16 22:30,Injury,2,Dark-Not Lighted
5330959,Bicyclist,31.98899,-82.51684,6/18/15 21:52,Property Damaged Only,1,Dark-Not Lighted
5089196,Bicyclist,33.90512,-84.084242,11/28/14 23:40,Property Damaged Only,1,Dark-Not Lighted
5772451,Bicyclist,33.248096,-82.15338,5/25/16 21:01,Fatal,3,Dark-Not Lighted
6493934,Bicyclist,30.870064,-83.286234,9/17/17 23:15,Injury,2,Dark-Not Lighted
6408978,Bicyclist,33.750486,-84.37477,9/27/17 21:55,Injury,2,Dark-Not Lighted
6060218,Bicyclist,34.209282,-84.826256,12/28/16 18:28,Injury,2,Dark-Not Lighted
4459096,Pedestrian,32.474094,-84.903504,5/27/13 22:25,Property Damaged Only,1,Dark-Not Lighted
6233434,Pedestrian,33.926211,-84.269296,5/7/17 23:20,Property Damaged Only,1,Dark-Not Lighted
4969386,Pedestrian,33.953167,-83.768255,11/23/13 0:27,Property Damaged Only,1,Dark-Not Lighted
6262389,Pedestrian,33.922511,-84.477008,6/1/17 21:46,Property Damaged Only,1,Dark-Not Lighted
5642802,Pedestrian,32.046941,-81.108666,2/19/16 18:37,Property Damaged Only,1,Dark-Not Lighted
5400825,Pedestrian,33.910225,-84.265556,8/23/15 1:23,Property Damaged Only,1,Dark-Not Lighted
5900259,Pedestrian,33.759741,-84.169754,8/25/16 0:47,Property Damaged Only,1,Dark-Not Lighted
6501163,Pedestrian,34.960147,-85.262275,12/4/17 21:37,Property Damaged Only,1,Dark-Not Lighted
6406069,Pedestrian,34.25438,-85.16406,9/24/17 21:13,Property Damaged Only,1,Dark-Not Lighted
5991779,Pedestrian,33.539869,-84.202019,11/8/16 19:17,Property Damaged Only,1,Dark-Not Lighted
5086755,Pedestrian,34.028912,-84.361451,12/4/14 18:44,Property Damaged Only,1,Dark-Not Lighted
6461793,Pedestrian,33.968721,-84.361244,11/3/17 7:12,Property Damaged Only,1,Dark-Not Lighted
5237841,Pedestrian,33.926212,-83.334885,3/31/15 22:54,Property Damaged Only,1,Dark-Not Lighted
5178864,Pedestrian,33.752223,-84.246475,2/16/15 23:22,Property Damaged Only,1,Dark-Not Lighted
5450662,Pedestrian,33.786244,-84.044615,9/29/15 6:20,Property Damaged Only,1,Dark-Not Lighted
4573510,Pedestrian,33.697643,-84.223267,9/18/13 20:21,Property Damaged Only,1,Dark-Not Lighted
5275585,Pedestrian,34.20723,-83.469888,4/23/15 1:00,Property Damaged Only,1,Dark-Not Lighted
5513936,Pedestrian,33.811073,-84.287065,11/17/15 20:00,Property Damaged Only,1,Dark-Not Lighted
5173363,Pedestrian,33.69211,-84.286614,2/10/15 18:47,Property Damaged Only,1,Dark-Not Lighted
5482153,Pedestrian,33.701229,-84.146884,10/24/15 22:00,Property Damaged Only,1,Dark-Not Lighted
5248243,Pedestrian,33.948099,-84.519151,4/6/15 6:05,Property Damaged Only,1,Dark-Not Lighted
4850577,Pedestrian,34.245419,-84.773296,4/4/14 23:20,Fatal,3,Dark-Not Lighted
4449739,Pedestrian,33.912051,-84.114347,4/7/13 20:45,Fatal,3,Dark-Not Lighted
5988114,Pedestrian,33.568056,-84.371524,11/5/16 23:51,Fatal,3,Dark-Not Lighted
4685913,Pedestrian,34.111022,-83.81743,12/23/13 19:05,Fatal,3,Dark-Not Lighted
4995161,Pedestrian,31.940445,-81.93522,9/20/14 3:06,Fatal,3,Dark-Not Lighted
5351064,Pedestrian,30.868308,-84.12114,7/7/15 22:18,Fatal,3,Dark-Not Lighted
6342761,Pedestrian,33.683625,-85.262253,8/4/17 22:25,Fatal,3,Dark-Not Lighted
5764685,Pedestrian,33.863817,-84.187826,5/20/16 22:10,Fatal,3,Dark-Not Lighted
5141319,Pedestrian,33.619044,-84.459281,9/20/14 4:08,Fatal,3,Dark-Not Lighted
5135290,Pedestrian,33.950194,-83.982834,1/20/15 18:23,Fatal,3,Dark-Not Lighted
6049211,Pedestrian,32.731192,-83.538033,12/17/16 23:50,Injury,2,Dark-Not Lighted
5732592,Pedestrian,33.449172,-82.081092,4/26/16 22:30,Injury,2,Dark-Not Lighted
5455393,Pedestrian,33.956777,-84.791065,9/30/15 6:01,Injury,2,Dark-Not Lighted
6114994,Pedestrian,31.446024,-83.506435,2/11/17 21:07,Injury,2,Dark-Not Lighted
6448738,Pedestrian,34.1105,-84.2315,10/29/17 1:04,Injury,2,Dark-Not Lighted
4317228,Pedestrian,34.970024,-85.30052,1/3/13 18:20,Injury,2,Dark-Not Lighted
6105672,Pedestrian,34.9781,-85.294091,2/2/17 18:44,Injury,2,Dark-Not Lighted
5988277,Pedestrian,32.549324,-84.96967,11/6/16 19:47,Injury,2,Dark-Not Lighted
4390500,Pedestrian,33.559362,-84.260363,3/1/13 18:45,Injury,2,Dark-Not Lighted
4529783,Pedestrian,34.741565,-84.90367,7/30/13 5:00,Injury,2,Dark-Not Lighted
5221721,Pedestrian,33.240898,-84.382508,3/16/15 5:10,Injury,2,Dark-Not Lighted
6057163,Pedestrian,33.938383,-84.02771,12/25/16 6:44,Injury,2,Dark-Not Lighted
6181396,Pedestrian,33.960294,-83.94264,4/4/17 21:29,Injury,2,Dark-Not Lighted
5263002,Pedestrian,30.703613,-83.028059,4/15/15 6:47,Injury,2,Dark-Not Lighted
6469063,Pedestrian,33.72146,-85.115684,11/11/17 19:30,Injury,2,Dark-Not Lighted
4698250,Pedestrian,31.480138,-83.509008,1/8/14 18:47,Injury,2,Dark-Not Lighted
5350340,Pedestrian,34.476532,-84.91389,7/7/15 0:08,Injury,2,Dark-Not Lighted
4643729,Pedestrian,33.979069,-84.558402,11/12/13 6:30,Injury,2,Dark-Not Lighted
5580210,Pedestrian,32.004124,-81.281222,1/4/16 19:14,Injury,2,Dark-Not Lighted
4848145,Pedestrian,33.56207,-84.445755,5/15/14 21:10,Injury,2,Dark-Not Lighted
6434676,Pedestrian,31.570741,-84.155942,10/19/17 20:28,Injury,2,Dark-Not Lighted
6215913,Pedestrian,33.313839,-82.097027,5/2/17 5:41,Injury,2,Dark-Not Lighted
5980943,Pedestrian,34.286935,-85.254706,10/31/16 20:04,Injury,2,Dark-Not Lighted
4554845,Pedestrian,34.286125,-83.85429,8/20/13 4:31,Injury,2,Dark-Not Lighted
4470205,Pedestrian,33.59614,-83.96957,6/5/13 21:29,Injury,2,Dark-Not Lighted
5241545,Pedestrian,31.273988,-81.56954,4/4/15 2:40,Injury,2,Dark-Not Lighted
5031903,Pedestrian,33.852663,-84.05109,10/15/14 1:20,Injury,2,Dark-Not Lighted
6056064,Pedestrian,33.64558,-84.26542,12/27/16 19:05,Injury,2,Dark-Not Lighted
5134889,Pedestrian,31.995839,-81.269579,1/20/15 21:00,Injury,2,Dark-Not Lighted
5188208,Pedestrian,34.160988,-84.173852,11/18/14 18:26,Injury,2,Dark-Not Lighted
6394867,Pedestrian,33.597151,-84.428902,9/16/17 0:00,Injury,2,Dark-Not Lighted
4949595,Pedestrian,33.90977,-84.553294,8/23/14 0:08,Injury,2,Dark-Not Lighted
6164484,Pedestrian,33.6732,-84.2211,3/24/17 21:45,Injury,2,Dark-Not Lighted
4834669,Bicyclist,33.380892,-84.798843,5/1/14 5:16,Property Damaged Only,1,Dark-Not Lighted
4934341,Bicyclist,33.616167,-84.457516,7/7/14 21:52,Property Damaged Only,1,Dark-Not Lighted
4349524,Bicyclist,32.091183,-81.146638,2/8/13 18:34,Property Damaged Only,1,Dark-Not Lighted
4757911,Bicyclist,33.900142,-83.408714,3/11/14 5:12,Injury,2,Dark-Not Lighted
5450028,Bicyclist,33.377768,-84.826079,9/30/15 20:44,Injury,2,Dark-Not Lighted
5258799,Bicyclist,33.683003,-84.24649,4/20/15 20:40,Injury,2,Dark-Not Lighted
4632635,Bicyclist,33.89041,-84.75126,11/2/13 21:25,Injury,2,Dark-Not Lighted
5518894,Bicyclist,33.462867,-84.339949,11/21/15 18:06,Injury,2,Dark-Not Lighted
4973175,Bicyclist,34.002916,-84.44552,8/10/14 6:00,Injury,2,Dark-Not Lighted
6347024,Bicyclist,32.20643,-81.44048,8/5/17 22:30,Injury,2,Dark-Not Lighted
5957729,Bicyclist,34.218931,-84.843249,10/11/16 5:50,Injury,2,Dark-Not Lighted
6108707,Pedestrian,32.102841,-81.148594,9/14/16 20:50,Property Damaged Only,1,Dark-Not Lighted
5999273,Pedestrian,31.575336,-84.156223,11/14/16 20:08,Property Damaged Only,1,Dark-Not Lighted
5431121,Pedestrian,34.271088,-83.83915,9/21/15 6:14,Property Damaged Only,1,Dark-Not Lighted
4691761,Pedestrian,32.075586,-81.083291,12/31/13 17:07,Property Damaged Only,1,Dark-Not Lighted
4400294,Pedestrian,34.758762,-84.87879,3/29/13 21:44,Property Damaged Only,1,Dark-Not Lighted
4694622,Pedestrian,33.514341,-82.033022,1/3/14 20:23,Property Damaged Only,1,Dark-Not Lighted
5047740,Pedestrian,32.48665,-84.990173,11/12/14 18:04,Fatal,3,Dark-Not Lighted
4667703,Pedestrian,31.20251,-82.31979,12/7/13 18:16,Fatal,3,Dark-Not Lighted
5425215,Pedestrian,33.823566,-83.877967,9/8/15 5:28,Fatal,3,Dark-Not Lighted
6074182,Pedestrian,33.550594,-84.433446,1/10/17 23:56,Fatal,3,Dark-Not Lighted
5489377,Pedestrian,33.95411,-84.093951,10/26/15 21:46,Fatal,3,Dark-Not Lighted
5262469,Pedestrian,32.792698,-81.953725,4/18/15 1:55,Fatal,3,Dark-Not Lighted
4936152,Pedestrian,33.926177,-84.174585,8/11/14 22:32,Fatal,3,Dark-Not Lighted
6423286,Pedestrian,33.866489,-84.626679,10/1/17 21:33,Fatal,3,Dark-Not Lighted
5425304,Pedestrian,30.882551,-84.195402,8/22/15 21:56,Fatal,3,Dark-Not Lighted
6408984,Pedestrian,33.841666,-84.686524,9/24/17 6:22,Fatal,3,Dark-Not Lighted
6084256,Pedestrian,34.47371,-84.61014,1/17/17 18:36,Fatal,3,Dark-Not Lighted
5193185,Pedestrian,31.623055,-84.17752,2/19/15 19:57,Injury,2,Dark-Not Lighted
4689173,Pedestrian,33.94049,-83.478377,12/27/13 22:00,Injury,2,Dark-Not Lighted
5464692,Pedestrian,33.528298,-84.575357,10/10/15 5:03,Injury,2,Dark-Not Lighted
5323232,Pedestrian,33.859184,-84.599475,6/7/15 22:30,Injury,2,Dark-Not Lighted
6299780,Pedestrian,34.899734,-85.303474,7/4/17 21:57,Injury,2,Dark-Not Lighted
5471034,Pedestrian,32.283832,-84.071283,10/10/15 23:05,Injury,2,Dark-Not Lighted
5048017,Pedestrian,34.619045,-83.620929,11/8/14 18:05,Injury,2,Dark-Not Lighted
5783585,Pedestrian,32.618273,-83.656411,6/4/16 23:37,Injury,2,Dark-Not Lighted
5184525,Pedestrian,33.762718,-84.218178,2/18/15 19:50,Injury,2,Dark-Not Lighted
4778891,Pedestrian,33.869644,-83.929809,3/29/14 22:01,Injury,2,Dark-Not Lighted
5204530,Pedestrian,33.80358,-84.568277,3/1/15 19:21,Injury,2,Dark-Not Lighted
6005380,Pedestrian,34.271085,-85.230197,11/18/16 19:31,Injury,2,Dark-Not Lighted
5669161,Pedestrian,34.408319,-84.919265,3/9/16 5:00,Injury,2,Dark-Not Lighted
5277854,Pedestrian,33.671003,-84.635903,5/5/15 21:36,Injury,2,Dark-Not Lighted
6497610,Pedestrian,34.189154,-84.487173,12/3/17 18:09,Injury,2,Dark-Not Lighted
4760434,Pedestrian,32.042306,-81.190081,2/18/14 22:47,Injury,2,Dark-Not Lighted
5541541,Pedestrian,33.634493,-84.025795,12/2/15 18:49,Injury,2,Dark-Not Lighted
4669815,Pedestrian,30.849476,-83.990441,12/10/13 6:59,Injury,2,Dark-Not Lighted
6381554,Pedestrian,33.62327,-84.29105,9/6/17 0:16,Injury,2,Dark-Not Lighted
5041551,Pedestrian,33.584196,-84.377846,11/5/14 22:15,Injury,2,Dark-Not Lighted
6228497,Pedestrian,32.785907,-83.667272,5/11/17 1:41,Injury,2,Dark-Not Lighted
5014371,Pedestrian,34.322037,-85.172226,10/10/14 21:55,Injury,2,Dark-Not Lighted
5728117,Pedestrian,33.328544,-84.780298,3/3/16 20:38,Injury,2,Dark-Not Lighted
5222809,Pedestrian,33.840628,-84.658047,3/19/15 23:15,Injury,2,Dark-Not Lighted
5354696,Pedestrian,34.929875,-85.17189,7/9/15 22:59,Injury,2,Dark-Not Lighted
4327350,Pedestrian,33.699529,-84.266685,1/16/13 7:27,Injury,2,Dark-Not Lighted
5835291,Pedestrian & Bicyclist,32.092192,-81.194663,6/18/16 22:25,Fatal,3,Dark-Not Lighted
6031529,Bicyclist,33.530181,-84.335929,11/6/16 1:00,Property Damaged Only,1,Dark-Not Lighted
5187970,Bicyclist,33.997516,-84.147744,10/1/14 6:32,Property Damaged Only,1,Dark-Not Lighted
5254068,Bicyclist,33.913959,-84.170903,4/12/15 20:25,Injury,2,Dark-Not Lighted
5056401,Bicyclist,33.971138,-83.99258,11/18/14 5:52,Injury,2,Dark-Not Lighted
6155650,Bicyclist,33.588452,-84.548832,3/19/17 0:20,Injury,2,Dark-Not Lighted
5766106,Bicyclist,33.730365,-84.364603,5/5/16 22:33,Injury,2,Dark-Not Lighted
5114007,Bicyclist,31.47495,-83.53486,12/5/14 20:00,Injury,2,Dark-Not Lighted
4626680,Pedestrian,33.399835,-82.060336,10/5/13 20:36,Property Damaged Only,1,Dark-Not Lighted
5616402,Pedestrian,33.412215,-82.087695,1/29/16 5:53,Property Damaged Only,1,Dark-Not Lighted
6534079,Pedestrian,33.65131,-84.594567,12/15/17 18:29,Property Damaged Only,1,Dark-Not Lighted
4711555,Pedestrian,33.887809,-84.216851,1/21/14 18:30,Property Damaged Only,1,Dark-Not Lighted
4628952,Pedestrian,33.706459,-84.11777,11/1/13 21:20,Property Damaged Only,1,Dark-Not Lighted
5554011,Pedestrian,33.57115,-83.904118,1/18/13 18:44,Property Damaged Only,1,Dark-Not Lighted
6137412,Pedestrian,32.092837,-81.126373,3/3/17 20:29,Property Damaged Only,1,Dark-Not Lighted
6038004,Pedestrian,32.064372,-81.102164,12/12/16 22:14,Property Damaged Only,1,Dark-Not Lighted
5280446,Pedestrian,34.56449,-83.29557,5/4/15 21:46,Property Damaged Only,1,Dark-Not Lighted
5082126,Pedestrian,33.911206,-84.114048,12/5/14 21:38,Property Damaged Only,1,Dark-Not Lighted
4484343,Pedestrian,33.566361,-84.487822,6/21/13 21:53,Property Damaged Only,1,Dark-Not Lighted
5638330,Pedestrian,33.885752,-84.158939,2/14/16 1:00,Property Damaged Only,1,Dark-Not Lighted
4632089,Pedestrian,31.575462,-84.143888,11/6/13 1:00,Property Damaged Only,1,Dark-Not Lighted
5867620,Pedestrian,33.644422,-84.521835,8/3/16 23:12,Fatal,3,Dark-Not Lighted
4505637,Pedestrian,30.753095,-83.27217,7/10/13 23:05,Fatal,3,Dark-Not Lighted
5203366,Pedestrian,33.587451,-84.378085,3/2/15 19:37,Fatal,3,Dark-Not Lighted
6533639,Pedestrian,33.3193,-84.28949,12/27/17 22:00,Fatal,3,Dark-Not Lighted
6154246,Pedestrian,33.759953,-84.539362,3/2/17 1:50,Fatal,3,Dark-Not Lighted
6064436,Pedestrian,33.426024,-84.14581,12/24/16 6:29,Fatal,3,Dark-Not Lighted
6486092,Pedestrian,31.8617,-82.579314,11/18/17 22:39,Fatal,3,Dark-Not Lighted
6073870,Pedestrian,33.900815,-84.20813,1/7/17 3:24,Fatal,3,Dark-Not Lighted
4554804,Pedestrian,32.182254,-82.32049,8/26/13 21:07,Fatal,3,Dark-Not Lighted
6342179,Pedestrian,34.827278,-85.369312,8/3/17 2:45,Fatal,3,Dark-Not Lighted
5030327,Pedestrian,33.29123,-84.29155,10/24/14 20:07,Fatal,3,Dark-Not Lighted
5414046,Pedestrian,32.49846,-82.983808,9/2/15 3:22,Fatal,3,Dark-Not Lighted
4335484,Pedestrian,33.611715,-84.471788,1/7/13 19:03,Fatal,3,Dark-Not Lighted
5496526,Pedestrian,33.912873,-84.286071,11/1/15 21:15,Fatal,3,Dark-Not Lighted
4664841,Pedestrian,33.757143,-84.38022,12/6/13 2:11,Injury,2,Dark-Not Lighted
5518666,Pedestrian,32.248186,-82.419678,11/20/15 20:15,Injury,2,Dark-Not Lighted
5120255,Pedestrian,33.402451,-84.577948,1/7/15 6:54,Injury,2,Dark-Not Lighted
6403364,Pedestrian,33.624721,-84.310993,9/24/17 1:45,Injury,2,Dark-Not Lighted
6316640,Pedestrian,33.57506,-84.30368,7/19/17 0:40,Injury,2,Dark-Not Lighted
6134680,Pedestrian,33.631011,-84.258777,3/1/17 19:25,Injury,2,Dark-Not Lighted
5209964,Pedestrian,33.830434,-83.817253,3/5/15 21:30,Injury,2,Dark-Not Lighted
5212113,Pedestrian,33.747548,-84.165447,3/10/15 20:23,Injury,2,Dark-Not Lighted
4327273,Pedestrian,33.847158,-84.220455,1/15/13 21:20,Injury,2,Dark-Not Lighted
5571021,Pedestrian,33.700723,-84.455247,12/24/15 21:30,Injury,2,Dark-Not Lighted
4834684,Pedestrian,33.711276,-84.188121,5/2/14 20:48,Injury,2,Dark-Not Lighted
5618333,Pedestrian,34.258189,-83.489501,1/29/16 20:21,Injury,2,Dark-Not Lighted
6497768,Pedestrian,32.262977,-81.220846,12/1/17 19:14,Injury,2,Dark-Not Lighted
4400075,Pedestrian,31.510828,-82.86564,3/30/13 22:45,Injury,2,Dark-Not Lighted
5825396,Pedestrian,33.868498,-84.300161,6/21/16 3:06,Injury,2,Dark-Not Lighted
5476476,Pedestrian,33.464254,-84.234598,10/20/15 20:15,Injury,2,Dark-Not Lighted
4578395,Pedestrian,33.850487,-84.166105,9/23/13 6:55,Injury,2,Dark-Not Lighted
4797451,Pedestrian,33.599391,-84.374728,4/20/14 20:40,Injury,2,Dark-Not Lighted
5125279,Pedestrian,34.270944,-85.208787,1/11/15 18:31,Injury,2,Dark-Not Lighted
4923611,Pedestrian,33.306324,-83.96863,7/27/14 2:32,Injury,2,Dark-Not Lighted
4847392,Pedestrian,32.522958,-84.945065,5/15/14 22:50,Injury,2,Dark-Not Lighted
5911081,Pedestrian,31.7238,-83.258637,8/25/16 3:40,Injury,2,Dark-Not Lighted
4555593,Pedestrian,33.768728,-84.522384,8/23/13 21:03,Injury,2,Dark-Not Lighted
6368933,Pedestrian,33.474176,-84.348352,8/26/17 22:00,Injury,2,Dark-Not Lighted
6520029,Pedestrian,33.974927,-84.012892,12/18/17 21:19,Injury,2,Dark-Not Lighted
5454192,Pedestrian,34.783728,-84.953753,8/17/15 6:24,Injury,2,Dark-Not Lighted
4714045,Pedestrian,33.923161,-84.581122,1/15/14 18:34,Injury,2,Dark-Not Lighted
5374324,Pedestrian,32.047922,-81.112761,7/31/15 1:02,Injury,2,Dark-Not Lighted
5033245,Pedestrian,33.972804,-84.031093,10/26/14 22:10,Injury,2,Dark-Not Lighted
4354814,Pedestrian,31.986067,-81.257088,2/14/13 18:29,Injury,2,Dark-Not Lighted
4925755,Pedestrian,31.821765,-81.63981,8/2/14 20:40,Injury,2,Dark-Not Lighted
6138745,Pedestrian & Bicyclist,33.614874,-84.92368,3/4/17 19:33,Injury,2,Dark-Not Lighted
6467827,Bicyclist,33.579347,-84.383648,11/10/17 18:13,Property Damaged Only,1,Dark-Not Lighted
6163221,Bicyclist,33.894029,-84.695284,3/22/17 20:15,Property Damaged Only,1,Dark-Not Lighted
4579307,Bicyclist,30.831504,-82.024188,8/3/13 3:04,Property Damaged Only,1,Dark-Not Lighted
6501772,Bicyclist,33.813218,-84.093708,11/5/17 18:15,Injury,2,Dark-Not Lighted
5153184,Bicyclist,33.5389,-84.351012,1/31/15 23:02,Injury,2,Dark-Not Lighted
4855050,Bicyclist,31.168122,-81.383877,4/11/14 2:32,Injury,2,Dark-Not Lighted
6128266,Bicyclist,33.965264,-84.008475,2/22/17 19:30,Injury,2,Dark-Not Lighted
6138206,Pedestrian,33.914777,-84.553471,3/1/17 6:26,Property Damaged Only,1,Dark-Not Lighted
4645192,Pedestrian,34.195834,-84.132915,11/15/13 18:13,Property Damaged Only,1,Dark-Not Lighted
5216880,Pedestrian,32.464797,-84.938227,3/15/15 0:26,Property Damaged Only,1,Dark-Not Lighted
5104024,Pedestrian,33.477238,-81.977878,12/22/14 19:39,Property Damaged Only,1,Dark-Not Lighted
4717011,Pedestrian,34.565973,-83.327389,1/16/14 21:36,Property Damaged Only,1,Dark-Not Lighted
6078280,Pedestrian,32.868585,-83.615315,1/14/17 4:30,Property Damaged Only,1,Dark-Not Lighted
5331366,Pedestrian,33.923269,-84.28157,6/21/15 0:30,Property Damaged Only,1,Dark-Not Lighted
5330659,Pedestrian,31.982245,-81.151248,6/20/15 21:16,Property Damaged Only,1,Dark-Not Lighted
5927065,Pedestrian,33.541033,-84.361403,9/20/16 6:55,Property Damaged Only,1,Dark-Not Lighted
4391519,Pedestrian,33.10182,-81.99421,2/3/13 19:31,Property Damaged Only,1,Dark-Not Lighted
4391411,Pedestrian,32.996754,-81.706094,2/1/13 21:04,Property Damaged Only,1,Dark-Not Lighted
5063694,Pedestrian,32.052879,-81.101943,11/24/14 20:51,Property Damaged Only,1,Dark-Not Lighted
6416030,Pedestrian,32.49834,-84.960848,10/4/17 7:10,Property Damaged Only,1,Dark-Not Lighted
5845787,Pedestrian,33.442237,-81.981292,7/21/16 22:21,Property Damaged Only,1,Dark-Not Lighted
5064801,Pedestrian,32.465318,-84.936781,11/25/14 18:23,Property Damaged Only,1,Dark-Not Lighted
5517008,Pedestrian,33.572755,-84.290594,11/19/15 1:50,Property Damaged Only,1,Dark-Not Lighted
5784305,Pedestrian,34.026943,-84.637529,6/6/16 4:00,Property Damaged Only,1,Dark-Not Lighted
4354547,Pedestrian,33.914422,-84.113882,2/13/13 20:15,Property Damaged Only,1,Dark-Not Lighted
5412994,Pedestrian,33.86426,-84.637119,8/27/15 23:50,Fatal,3,Dark-Not Lighted
6411039,Pedestrian,33.763615,-84.224095,9/29/17 23:50,Fatal,3,Dark-Not Lighted
6401345,Pedestrian,33.834042,-84.330862,9/22/17 4:20,Fatal,3,Dark-Not Lighted
4555851,Pedestrian,32.09538,-83.80265,8/18/13 20:05,Fatal,3,Dark-Not Lighted
4702842,Pedestrian,33.583926,-84.37753,1/14/14 5:28,Injury,2,Dark-Not Lighted
6475550,Pedestrian,34.51189,-84.92377,11/13/17 18:32,Injury,2,Dark-Not Lighted
5552593,Pedestrian,33.770261,-84.47302,11/14/15 18:04,Injury,2,Dark-Not Lighted
4626128,Pedestrian,33.881046,-84.6204,10/28/13 19:31,Injury,2,Dark-Not Lighted
5611045,Pedestrian,31.955851,-83.784711,1/22/16 18:24,Injury,2,Dark-Not Lighted
4641683,Pedestrian,33.502564,-82.140401,11/1/13 19:05,Injury,2,Dark-Not Lighted
4978191,Pedestrian,31.16177,-81.46786,9/10/14 4:09,Injury,2,Dark-Not Lighted
6498267,Pedestrian,31.476598,-82.44939,12/3/17 17:57,Injury,2,Dark-Not Lighted
5506083,Pedestrian,33.421687,-82.006774,11/10/15 18:02,Injury,2,Dark-Not Lighted
5088961,Pedestrian,33.948956,-83.412962,12/10/14 18:51,Injury,2,Dark-Not Lighted
6318479,Pedestrian,34.82628,-84.8114,7/20/17 21:30,Injury,2,Dark-Not Lighted
5542260,Pedestrian,33.624842,-84.229335,12/8/15 18:47,Injury,2,Dark-Not Lighted
6029890,Pedestrian,33.958774,-84.141678,11/30/16 19:25,Injury,2,Dark-Not Lighted
5316995,Pedestrian,33.952696,-84.144025,5/22/15 23:12,Injury,2,Dark-Not Lighted
4720546,Pedestrian,34.219744,-85.135193,2/1/14 0:19,Injury,2,Dark-Not Lighted
5937824,Pedestrian,33.816657,-84.352291,9/23/16 21:27,Injury,2,Dark-Not Lighted
5332005,Pedestrian,33.4638,-84.449765,6/10/15 3:50,Injury,2,Dark-Not Lighted
5548569,Pedestrian,33.902063,-84.244397,12/14/15 6:40,Injury,2,Dark-Not Lighted
5495164,Pedestrian,33.934965,-84.55586,10/30/15 21:50,Injury,2,Dark-Not Lighted
6360213,Pedestrian,33.274673,-84.29087,8/14/17 20:30,Injury,2,Dark-Not Lighted
5137461,Pedestrian,31.732406,-84.15045,1/22/15 18:58,Injury,2,Dark-Not Lighted
6179399,Pedestrian,32.841718,-83.559987,4/4/17 20:58,Injury,2,Dark-Not Lighted
5306948,Bicyclist,33.938637,-84.249119,5/24/15 23:55,Property Damaged Only,1,Dark-Not Lighted
5189768,Bicyclist,34.128711,-84.227086,10/20/14 6:32,Property Damaged Only,1,Dark-Not Lighted
4617932,Bicyclist,34.037743,-84.01458,10/4/13 23:44,Property Damaged Only,1,Dark-Not Lighted
6357142,Bicyclist,33.61169,-84.436699,8/17/17 5:35,Property Damaged Only,1,Dark-Not Lighted
4412546,Bicyclist,32.088432,-81.124057,4/12/13 21:25,Property Damaged Only,1,Dark-Not Lighted
6038803,Bicyclist,33.418186,-84.309245,12/8/16 19:48,Fatal,3,Dark-Not Lighted
5877580,Bicyclist,32.196182,-83.21032,8/14/16 20:40,Fatal,3,Dark-Not Lighted
4794242,Bicyclist,31.503735,-84.210759,3/17/14 7:13,Injury,2,Dark-Not Lighted
5756960,Pedestrian,33.767192,-84.412588,5/11/16 21:01,Property Damaged Only,1,Dark-Not Lighted
6113129,Pedestrian,33.588924,-84.475763,2/9/17 18:55,Property Damaged Only,1,Dark-Not Lighted
5080841,Pedestrian,33.79044,-83.71225,12/5/14 18:15,Property Damaged Only,1,Dark-Not Lighted
5060297,Pedestrian,33.94776,-83.41785,11/21/14 23:33,Property Damaged Only,1,Dark-Not Lighted