incidentIdNbr,crashType,latitude,longitude,dateOfIncidentDate,severity,Mag,lightCondition
5178678,Pedestrian,33.718838,-84.30915,2/16/15 18:59,Property Damaged Only,1,Dark-Not Lighted
5583108,Pedestrian,32.424385,-84.917846,1/5/16 19:00,Property Damaged Only,1,Dark-Not Lighted
6103533,Pedestrian,33.894787,-84.538657,2/1/17 19:04,Property Damaged Only,1,Dark-Not Lighted
5598364,Pedestrian,34.474091,-84.923153,1/14/16 18:50,Property Damaged Only,1,Dark-Not Lighted
4433581,Pedestrian,33.782735,-84.237025,5/4/13 22:50,Property Damaged Only,1,Dark-Not Lighted
5114377,Pedestrian,34.595625,-83.775116,12/18/14 22:38,Property Damaged Only,1,Dark-Not Lighted
5539416,Pedestrian,34.029114,-84.437064,12/6/15 19:44,Property Damaged Only,1,Dark-Not Lighted
5953463,Pedestrian,33.412277,-84.16005,10/11/16 20:32,Property Damaged Only,1,Dark-Not Lighted
6431544,Pedestrian,32.799609,-83.664953,10/17/17 23:21,Property Damaged Only,1,Dark-Not Lighted
5551169,Pedestrian,33.91438,-84.121483,12/11/15 20:16,Property Damaged Only,1,Dark-Not Lighted
5788407,Pedestrian,31.562967,-83.833456,7/2/14 23:49,Property Damaged Only,1,Dark-Not Lighted
5039013,Pedestrian,33.640591,-84.354516,11/3/14 19:00,Property Damaged Only,1,Dark-Not Lighted
4386126,Pedestrian,32.00001,-81.28776,3/15/13 23:17,Fatal,3,Dark-Not Lighted
5964198,Pedestrian,33.981953,-84.559678,10/18/16 1:10,Fatal,3,Dark-Not Lighted
5844066,Pedestrian,33.630102,-84.000219,7/20/16 21:35,Fatal,3,Dark-Not Lighted
4977180,Pedestrian,31.29678,-84.39134,9/4/14 0:53,Fatal,3,Dark-Not Lighted
6109572,Pedestrian,33.024637,-85.077392,2/6/17 19:30,Fatal,3,Dark-Not Lighted
4482686,Pedestrian,33.769907,-84.539324,6/19/13 23:41,Injury,2,Dark-Not Lighted
6519177,Pedestrian,33.224025,-84.301025,12/14/17 19:45,Injury,2,Dark-Not Lighted
5036083,Pedestrian,33.707149,-84.219961,10/31/14 7:14,Injury,2,Dark-Not Lighted
6398662,Pedestrian,33.698795,-84.261807,9/20/17 3:25,Injury,2,Dark-Not Lighted
6427783,Pedestrian,33.082227,-83.222014,10/13/17 21:13,Injury,2,Dark-Not Lighted
5237917,Pedestrian,33.837554,-84.069297,3/31/15 6:42,Injury,2,Dark-Not Lighted
5559256,Pedestrian,33.613924,-83.163767,12/18/15 22:34,Injury,2,Dark-Not Lighted
4326058,Pedestrian,33.825301,-83.968011,1/10/13 18:20,Injury,2,Dark-Not Lighted
5506714,Pedestrian,33.779231,-84.607001,11/9/15 6:43,Injury,2,Dark-Not Lighted
5049389,Pedestrian,31.615822,-84.181574,11/12/14 21:21,Injury,2,Dark-Not Lighted
5731880,Pedestrian,33.887484,-84.082392,4/23/16 0:11,Injury,2,Dark-Not Lighted
5486112,Pedestrian,32.018403,-81.071605,10/27/15 19:23,Injury,2,Dark-Not Lighted
5506536,Pedestrian,33.780561,-84.708696,11/7/15 18:15,Injury,2,Dark-Not Lighted
4543169,Pedestrian,33.89515,-84.212592,8/15/13 20:41,Injury,2,Dark-Not Lighted
4367347,Pedestrian,33.617027,-84.512712,2/26/13 20:10,Injury,2,Dark-Not Lighted
4400316,Pedestrian,31.245281,-81.51296,3/29/13 20:34,Injury,2,Dark-Not Lighted
4329560,Pedestrian,32.55438,-83.64584,1/1/13 23:51,Injury,2,Dark-Not Lighted
5528232,Pedestrian,33.896974,-84.242516,11/28/15 20:50,Injury,2,Dark-Not Lighted
6052144,Pedestrian,33.538195,-84.592792,12/23/16 4:30,Injury,2,Dark-Not Lighted
4998540,Pedestrian,31.08465,-84.91206,9/25/14 21:18,Injury,2,Dark-Not Lighted
6505491,Pedestrian,33.327,-83.388694,12/6/17 19:44,Injury,2,Dark-Not Lighted
4495613,Pedestrian,32.507191,-84.940318,7/6/13 21:46,Injury,2,Dark-Not Lighted
5611886,Pedestrian,33.897839,-84.25094,1/26/16 18:20,Injury,2,Dark-Not Lighted
5035635,Pedestrian,33.647052,-84.490625,10/31/14 7:09,Injury,2,Dark-Not Lighted
5600359,Pedestrian,34.366766,-83.80542,1/13/16 5:21,Injury,2,Dark-Not Lighted
5937616,Pedestrian,33.69766,-84.768129,9/25/16 20:02,Injury,2,Dark-Not Lighted
6446769,Pedestrian,33.673351,-84.277663,10/27/17 6:17,Injury,2,Dark-Not Lighted
6484739,Pedestrian,33.349288,-82.053375,11/23/17 21:30,Injury,2,Dark-Not Lighted
6327982,Pedestrian,33.711265,-84.188744,7/27/17 23:35,Injury,2,Dark-Not Lighted
6069406,Pedestrian,33.97423,-83.391335,1/1/17 18:00,Injury,2,Dark-Not Lighted
4842848,Pedestrian,33.34839,-84.29571,5/10/14 20:50,Injury,2,Dark-Not Lighted
6140654,Pedestrian,33.994043,-84.549359,3/6/17 20:08,Injury,2,Dark-Not Lighted
5123704,Pedestrian,33.787257,-84.493761,12/22/14 6:03,Injury,2,Dark-Not Lighted
6454351,Pedestrian & Bicyclist,34.55988,-83.25787,10/31/17 6:30,Fatal,3,Dark-Not Lighted
6464735,Bicyclist,34.099836,-84.21628,11/8/17 18:55,Property Damaged Only,1,Dark-Not Lighted
4481740,Bicyclist,33.729694,-84.213982,6/18/13 22:16,Injury,2,Dark-Not Lighted
5686334,Pedestrian,33.757706,-84.542813,3/17/16 20:37,Property Damaged Only,1,Dark-Not Lighted
4527977,Pedestrian,32.84819,-83.614475,7/16/13 22:32,Property Damaged Only,1,Dark-Not Lighted
6541133,Pedestrian,32.543597,-82.911361,11/27/17 18:20,Property Damaged Only,1,Dark-Not Lighted
4399070,Pedestrian,33.775249,-84.561412,3/20/13 6:56,Property Damaged Only,1,Dark-Not Lighted
5980646,Pedestrian,34.004246,-84.59056,10/26/16 7:00,Property Damaged Only,1,Dark-Not Lighted
5849938,Pedestrian,33.67824,-83.975606,7/24/16 22:00,Property Damaged Only,1,Dark-Not Lighted
4345321,Pedestrian,34.265997,-85.211336,2/4/13 19:30,Property Damaged Only,1,Dark-Not Lighted
5549397,Pedestrian,33.672299,-84.457814,12/11/15 18:57,Property Damaged Only,1,Dark-Not Lighted
4967559,Pedestrian,30.837253,-83.270074,9/6/14 1:10,Property Damaged Only,1,Dark-Not Lighted
6186649,Pedestrian,33.981743,-84.156682,2/11/17 5:49,Property Damaged Only,1,Dark-Not Lighted
4433551,Pedestrian,32.000578,-81.077437,5/4/13 22:37,Property Damaged Only,1,Dark-Not Lighted
5108083,Pedestrian,33.78385,-83.69594,12/27/14 18:48,Property Damaged Only,1,Dark-Not Lighted
6517268,Pedestrian,33.577003,-84.392277,12/2/17 21:07,Property Damaged Only,1,Dark-Not Lighted
6199976,Pedestrian,31.567489,-84.140519,4/18/17 4:59,Fatal,3,Dark-Not Lighted
5947775,Pedestrian,32.805561,-81.949094,10/3/16 19:40,Fatal,3,Dark-Not Lighted
5124699,Pedestrian,30.852657,-83.221232,1/6/15 6:51,Fatal,3,Dark-Not Lighted
6398259,Pedestrian,33.92327,-84.28156,9/10/17 0:43,Fatal,3,Dark-Not Lighted
5519792,Pedestrian,33.953504,-83.410363,11/20/15 17:56,Fatal,3,Dark-Not Lighted
6098199,Pedestrian,33.900818,-84.208129,1/6/17 23:00,Fatal,3,Dark-Not Lighted
5914557,Pedestrian,33.751275,-84.446095,9/10/16 1:23,Fatal,3,Dark-Not Lighted
5426518,Pedestrian,33.787515,-83.95764,9/11/15 5:00,Fatal,3,Dark-Not Lighted
5509882,Pedestrian,34.284965,-83.119588,11/10/15 18:41,Injury,2,Dark-Not Lighted
6002983,Pedestrian,32.05168,-81.15074,11/17/16 6:37,Injury,2,Dark-Not Lighted
6362433,Pedestrian,33.711829,-84.271566,8/21/17 21:00,Injury,2,Dark-Not Lighted
5000165,Pedestrian,33.608636,-83.991385,9/29/14 23:06,Injury,2,Dark-Not Lighted
5994877,Pedestrian,33.348383,-84.29596,11/9/16 21:48,Injury,2,Dark-Not Lighted
5895925,Pedestrian,33.473592,-82.150211,8/16/16 5:57,Injury,2,Dark-Not Lighted
4965668,Pedestrian,33.950036,-83.999392,8/26/14 20:33,Injury,2,Dark-Not Lighted
6041486,Pedestrian,34.374196,-83.060706,12/14/16 18:15,Injury,2,Dark-Not Lighted
4923346,Pedestrian,33.889396,-84.06216,7/30/14 21:32,Injury,2,Dark-Not Lighted
4566268,Pedestrian,33.73119,-84.19449,9/10/13 23:25,Injury,2,Dark-Not Lighted
4926333,Pedestrian,33.954754,-84.141347,8/2/14 21:17,Injury,2,Dark-Not Lighted
6092257,Pedestrian,33.581502,-84.190818,1/21/17 20:17,Injury,2,Dark-Not Lighted
6551426,Pedestrian,32.497757,-83.729798,9/12/17 20:34,Injury,2,Dark-Not Lighted
4587401,Pedestrian,34.08459,-84.5064,9/29/13 7:06,Injury,2,Dark-Not Lighted
6078125,Pedestrian,32.473595,-84.9734,1/13/17 18:24,Injury,2,Dark-Not Lighted
4964548,Pedestrian,33.39855,-84.79719,8/29/14 23:11,Injury,2,Dark-Not Lighted
5537277,Pedestrian,33.70335,-84.770871,12/2/15 18:47,Injury,2,Dark-Not Lighted
4885459,Pedestrian,33.854434,-84.381017,6/13/14 21:24,Injury,2,Dark-Not Lighted
6536741,Pedestrian,31.900426,-84.2702,12/28/17 20:10,Injury,2,Dark-Not Lighted
5097633,Pedestrian,32.849514,-83.54608,12/15/14 21:34,Injury,2,Dark-Not Lighted
5428650,Pedestrian,33.966512,-84.013037,9/5/15 6:27,Injury,2,Dark-Not Lighted
6210784,Pedestrian,32.680976,-84.535427,4/18/17 1:31,Injury,2,Dark-Not Lighted
5178546,Pedestrian,34.526168,-83.935336,2/13/15 20:56,Injury,2,Dark-Not Lighted
4638990,Pedestrian,33.00094,-84.39806,10/10/13 7:02,Injury,2,Dark-Not Lighted
5110077,Pedestrian,33.20499,-84.203186,12/26/14 18:30,Injury,2,Dark-Not Lighted
6116876,Bicyclist,33.854922,-84.33904,2/11/17 18:22,Property Damaged Only,1,Dark-Not Lighted
6282926,Bicyclist,33.985218,-84.424386,6/20/17 21:09,Injury,2,Dark-Not Lighted
6427892,Bicyclist,32.92987,-84.33402,10/11/17 21:40,Injury,2,Dark-Not Lighted
6530417,Pedestrian,33.431237,-84.178062,12/21/17 18:14,Property Damaged Only,1,Dark-Not Lighted
4333558,Pedestrian,33.578831,-84.417232,1/21/13 5:34,Property Damaged Only,1,Dark-Not Lighted
6345050,Pedestrian,33.943774,-84.124154,8/4/17 21:24,Property Damaged Only,1,Dark-Not Lighted
4418722,Pedestrian,33.701869,-84.269165,4/19/13 6:27,Property Damaged Only,1,Dark-Not Lighted
4793022,Pedestrian,33.582431,-85.062268,2/3/14 20:03,Property Damaged Only,1,Dark-Not Lighted
5799832,Pedestrian,33.698995,-84.074729,6/17/16 23:11,Property Damaged Only,1,Dark-Not Lighted
5591448,Pedestrian,33.800446,-84.186559,1/8/16 16:15,Property Damaged Only,1,Dark-Not Lighted
6346572,Pedestrian,33.702007,-84.116189,8/8/17 22:15,Property Damaged Only,1,Dark-Not Lighted
5595694,Pedestrian,33.762906,-84.199876,1/12/16 19:10,Property Damaged Only,1,Dark-Not Lighted
5079515,Pedestrian,34.541965,-85.31451,12/7/14 18:05,Property Damaged Only,1,Dark-Not Lighted
6504527,Pedestrian,33.664825,-84.029144,12/3/17 1:36,Fatal,3,Dark-Not Lighted
4404063,Pedestrian,33.843999,-84.500611,4/1/13 20:53,Fatal,3,Dark-Not Lighted
4780380,Pedestrian,33.202667,-84.89408,3/30/14 21:13,Fatal,3,Dark-Not Lighted
5644959,Pedestrian,33.295412,-84.286244,2/21/16 4:00,Fatal,3,Dark-Not Lighted
6071915,Pedestrian,31.142733,-81.482925,1/1/17 0:00,Fatal,3,Dark-Not Lighted
4743947,Pedestrian,34.907993,-85.31574,2/19/14 18:51,Fatal,3,Dark-Not Lighted
6176911,Pedestrian,34.266417,-85.15547,4/3/17 22:01,Fatal,3,Dark-Not Lighted
5544823,Pedestrian,33.974076,-84.181357,12/5/15 19:15,Injury,2,Dark-Not Lighted
5497035,Pedestrian,31.36555,-84.926969,11/3/15 6:36,Injury,2,Dark-Not Lighted
4707599,Pedestrian,31.720676,-81.49116,1/14/14 22:41,Injury,2,Dark-Not Lighted
5833205,Pedestrian,34.190476,-83.445481,6/26/16 22:30,Injury,2,Dark-Not Lighted
5499655,Pedestrian,34.307899,-83.837642,10/31/15 19:39,Injury,2,Dark-Not Lighted
5526855,Pedestrian,33.27912,-84.260938,11/26/15 21:20,Injury,2,Dark-Not Lighted
6485230,Pedestrian,33.24361,-84.17094,11/22/17 19:05,Injury,2,Dark-Not Lighted
5433589,Pedestrian,33.922559,-84.478339,5/28/15 21:25,Injury,2,Dark-Not Lighted
5021417,Pedestrian,33.40012,-84.595449,10/19/14 1:08,Injury,2,Dark-Not Lighted
5577836,Pedestrian,34.092699,-84.582204,1/1/16 3:38,Injury,2,Dark-Not Lighted
5222004,Pedestrian,32.169208,-81.901907,3/15/15 21:11,Injury,2,Dark-Not Lighted
5046381,Pedestrian,33.953491,-83.966574,11/4/14 23:30,Injury,2,Dark-Not Lighted
5061754,Pedestrian,33.737321,-84.444808,10/31/14 20:13,Injury,2,Dark-Not Lighted
5756552,Pedestrian,31.98301,-81.153799,5/16/16 0:32,Injury,2,Dark-Not Lighted
6348259,Pedestrian,33.935024,-84.350035,8/10/17 0:37,Injury,2,Dark-Not Lighted
5663570,Pedestrian,32.467966,-84.959651,3/6/16 20:20,Injury,2,Dark-Not Lighted
6300706,Pedestrian,34.025972,-84.388175,7/5/17 1:30,Injury,2,Dark-Not Lighted
6291573,Pedestrian,33.509597,-84.412418,6/28/17 23:44,Injury,2,Dark-Not Lighted
4411981,Pedestrian,33.564026,-84.34697,4/11/13 23:52,Injury,2,Dark-Not Lighted
5048065,Pedestrian,34.905952,-85.16636,11/8/14 0:15,Injury,2,Dark-Not Lighted
4969730,Pedestrian,33.931834,-83.731123,3/17/14 1:48,Injury,2,Dark-Not Lighted
6495889,Pedestrian,32.563049,-83.008297,11/26/17 0:35,Injury,2,Dark-Not Lighted
6484181,Pedestrian,33.623083,-83.976412,11/22/17 6:38,Injury,2,Dark-Not Lighted
4327855,Pedestrian,33.627994,-84.99131,1/11/13 18:35,Injury,2,Dark-Not Lighted
4661067,Pedestrian,33.626266,-83.97718,11/25/13 22:58,Injury,2,Dark-Not Lighted
6210787,Pedestrian,32.680963,-84.535428,4/18/17 1:31,Injury,2,Dark-Not Lighted
4740888,Pedestrian,32.466389,-84.95951,2/22/14 22:35,Injury,2,Dark-Not Lighted
4717939,Pedestrian,34.092531,-83.812459,11/27/13 22:50,Injury,2,Dark-Not Lighted
5999138,Pedestrian,34.171039,-84.16763,7/19/16 21:34,Injury,2,Dark-Not Lighted
4934499,Pedestrian,33.567244,-84.371653,8/11/14 21:37,Injury,2,Dark-Not Lighted
4599630,Pedestrian,30.839561,-83.957811,10/7/13 6:52,Injury,2,Dark-Not Lighted
4930238,Pedestrian,31.324085,-84.173133,8/5/14 0:04,Injury,2,Dark-Not Lighted
5631091,Pedestrian & Bicyclist,33.991645,-85.041497,6/7/14 21:22,Injury,2,Dark-Not Lighted
4560891,Bicyclist,32.37157,-81.32747,9/2/13 20:00,Property Damaged Only,1,Dark-Not Lighted
4931149,Bicyclist,33.813468,-83.359207,7/14/14 23:50,Property Damaged Only,1,Dark-Not Lighted
4455825,Bicyclist,33.803737,-83.71911,5/21/13 20:57,Injury,2,Dark-Not Lighted
5100952,Bicyclist,33.795129,-84.304378,12/18/14 19:58,Injury,2,Dark-Not Lighted
5314635,Pedestrian,33.629227,-84.248237,6/4/15 21:26,Property Damaged Only,1,Dark-Not Lighted
4329223,Pedestrian,33.744278,-84.349311,1/11/13 6:37,Property Damaged Only,1,Dark-Not Lighted
4326747,Pedestrian,33.761432,-84.536933,1/9/13 1:12,Property Damaged Only,1,Dark-Not Lighted
5605036,Pedestrian,32.872768,-83.612802,1/19/16 19:01,Property Damaged Only,1,Dark-Not Lighted
4702335,Pedestrian,33.790612,-84.263957,1/13/14 17:52,Property Damaged Only,1,Dark-Not Lighted
5637573,Pedestrian,32.41643,-81.779362,2/12/16 23:30,Property Damaged Only,1,Dark-Not Lighted
5194388,Pedestrian,33.52818,-83.852064,1/14/15 19:05,Property Damaged Only,1,Dark-Not Lighted
6409982,Pedestrian,33.913504,-83.949332,9/27/17 6:27,Property Damaged Only,1,Dark-Not Lighted
5412924,Pedestrian,33.469846,-84.342623,9/2/15 21:39,Property Damaged Only,1,Dark-Not Lighted
4653630,Pedestrian,31.161571,-81.498645,11/24/13 19:54,Property Damaged Only,1,Dark-Not Lighted
5597345,Pedestrian,33.578191,-84.274249,1/13/16 18:45,Property Damaged Only,1,Dark-Not Lighted
5412884,Pedestrian,33.678877,-84.057914,8/29/15 2:20,Property Damaged Only,1,Dark-Not Lighted
4625723,Pedestrian,34.510603,-84.958161,10/30/13 7:04,Property Damaged Only,1,Dark-Not Lighted
5182642,Pedestrian,33.590566,-84.364474,1/23/15 20:01,Property Damaged Only,1,Dark-Not Lighted
5509554,Pedestrian,33.517784,-84.365493,11/13/15 18:12,Property Damaged Only,1,Dark-Not Lighted
5415497,Pedestrian,33.846933,-84.176988,9/4/15 23:00,Property Damaged Only,1,Dark-Not Lighted
5553124,Pedestrian,32.945666,-84.336531,12/13/15 19:30,Property Damaged Only,1,Dark-Not Lighted
5475099,Pedestrian,31.80978,-82.153642,9/28/15 6:28,Property Damaged Only,1,Dark-Not Lighted
5090943,Pedestrian,34.023273,-84.589063,12/6/14 22:37,Property Damaged Only,1,Dark-Not Lighted
6160429,Pedestrian,33.549368,-84.40229,3/22/17 21:06,Property Damaged Only,1,Dark-Not Lighted
4723012,Pedestrian,33.771177,-84.388852,2/2/14 21:30,Property Damaged Only,1,Dark-Not Lighted
4789304,Pedestrian,33.709811,-84.271855,4/12/14 15:16,Property Damaged Only,1,Dark-Not Lighted
6018171,Pedestrian,31.195224,-82.294624,11/27/16 20:48,Fatal,3,Dark-Not Lighted
4979879,Pedestrian,33.99563,-83.107864,9/7/14 0:00,Fatal,3,Dark-Not Lighted
6588256,Pedestrian,33.968993,-84.14951,3/3/17 22:06,Fatal,3,Dark-Not Lighted
4960656,Pedestrian,32.06141,-84.26641,8/29/14 3:48,Fatal,3,Dark-Not Lighted
4928458,Pedestrian,34.117614,-84.531875,8/5/14 0:55,Fatal,3,Dark-Not Lighted
6342800,Pedestrian,32.267364,-83.24536,8/1/17 3:18,Fatal,3,Dark-Not Lighted
5074127,Pedestrian,32.519045,-84.91439,12/4/14 6:43,Fatal,3,Dark-Not Lighted
6018364,Pedestrian,33.763557,-84.596664,11/12/16 2:30,Fatal,3,Dark-Not Lighted
5851667,Pedestrian,33.826264,-84.195839,7/26/16 21:51,Fatal,3,Dark-Not Lighted
5397911,Pedestrian,33.600702,-83.127838,8/9/15 0:10,Fatal,3,Dark-Not Lighted
6463219,Pedestrian,30.798963,-83.38605,11/6/17 18:00,Injury,2,Dark-Not Lighted
4846719,Pedestrian,33.74999,-84.71114,5/9/14 23:15,Injury,2,Dark-Not Lighted
6368237,Pedestrian,31.207249,-82.335362,8/26/17 21:13,Injury,2,Dark-Not Lighted
6532212,Pedestrian,32.49725,-84.99011,12/28/17 18:00,Injury,2,Dark-Not Lighted
4788361,Pedestrian,33.90259,-84.82883,4/9/14 22:39,Injury,2,Dark-Not Lighted
5710340,Pedestrian,33.570447,-84.232091,4/12/16 0:07,Injury,2,Dark-Not Lighted
4682505,Pedestrian,33.91505,-84.84537,12/19/13 17:58,Injury,2,Dark-Not Lighted
4647236,Pedestrian,34.36889,-82.937545,11/17/13 19:41,Injury,2,Dark-Not Lighted
5932392,Pedestrian,31.169007,-81.502505,9/24/16 20:45,Injury,2,Dark-Not Lighted
4940964,Pedestrian,34.775352,-84.84545,8/11/14 21:15,Injury,2,Dark-Not Lighted
5604890,Pedestrian,33.725966,-84.16717,1/19/16 20:17,Injury,2,Dark-Not Lighted
6069503,Pedestrian,33.89265,-84.209776,12/27/16 18:11,Injury,2,Dark-Not Lighted
6507358,Pedestrian,32.93484,-84.34,12/6/17 19:35,Injury,2,Dark-Not Lighted
5052764,Pedestrian,33.057907,-83.245144,11/6/14 18:35,Injury,2,Dark-Not Lighted
6101657,Pedestrian,32.467358,-84.904151,1/31/17 18:15,Injury,2,Dark-Not Lighted
5773435,Pedestrian,33.912177,-84.383809,1/22/13 21:35,Injury,2,Dark-Not Lighted
6105494,Pedestrian,33.769333,-84.172806,2/4/17 4:10,Injury,2,Dark-Not Lighted
6347084,Pedestrian,33.691192,-84.70857,8/6/17 21:31,Injury,2,Dark-Not Lighted
4905203,Pedestrian,33.63683,-83.9799,7/6/14 3:51,Injury,2,Dark-Not Lighted
6194180,Pedestrian,32.587245,-84.87031,4/12/17 21:10,Injury,2,Dark-Not Lighted
5411451,Pedestrian,32.842894,-83.689553,8/14/15 22:15,Injury,2,Dark-Not Lighted
6459504,Pedestrian,33.570255,-84.548163,11/5/17 0:36,Injury,2,Dark-Not Lighted
6093713,Pedestrian,34.029253,-84.650019,1/25/17 19:38,Injury,2,Dark-Not Lighted
5983623,Pedestrian,33.943356,-84.163002,10/31/16 20:26,Injury,2,Dark-Not Lighted
4376036,Pedestrian,33.71579,-84.05232,3/7/13 23:31,Injury,2,Dark-Not Lighted
6025580,Pedestrian,32.55398,-83.875258,12/2/16 19:40,Injury,2,Dark-Not Lighted
4331087,Pedestrian,34.49415,-83.40753,1/17/13 0:01,Injury,2,Dark-Not Lighted
4726194,Pedestrian,34.38088,-84.020095,2/7/14 19:37,Injury,2,Dark-Not Lighted
4356900,Pedestrian,33.252983,-84.24314,2/12/13 20:23,Injury,2,Dark-Not Lighted
6425971,Bicyclist,33.528337,-84.363442,10/11/17 5:46,Property Damaged Only,1,Dark-Not Lighted
4437407,Bicyclist,31.183605,-81.53353,5/5/13 23:15,Fatal,3,Dark-Not Lighted
5752529,Bicyclist,34.720639,-84.80489,5/11/16 21:05,Injury,2,Dark-Not Lighted
6433052,Bicyclist,32.022796,-80.995699,10/19/17 4:03,Injury,2,Dark-Not Lighted
4489671,Bicyclist,33.567893,-84.371513,6/28/13 23:15,Injury,2,Dark-Not Lighted
5018508,Bicyclist,34.800386,-84.962059,10/6/14 19:30,Injury,2,Dark-Not Lighted
4679474,Bicyclist,33.36975,-82.074941,12/17/13 18:03,Injury,2,Dark-Not Lighted
5147067,Bicyclist,33.979209,-84.166893,12/18/14 6:59,Injury,2,Dark-Not Lighted
5193852,Bicyclist,31.713933,-83.233999,2/20/15 19:10,Injury,2,Dark-Not Lighted
4939678,Pedestrian,33.565017,-83.180414,7/20/14 3:17,Property Damaged Only,1,Dark-Not Lighted
4471589,Pedestrian,33.70551,-84.03376,6/7/13 22:22,Property Damaged Only,1,Dark-Not Lighted
6206317,Pedestrian,33.508614,-84.355984,3/29/17 22:52,Property Damaged Only,1,Dark-Not Lighted
5722795,Pedestrian,34.23881,-84.197308,3/14/16 7:04,Property Damaged Only,1,Dark-Not Lighted
4861639,Pedestrian,33.755318,-84.250727,5/28/14 21:23,Property Damaged Only,1,Dark-Not Lighted
4852169,Pedestrian,33.416218,-84.142714,5/19/14 22:38,Property Damaged Only,1,Dark-Not Lighted
5623333,Pedestrian,33.868368,-84.18816,1/29/16 21:09,Property Damaged Only,1,Dark-Not Lighted
4996642,Pedestrian,33.714154,-84.272417,9/25/14 19:30,Property Damaged Only,1,Dark-Not Lighted
4572014,Pedestrian,32.071349,-81.063599,9/17/13 4:21,Property Damaged Only,1,Dark-Not Lighted
4617371,Pedestrian,30.85962,-83.99181,10/23/13 6:26,Property Damaged Only,1,Dark-Not Lighted
6142895,Pedestrian,33.947476,-84.154431,3/7/17 21:14,Property Damaged Only,1,Dark-Not Lighted
5703559,Pedestrian,34.283969,-83.801401,4/5/16 5:39,Property Damaged Only,1,Dark-Not Lighted
5208955,Pedestrian,33.252107,-84.262056,3/7/15 19:54,Property Damaged Only,1,Dark-Not Lighted
4627979,Pedestrian,33.902846,-84.043445,10/29/13 6:20,Property Damaged Only,1,Dark-Not Lighted
5424977,Pedestrian,33.827649,-84.251378,9/15/15 5:37,Property Damaged Only,1,Dark-Not Lighted
5110047,Pedestrian,33.759197,-84.93394,12/26/14 20:45,Property Damaged Only,1,Dark-Not Lighted
5567914,Pedestrian,33.613589,-84.999463,12/18/15 18:14,Property Damaged Only,1,Dark-Not Lighted
6186053,Pedestrian,33.90507,-84.489393,4/5/17 22:30,Property Damaged Only,1,Dark-Not Lighted
5577449,Pedestrian,33.960574,-84.061438,12/25/15 0:23,Property Damaged Only,1,Dark-Not Lighted
6030211,Pedestrian,33.727184,-84.176273,12/6/16 20:36,Property Damaged Only,1,Dark-Not Lighted
6444158,Pedestrian,31.516143,-82.834236,10/19/17 6:45,Fatal,3,Dark-Not Lighted
5833738,Pedestrian,33.830592,-85.031316,6/3/16 22:42,Fatal,3,Dark-Not Lighted
6407743,Pedestrian,34.0697,-83.568405,9/10/17 2:10,Fatal,3,Dark-Not Lighted
6223882,Pedestrian,34.44071,-83.13017,5/8/17 5:43,Fatal,3,Dark-Not Lighted
5244564,Pedestrian,31.056423,-84.86743,4/2/15 6:50,Fatal,3,Dark-Not Lighted
6333595,Pedestrian,33.800121,-84.620132,7/20/17 5:00,Fatal,3,Dark-Not Lighted
5405193,Pedestrian,32.78459,-82.74358,8/22/15 2:25,Fatal,3,Dark-Not Lighted
4564180,Pedestrian,33.979176,-83.985411,9/6/13 23:20,Fatal,3,Dark-Not Lighted
5440206,Pedestrian,34.202781,-83.827459,9/18/15 20:17,Fatal,3,Dark-Not Lighted
5957160,Pedestrian,34.79882,-84.954593,10/13/16 20:22,Fatal,3,Dark-Not Lighted
6390180,Pedestrian,32.360578,-89.100194,9/11/17 20:23,Injury,2,Dark-Not Lighted
4699885,Pedestrian,33.889303,-84.22703,1/10/14 19:05,Injury,2,Dark-Not Lighted
4611405,Pedestrian,31.546487,-84.176668,10/19/13 0:52,Injury,2,Dark-Not Lighted
5129807,Pedestrian,33.596478,-84.497828,1/15/15 7:45,Injury,2,Dark-Not Lighted
6005720,Pedestrian,30.84615,-84.54182,11/19/16 0:05,Injury,2,Dark-Not Lighted
5502749,Pedestrian,33.82416,-84.14947,11/8/15 18:47,Injury,2,Dark-Not Lighted
5456842,Pedestrian,33.621008,-84.398836,9/4/15 22:52,Injury,2,Dark-Not Lighted
5055475,Pedestrian,34.464689,-84.461315,11/16/14 21:50,Injury,2,Dark-Not Lighted
5770041,Pedestrian,34.256785,-83.763459,5/23/16 21:42,Injury,2,Dark-Not Lighted
5013903,Pedestrian,33.771798,-83.700253,10/6/14 20:40,Injury,2,Dark-Not Lighted
6008868,Pedestrian,33.804847,-84.188986,11/21/16 0:00,Injury,2,Dark-Not Lighted
6233996,Pedestrian,33.954821,-84.141258,5/13/17 21:31,Injury,2,Dark-Not Lighted
6199156,Pedestrian,31.646272,-84.005817,4/13/17 3:45,Injury,2,Dark-Not Lighted
5170708,Pedestrian,33.787606,-84.247756,2/8/15 21:46,Injury,2,Dark-Not Lighted
6054071,Pedestrian,32.847316,-83.688049,12/24/16 21:00,Injury,2,Dark-Not Lighted
6086936,Pedestrian,32.824176,-83.717376,1/19/17 21:55,Injury,2,Dark-Not Lighted
5883158,Pedestrian,34.689773,-84.615704,6/9/16 23:24,Injury,2,Dark-Not Lighted
5636867,Pedestrian,34.09335,-84.49294,2/13/16 23:30,Injury,2,Dark-Not Lighted
5571949,Pedestrian,32.079253,-81.111834,12/29/15 4:32,Injury,2,Dark-Not Lighted
5796395,Pedestrian,34.114719,-84.07423,6/10/16 23:20,Injury,2,Dark-Not Lighted
4782752,Pedestrian,34.167344,-85.149699,4/5/14 22:15,Injury,2,Dark-Not Lighted
4625062,Pedestrian,33.434886,-84.65088,10/26/13 20:58,Injury,2,Dark-Not Lighted
5452655,Pedestrian,32.075498,-81.082916,10/2/15 21:00,Injury,2,Dark-Not Lighted
5014336,Pedestrian,33.701262,-84.146884,10/11/14 23:00,Injury,2,Dark-Not Lighted
5469921,Pedestrian,32.339195,-81.896481,10/14/15 20:05,Injury,2,Dark-Not Lighted