incidentIdNbr,crashType,latitude,longitude,dateOfIncidentDate,severity,Mag,lightCondition
5407994,Pedestrian,34.076962,-83.890985,8/30/15 0:56,Injury,2,Dark-Not Lighted
5730121,Pedestrian,33.750675,-84.716561,3/17/16 22:10,Injury,2,Dark-Not Lighted
5759169,Pedestrian,34.035608,-83.954619,5/12/16 22:14,Injury,2,Dark-Not Lighted
5006628,Pedestrian,32.073384,-81.073438,10/5/14 1:10,Injury,2,Dark-Not Lighted
5948284,Pedestrian,33.51797,-84.38003,10/7/16 7:10,Injury,2,Dark-Not Lighted
4871142,Pedestrian,34.728302,-84.739296,6/4/14 21:00,Injury,2,Dark-Not Lighted
4503461,Pedestrian,33.552651,-84.466033,7/14/13 3:14,Injury,2,Dark-Not Lighted
5412373,Pedestrian,33.25011,-84.26677,8/23/15 21:05,Injury,2,Dark-Not Lighted
4533419,Pedestrian,33.80316,-84.85555,8/1/13 21:25,Injury,2,Dark-Not Lighted
5014931,Pedestrian,33.745166,-84.196152,10/12/14 22:20,Injury,2,Dark-Not Lighted
5876233,Pedestrian,31.361509,-84.103473,8/10/16 21:55,Injury,2,Dark-Not Lighted
6335865,Pedestrian & Bicyclist,31.171608,-81.49558,8/2/17 1:20,Property Damaged Only,1,Dark-Not Lighted
5120297,Bicyclist,31.253993,-81.552887,12/31/14 23:08,Property Damaged Only,1,Dark-Not Lighted
4601978,Bicyclist,33.860357,-84.145599,10/1/13 7:01,Property Damaged Only,1,Dark-Not Lighted
4884643,Bicyclist,33.347044,-82.055054,6/22/14 0:21,Fatal,3,Dark-Not Lighted
5839458,Bicyclist,31.498454,-82.836473,7/16/16 22:22,Injury,2,Dark-Not Lighted
5278525,Bicyclist,33.907079,-83.987649,5/1/15 22:37,Injury,2,Dark-Not Lighted
6015303,Bicyclist,33.960182,-83.356914,11/24/16 19:35,Injury,2,Dark-Not Lighted
5079501,Bicyclist,33.586561,-84.378337,12/4/14 18:40,Injury,2,Dark-Not Lighted
5602451,Bicyclist,33.501089,-84.641071,1/13/16 6:01,Injury,2,Dark-Not Lighted
6300945,Pedestrian,33.86651,-84.796394,7/2/17 21:10,Property Damaged Only,1,Dark-Not Lighted
5120615,Pedestrian,31.244327,-81.449906,12/19/14 17:57,Property Damaged Only,1,Dark-Not Lighted
6095135,Pedestrian,33.789415,-84.622354,1/20/17 19:17,Property Damaged Only,1,Dark-Not Lighted
5396918,Pedestrian,33.59057,-84.27714,8/19/15 21:15,Property Damaged Only,1,Dark-Not Lighted
5104144,Pedestrian,33.902797,-84.567928,12/19/14 18:03,Property Damaged Only,1,Dark-Not Lighted
6033784,Pedestrian,33.818032,-83.704991,12/5/16 4:00,Property Damaged Only,1,Dark-Not Lighted
6091383,Pedestrian,33.595772,-84.446747,1/23/17 21:21,Property Damaged Only,1,Dark-Not Lighted
4907401,Pedestrian,33.6968,-84.30984,3/4/14 22:30,Property Damaged Only,1,Dark-Not Lighted
4398421,Pedestrian,33.804904,-84.534503,3/29/13 20:35,Property Damaged Only,1,Dark-Not Lighted
5316079,Pedestrian,33.043775,-85.018051,6/5/15 23:41,Property Damaged Only,1,Dark-Not Lighted
4843535,Pedestrian,33.746641,-84.379341,5/3/14 21:43,Property Damaged Only,1,Dark-Not Lighted
4525619,Pedestrian,34.08703,-84.02379,7/30/13 5:40,Property Damaged Only,1,Dark-Not Lighted
4969592,Pedestrian,33.948217,-83.765945,1/31/14 6:50,Property Damaged Only,1,Dark-Not Lighted
5925331,Pedestrian,32.47717,-84.869642,9/19/16 6:30,Property Damaged Only,1,Dark-Not Lighted
4735534,Pedestrian,33.760995,-84.507066,2/11/14 5:24,Property Damaged Only,1,Dark-Not Lighted
5921679,Pedestrian,33.90253,-84.105271,9/14/16 20:45,Property Damaged Only,1,Dark-Not Lighted
6091387,Pedestrian,32.758412,-83.661593,1/23/17 23:38,Property Damaged Only,1,Dark-Not Lighted
6459442,Pedestrian,33.012935,-85.130165,11/3/17 20:50,Fatal,3,Dark-Not Lighted
5750941,Pedestrian,33.586592,-84.510632,5/11/16 3:50,Fatal,3,Dark-Not Lighted
5412770,Pedestrian,34.251941,-83.461578,9/1/15 21:50,Fatal,3,Dark-Not Lighted
4915240,Pedestrian,34.435852,-83.63222,7/20/14 21:15,Fatal,3,Dark-Not Lighted
5832426,Pedestrian,34.95915,-85.040661,6/30/16 21:30,Fatal,3,Dark-Not Lighted
6209319,Pedestrian,33.877906,-84.188724,4/27/17 3:47,Fatal,3,Dark-Not Lighted
4608162,Pedestrian,32.85122,-83.62082,9/24/13 1:48,Fatal,3,Dark-Not Lighted
5129576,Pedestrian,33.6079,-85.08423,1/11/15 19:40,Fatal,3,Dark-Not Lighted
5601222,Pedestrian,31.603693,-85.040059,1/15/16 18:30,Fatal,3,Dark-Not Lighted
5633886,Pedestrian,33.611886,-84.471888,2/5/16 21:52,Fatal,3,Dark-Not Lighted
5704545,Pedestrian,33.521127,-84.32249,4/3/16 0:21,Fatal,3,Dark-Not Lighted
5613360,Pedestrian,32.622675,-83.965267,8/2/15 22:30,Fatal,3,Dark-Not Lighted
5629597,Pedestrian,33.787265,-84.617875,12/4/15 23:27,Injury,2,Dark-Not Lighted
5576496,Pedestrian,32.427795,-84.950528,1/1/16 5:30,Injury,2,Dark-Not Lighted
5127655,Pedestrian,32.84075,-83.648218,1/13/15 17:59,Injury,2,Dark-Not Lighted
4635480,Pedestrian,33.88056,-84.579713,11/9/13 18:26,Injury,2,Dark-Not Lighted
4642284,Pedestrian,30.91773,-83.23275,11/14/13 19:41,Injury,2,Dark-Not Lighted
4537368,Pedestrian,34.199165,-84.79378,8/11/13 21:03,Injury,2,Dark-Not Lighted
5454823,Pedestrian,33.702244,-84.089702,10/3/15 21:51,Injury,2,Dark-Not Lighted
4925770,Pedestrian,33.994143,-84.273386,8/2/14 1:15,Injury,2,Dark-Not Lighted
6425736,Pedestrian,32.154216,-81.98487,10/10/17 20:06,Injury,2,Dark-Not Lighted
6088405,Pedestrian,33.5731,-84.37167,1/21/17 9:55,Injury,2,Dark-Not Lighted
4690716,Pedestrian,34.328762,-82.87691,12/29/13 18:30,Injury,2,Dark-Not Lighted
5558643,Pedestrian,33.780181,-84.69167,12/15/15 18:03,Injury,2,Dark-Not Lighted
6202930,Pedestrian,33.73251,-84.20252,4/22/17 0:24,Injury,2,Dark-Not Lighted
6212317,Pedestrian,33.80111,-83.700676,4/28/17 22:30,Injury,2,Dark-Not Lighted
6118590,Pedestrian,34.117268,-83.763699,2/14/17 23:40,Injury,2,Dark-Not Lighted
6062796,Pedestrian,33.697146,-84.173215,1/1/17 20:40,Injury,2,Dark-Not Lighted
5037031,Pedestrian,33.671739,-84.218845,10/31/14 18:55,Injury,2,Dark-Not Lighted
5672650,Pedestrian,33.324631,-84.290389,3/12/16 22:00,Injury,2,Dark-Not Lighted
4345441,Pedestrian,33.612395,-84.341939,1/19/13 20:11,Injury,2,Dark-Not Lighted
5799619,Pedestrian,32.11145,-81.32193,6/11/16 23:04,Injury,2,Dark-Not Lighted
5809480,Pedestrian,34.07525,-83.885447,6/21/16 5:35,Injury,2,Dark-Not Lighted
6097376,Pedestrian,33.468997,-84.335829,1/18/17 21:49,Injury,2,Dark-Not Lighted
6130093,Pedestrian,32.0882,-81.118069,2/25/17 19:32,Injury,2,Dark-Not Lighted
4627345,Pedestrian,34.801567,-85.012405,10/31/13 7:20,Injury,2,Dark-Not Lighted
5124914,Pedestrian,34.931151,-85.305406,1/9/15 17:30,Injury,2,Dark-Not Lighted
5810912,Pedestrian,31.965091,-81.152008,6/25/16 20:48,Injury,2,Dark-Not Lighted
4984532,Pedestrian,34.015172,-84.554371,9/18/14 7:07,Injury,2,Dark-Not Lighted
6142948,Pedestrian,33.92614,-84.74799,3/5/17 23:50,Injury,2,Dark-Not Lighted
4328332,Bicyclist,33.667128,-84.429074,1/16/13 20:08,Property Damaged Only,1,Dark-Not Lighted
5693708,Bicyclist,31.985624,-81.167481,3/29/16 20:04,Property Damaged Only,1,Dark-Not Lighted
5181525,Bicyclist,33.954754,-84.141347,2/5/15 22:25,Property Damaged Only,1,Dark-Not Lighted
5163033,Bicyclist,32.210466,-82.377244,10/21/14 7:22,Property Damaged Only,1,Dark-Not Lighted
4578586,Bicyclist,33.560658,-84.371204,9/23/13 19:50,Property Damaged Only,1,Dark-Not Lighted
4385596,Bicyclist,32.017705,-81.11455,3/18/13 2:17,Injury,2,Dark-Not Lighted
4975431,Bicyclist,34.349789,-83.916009,8/28/14 22:58,Injury,2,Dark-Not Lighted
6491999,Bicyclist,32.856229,-83.770713,11/29/17 18:00,Injury,2,Dark-Not Lighted
6301697,Bicyclist,32.21948,-81.36903,7/2/17 0:10,Injury,2,Dark-Not Lighted
6459671,Bicyclist,33.493038,-84.322975,11/4/17 19:18,Injury,2,Dark-Not Lighted
5813962,Bicyclist,33.795037,-84.086919,6/24/16 21:20,Injury,2,Dark-Not Lighted
6221783,Bicyclist,34.211887,-84.801,5/1/17 20:55,Injury,2,Dark-Not Lighted
6336088,Pedestrian,33.761748,-84.255434,8/2/17 23:45,Property Damaged Only,1,Dark-Not Lighted
5637939,Pedestrian,33.687193,-84.481069,2/15/16 21:12,Property Damaged Only,1,Dark-Not Lighted
5131944,Pedestrian,33.796193,-84.278264,1/16/15 20:45,Property Damaged Only,1,Dark-Not Lighted
4568108,Pedestrian,33.933799,-83.978166,9/12/13 5:42,Property Damaged Only,1,Dark-Not Lighted
5593812,Pedestrian,31.576268,-84.133973,1/10/16 18:36,Property Damaged Only,1,Dark-Not Lighted
6197014,Pedestrian,228.9036,141.3239,4/13/17 21:30,Property Damaged Only,1,Dark-Not Lighted
6485385,Pedestrian,33.761692,-84.196084,11/24/17 20:50,Property Damaged Only,1,Dark-Not Lighted
5013821,Pedestrian,33.706455,-84.116082,10/11/14 0:20,Property Damaged Only,1,Dark-Not Lighted
6163806,Pedestrian,33.576596,-84.41455,3/24/17 6:41,Property Damaged Only,1,Dark-Not Lighted
4632942,Pedestrian,33.69651,-84.14813,11/6/13 23:00,Property Damaged Only,1,Dark-Not Lighted
5378762,Pedestrian,34.033601,-83.895576,8/3/15 10:28,Property Damaged Only,1,Dark-Not Lighted
6381427,Pedestrian,33.715413,-84.273535,9/5/17 20:56,Property Damaged Only,1,Dark-Not Lighted
4928338,Pedestrian,33.877704,-83.931669,7/31/14 21:20,Property Damaged Only,1,Dark-Not Lighted
5408839,Pedestrian,34.002491,-83.385231,8/30/15 22:14,Property Damaged Only,1,Dark-Not Lighted
6525828,Pedestrian,33.513135,-84.213465,12/22/17 18:18,Property Damaged Only,1,Dark-Not Lighted
4547015,Pedestrian,33.023347,-83.234472,7/2/13 5:27,Property Damaged Only,1,Dark-Not Lighted
4988352,Pedestrian,34.244401,-83.89348,2/15/13 23:13,Property Damaged Only,1,Dark-Not Lighted
4937709,Pedestrian,33.25503,-84.23962,8/13/14 20:50,Fatal,3,Dark-Not Lighted
4538983,Pedestrian,33.861026,-84.33946,8/11/13 2:39,Fatal,3,Dark-Not Lighted
6019354,Pedestrian,33.647084,-84.260215,11/30/16 2:10,Fatal,3,Dark-Not Lighted
4759795,Pedestrian,34.06697,-83.937547,3/11/14 21:29,Fatal,3,Dark-Not Lighted
6515441,Pedestrian,30.747777,-83.38194,12/13/17 20:20,Fatal,3,Dark-Not Lighted
4883653,Pedestrian,32.85937,-85.173484,6/16/14 2:50,Fatal,3,Dark-Not Lighted
5241100,Pedestrian,33.688021,-84.254032,4/4/15 1:50,Fatal,3,Dark-Not Lighted
6440902,Pedestrian,33.895788,-84.190966,10/22/17 22:40,Fatal,3,Dark-Not Lighted
6341159,Pedestrian,30.783065,-81.613092,7/28/17 2:30,Fatal,3,Dark-Not Lighted
5248156,Pedestrian,34.294315,-84.822708,4/7/15 3:00,Fatal,3,Dark-Not Lighted
5369785,Pedestrian,34.065419,-83.949607,7/26/15 0:46,Fatal,3,Dark-Not Lighted
5489278,Pedestrian,33.542639,-84.577068,10/29/15 21:30,Fatal,3,Dark-Not Lighted
4737113,Pedestrian,33.703548,-84.17382,2/19/14 4:30,Fatal,3,Dark-Not Lighted
6011953,Pedestrian,34.671325,-85.108575,11/22/16 22:40,Injury,2,Dark-Not Lighted
5179108,Pedestrian,33.277979,-84.282378,2/15/15 22:30,Injury,2,Dark-Not Lighted
5695476,Pedestrian,33.042081,-85.01424,3/30/16 23:04,Injury,2,Dark-Not Lighted
4636979,Pedestrian,32.374973,-81.84393,11/10/13 18:39,Injury,2,Dark-Not Lighted
4567308,Pedestrian,33.71686,-84.34355,9/11/13 6:44,Injury,2,Dark-Not Lighted
6097019,Pedestrian,33.868493,-84.830112,1/28/17 19:35,Injury,2,Dark-Not Lighted
6186599,Pedestrian,32.838927,-83.686758,4/10/17 7:09,Injury,2,Dark-Not Lighted
6435808,Pedestrian,33.581677,-85.098456,7/21/15 21:34,Injury,2,Dark-Not Lighted
5838357,Pedestrian,33.694884,-84.179549,7/16/16 23:28,Injury,2,Dark-Not Lighted
5413746,Pedestrian,32.59864,-83.709313,9/3/15 6:27,Injury,2,Dark-Not Lighted
5848958,Pedestrian,31.920446,-82.81453,7/19/16 21:05,Injury,2,Dark-Not Lighted
5203264,Pedestrian,33.804032,-84.568502,3/1/15 19:20,Injury,2,Dark-Not Lighted
6065114,Pedestrian,33.506829,-82.084881,12/2/16 21:36,Injury,2,Dark-Not Lighted
5136730,Pedestrian,31.083277,-81.612616,1/17/15 22:25,Injury,2,Dark-Not Lighted
6096174,Pedestrian,33.408817,-82.09395,1/27/17 23:56,Injury,2,Dark-Not Lighted
5342920,Pedestrian,33.596478,-84.497828,7/2/15 1:14,Injury,2,Dark-Not Lighted
5391311,Pedestrian,32.533111,-84.880134,8/15/15 21:00,Injury,2,Dark-Not Lighted
5827630,Pedestrian,33.458476,-82.212991,7/11/16 22:37,Injury,2,Dark-Not Lighted
4484833,Pedestrian,33.80311,-84.25004,6/23/13 1:25,Injury,2,Dark-Not Lighted
5115130,Pedestrian,31.179404,-81.472403,12/18/14 17:54,Injury,2,Dark-Not Lighted
4849239,Pedestrian,31.16996,-83.43343,5/16/14 22:19,Injury,2,Dark-Not Lighted
6440296,Pedestrian,33.691455,-83.53682,10/21/17 20:21,Injury,2,Dark-Not Lighted
5960876,Pedestrian,32.097614,-81.146785,10/17/16 21:16,Injury,2,Dark-Not Lighted
6471770,Pedestrian,33.578295,-84.425699,11/13/17 20:00,Injury,2,Dark-Not Lighted
4440641,Pedestrian,33.950851,-84.516362,5/8/13 21:44,Injury,2,Dark-Not Lighted
4606109,Pedestrian,34.281589,-83.789595,10/14/13 20:15,Injury,2,Dark-Not Lighted
5958388,Pedestrian,33.644225,-84.389978,10/16/16 0:39,Injury,2,Dark-Not Lighted
6408375,Pedestrian,34.081813,-84.67634,9/26/17 19:36,Injury,2,Dark-Not Lighted
5547093,Pedestrian,33.828622,-84.24986,12/12/15 20:55,Injury,2,Dark-Not Lighted
5442638,Bicyclist,33.683523,-83.992606,9/21/15 19:53,Property Damaged Only,1,Dark-Not Lighted
5187382,Bicyclist,33.47231,-84.414107,10/30/14 21:52,Property Damaged Only,1,Dark-Not Lighted
5534337,Bicyclist,32.218217,-82.395336,11/30/15 20:20,Property Damaged Only,1,Dark-Not Lighted
6337713,Bicyclist,31.2151,-83.24673,8/2/17 3:25,Property Damaged Only,1,Dark-Not Lighted
4617954,Bicyclist,33.947514,-84.138278,10/10/13 20:00,Property Damaged Only,1,Dark-Not Lighted
5463055,Bicyclist,34.780366,-84.800548,10/6/15 6:34,Property Damaged Only,1,Dark-Not Lighted
4328090,Bicyclist,33.977922,-84.228111,1/10/13 19:13,Injury,2,Dark-Not Lighted
6273319,Bicyclist,33.78338,-83.7095,6/10/17 21:05,Injury,2,Dark-Not Lighted
6201757,Bicyclist,33.537179,-84.377141,4/21/17 5:43,Injury,2,Dark-Not Lighted
5446669,Pedestrian,34.145682,-84.498077,9/28/15 21:58,Property Damaged Only,1,Dark-Not Lighted
6026199,Pedestrian,33.931671,-84.099159,12/3/16 20:22,Property Damaged Only,1,Dark-Not Lighted
6110861,Pedestrian,33.750631,-84.228454,2/9/17 0:25,Property Damaged Only,1,Dark-Not Lighted
6025210,Pedestrian,33.41722,-82.07815,12/5/16 6:17,Property Damaged Only,1,Dark-Not Lighted
4725961,Pedestrian,33.57302,-84.370699,2/7/14 20:04,Property Damaged Only,1,Dark-Not Lighted
4674097,Pedestrian,33.588222,-84.423447,12/13/13 17:50,Property Damaged Only,1,Dark-Not Lighted
5830842,Pedestrian,33.70289,-84.165367,7/10/16 23:23,Property Damaged Only,1,Dark-Not Lighted
6446550,Pedestrian,34.294464,-83.816257,10/26/17 23:15,Property Damaged Only,1,Dark-Not Lighted
5228764,Pedestrian,33.773223,-84.256605,3/24/15 21:54,Property Damaged Only,1,Dark-Not Lighted
5036230,Pedestrian,33.709644,-84.022837,10/30/14 19:55,Property Damaged Only,1,Dark-Not Lighted
6429249,Pedestrian,33.604495,-84.478215,10/12/17 6:31,Property Damaged Only,1,Dark-Not Lighted
5622702,Pedestrian,33.481392,-84.201804,2/3/16 23:25,Property Damaged Only,1,Dark-Not Lighted
6078201,Pedestrian,32.464304,-84.937423,1/13/17 22:30,Property Damaged Only,1,Dark-Not Lighted
6421080,Pedestrian,33.765462,-84.529805,10/7/17 20:05,Property Damaged Only,1,Dark-Not Lighted
5710113,Pedestrian,33.845813,-84.014997,4/8/16 20:55,Property Damaged Only,1,Dark-Not Lighted
4796919,Pedestrian,32.052925,-81.145158,4/18/14 20:47,Property Damaged Only,1,Dark-Not Lighted
5544528,Pedestrian,33.861435,-84.286448,12/10/15 6:28,Property Damaged Only,1,Dark-Not Lighted
5918148,Pedestrian,34.094675,-84.043839,9/13/16 6:05,Property Damaged Only,1,Dark-Not Lighted
5510632,Pedestrian,34.118183,-84.467561,11/14/15 20:27,Property Damaged Only,1,Dark-Not Lighted
5532918,Pedestrian,33.690517,-84.299599,12/1/15 18:10,Property Damaged Only,1,Dark-Not Lighted
6192141,Pedestrian,31.180969,-83.795065,4/4/17 21:07,Property Damaged Only,1,Dark-Not Lighted
5021369,Pedestrian,33.737946,-84.251989,10/18/14 20:55,Property Damaged Only,1,Dark-Not Lighted
6461315,Pedestrian,33.595934,-84.446697,10/31/17 19:39,Property Damaged Only,1,Dark-Not Lighted
5579271,Pedestrian,33.9518,-84.101498,12/29/15 18:15,Property Damaged Only,1,Dark-Not Lighted
6408190,Pedestrian,33.76501,-84.564258,9/25/17 6:49,Property Damaged Only,1,Dark-Not Lighted
5908967,Pedestrian,34.832217,-83.730174,6/28/16 0:12,Property Damaged Only,1,Dark-Not Lighted
4869370,Pedestrian,33.887142,-84.466168,5/18/14 23:24,Fatal,3,Dark-Not Lighted
4657213,Pedestrian,32.019592,-80.99204,11/28/13 0:43,Fatal,3,Dark-Not Lighted
5627511,Pedestrian,33.602605,-84.446271,2/8/16 0:41,Fatal,3,Dark-Not Lighted
5029992,Pedestrian,33.56138,-85.14592,10/11/14 20:45,Fatal,3,Dark-Not Lighted
6532797,Pedestrian,33.89336,-84.75999,12/24/17 18:15,Fatal,3,Dark-Not Lighted
4882713,Pedestrian,31.13393,-81.57715,6/16/14 3:52,Fatal,3,Dark-Not Lighted
5733274,Pedestrian,31.0319,-84.833867,4/22/16 23:03,Fatal,3,Dark-Not Lighted
6166060,Pedestrian,31.983208,-81.154557,3/26/17 2:34,Fatal,3,Dark-Not Lighted
4411959,Pedestrian,33.8822,-84.27872,4/11/13 21:37,Fatal,3,Dark-Not Lighted
6394495,Pedestrian,32.56828,-83.87475,9/13/17 23:00,Fatal,3,Dark-Not Lighted
5557902,Pedestrian,34.071197,-84.066144,12/16/15 23:05,Fatal,3,Dark-Not Lighted
4518630,Pedestrian,33.793514,-83.728614,7/12/13 21:47,Fatal,3,Dark-Not Lighted
4707147,Pedestrian,32.859092,-83.696104,12/28/13 20:45,Injury,2,Dark-Not Lighted
4569534,Pedestrian,33.184295,-84.010333,9/13/13 22:07,Injury,2,Dark-Not Lighted
5948627,Pedestrian,33.930449,-84.146431,10/4/16 22:13,Injury,2,Dark-Not Lighted
4859103,Pedestrian,32.46621,-84.96064,5/27/14 22:55,Injury,2,Dark-Not Lighted
4433636,Pedestrian,33.855966,-84.314211,5/5/13 4:12,Injury,2,Dark-Not Lighted
4581187,Pedestrian,33.634299,-84.338758,9/24/13 22:19,Injury,2,Dark-Not Lighted
5992262,Pedestrian,32.547095,-82.909469,11/7/16 18:12,Injury,2,Dark-Not Lighted
5596973,Pedestrian,32.296927,-83.488099,1/7/16 18:10,Injury,2,Dark-Not Lighted
6372257,Pedestrian,32.550477,-82.974627,12/29/16 22:21,Injury,2,Dark-Not Lighted
5074570,Pedestrian,34.677472,-84.478277,12/2/14 18:57,Injury,2,Dark-Not Lighted
5431085,Pedestrian,32.25481,-81.21982,9/19/15 20:30,Injury,2,Dark-Not Lighted
5964692,Pedestrian,30.748978,-81.56941,8/17/16 6:40,Injury,2,Dark-Not Lighted
4904751,Pedestrian,34.252483,-84.091161,3/23/14 0:52,Injury,2,Dark-Not Lighted
4858944,Pedestrian,33.793756,-84.289752,5/26/14 21:31,Injury,2,Dark-Not Lighted
4765333,Pedestrian,32.822062,-83.662693,3/1/14 19:24,Injury,2,Dark-Not Lighted
5568604,Pedestrian,34.781047,-84.888807,12/23/15 17:51,Injury,2,Dark-Not Lighted
4859077,Pedestrian,30.88862,-83.26011,5/24/14 20:58,Injury,2,Dark-Not Lighted
4386939,Pedestrian,34.566276,-84.939094,3/17/13 7:28,Injury,2,Dark-Not Lighted
6487020,Pedestrian,33.61634,-84.472776,11/24/17 18:48,Injury,2,Dark-Not Lighted
6265755,Pedestrian,33.511087,-84.395277,5/31/17 21:21,Injury,2,Dark-Not Lighted
6504194,Pedestrian,31.1001,-84.22569,12/5/17 17:55,Injury,2,Dark-Not Lighted
6087121,Pedestrian,34.145184,-83.96492,1/17/17 18:50,Injury,2,Dark-Not Lighted
5542756,Pedestrian,32.512853,-81.966174,12/8/15 18:00,Injury,2,Dark-Not Lighted
6418605,Pedestrian & Bicyclist,33.911717,-84.063952,10/5/17 6:29,Fatal,3,Dark-Not Lighted
4413743,Bicyclist,33.928671,-84.337179,4/14/13 23:21,Property Damaged Only,1,Dark-Not Lighted
5142875,Bicyclist,34.130376,-84.230329,12/15/14 6:20,Property Damaged Only,1,Dark-Not Lighted
5495972,Bicyclist,31.77643,-81.63376,11/2/15 5:40,Property Damaged Only,1,Dark-Not Lighted
4644684,Bicyclist,33.914662,-84.553406,11/16/13 22:00,Injury,2,Dark-Not Lighted
5550105,Bicyclist,34.085864,-84.531021,12/10/15 19:05,Injury,2,Dark-Not Lighted
6314894,Bicyclist,34.353955,-84.031999,7/14/17 23:00,Injury,2,Dark-Not Lighted
4669271,Bicyclist,33.39774,-84.798645,12/7/13 20:40,Injury,2,Dark-Not Lighted
5448639,Bicyclist,33.959078,-84.013103,9/29/15 3:54,Injury,2,Dark-Not Lighted
4715848,Bicyclist,33.520261,-82.202354,1/8/14 20:26,Injury,2,Dark-Not Lighted
4471822,Pedestrian,34.119794,-84.484019,6/9/13 21:57,Property Damaged Only,1,Dark-Not Lighted
4642208,Pedestrian,33.551454,-84.257247,11/15/13 6:16,Property Damaged Only,1,Dark-Not Lighted
6516829,Pedestrian,33.073936,-85.045437,12/16/17 18:18,Property Damaged Only,1,Dark-Not Lighted
6526787,Pedestrian,32.001209,-81.109724,12/23/17 20:00,Property Damaged Only,1,Dark-Not Lighted
4422902,Pedestrian,32.073574,-81.160488,2/4/13 6:30,Property Damaged Only,1,Dark-Not Lighted
5184691,Pedestrian,33.267608,-84.294446,2/18/15 19:14,Property Damaged Only,1,Dark-Not Lighted
6031624,Pedestrian,32.052794,-81.081445,12/6/16 22:30,Property Damaged Only,1,Dark-Not Lighted
6177534,Pedestrian,33.92828,-84.139226,4/1/17 0:48,Property Damaged Only,1,Dark-Not Lighted
6535170,Pedestrian,33.551478,-84.257082,12/29/17 18:20,Property Damaged Only,1,Dark-Not Lighted
4548085,Pedestrian,32.79619,-83.66081,7/26/13 22:21,Property Damaged Only,1,Dark-Not Lighted
5035286,Pedestrian,33.600935,-84.471667,10/25/14 20:20,Property Damaged Only,1,Dark-Not Lighted
5883876,Pedestrian,33.806896,-84.185871,8/16/16 22:00,Property Damaged Only,1,Dark-Not Lighted
4408063,Pedestrian,33.04976,-84.933555,4/8/13 0:44,Property Damaged Only,1,Dark-Not Lighted
5666916,Pedestrian,32.464357,-84.947285,3/8/16 20:24,Property Damaged Only,1,Dark-Not Lighted
6377758,Pedestrian,32.84677,-83.59692,9/2/17 21:14,Fatal,3,Dark-Not Lighted
4464678,Pedestrian,31.153215,-83.725296,5/27/13 22:00,Fatal,3,Dark-Not Lighted
4766817,Pedestrian,33.912323,-84.379037,3/16/14 22:10,Fatal,3,Dark-Not Lighted
6387630,Pedestrian,34.15021,-83.88474,9/8/17 0:28,Fatal,3,Dark-Not Lighted
5926352,Pedestrian,33.532242,-84.363762,9/16/16 2:34,Fatal,3,Dark-Not Lighted
6024673,Pedestrian,32.644735,-83.612862,12/2/16 18:47,Fatal,3,Dark-Not Lighted
4627657,Pedestrian,32.295696,-83.92494,10/21/13 7:05,Fatal,3,Dark-Not Lighted
5904640,Pedestrian,34.977784,-85.244564,9/1/16 23:20,Fatal,3,Dark-Not Lighted
5563269,Pedestrian,32.986529,-82.436998,12/19/15 18:00,Fatal,3,Dark-Not Lighted
4834830,Pedestrian,32.007082,-81.070477,5/3/14 0:56,Fatal,3,Dark-Not Lighted
5015434,Pedestrian,33.434585,-82.085663,10/13/14 1:43,Fatal,3,Dark-Not Lighted
5192190,Pedestrian,33.40077,-84.87972,2/9/15 21:29,Fatal,3,Dark-Not Lighted
6033805,Pedestrian,33.763636,-84.19642,12/9/16 6:27,Injury,2,Dark-Not Lighted
5425115,Pedestrian,31.443529,-83.51961,9/13/15 21:14,Injury,2,Dark-Not Lighted
5923430,Pedestrian,33.739926,-84.586091,9/17/16 2:20,Injury,2,Dark-Not Lighted
5946547,Pedestrian,32.277318,-81.266125,9/17/16 20:31,Injury,2,Dark-Not Lighted
5987729,Pedestrian,33.839832,-84.319077,11/6/16 1:33,Injury,2,Dark-Not Lighted
5296951,Pedestrian,32.54066,-83.04146,5/16/15 0:52,Injury,2,Dark-Not Lighted
5625707,Pedestrian,34.299036,-85.177272,2/5/16 23:04,Injury,2,Dark-Not Lighted
4357137,Pedestrian,34.19073,-84.82003,2/13/13 22:01,Injury,2,Dark-Not Lighted
5241094,Pedestrian,33.687964,-84.253948,4/4/15 1:50,Injury,2,Dark-Not Lighted
5998929,Pedestrian,33.550877,-84.450412,9/25/16 20:16,Injury,2,Dark-Not Lighted
6378670,Pedestrian,30.745895,-83.27321,9/3/17 21:40,Injury,2,Dark-Not Lighted
5898508,Pedestrian,33.575892,-84.372086,8/30/16 20:35,Injury,2,Dark-Not Lighted
5541217,Pedestrian,32.09267,-81.196701,12/8/15 2:32,Injury,2,Dark-Not Lighted
6377650,Pedestrian,34.03433,-83.31666,9/1/17 5:56,Injury,2,Dark-Not Lighted
5260269,Pedestrian,34.085099,-84.553796,3/15/15 0:02,Injury,2,Dark-Not Lighted
5742299,Pedestrian,33.767811,-84.524421,5/2/16 21:25,Injury,2,Dark-Not Lighted
6294183,Pedestrian,34.35191,-83.959402,7/1/17 0:10,Injury,2,Dark-Not Lighted
5052250,Pedestrian,33.811579,-84.189199,11/15/14 19:52,Injury,2,Dark-Not Lighted
6506655,Pedestrian,33.65741,-85.01506,12/6/17 18:20,Injury,2,Dark-Not Lighted
5296638,Pedestrian,32.997093,-83.25268,5/14/15 21:22,Injury,2,Dark-Not Lighted
6476314,Pedestrian,33.796083,-84.278299,11/16/17 18:30,Injury,2,Dark-Not Lighted
5223502,Pedestrian,33.969218,-83.995069,3/19/15 7:50,Injury,2,Dark-Not Lighted
5025979,Pedestrian,33.329305,-84.780722,10/12/14 20:50,Injury,2,Dark-Not Lighted
5416016,Pedestrian,32.416176,-84.943851,9/6/15 2:50,Injury,2,Dark-Not Lighted
5601759,Pedestrian,33.981365,-84.558294,1/15/16 6:05,Injury,2,Dark-Not Lighted
4373566,Pedestrian,33.947464,-83.378104,2/12/13 20:21,Injury,2,Dark-Not Lighted