incidentIdNbr,crashType,latitude,longitude,dateOfIncidentDate,severity,Mag,lightCondition
4626668,Pedestrian,33.396255,-82.084418,10/10/13 20:12,Injury,2,Dark-Not Lighted
5234760,Pedestrian,34.613607,-83.411323,3/28/15 20:52,Injury,2,Dark-Not Lighted
6483717,Pedestrian,33.602509,-85.046397,11/18/17 21:59,Injury,2,Dark-Not Lighted
6304271,Pedestrian,31.592964,-84.159035,7/10/17 13:16,Injury,2,Dark-Not Lighted
6069101,Pedestrian,32.46431,-81.792434,1/3/17 18:19,Injury,2,Dark-Not Lighted
6514983,Pedestrian,33.617935,-85.09115,12/9/17 19:22,Injury,2,Dark-Not Lighted
6527008,Pedestrian,33.501431,-82.062184,12/23/17 18:35,Injury,2,Dark-Not Lighted
5342747,Pedestrian,33.61549,-84.61389,6/13/15 21:27,Injury,2,Dark-Not Lighted
4949873,Pedestrian,34.20607,-84.75302,8/21/14 2:25,Injury,2,Dark-Not Lighted
5471056,Pedestrian,33.775021,-84.705953,10/5/15 21:00,Injury,2,Dark-Not Lighted
5557448,Pedestrian,33.550884,-84.452627,12/17/15 20:40,Injury,2,Dark-Not Lighted
6451766,Pedestrian,33.894977,-84.237853,10/30/17 23:50,Injury,2,Dark-Not Lighted
5223357,Pedestrian,33.399071,-84.87243,3/18/15 21:44,Injury,2,Dark-Not Lighted
5579819,Pedestrian,33.276088,-84.291467,12/24/15 19:18,Injury,2,Dark-Not Lighted
6468914,Pedestrian,33.830772,-84.138759,11/12/17 2:20,Injury,2,Dark-Not Lighted
4555706,Pedestrian,34.47419,-83.04178,8/27/13 21:48,Injury,2,Dark-Not Lighted
4901590,Pedestrian,34.10833,-82.85699,7/4/14 23:00,Injury,2,Dark-Not Lighted
6305933,Pedestrian,34.13708,-83.789764,7/10/17 21:53,Injury,2,Dark-Not Lighted
6388229,Pedestrian & Bicyclist,34.200893,-84.7945,9/8/17 20:50,Injury,2,Dark-Not Lighted
5190325,Bicyclist,34.86291,-83.420724,11/11/14 18:18,Property Damaged Only,1,Dark-Not Lighted
4624871,Bicyclist,33.551285,-84.369988,10/29/13 23:36,Fatal,3,Dark-Not Lighted
6187295,Bicyclist,33.419305,-84.443428,2/28/17 20:01,Fatal,3,Dark-Not Lighted
6406062,Bicyclist,34.035052,-84.003021,9/25/17 5:52,Injury,2,Dark-Not Lighted
5621412,Bicyclist,33.889571,-84.676277,2/2/16 19:12,Injury,2,Dark-Not Lighted
5464795,Bicyclist,33.967644,-83.386292,10/11/15 1:00,Injury,2,Dark-Not Lighted
5703821,Bicyclist,32.617551,-83.689847,4/6/16 5:43,Injury,2,Dark-Not Lighted
4343386,Bicyclist,33.94115,-84.526705,1/11/13 19:38,Injury,2,Dark-Not Lighted
5870037,Bicyclist,34.97778,-85.14348,8/7/16 21:14,Injury,2,Dark-Not Lighted
6050828,Pedestrian,33.995967,-83.881078,12/14/16 21:26,Property Damaged Only,1,Dark-Not Lighted
5941416,Pedestrian,33.989056,-83.42521,9/30/16 19:43,Property Damaged Only,1,Dark-Not Lighted
6551205,Pedestrian,33.751083,-84.720071,10/8/17 22:26,Property Damaged Only,1,Dark-Not Lighted
5141314,Pedestrian,32.814497,-83.668041,12/13/14 18:45,Property Damaged Only,1,Dark-Not Lighted
5047002,Pedestrian,31.19394,-81.479479,11/6/14 18:38,Property Damaged Only,1,Dark-Not Lighted
5613042,Pedestrian,33.702988,-84.115661,1/27/16 21:48,Property Damaged Only,1,Dark-Not Lighted
5437814,Pedestrian,33.940628,-84.552093,8/19/15 6:06,Property Damaged Only,1,Dark-Not Lighted
6530067,Pedestrian,33.867377,-84.188138,12/23/17 18:07,Property Damaged Only,1,Dark-Not Lighted
4685566,Pedestrian,34.061266,-84.388135,12/18/13 20:06,Property Damaged Only,1,Dark-Not Lighted
4316535,Pedestrian,33.902238,-84.564313,1/3/13 18:39,Property Damaged Only,1,Dark-Not Lighted
4328225,Pedestrian,33.65318,-84.00613,1/15/13 6:30,Property Damaged Only,1,Dark-Not Lighted
6017820,Pedestrian,34.863307,-85.157077,11/28/16 18:23,Property Damaged Only,1,Dark-Not Lighted
4375512,Pedestrian,33.69234,-84.591033,3/6/13 23:42,Property Damaged Only,1,Dark-Not Lighted
6110816,Pedestrian,32.463035,-83.730123,2/8/17 5:49,Property Damaged Only,1,Dark-Not Lighted
4622907,Pedestrian,34.580248,-83.757546,10/10/13 22:44,Property Damaged Only,1,Dark-Not Lighted
4423337,Pedestrian,34.795062,-85.004265,3/6/13 6:20,Fatal,3,Dark-Not Lighted
5462975,Pedestrian,31.45242,-83.500996,9/26/15 22:31,Fatal,3,Dark-Not Lighted
4852939,Pedestrian,33.06391,-84.16907,5/16/14 1:00,Fatal,3,Dark-Not Lighted
4646002,Pedestrian,33.954123,-84.093967,11/15/13 23:30,Fatal,3,Dark-Not Lighted
4543543,Pedestrian,32.126945,-83.50073,8/11/13 3:25,Fatal,3,Dark-Not Lighted
6078189,Pedestrian,33.954121,-84.534629,1/11/17 22:13,Fatal,3,Dark-Not Lighted
5869965,Pedestrian,33.805744,-84.060888,8/7/16 21:34,Fatal,3,Dark-Not Lighted
5973633,Pedestrian,32.697615,-83.348097,10/22/16 20:04,Fatal,3,Dark-Not Lighted
6415569,Pedestrian,33.658524,-84.000091,9/27/17 0:00,Fatal,3,Dark-Not Lighted
6360302,Pedestrian,33.608092,-84.138718,8/16/17 21:28,Injury,2,Dark-Not Lighted
6411484,Pedestrian,33.633003,-85.15515,9/26/17 1:08,Injury,2,Dark-Not Lighted
6469070,Pedestrian,33.72167,-85.11097,11/11/17 19:30,Injury,2,Dark-Not Lighted
5698685,Pedestrian,33.718825,-84.309162,4/1/16 20:17,Injury,2,Dark-Not Lighted
5614759,Pedestrian,33.839198,-84.3779,1/23/16 22:14,Injury,2,Dark-Not Lighted
4938464,Pedestrian,33.944309,-84.250473,8/14/14 22:56,Injury,2,Dark-Not Lighted
4413707,Pedestrian,31.474926,-82.874054,4/6/13 21:15,Injury,2,Dark-Not Lighted
6229025,Pedestrian,33.917365,-83.999972,5/10/17 23:41,Injury,2,Dark-Not Lighted
5139062,Pedestrian,33.605992,-84.194187,1/25/15 7:00,Injury,2,Dark-Not Lighted
6056077,Pedestrian,34.79042,-84.964673,12/27/16 18:03,Injury,2,Dark-Not Lighted
5262386,Pedestrian,33.542535,-84.577064,4/10/15 20:33,Injury,2,Dark-Not Lighted
6253216,Pedestrian,32.85959,-83.607413,5/29/17 23:24,Injury,2,Dark-Not Lighted
6249064,Pedestrian,34.27311,-84.81133,5/20/17 20:30,Injury,2,Dark-Not Lighted
5481386,Pedestrian,31.576372,-84.129688,10/20/15 19:55,Injury,2,Dark-Not Lighted
4779503,Pedestrian,33.90909,-83.403465,4/1/14 22:04,Injury,2,Dark-Not Lighted
6124944,Pedestrian,33.525406,-84.50702,1/20/17 19:00,Injury,2,Dark-Not Lighted
5978219,Pedestrian,33.33595,-84.63361,10/26/16 19:20,Injury,2,Dark-Not Lighted
5317569,Pedestrian,30.889616,-83.242621,6/7/15 22:20,Injury,2,Dark-Not Lighted
6377479,Pedestrian,33.653307,-84.039653,9/1/17 22:17,Injury,2,Dark-Not Lighted
5818548,Pedestrian,33.784736,-84.128754,7/2/16 21:58,Injury,2,Dark-Not Lighted
4885541,Pedestrian,34.19945,-83.921905,6/20/14 22:30,Injury,2,Dark-Not Lighted
5157031,Pedestrian,34.67686,-85.274604,1/30/15 22:56,Injury,2,Dark-Not Lighted
4571213,Pedestrian,33.26897,-84.0433,9/15/13 20:40,Injury,2,Dark-Not Lighted
5866816,Pedestrian,33.761993,-84.17833,8/7/16 20:45,Injury,2,Dark-Not Lighted
5430557,Pedestrian,34.30797,-83.793396,9/14/15 5:52,Injury,2,Dark-Not Lighted
4716436,Pedestrian,33.32685,-83.38433,1/24/14 19:05,Injury,2,Dark-Not Lighted
5731540,Pedestrian,34.583414,-83.54844,2/29/16 1:00,Injury,2,Dark-Not Lighted
5690046,Pedestrian,33.500762,-84.404239,3/27/16 20:16,Injury,2,Dark-Not Lighted
6007468,Pedestrian,33.95038,-83.387276,11/17/16 18:14,Injury,2,Dark-Not Lighted
5512902,Pedestrian,33.815216,-84.563125,11/16/15 18:49,Injury,2,Dark-Not Lighted
4596626,Pedestrian,32.239789,-84.295996,9/29/13 21:04,Injury,2,Dark-Not Lighted
5402431,Pedestrian,33.407977,-82.225463,8/13/15 6:35,Injury,2,Dark-Not Lighted
5050166,Bicyclist,33.95791,-83.364087,11/10/14 20:30,Property Damaged Only,1,Dark-Not Lighted
5677790,Bicyclist,32.067798,-81.098547,3/17/16 4:00,Injury,2,Dark-Not Lighted
6083058,Bicyclist,32.620065,-81.529132,1/16/17 19:35,Injury,2,Dark-Not Lighted
5968214,Bicyclist,32.798345,-82.241311,10/19/16 19:28,Injury,2,Dark-Not Lighted
5625036,Bicyclist,33.784288,-84.380029,2/1/16 19:01,Injury,2,Dark-Not Lighted
4430244,Bicyclist,34.396534,-84.01505,4/30/13 21:53,Injury,2,Dark-Not Lighted
5879111,Pedestrian,33.534856,-84.45728,7/27/16 22:01,Property Damaged Only,1,Dark-Not Lighted
4536361,Pedestrian,32.445848,-84.975772,8/10/13 21:40,Property Damaged Only,1,Dark-Not Lighted
6092209,Pedestrian,31.31152,-82.249559,1/11/17 18:30,Property Damaged Only,1,Dark-Not Lighted
5863797,Pedestrian,33.750787,-84.399374,8/4/16 22:50,Property Damaged Only,1,Dark-Not Lighted
4668337,Pedestrian,33.906869,-83.96679,12/6/13 22:59,Property Damaged Only,1,Dark-Not Lighted
5021370,Pedestrian,33.737936,-84.251974,10/18/14 20:55,Property Damaged Only,1,Dark-Not Lighted
6336430,Pedestrian,33.223497,-84.038154,4/26/17 22:25,Property Damaged Only,1,Dark-Not Lighted
5030526,Pedestrian,33.582987,-84.37787,10/27/14 0:40,Property Damaged Only,1,Dark-Not Lighted
5301513,Pedestrian,33.815932,-84.217475,5/24/15 22:30,Property Damaged Only,1,Dark-Not Lighted
6081680,Pedestrian,33.563283,-83.948876,2/14/16 21:48,Property Damaged Only,1,Dark-Not Lighted
5399464,Pedestrian,33.509079,-84.368107,8/20/15 21:30,Property Damaged Only,1,Dark-Not Lighted
4823777,Pedestrian,33.902087,-84.488809,3/16/14 7:17,Property Damaged Only,1,Dark-Not Lighted
6086827,Pedestrian,33.400123,-84.595445,1/14/17 19:17,Property Damaged Only,1,Dark-Not Lighted
5060959,Pedestrian,32.081485,-81.092238,11/23/14 3:01,Property Damaged Only,1,Dark-Not Lighted
5491913,Pedestrian,33.902184,-84.553704,10/29/15 23:22,Property Damaged Only,1,Dark-Not Lighted
4452646,Pedestrian,33.572024,-84.561947,4/8/13 20:27,Property Damaged Only,1,Dark-Not Lighted
5367001,Pedestrian,32.037886,-81.065942,7/23/15 22:53,Property Damaged Only,1,Dark-Not Lighted
6232041,Pedestrian,31.82933,-82.97727,5/12/17 23:35,Fatal,3,Dark-Not Lighted
6343639,Pedestrian,33.407554,-83.75923,8/5/17 21:46,Fatal,3,Dark-Not Lighted
4361208,Pedestrian,33.96811,-84.53667,2/4/13 20:55,Fatal,3,Dark-Not Lighted
5669078,Pedestrian,33.922245,-84.281118,3/7/16 6:00,Fatal,3,Dark-Not Lighted
4731588,Pedestrian,32.733479,-83.655689,1/24/14 20:38,Fatal,3,Dark-Not Lighted
6253618,Pedestrian,31.695509,-83.273635,5/26/17 21:38,Injury,2,Dark-Not Lighted
4605578,Pedestrian,33.271297,-84.266395,10/6/13 19:10,Injury,2,Dark-Not Lighted
5063539,Pedestrian,32.041664,-81.022832,11/24/14 18:59,Injury,2,Dark-Not Lighted
4932582,Pedestrian,33.682223,-84.272605,8/9/14 23:01,Injury,2,Dark-Not Lighted
5283556,Pedestrian,34.160657,-83.824804,5/9/15 22:18,Injury,2,Dark-Not Lighted
4609413,Pedestrian,33.782981,-84.457719,10/7/13 7:20,Injury,2,Dark-Not Lighted
6163268,Pedestrian,33.721046,-84.215194,3/23/17 20:57,Injury,2,Dark-Not Lighted
6482400,Pedestrian,34.383346,-82.94242,11/17/17 18:37,Injury,2,Dark-Not Lighted
5535782,Pedestrian,33.593428,-83.876699,12/2/15 19:46,Injury,2,Dark-Not Lighted
4366740,Pedestrian,33.841328,-84.824572,2/20/13 5:50,Injury,2,Dark-Not Lighted
6478616,Pedestrian,34.486696,-84.94498,11/18/17 20:51,Injury,2,Dark-Not Lighted
4708553,Pedestrian,33.738857,-84.730674,1/15/14 23:38,Injury,2,Dark-Not Lighted
5660110,Pedestrian,33.699239,-84.088513,12/26/15 23:42,Injury,2,Dark-Not Lighted
6501272,Pedestrian,32.838233,-83.677877,12/4/17 18:24,Injury,2,Dark-Not Lighted
4934106,Pedestrian,33.738122,-84.264264,8/11/14 21:08,Injury,2,Dark-Not Lighted
5423628,Pedestrian,33.774179,-84.747522,9/12/15 2:49,Injury,2,Dark-Not Lighted
5727035,Pedestrian,32.812943,-83.707342,4/23/16 1:16,Injury,2,Dark-Not Lighted
6388717,Pedestrian,31.23547,-81.78989,9/11/17 21:57,Injury,2,Dark-Not Lighted
4395994,Pedestrian,30.9996,-84.48185,3/15/13 20:42,Injury,2,Dark-Not Lighted
5428067,Pedestrian,33.397514,-84.679595,9/16/15 20:35,Injury,2,Dark-Not Lighted
5612197,Pedestrian,33.57281,-84.30678,1/26/16 18:38,Injury,2,Dark-Not Lighted
6024281,Pedestrian,33.439103,-82.022238,12/3/16 21:03,Injury,2,Dark-Not Lighted
4696105,Pedestrian,31.22845,-81.76178,1/2/14 18:10,Injury,2,Dark-Not Lighted
4451910,Pedestrian,32.60789,-82.72537,5/18/13 23:00,Injury,2,Dark-Not Lighted
5580961,Pedestrian,34.085564,-84.129407,12/4/15 20:51,Injury,2,Dark-Not Lighted
4385574,Pedestrian,33.591635,-84.294207,3/18/13 21:38,Injury,2,Dark-Not Lighted
6025572,Pedestrian,34.023115,-84.05203,11/27/16 18:55,Injury,2,Dark-Not Lighted
4975743,Pedestrian,31.52359,-81.37241,9/7/14 5:40,Injury,2,Dark-Not Lighted
5385581,Pedestrian,32.549327,-82.837254,8/7/15 22:41,Injury,2,Dark-Not Lighted
5053889,Pedestrian,33.68814,-84.31089,11/17/14 21:30,Injury,2,Dark-Not Lighted
4754549,Pedestrian,33.810608,-84.264797,3/8/14 4:00,Injury,2,Dark-Not Lighted
5871489,Pedestrian,33.975719,-84.019555,8/7/16 5:42,Injury,2,Dark-Not Lighted
6135017,Pedestrian,34.529249,-83.985291,2/28/17 22:25,Injury,2,Dark-Not Lighted
5949159,Pedestrian,33.740281,-84.17487,10/8/16 0:00,Injury,2,Dark-Not Lighted
6122204,Pedestrian & Bicyclist,33.846615,-84.836275,2/14/17 18:49,Injury,2,Dark-Not Lighted
5615059,Bicyclist,33.453663,-84.129935,1/28/16 18:45,Property Damaged Only,1,Dark-Not Lighted
5050053,Bicyclist,33.567033,-84.575706,11/10/14 19:02,Property Damaged Only,1,Dark-Not Lighted
6419742,Bicyclist,32.056735,-81.019013,10/5/17 23:09,Injury,2,Dark-Not Lighted
5883603,Bicyclist,33.793478,-84.620507,8/15/16 21:15,Injury,2,Dark-Not Lighted
5028888,Bicyclist,32.870364,-84.856781,10/21/14 20:15,Injury,2,Dark-Not Lighted
4769916,Bicyclist,34.139087,-84.46363,3/22/14 21:36,Injury,2,Dark-Not Lighted
6125939,Bicyclist,33.601611,-84.262936,2/14/17 1:50,Injury,2,Dark-Not Lighted
5025480,Bicyclist,34.231062,-83.85831,10/16/14 7:20,Injury,2,Dark-Not Lighted
5612657,Pedestrian,34.087196,-84.5494,1/25/16 18:40,Property Damaged Only,1,Dark-Not Lighted
6389652,Pedestrian,33.656916,-84.501485,9/12/17 0:00,Property Damaged Only,1,Dark-Not Lighted
6043852,Pedestrian,33.675595,-84.442819,12/16/16 22:01,Property Damaged Only,1,Dark-Not Lighted
6215007,Pedestrian,227.0702,144.1915,4/29/17 6:08,Property Damaged Only,1,Dark-Not Lighted
6533964,Pedestrian,33.62782,-84.41651,12/29/17 0:37,Property Damaged Only,1,Dark-Not Lighted
4675110,Pedestrian,31.273975,-83.47206,12/13/13 23:44,Property Damaged Only,1,Dark-Not Lighted
4336352,Pedestrian,33.865612,-84.471133,1/22/13 19:02,Property Damaged Only,1,Dark-Not Lighted
5371087,Pedestrian,33.958327,-84.111094,7/22/15 5:29,Property Damaged Only,1,Dark-Not Lighted
4969387,Pedestrian,33.976681,-83.659277,11/23/13 23:23,Property Damaged Only,1,Dark-Not Lighted
6487041,Pedestrian,34.024999,-83.330221,11/23/17 21:01,Property Damaged Only,1,Dark-Not Lighted
5684112,Pedestrian,33.796752,-84.194243,3/22/16 6:00,Property Damaged Only,1,Dark-Not Lighted
4790966,Pedestrian,33.832753,-84.338305,4/13/14 1:52,Property Damaged Only,1,Dark-Not Lighted
5784914,Pedestrian,33.949721,-84.128035,6/4/16 20:16,Property Damaged Only,1,Dark-Not Lighted
5053775,Pedestrian,33.75712,-84.38424,11/7/14 20:15,Property Damaged Only,1,Dark-Not Lighted
5099374,Pedestrian,33.766077,-84.224175,12/16/14 19:00,Property Damaged Only,1,Dark-Not Lighted
4954049,Pedestrian,34.207259,-84.819724,4/26/14 23:25,Property Damaged Only,1,Dark-Not Lighted
4971537,Pedestrian,32.779167,-82.927279,1/28/14 22:44,Property Damaged Only,1,Dark-Not Lighted
4657206,Pedestrian,33.892472,-84.231029,11/28/13 1:28,Property Damaged Only,1,Dark-Not Lighted
4430463,Pedestrian,32.980403,-84.280265,4/30/13 20:17,Property Damaged Only,1,Dark-Not Lighted
5501983,Pedestrian,32.070292,-81.058455,11/7/15 20:07,Fatal,3,Dark-Not Lighted
6491674,Pedestrian,32.530345,-83.90499,11/28/17 18:27,Fatal,3,Dark-Not Lighted
4683684,Pedestrian,33.909291,-84.428848,12/14/13 3:45,Fatal,3,Dark-Not Lighted
6413777,Pedestrian,32.20898,-81.36479,9/25/17 22:00,Fatal,3,Dark-Not Lighted
4616896,Pedestrian,32.814704,-83.666664,10/18/13 21:10,Fatal,3,Dark-Not Lighted
6263734,Pedestrian,33.799189,-84.336206,6/6/17 3:35,Fatal,3,Dark-Not Lighted
5164228,Pedestrian,32.599373,-83.671772,10/13/14 22:33,Fatal,3,Dark-Not Lighted
5099338,Pedestrian,33.492698,-84.270428,12/16/14 18:52,Fatal,3,Dark-Not Lighted
6058536,Pedestrian,33.78689,-84.195698,12/28/16 21:32,Fatal,3,Dark-Not Lighted
4720595,Pedestrian,33.662615,-84.33744,2/1/14 4:58,Fatal,3,Dark-Not Lighted
5477938,Pedestrian,33.747602,-84.386797,10/12/15 0:54,Fatal,3,Dark-Not Lighted
5909170,Pedestrian,33.589169,-84.472691,8/30/16 20:56,Fatal,3,Dark-Not Lighted
6134380,Pedestrian,32.785121,-83.666755,3/1/17 6:46,Fatal,3,Dark-Not Lighted
4335124,Pedestrian,31.577716,-83.888626,1/10/13 18:33,Fatal,3,Dark-Not Lighted
6346506,Pedestrian,31.495,-84.033728,8/4/17 4:13,Fatal,3,Dark-Not Lighted
5786059,Pedestrian,33.564026,-84.371336,6/5/16 1:23,Fatal,3,Dark-Not Lighted
5647887,Pedestrian,34.765565,-84.928665,2/23/16 20:45,Fatal,3,Dark-Not Lighted
4556260,Pedestrian,33.971005,-84.092175,8/30/13 4:24,Fatal,3,Dark-Not Lighted
6411757,Pedestrian,33.015216,-82.82809,9/29/17 19:50,Fatal,3,Dark-Not Lighted
5473274,Pedestrian,31.564476,-84.140731,10/18/15 2:39,Injury,2,Dark-Not Lighted
5889832,Pedestrian,31.54004,-84.159533,8/23/16 21:55,Injury,2,Dark-Not Lighted
5052619,Pedestrian,31.006926,-82.619508,11/15/14 18:05,Injury,2,Dark-Not Lighted
5274559,Pedestrian,33.77804,-84.244023,5/2/15 21:15,Injury,2,Dark-Not Lighted
6122349,Pedestrian,33.544798,-85.073711,2/17/17 21:23,Injury,2,Dark-Not Lighted
5112002,Pedestrian,33.9238,-84.78472,12/17/14 20:45,Injury,2,Dark-Not Lighted
5138754,Pedestrian,32.043855,-81.18387,1/24/15 18:45,Injury,2,Dark-Not Lighted
6310684,Pedestrian,33.63578,-84.372646,7/15/17 21:30,Injury,2,Dark-Not Lighted
6391674,Pedestrian,33.851442,-84.369244,9/3/17 3:52,Injury,2,Dark-Not Lighted
5941645,Pedestrian,33.77562,-84.561919,10/2/16 0:25,Injury,2,Dark-Not Lighted
5973172,Pedestrian,33.763896,-84.721672,10/25/16 5:17,Injury,2,Dark-Not Lighted
6392851,Pedestrian,33.66776,-84.448914,8/17/17 1:20,Injury,2,Dark-Not Lighted
5887356,Pedestrian,33.303154,-84.291471,8/20/16 22:38,Injury,2,Dark-Not Lighted
5872592,Pedestrian,33.821488,-84.170977,8/11/16 0:01,Injury,2,Dark-Not Lighted
5495973,Pedestrian,30.995305,-83.418643,11/1/15 20:46,Injury,2,Dark-Not Lighted
4938776,Pedestrian,33.596,-84.407106,8/13/14 21:56,Injury,2,Dark-Not Lighted
5845894,Pedestrian,33.718456,-84.150335,7/21/16 0:40,Injury,2,Dark-Not Lighted
6101395,Pedestrian,31.214736,-82.365731,12/31/16 18:04,Injury,2,Dark-Not Lighted
4898703,Pedestrian,34.916267,-83.37956,7/5/14 22:58,Injury,2,Dark-Not Lighted
4634461,Pedestrian,33.94015,-84.72756,11/4/13 19:17,Injury,2,Dark-Not Lighted
4627808,Pedestrian,32.058726,-81.095787,11/1/13 0:29,Injury,2,Dark-Not Lighted
5557753,Pedestrian,33.39991,-84.586179,12/16/15 20:56,Injury,2,Dark-Not Lighted
5760968,Pedestrian,33.634016,-84.597638,5/15/16 21:40,Injury,2,Dark-Not Lighted
6028659,Pedestrian,32.261574,-81.21981,3/4/16 19:25,Injury,2,Dark-Not Lighted
6134006,Pedestrian,30.991386,-83.372669,2/28/17 19:19,Injury,2,Dark-Not Lighted
4334489,Pedestrian,33.952279,-84.242398,1/17/13 19:13,Injury,2,Dark-Not Lighted
6466879,Pedestrian,32.558864,-81.73478,11/7/17 18:34,Injury,2,Dark-Not Lighted
6393215,Pedestrian,31.78121,-81.38398,9/13/17 21:35,Injury,2,Dark-Not Lighted
5736373,Pedestrian,32.521724,-84.989213,4/30/16 0:01,Injury,2,Dark-Not Lighted
5954494,Pedestrian,33.770932,-85.17046,10/11/16 23:52,Injury,2,Dark-Not Lighted
5230740,Pedestrian,32.50653,-81.739243,3/20/15 21:19,Injury,2,Dark-Not Lighted
5710590,Pedestrian,33.899473,-84.207043,4/12/16 3:00,Injury,2,Dark-Not Lighted
5846086,Pedestrian,33.855663,-84.103964,7/11/16 22:07,Injury,2,Dark-Not Lighted
5704267,Bicyclist,33.84836,-84.667339,4/7/16 5:52,Property Damaged Only,1,Dark-Not Lighted
4987147,Bicyclist,33.411595,-84.20532,9/21/14 6:54,Property Damaged Only,1,Dark-Not Lighted
4606588,Bicyclist,34.077023,-84.696392,10/14/13 20:50,Property Damaged Only,1,Dark-Not Lighted
4580640,Bicyclist,33.918315,-84.92813,9/21/13 0:14,Fatal,3,Dark-Not Lighted
6327983,Bicyclist,33.91296,-84.28646,7/26/17 22:02,Injury,2,Dark-Not Lighted
5234814,Bicyclist,33.328993,-84.780526,3/25/15 6:25,Injury,2,Dark-Not Lighted
5581196,Pedestrian,33.059925,-83.217045,12/19/15 4:05,Property Damaged Only,1,Dark-Not Lighted
6343725,Pedestrian,33.417089,-84.180432,8/3/17 6:01,Property Damaged Only,1,Dark-Not Lighted
4719872,Pedestrian,34.013235,-84.443884,1/28/14 22:45,Property Damaged Only,1,Dark-Not Lighted
5972112,Pedestrian,33.856609,-84.256834,10/25/16 7:11,Property Damaged Only,1,Dark-Not Lighted
4927995,Pedestrian,32.602539,-82.327665,7/13/14 21:46,Property Damaged Only,1,Dark-Not Lighted
4901315,Pedestrian,33.923557,-84.555612,7/8/14 21:40,Property Damaged Only,1,Dark-Not Lighted
6034348,Pedestrian,33.705623,-84.142348,12/7/16 19:00,Property Damaged Only,1,Dark-Not Lighted
5737638,Pedestrian,33.974169,-84.719643,4/27/16 6:15,Property Damaged Only,1,Dark-Not Lighted
5207162,Pedestrian,31.460322,-83.479697,3/4/15 21:28,Property Damaged Only,1,Dark-Not Lighted
5543033,Pedestrian,32.46006,-81.774766,11/21/15 22:59,Property Damaged Only,1,Dark-Not Lighted
4615655,Pedestrian,33.91234,-84.37908,10/21/13 23:38,Property Damaged Only,1,Dark-Not Lighted
5093254,Pedestrian,33.06803,-83.230017,12/13/14 18:52,Property Damaged Only,1,Dark-Not Lighted
5431768,Pedestrian,33.720596,-84.157484,9/21/15 22:30,Property Damaged Only,1,Dark-Not Lighted
6154889,Pedestrian,33.729376,-84.285493,3/17/17 20:23,Property Damaged Only,1,Dark-Not Lighted
4958505,Pedestrian,33.889873,-84.227295,9/1/14 20:25,Property Damaged Only,1,Dark-Not Lighted
5667785,Pedestrian,34.500983,-84.962493,3/9/16 20:53,Property Damaged Only,1,Dark-Not Lighted
4719397,Pedestrian,32.46095,-84.94741,1/31/14 1:10,Property Damaged Only,1,Dark-Not Lighted
5483934,Pedestrian,33.908107,-84.192049,10/23/15 19:47,Property Damaged Only,1,Dark-Not Lighted
4882725,Pedestrian,34.884182,-85.05774,6/19/14 4:12,Fatal,3,Dark-Not Lighted
5336110,Pedestrian,34.200807,-84.79891,6/20/15 23:15,Fatal,3,Dark-Not Lighted
4630674,Pedestrian,34.1104,-83.77997,11/1/13 19:49,Fatal,3,Dark-Not Lighted
5562531,Pedestrian,32.13077,-82.78526,12/21/15 4:14,Fatal,3,Dark-Not Lighted
4703537,Pedestrian,33.533886,-84.199365,1/13/14 19:42,Fatal,3,Dark-Not Lighted
5224410,Pedestrian,34.088579,-84.586988,3/20/15 21:44,Fatal,3,Dark-Not Lighted
5023434,Pedestrian,30.884639,-84.199203,8/13/14 2:09,Fatal,3,Dark-Not Lighted
6078366,Pedestrian,33.572079,-84.165261,1/14/17 4:51,Fatal,3,Dark-Not Lighted
6315650,Pedestrian,33.800836,-84.62011,7/20/17 0:00,Fatal,3,Dark-Not Lighted
6159814,Pedestrian,33.586148,-84.515972,3/14/17 20:22,Fatal,3,Dark-Not Lighted
5206436,Pedestrian,33.902572,-84.487708,3/1/15 0:03,Fatal,3,Dark-Not Lighted
5017639,Pedestrian,31.984624,-81.167826,10/15/14 7:10,Injury,2,Dark-Not Lighted
5928355,Pedestrian,34.091488,-84.70348,9/20/16 19:46,Injury,2,Dark-Not Lighted
5514200,Pedestrian,33.579068,-84.556148,8/29/15 22:30,Injury,2,Dark-Not Lighted
6481002,Pedestrian,34.116996,-84.772064,11/18/17 18:10,Injury,2,Dark-Not Lighted
6094369,Pedestrian,33.779385,-83.852794,1/25/17 18:17,Injury,2,Dark-Not Lighted
5724970,Pedestrian,33.898863,-84.243272,4/22/16 6:25,Injury,2,Dark-Not Lighted
6343131,Pedestrian,33.42763,-84.132883,8/6/17 21:15,Injury,2,Dark-Not Lighted
6051012,Pedestrian,33.932839,-84.096721,12/17/16 5:10,Injury,2,Dark-Not Lighted
4835282,Pedestrian,34.113523,-84.457522,4/29/14 21:45,Injury,2,Dark-Not Lighted
5851977,Pedestrian,34.260816,-83.465986,7/27/16 2:17,Injury,2,Dark-Not Lighted
6040245,Pedestrian,34.969429,-84.920501,10/12/16 19:40,Injury,2,Dark-Not Lighted
5486711,Pedestrian,33.553149,-84.347089,10/28/15 6:30,Injury,2,Dark-Not Lighted
5285236,Pedestrian,33.985313,-84.544974,5/4/15 22:44,Injury,2,Dark-Not Lighted
6078027,Pedestrian,34.241914,-84.497678,1/13/17 7:00,Injury,2,Dark-Not Lighted
5576975,Pedestrian,33.913062,-84.208249,12/24/15 4:43,Injury,2,Dark-Not Lighted
6501526,Pedestrian,33.698657,-84.265802,12/5/17 17:40,Injury,2,Dark-Not Lighted
5506733,Pedestrian,33.668733,-85.148915,11/5/15 22:22,Injury,2,Dark-Not Lighted
5455703,Pedestrian,33.983456,-84.340796,10/5/15 3:30,Injury,2,Dark-Not Lighted
5909229,Pedestrian,33.488245,-84.385012,9/8/16 6:10,Injury,2,Dark-Not Lighted
5904379,Pedestrian,34.166846,-85.143155,9/3/16 5:28,Injury,2,Dark-Not Lighted
5332071,Pedestrian,33.643831,-84.190803,6/19/15 22:13,Injury,2,Dark-Not Lighted
4339694,Pedestrian,33.564305,-84.344484,1/30/13 5:30,Injury,2,Dark-Not Lighted