incidentIdNbr,crashType,latitude,longitude,dateOfIncidentDate,severity,Mag,lightCondition
6394438,Pedestrian,33.425917,-82.053227,9/15/17 22:11,Injury,2,Dark-Not Lighted
6096276,Pedestrian,31.488058,-82.85942,1/22/17 18:55,Injury,2,Dark-Not Lighted
5001392,Pedestrian & Bicyclist,30.910494,-84.569531,3/20/14 20:18,Property Damaged Only,1,Dark-Not Lighted
6522819,Pedestrian & Bicyclist,30.815147,-83.24912,12/20/17 6:49,Injury,2,Dark-Not Lighted
5134322,Bicyclist,33.588222,-84.423447,1/13/15 20:06,Property Damaged Only,1,Dark-Not Lighted
5257313,Bicyclist,30.83726,-83.99237,4/18/15 0:00,Property Damaged Only,1,Dark-Not Lighted
5545462,Bicyclist,33.427469,-84.28636,12/10/15 22:20,Property Damaged Only,1,Dark-Not Lighted
5283314,Bicyclist,32.075183,-81.095785,5/9/15 22:20,Property Damaged Only,1,Dark-Not Lighted
4839534,Bicyclist,34.256816,-83.763504,5/6/14 21:08,Injury,2,Dark-Not Lighted
5531092,Bicyclist,33.960931,-84.43117,11/30/15 18:10,Injury,2,Dark-Not Lighted
4488061,Bicyclist,31.17301,-81.47849,6/22/13 22:35,Injury,2,Dark-Not Lighted
6194876,Bicyclist,34.03544,-85.05208,4/11/17 20:39,Injury,2,Dark-Not Lighted
5204749,Bicyclist,33.838447,-84.033865,3/2/15 20:00,Injury,2,Dark-Not Lighted
4335036,Bicyclist,33.19916,-84.742095,1/19/13 20:15,Injury,2,Dark-Not Lighted
4826307,Pedestrian,33.768734,-84.25143,4/24/14 6:13,Property Damaged Only,1,Dark-Not Lighted
5089387,Pedestrian,33.830139,-84.12231,12/10/14 18:14,Property Damaged Only,1,Dark-Not Lighted
6211836,Pedestrian,33.4824,-81.9999,4/28/17 20:48,Property Damaged Only,1,Dark-Not Lighted
5770466,Pedestrian,33.907241,-84.364454,5/24/16 23:07,Property Damaged Only,1,Dark-Not Lighted
6008034,Pedestrian,33.794914,-84.226303,11/21/16 6:20,Property Damaged Only,1,Dark-Not Lighted
6455322,Pedestrian,32.643328,-83.708844,11/1/17 20:20,Property Damaged Only,1,Dark-Not Lighted
5451650,Pedestrian,33.173356,-83.259064,9/10/15 2:00,Property Damaged Only,1,Dark-Not Lighted
4839156,Pedestrian,31.953952,-83.787754,4/5/14 20:57,Property Damaged Only,1,Dark-Not Lighted
6468848,Pedestrian,34.077455,-84.728479,11/10/17 18:53,Property Damaged Only,1,Dark-Not Lighted
5126254,Pedestrian,33.755938,-84.165568,1/12/15 20:33,Property Damaged Only,1,Dark-Not Lighted
6409592,Pedestrian,33.596519,-84.407158,9/13/17 22:35,Property Damaged Only,1,Dark-Not Lighted
6589003,Pedestrian,33.764866,-84.534209,11/10/17 2:30,Property Damaged Only,1,Dark-Not Lighted
5447107,Pedestrian,33.294701,-83.422192,5/24/15 2:00,Property Damaged Only,1,Dark-Not Lighted
6182075,Pedestrian,32.567191,-83.875705,3/27/17 23:19,Property Damaged Only,1,Dark-Not Lighted
6354883,Pedestrian,31.00461,-84.11979,8/14/17 6:30,Fatal,3,Dark-Not Lighted
6419022,Pedestrian,31.436326,-83.972085,9/16/17 5:30,Fatal,3,Dark-Not Lighted
5130914,Pedestrian,33.700631,-84.349514,12/31/14 22:35,Fatal,3,Dark-Not Lighted
5536869,Pedestrian,31.051439,-81.644389,11/28/15 20:21,Fatal,3,Dark-Not Lighted
5371556,Pedestrian,33.921464,-83.326577,7/25/15 3:15,Fatal,3,Dark-Not Lighted
5332155,Pedestrian,34.533996,-83.980721,6/18/15 22:00,Fatal,3,Dark-Not Lighted
6525547,Pedestrian,34.20809,-83.75314,12/21/17 17:45,Fatal,3,Dark-Not Lighted
6408496,Pedestrian,33.681167,-84.308543,9/28/17 6:20,Fatal,3,Dark-Not Lighted
5944016,Pedestrian,34.264974,-85.180091,10/4/16 6:42,Fatal,3,Dark-Not Lighted
4552378,Pedestrian,33.543306,-84.268636,8/27/13 2:45,Fatal,3,Dark-Not Lighted
6069400,Pedestrian,33.537433,-84.377843,1/4/17 6:58,Fatal,3,Dark-Not Lighted
5113909,Pedestrian,33.591033,-83.995264,12/8/14 20:27,Fatal,3,Dark-Not Lighted
5677393,Pedestrian,31.42918,-84.483329,3/12/16 21:20,Injury,2,Dark-Not Lighted
6165225,Pedestrian,34.296871,-85.112146,3/25/17 22:26,Injury,2,Dark-Not Lighted
5073828,Pedestrian,34.557677,-83.547621,1/13/13 18:17,Injury,2,Dark-Not Lighted
6155394,Pedestrian,33.844547,-83.71602,3/16/17 22:21,Injury,2,Dark-Not Lighted
6289000,Pedestrian,33.976032,-83.366855,6/26/17 21:14,Injury,2,Dark-Not Lighted
4350014,Pedestrian,33.865398,-84.287287,2/9/13 23:06,Injury,2,Dark-Not Lighted
5555428,Pedestrian,34.661228,-84.808686,12/15/15 18:35,Injury,2,Dark-Not Lighted
5884061,Pedestrian,31.481743,-82.865839,8/14/16 23:06,Injury,2,Dark-Not Lighted
5731017,Pedestrian,34.2839,-85.249749,4/26/16 6:09,Injury,2,Dark-Not Lighted
5001065,Pedestrian,33.710218,-85.162234,9/27/14 21:24,Injury,2,Dark-Not Lighted
5507687,Pedestrian,33.922436,-84.296455,11/1/15 18:30,Injury,2,Dark-Not Lighted
5583921,Pedestrian,30.92099,-83.25885,1/2/16 19:02,Injury,2,Dark-Not Lighted
5641310,Pedestrian,31.181987,-83.796704,2/3/16 21:15,Injury,2,Dark-Not Lighted
4548449,Pedestrian,34.962668,-85.251789,6/28/13 23:02,Injury,2,Dark-Not Lighted
4654528,Pedestrian,32.297813,-84.78106,11/18/13 1:37,Injury,2,Dark-Not Lighted
5116184,Pedestrian,32.463335,-84.950976,1/2/15 20:09,Injury,2,Dark-Not Lighted
6011886,Pedestrian,34.207226,-84.819656,11/23/16 18:30,Injury,2,Dark-Not Lighted
5496802,Pedestrian,33.909944,-84.184641,11/2/15 20:57,Injury,2,Dark-Not Lighted
4372786,Pedestrian,33.533992,-84.364098,3/4/13 19:45,Injury,2,Dark-Not Lighted
5567377,Pedestrian,32.061133,-81.108729,12/26/15 17:41,Injury,2,Dark-Not Lighted
4821875,Pedestrian,33.57845,-83.539764,4/19/14 22:39,Injury,2,Dark-Not Lighted
6500300,Pedestrian,33.58164,-84.37559,12/2/17 18:15,Injury,2,Dark-Not Lighted
5452593,Pedestrian,34.291665,-83.793382,9/30/15 6:41,Injury,2,Dark-Not Lighted
5291272,Pedestrian,33.66068,-84.022874,5/15/15 5:51,Injury,2,Dark-Not Lighted
5491756,Pedestrian,34.688171,-85.000176,10/31/15 3:07,Injury,2,Dark-Not Lighted
5073625,Pedestrian,33.711292,-84.27161,12/4/14 4:11,Injury,2,Dark-Not Lighted
5563526,Pedestrian,33.709846,-84.271897,12/22/15 19:43,Injury,2,Dark-Not Lighted
4588774,Pedestrian & Bicyclist,33.84986,-84.044572,9/27/13 21:42,Property Damaged Only,1,Dark-Not Lighted
5489481,Pedestrian & Bicyclist,34.055836,-83.993523,10/30/15 6:58,Property Damaged Only,1,Dark-Not Lighted
5649750,Pedestrian & Bicyclist,32.894282,-84.89508,2/19/16 19:16,Injury,2,Dark-Not Lighted
4786111,Pedestrian & Bicyclist,32.58087,-83.8635,4/3/14 23:32,Injury,2,Dark-Not Lighted
5443967,Bicyclist,33.802179,-84.618689,9/27/15 0:01,Property Damaged Only,1,Dark-Not Lighted
5402869,Bicyclist,33.861554,-84.842899,8/19/15 21:00,Injury,2,Dark-Not Lighted
6405721,Bicyclist,32.04835,-81.10809,9/25/17 21:20,Injury,2,Dark-Not Lighted
4584368,Bicyclist,33.591578,-85.086923,9/18/13 6:37,Injury,2,Dark-Not Lighted
4975512,Bicyclist,33.181303,-84.26831,8/26/14 5:51,Injury,2,Dark-Not Lighted
5531466,Bicyclist,30.78203,-81.631142,10/20/15 6:53,Injury,2,Dark-Not Lighted
6434624,Bicyclist,32.820027,-83.65168,10/19/17 19:50,Injury,2,Dark-Not Lighted
5065596,Bicyclist,31.151924,-81.584206,11/24/14 17:37,Injury,2,Dark-Not Lighted
6131532,Bicyclist,33.433785,-84.168916,2/26/17 19:15,Injury,2,Dark-Not Lighted
6289145,Pedestrian,31.47465,-82.8234,6/25/17 22:59,Property Damaged Only,1,Dark-Not Lighted
5514907,Pedestrian,34.057005,-84.024112,11/6/15 22:43,Property Damaged Only,1,Dark-Not Lighted
5332819,Pedestrian,31.999523,-81.127309,6/22/15 21:47,Property Damaged Only,1,Dark-Not Lighted
4348586,Pedestrian,33.756241,-84.547576,2/7/13 7:23,Property Damaged Only,1,Dark-Not Lighted
4590490,Pedestrian,33.783458,-84.545527,10/3/13 21:42,Property Damaged Only,1,Dark-Not Lighted
4725602,Pedestrian,34.987583,-84.36996,2/4/14 18:25,Property Damaged Only,1,Dark-Not Lighted
6047444,Pedestrian,34.20099,-83.857475,12/18/16 20:01,Property Damaged Only,1,Dark-Not Lighted
5544333,Pedestrian,33.701888,-84.269124,12/9/15 21:32,Property Damaged Only,1,Dark-Not Lighted
5661657,Pedestrian,34.25548,-84.196918,9/22/15 20:12,Property Damaged Only,1,Dark-Not Lighted
6321221,Pedestrian,33.376686,-82.072195,7/23/17 22:38,Property Damaged Only,1,Dark-Not Lighted
5269854,Pedestrian,34.97367,-84.37096,4/26/15 20:25,Property Damaged Only,1,Dark-Not Lighted
4847888,Pedestrian,33.784456,-84.256888,5/3/14 0:30,Property Damaged Only,1,Dark-Not Lighted
6531913,Pedestrian,32.061215,-81.207866,12/1/17 19:19,Property Damaged Only,1,Dark-Not Lighted
6478005,Pedestrian,32.177611,-81.187566,11/14/17 20:17,Property Damaged Only,1,Dark-Not Lighted
4546558,Pedestrian,33.553414,-84.368876,8/21/13 20:28,Property Damaged Only,1,Dark-Not Lighted
5137773,Pedestrian,33.727338,-84.186492,12/21/14 21:55,Property Damaged Only,1,Dark-Not Lighted
4674326,Pedestrian,33.76072,-84.19398,12/13/13 19:00,Property Damaged Only,1,Dark-Not Lighted
5452360,Pedestrian,33.717491,-85.02122,8/26/15 6:28,Fatal,3,Dark-Not Lighted
5934894,Pedestrian,34.277416,-83.812141,9/20/16 6:20,Fatal,3,Dark-Not Lighted
5567762,Pedestrian,33.66943,-83.10722,12/25/15 21:32,Fatal,3,Dark-Not Lighted
6428506,Pedestrian,34.353782,-84.0798,10/9/17 19:31,Fatal,3,Dark-Not Lighted
4464023,Pedestrian,30.816698,-83.29963,5/30/13 21:10,Fatal,3,Dark-Not Lighted
5144332,Pedestrian,32.772598,-83.658918,1/27/15 20:25,Fatal,3,Dark-Not Lighted
5860545,Pedestrian,32.15381,-84.563873,7/29/16 3:58,Fatal,3,Dark-Not Lighted
4493344,Pedestrian,33.802606,-84.567812,6/30/13 1:21,Fatal,3,Dark-Not Lighted
5710920,Pedestrian,33.746708,-84.397764,4/11/16 3:53,Fatal,3,Dark-Not Lighted
4493955,Pedestrian,33.04632,-84.16634,6/29/13 23:55,Fatal,3,Dark-Not Lighted
5006006,Pedestrian,33.593768,-84.407764,10/4/14 0:20,Injury,2,Dark-Not Lighted
5748293,Pedestrian,32.867065,-83.592924,5/9/16 21:17,Injury,2,Dark-Not Lighted
5190295,Pedestrian,33.495342,-84.673611,11/3/14 5:11,Injury,2,Dark-Not Lighted
5208574,Pedestrian,31.265392,-81.500569,3/3/15 19:40,Injury,2,Dark-Not Lighted
6075055,Pedestrian,34.272731,-84.819277,1/11/17 7:56,Injury,2,Dark-Not Lighted
4403439,Pedestrian,31.229974,-84.20619,3/30/13 2:00,Injury,2,Dark-Not Lighted
5528810,Pedestrian,32.457259,-84.932224,11/29/15 18:25,Injury,2,Dark-Not Lighted
6056104,Pedestrian,33.575895,-84.013696,12/27/16 20:08,Injury,2,Dark-Not Lighted
5440439,Pedestrian,33.706569,-84.114031,9/23/15 6:12,Injury,2,Dark-Not Lighted
4876289,Pedestrian,33.789092,-84.145647,6/13/14 0:59,Injury,2,Dark-Not Lighted
4631011,Pedestrian,33.754974,-84.267889,11/4/13 19:12,Injury,2,Dark-Not Lighted
5368628,Pedestrian,33.772491,-84.550584,7/9/15 22:35,Injury,2,Dark-Not Lighted
5544302,Pedestrian,34.285652,-83.843202,12/2/15 19:15,Injury,2,Dark-Not Lighted
5654295,Pedestrian,33.508481,-82.418434,2/27/16 19:54,Injury,2,Dark-Not Lighted
5954109,Pedestrian,34.004877,-83.917147,10/7/16 21:31,Injury,2,Dark-Not Lighted
6334851,Pedestrian,33.80353,-84.63766,7/29/17 21:29,Injury,2,Dark-Not Lighted
6115914,Pedestrian,33.938383,-84.02771,12/25/16 6:35,Injury,2,Dark-Not Lighted
6530307,Pedestrian,32.777108,-83.783025,12/15/17 19:58,Injury,2,Dark-Not Lighted
6511364,Pedestrian,34.516304,-85.319915,12/11/17 19:26,Injury,2,Dark-Not Lighted
5789123,Pedestrian,34.61696,-84.713868,6/7/16 22:00,Injury,2,Dark-Not Lighted
4760825,Pedestrian,32.97847,-84.99328,3/12/14 6:58,Injury,2,Dark-Not Lighted
6142229,Pedestrian,33.769346,-84.224974,3/7/17 21:10,Injury,2,Dark-Not Lighted
4563830,Pedestrian,33.96337,-83.426624,9/7/13 20:51,Injury,2,Dark-Not Lighted
6089775,Pedestrian,33.767164,-84.252787,1/22/17 18:22,Injury,2,Dark-Not Lighted
4316990,Pedestrian,33.790031,-84.170812,1/6/13 18:16,Injury,2,Dark-Not Lighted
4527237,Pedestrian,33.611812,-84.02905,7/31/13 21:38,Injury,2,Dark-Not Lighted
5504058,Pedestrian,33.714518,-84.220279,11/8/15 20:30,Injury,2,Dark-Not Lighted
6442809,Pedestrian,34.82533,-84.81158,10/24/17 6:55,Injury,2,Dark-Not Lighted
5393270,Pedestrian,34.527023,-84.896595,8/13/15 6:09,Injury,2,Dark-Not Lighted
6458144,Pedestrian,33.500577,-84.089166,11/2/17 6:00,Injury,2,Dark-Not Lighted
6401076,Pedestrian,33.503707,-84.406284,9/20/17 22:00,Injury,2,Dark-Not Lighted
6359435,Pedestrian,33.478775,-84.165139,8/19/17 0:12,Injury,2,Dark-Not Lighted
6194205,Pedestrian,33.818156,-84.193693,4/14/17 20:30,Injury,2,Dark-Not Lighted
4617347,Pedestrian & Bicyclist,34.271772,-83.820479,10/24/13 0:11,Property Damaged Only,1,Dark-Not Lighted
5546474,Bicyclist,33.709859,-84.261475,12/11/15 19:00,Property Damaged Only,1,Dark-Not Lighted
4640167,Bicyclist,33.900014,-84.627511,11/4/13 20:05,Fatal,3,Dark-Not Lighted
5459314,Bicyclist,33.836406,-84.8368,10/2/15 22:07,Injury,2,Dark-Not Lighted
5940036,Bicyclist,33.974472,-83.986758,9/30/16 22:46,Injury,2,Dark-Not Lighted
5028852,Bicyclist,34.038703,-84.508612,10/24/14 7:14,Injury,2,Dark-Not Lighted
5125359,Bicyclist,30.852789,-83.278379,1/10/15 18:41,Injury,2,Dark-Not Lighted
4736297,Bicyclist,33.839354,-84.071848,2/15/14 20:18,Injury,2,Dark-Not Lighted
5557925,Bicyclist,34.65125,-84.501617,12/15/15 19:03,Injury,2,Dark-Not Lighted
6020526,Bicyclist,33.705015,-84.27136,11/30/16 17:40,Injury,2,Dark-Not Lighted
6138027,Bicyclist,33.618902,-83.975936,3/2/17 5:00,Injury,2,Dark-Not Lighted
5969782,Bicyclist,34.77014,-84.971747,10/20/16 0:47,Injury,2,Dark-Not Lighted
4341396,Bicyclist,30.843116,-83.22816,1/28/13 19:29,Injury,2,Dark-Not Lighted
5610230,Pedestrian,33.951793,-84.101503,1/23/16 18:15,Property Damaged Only,1,Dark-Not Lighted
6518441,Pedestrian,33.669208,-84.213656,12/18/17 7:00,Property Damaged Only,1,Dark-Not Lighted
5990113,Pedestrian,33.922945,-84.491949,11/3/16 22:00,Property Damaged Only,1,Dark-Not Lighted
5872727,Pedestrian,31.61041,-84.281266,8/10/16 22:51,Property Damaged Only,1,Dark-Not Lighted
5588216,Pedestrian,33.579248,-83.944988,10/21/14 6:35,Property Damaged Only,1,Dark-Not Lighted
6190701,Pedestrian,33.802287,-84.193745,4/12/17 3:00,Property Damaged Only,1,Dark-Not Lighted
6005597,Pedestrian,31.567917,-84.198448,11/18/16 19:02,Property Damaged Only,1,Dark-Not Lighted
6016412,Pedestrian,34.208365,-83.591668,11/24/16 21:03,Property Damaged Only,1,Dark-Not Lighted
4631885,Pedestrian,33.867455,-84.837791,11/5/13 19:23,Property Damaged Only,1,Dark-Not Lighted
6083819,Pedestrian,33.922983,-84.5555,1/17/17 21:51,Property Damaged Only,1,Dark-Not Lighted
6028412,Pedestrian,32.484037,-81.397241,11/13/15 20:56,Property Damaged Only,1,Dark-Not Lighted
5452044,Pedestrian,33.722939,-84.167034,10/1/15 1:00,Property Damaged Only,1,Dark-Not Lighted
4565288,Pedestrian,33.758013,-84.120329,9/9/13 20:29,Property Damaged Only,1,Dark-Not Lighted
5266687,Pedestrian,33.837791,-84.312086,4/26/15 2:45,Property Damaged Only,1,Dark-Not Lighted
5033234,Pedestrian,33.362524,-82.077516,10/29/14 6:18,Property Damaged Only,1,Dark-Not Lighted
5313627,Pedestrian,33.543717,-84.391345,5/28/15 22:50,Property Damaged Only,1,Dark-Not Lighted
6292994,Pedestrian,33.701383,-84.38822,6/29/17 22:45,Property Damaged Only,1,Dark-Not Lighted
6129790,Pedestrian,33.619299,-82.478416,2/24/17 19:39,Property Damaged Only,1,Dark-Not Lighted
6086635,Pedestrian,33.758332,-84.766816,11/16/16 23:35,Property Damaged Only,1,Dark-Not Lighted
4691977,Pedestrian,32.787345,-83.658187,12/18/13 22:53,Property Damaged Only,1,Dark-Not Lighted
5907504,Pedestrian,34.230507,-83.498347,8/22/16 2:27,Property Damaged Only,1,Dark-Not Lighted
5354139,Pedestrian,34.954098,-85.235574,5/21/15 0:00,Property Damaged Only,1,Dark-Not Lighted
4498171,Pedestrian,34.008045,-84.656589,7/7/13 22:05,Property Damaged Only,1,Dark-Not Lighted
4407732,Pedestrian,33.778164,-84.573457,4/5/13 21:16,Property Damaged Only,1,Dark-Not Lighted
5301559,Pedestrian,33.78773,-84.15591,5/24/15 0:35,Property Damaged Only,1,Dark-Not Lighted
5835893,Pedestrian,31.795107,-82.398826,6/27/16 5:06,Fatal,3,Dark-Not Lighted
6526201,Pedestrian,33.407526,-82.097459,12/23/17 0:19,Fatal,3,Dark-Not Lighted
5622934,Pedestrian,33.663444,-84.497532,2/1/16 0:14,Fatal,3,Dark-Not Lighted
5932507,Pedestrian,32.0357,-81.326008,9/25/16 1:55,Fatal,3,Dark-Not Lighted
5740054,Pedestrian,33.74437,-84.40837,4/23/16 2:51,Fatal,3,Dark-Not Lighted
6488321,Pedestrian,33.681317,-84.23003,11/26/17 20:15,Fatal,3,Dark-Not Lighted
4544618,Pedestrian,33.898555,-84.207851,8/18/13 23:37,Injury,2,Dark-Not Lighted
4519642,Pedestrian,34.17612,-84.79136,6/26/13 21:30,Injury,2,Dark-Not Lighted
4972997,Pedestrian,34.017306,-83.390759,9/11/14 1:14,Injury,2,Dark-Not Lighted
4400870,Pedestrian,32.983455,-84.57621,3/27/13 22:30,Injury,2,Dark-Not Lighted
6471764,Pedestrian,33.394818,-84.311295,11/13/17 22:00,Injury,2,Dark-Not Lighted
5572987,Pedestrian,33.208573,-84.922604,12/22/15 18:36,Injury,2,Dark-Not Lighted
6473058,Pedestrian,34.086394,-84.50316,11/14/17 4:04,Injury,2,Dark-Not Lighted
6515906,Pedestrian,34.014096,-84.552654,12/11/17 21:09,Injury,2,Dark-Not Lighted
4677567,Pedestrian,33.713106,-84.216801,12/16/13 21:53,Injury,2,Dark-Not Lighted
5242180,Pedestrian,34.042722,-83.959102,4/4/15 22:59,Injury,2,Dark-Not Lighted
4323057,Pedestrian,33.24506,-84.17537,1/10/13 18:30,Injury,2,Dark-Not Lighted
6300785,Pedestrian,32.067512,-81.048872,7/6/17 23:19,Injury,2,Dark-Not Lighted
6049017,Pedestrian,31.44166,-83.505679,12/20/16 2:50,Injury,2,Dark-Not Lighted
5041458,Pedestrian,33.40003,-84.59555,10/15/14 19:57,Injury,2,Dark-Not Lighted
5746811,Pedestrian,32.050928,-81.153847,5/8/16 22:53,Injury,2,Dark-Not Lighted
4446064,Pedestrian,32.859135,-83.698872,4/27/13 22:48,Injury,2,Dark-Not Lighted
5384484,Pedestrian,32.926622,-84.333027,8/7/15 21:50,Injury,2,Dark-Not Lighted
6289008,Pedestrian,33.905108,-84.205918,6/24/17 21:34,Injury,2,Dark-Not Lighted
5005119,Pedestrian,33.824383,-84.349987,9/30/14 5:23,Injury,2,Dark-Not Lighted
4615402,Pedestrian,33.122333,-84.593765,10/15/13 21:45,Injury,2,Dark-Not Lighted
4727176,Pedestrian,33.907173,-84.352672,1/16/14 22:00,Injury,2,Dark-Not Lighted
4543342,Pedestrian,34.539047,-83.53842,8/17/13 22:25,Injury,2,Dark-Not Lighted
5007103,Pedestrian,33.926651,-84.310294,10/4/14 19:52,Injury,2,Dark-Not Lighted
5155816,Pedestrian,30.78833,-83.23484,1/28/15 20:41,Injury,2,Dark-Not Lighted
4950467,Pedestrian,33.706417,-84.45749,8/16/14 22:36,Injury,2,Dark-Not Lighted
6401997,Pedestrian,33.613654,-84.301604,9/21/17 20:16,Injury,2,Dark-Not Lighted
5583715,Pedestrian,33.79727,-84.39364,12/26/15 3:44,Injury,2,Dark-Not Lighted
6502339,Pedestrian,31.14442,-83.36073,12/4/17 18:55,Injury,2,Dark-Not Lighted
4899892,Pedestrian,30.541231,-82.03375,7/5/14 0:32,Injury,2,Dark-Not Lighted
5656725,Pedestrian,33.932114,-84.828232,10/1/15 6:59,Injury,2,Dark-Not Lighted
5069990,Pedestrian,33.77165,-84.4387,11/26/14 23:40,Injury,2,Dark-Not Lighted
6061773,Pedestrian,34.3529,-83.893425,12/28/16 22:45,Injury,2,Dark-Not Lighted
5504509,Pedestrian,33.618912,-83.975994,11/9/15 0:00,Injury,2,Dark-Not Lighted
6213926,Pedestrian,33.32559,-82.01753,5/1/17 6:01,Injury,2,Dark-Not Lighted
5999212,Pedestrian,34.523497,-84.03756,11/11/16 21:00,Injury,2,Dark-Not Lighted
6304657,Pedestrian,33.806299,-84.193826,7/10/17 0:00,Injury,2,Dark-Not Lighted
5940806,Pedestrian,33.902535,-84.568076,9/28/16 20:00,Injury,2,Dark-Not Lighted
4425630,Pedestrian,33.847317,-84.323832,4/26/13 21:42,Injury,2,Dark-Not Lighted
4610537,Pedestrian,32.855831,-83.619201,9/26/13 21:07,Injury,2,Dark-Not Lighted
6488676,Pedestrian,32.879551,-83.607879,11/27/17 19:51,Injury,2,Dark-Not Lighted
6292614,Pedestrian,33.895729,-84.240988,6/29/17 22:14,Injury,2,Dark-Not Lighted
6492853,Pedestrian,32.227419,-82.414096,10/13/17 21:24,Injury,2,Dark-Not Lighted
4315213,Pedestrian,33.636351,-84.334036,1/2/13 19:07,Injury,2,Dark-Not Lighted
6061940,Pedestrian,34.252762,-83.461995,12/30/16 18:38,Injury,2,Dark-Not Lighted
5511675,Pedestrian,33.908173,-84.197109,11/12/15 20:37,Injury,2,Dark-Not Lighted
5697074,Pedestrian,32.281627,-83.457409,3/28/16 5:45,Injury,2,Dark-Not Lighted
5307584,Pedestrian,31.234155,-82.05454,5/29/15 2:48,Injury,2,Dark-Not Lighted
5945979,Bicyclist,32.072117,-81.089763,10/5/16 19:20,Property Damaged Only,1,Dark-Not Lighted
6089020,Bicyclist,34.091084,-84.579894,1/6/17 22:06,Property Damaged Only,1,Dark-Not Lighted
6079821,Bicyclist,33.870192,-84.764751,12/4/16 19:00,Property Damaged Only,1,Dark-Not Lighted
5385851,Bicyclist,33.579091,-84.469486,8/10/15 20:42,Property Damaged Only,1,Dark-Not Lighted
4733564,Bicyclist,33.95485,-83.40202,2/14/14 4:26,Injury,2,Dark-Not Lighted
6375357,Bicyclist,34.768981,-84.88617,8/31/17 6:39,Injury,2,Dark-Not Lighted
4968091,Pedestrian,33.943339,-83.644133,6/14/13 23:16,Property Damaged Only,1,Dark-Not Lighted
6476603,Pedestrian,33.944242,-84.204582,11/14/17 18:10,Property Damaged Only,1,Dark-Not Lighted
5924856,Pedestrian,33.607484,-84.343825,9/19/16 0:56,Property Damaged Only,1,Dark-Not Lighted
6125659,Pedestrian,33.514221,-84.387591,2/18/17 18:50,Property Damaged Only,1,Dark-Not Lighted
5562592,Pedestrian,34.075723,-84.048904,12/16/15 18:22,Property Damaged Only,1,Dark-Not Lighted
5054799,Pedestrian,33.916043,-84.229726,11/17/14 6:58,Property Damaged Only,1,Dark-Not Lighted
4708969,Pedestrian,34.151341,-84.068245,1/16/14 19:22,Property Damaged Only,1,Dark-Not Lighted
5253922,Pedestrian,33.967308,-84.017489,4/15/15 23:25,Property Damaged Only,1,Dark-Not Lighted
5542566,Pedestrian,34.279999,-85.211383,12/9/15 6:15,Property Damaged Only,1,Dark-Not Lighted
5942869,Pedestrian,32.458079,-84.921835,10/3/16 7:00,Property Damaged Only,1,Dark-Not Lighted
5585023,Pedestrian,33.556505,-83.921858,8/14/13 0:00,Property Damaged Only,1,Dark-Not Lighted
5919599,Pedestrian,32.60118,-83.660554,6/28/16 23:10,Property Damaged Only,1,Dark-Not Lighted
5763023,Pedestrian,33.512372,-84.35969,2/22/15 21:24,Property Damaged Only,1,Dark-Not Lighted
4619042,Pedestrian,33.572733,-84.306846,10/24/13 23:10,Property Damaged Only,1,Dark-Not Lighted
4719962,Pedestrian,34.09601,-84.4208,1/28/14 19:00,Property Damaged Only,1,Dark-Not Lighted
5660250,Pedestrian,32.793075,-83.670006,3/2/16 20:09,Property Damaged Only,1,Dark-Not Lighted
4723381,Pedestrian,34.49357,-84.033982,2/4/14 7:25,Property Damaged Only,1,Dark-Not Lighted
6024517,Pedestrian,34.8835,-85.041834,12/1/16 20:48,Fatal,3,Dark-Not Lighted
5373945,Pedestrian,33.731563,-84.939128,7/26/15 21:45,Fatal,3,Dark-Not Lighted
5650601,Pedestrian,33.865134,-84.762821,2/22/16 18:50,Fatal,3,Dark-Not Lighted
6357449,Pedestrian,33.596401,-84.407195,8/17/17 1:20,Fatal,3,Dark-Not Lighted
5586508,Pedestrian,33.873875,-84.624668,12/19/15 22:52,Fatal,3,Dark-Not Lighted
6380903,Pedestrian,33.548548,-84.276402,9/3/17 20:50,Fatal,3,Dark-Not Lighted
5006674,Pedestrian,33.51257,-84.329543,10/4/14 22:55,Fatal,3,Dark-Not Lighted
4791172,Pedestrian,33.44005,-81.99536,4/12/14 23:39,Fatal,3,Dark-Not Lighted
4491936,Pedestrian,34.559696,-85.01226,6/28/13 23:49,Fatal,3,Dark-Not Lighted
5873079,Pedestrian,34.009542,-84.381676,7/27/16 4:50,Fatal,3,Dark-Not Lighted
4441984,Pedestrian,33.562997,-84.316843,5/11/13 3:40,Fatal,3,Dark-Not Lighted
4870597,Pedestrian,32.427669,-84.919304,6/7/14 2:01,Injury,2,Dark-Not Lighted
5804758,Pedestrian,32.537603,-82.93699,12/30/15 18:43,Injury,2,Dark-Not Lighted
4949502,Pedestrian,33.037431,-85.033603,8/23/14 23:05,Injury,2,Dark-Not Lighted
5567760,Pedestrian,33.14429,-84.630673,12/26/15 18:40,Injury,2,Dark-Not Lighted
6222345,Pedestrian,33.3988,-84.68021,5/5/17 21:55,Injury,2,Dark-Not Lighted
5071921,Pedestrian,33.567003,-84.447867,12/3/14 6:38,Injury,2,Dark-Not Lighted
5582024,Pedestrian,32.054243,-81.139876,1/5/16 19:05,Injury,2,Dark-Not Lighted
5245128,Pedestrian,34.195726,-83.037745,4/3/15 20:35,Injury,2,Dark-Not Lighted
5569248,Pedestrian,34.811074,-84.957704,11/20/15 19:10,Injury,2,Dark-Not Lighted
5241935,Pedestrian,33.955515,-84.219394,3/25/15 6:56,Injury,2,Dark-Not Lighted
6147264,Pedestrian,32.137873,-81.174391,3/5/17 19:07,Injury,2,Dark-Not Lighted
5969498,Pedestrian,33.539394,-84.576824,10/24/16 20:10,Injury,2,Dark-Not Lighted
6155121,Pedestrian,34.462583,-84.916786,3/17/17 20:45,Injury,2,Dark-Not Lighted
5915414,Pedestrian,33.73769,-84.98052,9/8/16 20:51,Injury,2,Dark-Not Lighted
6520136,Pedestrian,33.431656,-82.043516,12/12/17 22:36,Injury,2,Dark-Not Lighted