incidentIdNbr,crashType,latitude,longitude,dateOfIncidentDate,severity,Mag,lightCondition
4316481,Pedestrian,33.755936,-84.165409,1/4/13 21:50,Injury,2,Dark-Not Lighted
4612728,Pedestrian,32.425145,-84.934026,10/20/13 23:20,Injury,2,Dark-Not Lighted
5733013,Pedestrian,32.559991,-84.785892,4/27/16 6:37,Injury,2,Dark-Not Lighted
6175059,Pedestrian,34.976097,-85.24036,3/29/17 5:52,Injury,2,Dark-Not Lighted
5181103,Pedestrian,32.111712,-81.244943,2/11/15 6:35,Injury,2,Dark-Not Lighted
5138545,Pedestrian,33.685387,-85.262105,1/20/15 19:20,Injury,2,Dark-Not Lighted
4756615,Pedestrian,33.463377,-84.36408,3/9/14 21:00,Injury,2,Dark-Not Lighted
5414835,Pedestrian,33.690137,-84.941769,8/30/15 21:30,Injury,2,Dark-Not Lighted
6228789,Pedestrian,33.037768,-83.427405,3/31/17 20:25,Injury,2,Dark-Not Lighted
4686918,Pedestrian,33.49333,-84.48716,11/25/13 20:54,Injury,2,Dark-Not Lighted
5656500,Pedestrian,33.468711,-82.2832,2/21/16 20:16,Injury,2,Dark-Not Lighted
5485176,Pedestrian,34.60265,-83.180005,10/23/15 23:57,Injury,2,Dark-Not Lighted
5507437,Pedestrian,33.919632,-84.088306,11/7/15 21:51,Injury,2,Dark-Not Lighted
6360909,Pedestrian,33.977831,-83.893451,8/19/17 21:43,Injury,2,Dark-Not Lighted
4716111,Pedestrian,33.500028,-84.257507,1/24/14 19:52,Injury,2,Dark-Not Lighted
5713766,Bicyclist,33.621986,-84.501335,4/10/16 21:11,Property Damaged Only,1,Dark-Not Lighted
4323130,Bicyclist,32.144413,-81.33581,1/9/13 18:39,Fatal,3,Dark-Not Lighted
6141319,Bicyclist,33.969746,-84.172852,2/24/17 19:28,Injury,2,Dark-Not Lighted
4703545,Bicyclist,32.82657,-81.94056,1/13/14 18:26,Injury,2,Dark-Not Lighted
4586615,Bicyclist,33.835164,-84.536582,8/8/13 1:11,Injury,2,Dark-Not Lighted
5556911,Bicyclist,31.719817,-84.165779,12/15/15 18:30,Injury,2,Dark-Not Lighted
4942820,Bicyclist,32.600198,-83.652703,7/9/14 22:02,Injury,2,Dark-Not Lighted
6478717,Pedestrian,33.64982,-84.190617,11/17/17 21:08,Property Damaged Only,1,Dark-Not Lighted
6022986,Pedestrian,33.845852,-84.25182,12/2/16 18:17,Property Damaged Only,1,Dark-Not Lighted
6215009,Pedestrian,227.0702,144.1915,4/29/17 14:33,Property Damaged Only,1,Dark-Not Lighted
6096729,Pedestrian,32.435321,-84.936311,1/29/17 2:20,Property Damaged Only,1,Dark-Not Lighted
4658496,Pedestrian,33.762073,-84.19768,11/29/13 20:08,Property Damaged Only,1,Dark-Not Lighted
5933271,Pedestrian,33.790281,-83.704039,9/24/16 0:25,Property Damaged Only,1,Dark-Not Lighted
5009003,Pedestrian,34.060712,-83.990619,10/3/14 22:20,Property Damaged Only,1,Dark-Not Lighted
6492986,Pedestrian,34.462455,-83.070854,10/13/17 21:35,Property Damaged Only,1,Dark-Not Lighted
5223809,Pedestrian,33.949834,-84.411351,3/19/15 22:18,Property Damaged Only,1,Dark-Not Lighted
6377044,Pedestrian,33.238014,-84.281045,9/1/17 20:41,Property Damaged Only,1,Dark-Not Lighted
4618465,Pedestrian,33.838355,-84.034723,10/19/13 20:41,Property Damaged Only,1,Dark-Not Lighted
5486281,Pedestrian,34.947155,-85.29466,10/27/15 20:55,Property Damaged Only,1,Dark-Not Lighted
5114129,Pedestrian,34.981723,-85.286439,11/13/14 21:00,Property Damaged Only,1,Dark-Not Lighted
5994548,Pedestrian,34.700571,-83.727874,10/15/16 0:01,Property Damaged Only,1,Dark-Not Lighted
4429710,Pedestrian,33.413143,-84.314135,4/27/13 5:42,Fatal,3,Dark-Not Lighted
6382272,Pedestrian,34.074229,-84.522108,9/4/17 20:57,Fatal,3,Dark-Not Lighted
5611671,Pedestrian,31.21977,-81.86699,1/16/16 23:00,Fatal,3,Dark-Not Lighted
6383686,Pedestrian,33.62053,-84.47366,9/6/17 6:59,Fatal,3,Dark-Not Lighted
4393603,Pedestrian,33.913153,-84.286353,2/17/13 3:43,Fatal,3,Dark-Not Lighted
5978223,Pedestrian,33.33077,-84.78142,10/28/16 20:06,Fatal,3,Dark-Not Lighted
5935426,Pedestrian,32.146227,-81.761603,9/26/16 5:02,Fatal,3,Dark-Not Lighted
5530801,Pedestrian,33.97879,-84.226098,11/28/15 1:19,Fatal,3,Dark-Not Lighted
4923215,Pedestrian,34.269377,-85.216593,7/30/14 21:21,Fatal,3,Dark-Not Lighted
6200726,Pedestrian,33.72218,-84.93731,4/7/17 3:10,Fatal,3,Dark-Not Lighted
6124920,Pedestrian,33.505759,-84.428457,1/19/17 21:02,Fatal,3,Dark-Not Lighted
6107877,Pedestrian,33.73828,-84.11903,2/6/17 18:38,Fatal,3,Dark-Not Lighted
5786565,Pedestrian,33.258165,-82.016992,6/6/16 1:36,Fatal,3,Dark-Not Lighted
5559812,Pedestrian,33.795734,-84.246255,12/19/15 20:30,Fatal,3,Dark-Not Lighted
4957348,Pedestrian,33.381484,-84.301555,8/29/14 23:45,Fatal,3,Dark-Not Lighted
5200637,Pedestrian,32.190499,-82.239723,2/25/15 20:05,Fatal,3,Dark-Not Lighted
5547224,Pedestrian,33.891172,-84.578302,12/8/15 18:07,Injury,2,Dark-Not Lighted
4524422,Pedestrian,33.674276,-84.258272,7/30/13 1:39,Injury,2,Dark-Not Lighted
5298236,Pedestrian,33.589507,-83.149256,5/17/15 2:02,Injury,2,Dark-Not Lighted
5832777,Pedestrian,33.252118,-84.236959,6/4/16 20:40,Injury,2,Dark-Not Lighted
6077545,Pedestrian,34.334143,-82.89496,1/11/17 18:25,Injury,2,Dark-Not Lighted
5788577,Pedestrian,33.908274,-84.267674,5/25/16 5:40,Injury,2,Dark-Not Lighted
4960830,Pedestrian,32.08759,-84.24023,9/1/14 21:55,Injury,2,Dark-Not Lighted
5686948,Pedestrian,34.077869,-84.775912,3/22/16 23:23,Injury,2,Dark-Not Lighted
4342711,Pedestrian,33.449121,-82.081336,1/4/13 5:15,Injury,2,Dark-Not Lighted
4536394,Pedestrian,33.952856,-84.534686,8/9/13 21:44,Injury,2,Dark-Not Lighted
6531080,Pedestrian,31.45203,-83.52814,12/22/17 20:47,Injury,2,Dark-Not Lighted
4734850,Pedestrian,33.325347,-84.77853,2/15/14 7:20,Injury,2,Dark-Not Lighted
4771439,Pedestrian,33.811654,-84.20618,3/25/14 6:50,Injury,2,Dark-Not Lighted
4612534,Pedestrian,33.749507,-84.390304,10/17/13 7:07,Injury,2,Dark-Not Lighted
5835103,Pedestrian,34.280584,-83.82436,6/27/16 21:30,Injury,2,Dark-Not Lighted
4677560,Pedestrian,33.96522,-84.008554,12/16/13 19:18,Injury,2,Dark-Not Lighted
6246508,Pedestrian,34.135028,-84.474899,5/24/17 0:33,Injury,2,Dark-Not Lighted
5014939,Pedestrian,33.685188,-84.209714,10/13/14 0:35,Injury,2,Dark-Not Lighted
5799066,Pedestrian,31.569141,-84.176206,6/4/16 21:08,Injury,2,Dark-Not Lighted
5120625,Pedestrian,33.922782,-84.542774,12/16/14 21:30,Injury,2,Dark-Not Lighted
5582185,Pedestrian,31.575438,-84.348522,12/30/15 19:46,Injury,2,Dark-Not Lighted
4926192,Pedestrian,33.643607,-84.315876,8/3/14 22:34,Injury,2,Dark-Not Lighted
4350670,Pedestrian,33.559776,-85.1654,2/5/13 19:15,Injury,2,Dark-Not Lighted
6448552,Pedestrian,32.422315,-84.939227,10/28/17 20:45,Injury,2,Dark-Not Lighted
4585653,Pedestrian,33.876391,-84.579744,9/23/13 20:34,Injury,2,Dark-Not Lighted
5990894,Pedestrian,33.594621,-83.469081,11/7/16 20:32,Injury,2,Dark-Not Lighted
6020576,Pedestrian,31.945582,-81.107614,12/1/16 1:45,Injury,2,Dark-Not Lighted
5137486,Pedestrian & Bicyclist,33.870099,-83.915881,1/20/15 7:04,Injury,2,Dark-Not Lighted
5089751,Pedestrian & Bicyclist,31.78768,-82.336582,12/11/14 21:17,Injury,2,Dark-Not Lighted
5329893,Bicyclist,33.609958,-84.471303,6/16/15 21:40,Property Damaged Only,1,Dark-Not Lighted
6062921,Bicyclist,30.81549,-83.32208,12/31/16 0:45,Fatal,3,Dark-Not Lighted
6426055,Bicyclist,32.55531,-84.85163,10/12/17 0:52,Fatal,3,Dark-Not Lighted
5678173,Bicyclist,34.791613,-84.821594,3/13/16 22:00,Injury,2,Dark-Not Lighted
5902939,Bicyclist,33.900703,-84.56942,8/28/16 22:40,Injury,2,Dark-Not Lighted
5791649,Bicyclist,33.599485,-84.333007,6/13/16 2:20,Injury,2,Dark-Not Lighted
6462586,Bicyclist,33.799743,-84.256542,11/4/17 18:50,Injury,2,Dark-Not Lighted
6403094,Pedestrian,33.630043,-84.282705,9/23/17 2:59,Property Damaged Only,1,Dark-Not Lighted
6466648,Pedestrian,33.649702,-84.487204,11/9/17 22:38,Property Damaged Only,1,Dark-Not Lighted
5571763,Pedestrian,34.272556,-83.861967,12/23/15 6:22,Property Damaged Only,1,Dark-Not Lighted
4339345,Pedestrian,33.635868,-84.535812,1/29/13 19:08,Property Damaged Only,1,Dark-Not Lighted
6533709,Pedestrian,33.628582,-84.31289,12/30/17 18:10,Property Damaged Only,1,Dark-Not Lighted
5346072,Pedestrian,33.803474,-84.277824,6/19/15 22:55,Property Damaged Only,1,Dark-Not Lighted
5338774,Pedestrian,33.518001,-84.381563,6/27/15 22:10,Property Damaged Only,1,Dark-Not Lighted
5068307,Pedestrian,33.581183,-84.376328,12/1/14 1:03,Property Damaged Only,1,Dark-Not Lighted
5197637,Pedestrian,33.83939,-84.80856,2/24/15 5:17,Fatal,3,Dark-Not Lighted
5026811,Pedestrian,34.181969,-84.81591,10/15/14 0:12,Fatal,3,Dark-Not Lighted
4531132,Pedestrian,32.423608,-84.947079,8/5/13 20:52,Fatal,3,Dark-Not Lighted
5567307,Pedestrian,32.782561,-81.632617,12/21/15 23:22,Fatal,3,Dark-Not Lighted
5822690,Pedestrian,33.590854,-84.37321,7/3/16 21:20,Fatal,3,Dark-Not Lighted
5174256,Pedestrian,33.952707,-84.200646,2/9/15 19:26,Fatal,3,Dark-Not Lighted
5515151,Pedestrian,32.037476,-81.104926,11/18/15 17:50,Fatal,3,Dark-Not Lighted
5446727,Pedestrian,33.831755,-84.337256,9/28/15 20:39,Fatal,3,Dark-Not Lighted
4632412,Pedestrian,33.6092,-85.01342,11/3/13 0:28,Fatal,3,Dark-Not Lighted
6151787,Pedestrian,31.419452,-83.50649,3/15/17 6:41,Fatal,3,Dark-Not Lighted
6022860,Pedestrian,31.745937,-82.350619,11/29/16 18:20,Fatal,3,Dark-Not Lighted
5264175,Pedestrian,33.796608,-84.5632,4/15/15 21:11,Fatal,3,Dark-Not Lighted
6319235,Pedestrian,33.383912,-84.415027,6/6/17 22:40,Injury,2,Dark-Not Lighted
5466143,Pedestrian,33.78552,-84.656079,10/8/15 19:38,Injury,2,Dark-Not Lighted
5425623,Pedestrian,33.894923,-85.227318,9/12/15 22:40,Injury,2,Dark-Not Lighted
5815954,Pedestrian,30.894636,-83.931887,6/28/16 22:20,Injury,2,Dark-Not Lighted
5948987,Pedestrian,34.499917,-84.920269,10/4/16 22:38,Injury,2,Dark-Not Lighted
4688223,Pedestrian,33.843837,-84.83446,12/21/13 18:12,Injury,2,Dark-Not Lighted
4933280,Pedestrian,32.996647,-82.405695,5/12/14 23:05,Injury,2,Dark-Not Lighted
5750719,Pedestrian,32.103237,-81.148955,5/10/16 21:36,Injury,2,Dark-Not Lighted
4511882,Pedestrian,31.49709,-84.12801,5/17/13 23:08,Injury,2,Dark-Not Lighted
4795986,Pedestrian,30.91321,-84.53612,4/7/14 6:42,Injury,2,Dark-Not Lighted
4914347,Pedestrian,32.495621,-84.979782,7/21/14 21:33,Injury,2,Dark-Not Lighted
6210213,Pedestrian,33.634429,-83.978194,1/31/17 1:03,Injury,2,Dark-Not Lighted
5204556,Pedestrian,34.327649,-85.172253,3/3/15 20:22,Injury,2,Dark-Not Lighted
6255808,Pedestrian,34.190339,-84.152314,11/10/16 20:46,Injury,2,Dark-Not Lighted
6159233,Pedestrian,33.607225,-84.381419,3/15/17 21:18,Injury,2,Dark-Not Lighted
5497284,Pedestrian,31.679226,-84.172671,11/3/15 18:55,Injury,2,Dark-Not Lighted
4317106,Pedestrian,33.6158,-84.99782,1/4/13 23:05,Injury,2,Dark-Not Lighted
6096074,Pedestrian,31.581497,-84.1537,1/26/17 6:56,Injury,2,Dark-Not Lighted
5189818,Pedestrian,34.129078,-84.254434,11/24/14 18:37,Injury,2,Dark-Not Lighted
4825582,Pedestrian,34.923465,-84.94751,4/19/14 20:57,Injury,2,Dark-Not Lighted
5617149,Pedestrian,32.311389,-84.031877,1/26/16 22:35,Injury,2,Dark-Not Lighted
5051246,Pedestrian,34.195198,-84.736334,11/10/14 19:05,Injury,2,Dark-Not Lighted
5567637,Pedestrian,33.801184,-84.399564,12/24/15 4:35,Injury,2,Dark-Not Lighted
6510646,Pedestrian,34.21687,-84.75297,12/7/17 18:55,Injury,2,Dark-Not Lighted
5401263,Pedestrian,31.575308,-84.164155,8/21/15 23:45,Injury,2,Dark-Not Lighted
5252357,Pedestrian & Bicyclist,33.937316,-84.168374,4/9/15 20:22,Property Damaged Only,1,Dark-Not Lighted
4415089,Bicyclist,33.889796,-84.212517,4/9/13 19:58,Property Damaged Only,1,Dark-Not Lighted
5125430,Bicyclist,33.403159,-84.798684,1/6/15 19:01,Property Damaged Only,1,Dark-Not Lighted
5913696,Bicyclist,33.751468,-84.385382,9/4/16 21:29,Property Damaged Only,1,Dark-Not Lighted
4899182,Bicyclist,33.48207,-84.405093,6/9/14 22:03,Property Damaged Only,1,Dark-Not Lighted
5294550,Bicyclist,34.157646,-84.173118,4/7/15 7:23,Property Damaged Only,1,Dark-Not Lighted
4335682,Bicyclist,33.634431,-84.336027,1/23/13 20:00,Property Damaged Only,1,Dark-Not Lighted
4739787,Bicyclist,32.44733,-81.79453,2/20/14 22:00,Property Damaged Only,1,Dark-Not Lighted
4740069,Bicyclist,33.910054,-84.157663,12/31/13 21:00,Property Damaged Only,1,Dark-Not Lighted
6408741,Bicyclist,30.843413,-83.981413,9/23/17 21:42,Injury,2,Dark-Not Lighted
5720264,Bicyclist,32.055161,-81.08551,4/20/16 0:35,Injury,2,Dark-Not Lighted
4574454,Bicyclist,33.915022,-84.562254,9/18/13 22:35,Injury,2,Dark-Not Lighted
5354604,Pedestrian,31.2538,-81.75504,7/11/15 21:15,Property Damaged Only,1,Dark-Not Lighted
5308616,Pedestrian,33.050308,-83.948211,5/29/15 21:56,Property Damaged Only,1,Dark-Not Lighted
6072411,Pedestrian,34.985576,-85.22048,1/7/17 17:25,Property Damaged Only,1,Dark-Not Lighted
6527041,Pedestrian,30.82701,-83.98459,12/23/17 22:00,Property Damaged Only,1,Dark-Not Lighted
6278468,Pedestrian,33.644639,-83.97804,6/17/17 22:36,Property Damaged Only,1,Dark-Not Lighted
4390157,Pedestrian,33.583984,-84.510186,3/22/13 6:37,Property Damaged Only,1,Dark-Not Lighted
5574202,Pedestrian,31.955843,-83.784859,12/28/15 18:02,Property Damaged Only,1,Dark-Not Lighted
4598635,Pedestrian,34.056029,-84.579701,10/5/13 20:37,Property Damaged Only,1,Dark-Not Lighted
6252315,Pedestrian,33.83945,-84.662994,5/27/17 21:58,Property Damaged Only,1,Dark-Not Lighted
4980156,Pedestrian,32.103891,-81.149966,9/15/14 20:04,Property Damaged Only,1,Dark-Not Lighted
6518556,Pedestrian,33.350862,-84.088082,12/9/17 18:25,Property Damaged Only,1,Dark-Not Lighted
5527444,Pedestrian,32.479851,-83.70253,11/5/15 19:28,Property Damaged Only,1,Dark-Not Lighted
5615959,Pedestrian,33.156909,-84.857345,1/27/16 5:30,Property Damaged Only,1,Dark-Not Lighted
5646353,Pedestrian,33.901719,-84.205698,2/20/16 0:30,Property Damaged Only,1,Dark-Not Lighted
4981995,Pedestrian,33.566241,-84.261605,9/17/14 2:45,Property Damaged Only,1,Dark-Not Lighted
6097102,Pedestrian,33.581484,-84.375459,1/28/17 3:18,Property Damaged Only,1,Dark-Not Lighted
4477369,Pedestrian,33.91297,-84.28641,6/14/13 8:17,Property Damaged Only,1,Dark-Not Lighted
5344621,Pedestrian,32.224821,-82.407953,7/1/15 21:37,Property Damaged Only,1,Dark-Not Lighted
5295046,Pedestrian,33.921579,-84.338956,5/18/15 21:11,Property Damaged Only,1,Dark-Not Lighted
4640262,Pedestrian,33.677535,-84.195757,11/13/13 22:51,Property Damaged Only,1,Dark-Not Lighted
6058224,Pedestrian,33.50806,-82.109964,12/3/16 21:45,Property Damaged Only,1,Dark-Not Lighted
4506596,Pedestrian,33.430596,-84.195031,7/17/13 21:01,Property Damaged Only,1,Dark-Not Lighted
5402747,Pedestrian,33.530447,-84.139371,8/23/15 21:07,Fatal,3,Dark-Not Lighted
5213026,Pedestrian,33.711917,-84.663135,3/10/15 23:14,Fatal,3,Dark-Not Lighted
6284583,Pedestrian,33.42692,-84.079646,6/19/17 21:30,Fatal,3,Dark-Not Lighted
6429122,Pedestrian,32.053393,-81.143658,10/15/17 21:22,Fatal,3,Dark-Not Lighted
4536697,Pedestrian,31.857355,-82.56824,8/8/13 22:02,Fatal,3,Dark-Not Lighted
5876829,Pedestrian,33.787048,-84.492749,8/9/16 23:58,Fatal,3,Dark-Not Lighted
5665912,Pedestrian,33.936423,-84.185107,11/14/15 19:54,Fatal,3,Dark-Not Lighted
5305874,Pedestrian,34.036184,-84.569805,5/17/15 0:02,Fatal,3,Dark-Not Lighted
4842690,Pedestrian,33.553187,-84.351946,5/10/14 21:40,Fatal,3,Dark-Not Lighted
5561153,Pedestrian,33.646246,-83.993984,12/13/15 5:30,Fatal,3,Dark-Not Lighted
4429939,Pedestrian,33.076664,-83.25511,4/25/13 5:37,Fatal,3,Dark-Not Lighted
4630738,Pedestrian,33.711274,-84.18804,11/4/13 6:30,Injury,2,Dark-Not Lighted
5574960,Pedestrian,33.611641,-85.034135,12/21/15 18:11,Injury,2,Dark-Not Lighted
5477228,Pedestrian,33.957306,-84.016499,10/21/15 0:30,Injury,2,Dark-Not Lighted
5527154,Pedestrian,30.775061,-81.676501,8/12/15 20:31,Injury,2,Dark-Not Lighted
4892543,Pedestrian,33.808632,-84.34054,6/29/14 4:09,Injury,2,Dark-Not Lighted
5917970,Pedestrian,31.509571,-83.515062,9/13/16 3:05,Injury,2,Dark-Not Lighted
4560462,Pedestrian,33.930463,-84.146388,9/2/13 22:50,Injury,2,Dark-Not Lighted
5487400,Pedestrian,32.959637,-82.551729,10/6/15 22:51,Injury,2,Dark-Not Lighted
6347926,Pedestrian,32.603767,-83.754196,8/8/17 21:41,Injury,2,Dark-Not Lighted
6506452,Pedestrian,32.57282,-83.87397,12/6/17 18:33,Injury,2,Dark-Not Lighted
6264180,Pedestrian,232.2817,144.0467,6/3/17 21:25,Injury,2,Dark-Not Lighted
6007866,Pedestrian,33.448168,-84.321057,11/20/16 22:30,Injury,2,Dark-Not Lighted
4782421,Pedestrian,33.710606,-84.201918,4/5/14 21:55,Injury,2,Dark-Not Lighted
5340271,Pedestrian,34.548934,-83.13896,6/24/15 22:52,Injury,2,Dark-Not Lighted
6151441,Pedestrian,33.880511,-83.415031,3/15/17 6:55,Injury,2,Dark-Not Lighted
5503970,Pedestrian,33.851627,-83.912871,11/6/15 15:07,Injury,2,Dark-Not Lighted
5755477,Pedestrian,34.08728,-84.480634,5/14/16 2:22,Injury,2,Dark-Not Lighted
5251416,Pedestrian,31.973055,-81.133123,4/13/15 21:52,Injury,2,Dark-Not Lighted
5963873,Pedestrian,33.991562,-84.032675,10/18/16 20:15,Injury,2,Dark-Not Lighted
4661447,Pedestrian,31.885967,-81.88016,11/30/13 18:43,Injury,2,Dark-Not Lighted
4330637,Pedestrian,33.61374,-85.038414,1/13/13 19:20,Injury,2,Dark-Not Lighted
5350610,Pedestrian,33.7686,-84.51396,7/7/15 0:32,Injury,2,Dark-Not Lighted
4699043,Pedestrian,31.18758,-81.4695,1/9/14 20:51,Injury,2,Dark-Not Lighted
5465553,Pedestrian,32.16559,-81.253505,10/5/15 19:03,Injury,2,Dark-Not Lighted
4943373,Pedestrian,30.880397,-83.93161,8/18/14 22:50,Injury,2,Dark-Not Lighted
4650052,Pedestrian,33.594629,-84.412415,11/21/13 19:00,Injury,2,Dark-Not Lighted
4912727,Pedestrian,32.6212,-83.70907,7/15/14 21:13,Injury,2,Dark-Not Lighted
4644507,Pedestrian,33.797187,-84.643035,11/9/13 19:42,Injury,2,Dark-Not Lighted
6059406,Pedestrian,34.137321,-84.125372,10/8/16 21:01,Injury,2,Dark-Not Lighted
5495993,Pedestrian,31.04164,-83.197726,10/26/15 7:05,Injury,2,Dark-Not Lighted
5326613,Pedestrian,33.544058,-84.368388,6/6/15 22:34,Injury,2,Dark-Not Lighted
5120199,Pedestrian,33.698242,-84.754943,1/4/15 19:25,Injury,2,Dark-Not Lighted
5736712,Pedestrian,32.795365,-84.814489,4/28/16 6:32,Injury,2,Dark-Not Lighted
5748002,Pedestrian & Bicyclist,30.828355,-83.922149,5/5/16 20:50,Injury,2,Dark-Not Lighted
4915626,Pedestrian & Bicyclist,32.013747,-80.845623,7/22/14 20:52,Injury,2,Dark-Not Lighted
4588896,Bicyclist,34.114524,-84.079157,9/28/13 23:31,Property Damaged Only,1,Dark-Not Lighted
5969333,Bicyclist,31.325716,-82.797349,10/17/16 19:01,Fatal,3,Dark-Not Lighted
4852640,Bicyclist,31.176707,-82.35083,5/8/14 22:03,Injury,2,Dark-Not Lighted
5849498,Pedestrian,33.981808,-84.341884,7/17/16 3:22,Property Damaged Only,1,Dark-Not Lighted
5558496,Pedestrian,32.828607,-83.674265,12/16/15 22:30,Property Damaged Only,1,Dark-Not Lighted
4613170,Pedestrian,33.245898,-84.270423,10/17/13 19:18,Property Damaged Only,1,Dark-Not Lighted
5561154,Pedestrian,33.646246,-83.993984,12/13/15 5:30,Property Damaged Only,1,Dark-Not Lighted
5737475,Pedestrian,33.655132,-84.225366,5/1/16 21:00,Property Damaged Only,1,Dark-Not Lighted
4872097,Pedestrian,34.108817,-84.034855,6/6/14 21:27,Property Damaged Only,1,Dark-Not Lighted
4568828,Pedestrian,33.414316,-84.536756,8/13/13 20:13,Property Damaged Only,1,Dark-Not Lighted
6310521,Pedestrian,32.44848,-84.95909,7/15/17 22:00,Property Damaged Only,1,Dark-Not Lighted
4640648,Pedestrian,33.927572,-84.242442,11/13/13 6:01,Property Damaged Only,1,Dark-Not Lighted
6206022,Pedestrian,34.942776,-85.296564,4/24/17 22:35,Property Damaged Only,1,Dark-Not Lighted
4649277,Pedestrian,33.712571,-84.270753,11/20/13 20:55,Property Damaged Only,1,Dark-Not Lighted
5552248,Pedestrian,33.635174,-83.787727,2/4/13 6:09,Property Damaged Only,1,Dark-Not Lighted
5462131,Pedestrian,33.900118,-84.447818,10/5/15 20:38,Property Damaged Only,1,Dark-Not Lighted
5493391,Pedestrian,33.93028,-84.265792,10/23/15 22:56,Property Damaged Only,1,Dark-Not Lighted
6248270,Pedestrian,33.570942,-84.359731,5/23/17 20:45,Property Damaged Only,1,Dark-Not Lighted
4720542,Pedestrian,33.379896,-82.001959,1/31/14 22:34,Property Damaged Only,1,Dark-Not Lighted
5661230,Pedestrian,33.903064,-84.265758,3/3/16 18:45,Property Damaged Only,1,Dark-Not Lighted
6172652,Pedestrian,31.580044,-84.07889,3/31/17 7:02,Property Damaged Only,1,Dark-Not Lighted
6514605,Pedestrian,32.751975,-83.658575,12/14/17 21:59,Property Damaged Only,1,Dark-Not Lighted
4917413,Pedestrian,33.787012,-84.21006,7/24/14 23:59,Property Damaged Only,1,Dark-Not Lighted
5956302,Pedestrian,33.397651,-84.174096,10/13/16 23:59,Property Damaged Only,1,Dark-Not Lighted
5959524,Pedestrian,34.319456,-83.80066,10/14/16 20:48,Property Damaged Only,1,Dark-Not Lighted
4550396,Pedestrian,33.861658,-83.957305,8/25/13 2:20,Property Damaged Only,1,Dark-Not Lighted
4713326,Pedestrian,33.595038,-85.038739,1/2/14 19:54,Fatal,3,Dark-Not Lighted
6023860,Pedestrian,34.883007,-85.041836,12/1/16 20:46,Fatal,3,Dark-Not Lighted
6122350,Pedestrian,33.77044,-84.685394,2/15/17 6:14,Fatal,3,Dark-Not Lighted
5579956,Pedestrian,33.58047,-84.399495,1/3/16 19:50,Fatal,3,Dark-Not Lighted
6109221,Pedestrian,31.119092,-81.58667,1/25/17 22:10,Fatal,3,Dark-Not Lighted
5925437,Pedestrian,31.629968,-84.17687,9/18/16 1:16,Fatal,3,Dark-Not Lighted
4910703,Pedestrian,32.2941,-81.39985,7/17/14 21:18,Fatal,3,Dark-Not Lighted
5610633,Pedestrian,33.72546,-84.515057,1/11/16 18:54,Fatal,3,Dark-Not Lighted
4823480,Pedestrian,34.026037,-84.635389,4/16/14 5:48,Fatal,3,Dark-Not Lighted
4738182,Pedestrian,33.59504,-83.859405,2/19/14 6:37,Injury,2,Dark-Not Lighted
6265354,Pedestrian,231.6345,143.7529,5/26/17 21:40,Injury,2,Dark-Not Lighted
6045113,Pedestrian,33.756711,-84.016389,12/18/16 19:16,Injury,2,Dark-Not Lighted
5725035,Pedestrian,33.615849,-84.472742,3/18/16 6:30,Injury,2,Dark-Not Lighted
5594789,Pedestrian,33.893325,-84.759931,9/19/15 21:24,Injury,2,Dark-Not Lighted
5602459,Pedestrian,34.765201,-84.929011,1/16/16 20:48,Injury,2,Dark-Not Lighted
4373631,Pedestrian,33.447413,-82.060875,2/13/13 19:08,Injury,2,Dark-Not Lighted
5577201,Pedestrian,33.661923,-84.471956,12/31/15 19:29,Injury,2,Dark-Not Lighted
5851717,Pedestrian,33.531671,-84.564939,7/25/16 21:13,Injury,2,Dark-Not Lighted
6082658,Pedestrian,31.816973,-81.515251,1/14/17 19:46,Injury,2,Dark-Not Lighted
5419038,Pedestrian,31.168526,-81.414665,8/25/15 22:40,Injury,2,Dark-Not Lighted
6158684,Pedestrian,33.946349,-84.518174,3/18/17 21:08,Injury,2,Dark-Not Lighted
4498959,Pedestrian,30.914947,-83.257225,7/8/13 21:16,Injury,2,Dark-Not Lighted
4484918,Pedestrian,33.840396,-84.81273,6/20/13 22:34,Injury,2,Dark-Not Lighted
5593880,Pedestrian,33.407591,-84.165963,1/11/16 22:58,Injury,2,Dark-Not Lighted
4794019,Pedestrian,31.608967,-84.173824,4/16/14 20:55,Injury,2,Dark-Not Lighted
6383024,Pedestrian,33.904566,-84.542325,9/3/17 21:40,Injury,2,Dark-Not Lighted
4940989,Pedestrian,33.493706,-84.14471,8/16/14 22:49,Injury,2,Dark-Not Lighted
5805952,Pedestrian,34.285659,-83.843197,6/20/16 21:54,Injury,2,Dark-Not Lighted
5485493,Pedestrian,33.869461,-84.773412,10/23/15 23:19,Injury,2,Dark-Not Lighted
5617417,Pedestrian,33.69318,-84.813292,1/24/16 19:20,Injury,2,Dark-Not Lighted
5006081,Pedestrian & Bicyclist,33.958746,-83.367651,10/3/14 18:21,Injury,2,Dark-Not Lighted
5182384,Bicyclist,34.238973,-84.196605,1/13/15 20:10,Property Damaged Only,1,Dark-Not Lighted
5814852,Bicyclist,34.076321,-84.653404,6/28/16 23:27,Injury,2,Dark-Not Lighted
6019281,Bicyclist,31.820253,-81.63913,11/29/16 6:35,Injury,2,Dark-Not Lighted
6043371,Bicyclist,33.737133,-84.229026,12/16/16 21:04,Injury,2,Dark-Not Lighted
5970818,Bicyclist,33.486725,-84.235945,10/23/16 4:29,Injury,2,Dark-Not Lighted
5476433,Pedestrian,34.216484,-83.838455,10/16/15 21:25,Property Damaged Only,1,Dark-Not Lighted
6046465,Pedestrian,33.769594,-84.46754,12/15/16 5:40,Property Damaged Only,1,Dark-Not Lighted
5972091,Pedestrian,31.300211,-82.264124,9/18/16 2:16,Property Damaged Only,1,Dark-Not Lighted
5626015,Pedestrian,33.582217,-84.378274,2/5/16 20:39,Property Damaged Only,1,Dark-Not Lighted
4617069,Pedestrian,32.506437,-84.97492,10/22/13 20:30,Property Damaged Only,1,Dark-Not Lighted