incidentIdNbr,crashType,latitude,longitude,dateOfIncidentDate,severity,Mag,lightCondition
6319063,Pedestrian,31.618723,-81.899572,5/11/17 21:18,Property Damaged Only,1,Dark-Not Lighted
4391721,Pedestrian,32.432661,-84.428209,2/28/13 2:01,Property Damaged Only,1,Dark-Not Lighted
4567270,Pedestrian,33.731323,-82.77334,9/6/13 23:43,Property Damaged Only,1,Dark-Not Lighted
5965709,Pedestrian,33.814391,-84.113622,10/17/16 6:58,Property Damaged Only,1,Dark-Not Lighted
4699973,Pedestrian,32.072026,-81.08374,1/11/14 0:07,Property Damaged Only,1,Dark-Not Lighted
5695015,Pedestrian,33.903526,-84.273071,3/30/16 6:57,Property Damaged Only,1,Dark-Not Lighted
5685916,Pedestrian,33.594511,-84.29536,3/23/16 6:43,Property Damaged Only,1,Dark-Not Lighted
6108916,Pedestrian,32.042271,-81.190208,1/26/17 7:04,Property Damaged Only,1,Dark-Not Lighted
5570581,Pedestrian,33.992094,-83.764927,12/4/15 6:17,Property Damaged Only,1,Dark-Not Lighted
6218545,Pedestrian,34.58412,-83.24253,5/1/17 23:55,Fatal,3,Dark-Not Lighted
4794042,Pedestrian,34.216039,-85.120747,4/16/14 22:31,Fatal,3,Dark-Not Lighted
6053556,Pedestrian,33.665164,-84.201367,12/24/16 19:29,Fatal,3,Dark-Not Lighted
6070161,Pedestrian,34.28166,-83.79052,1/4/17 21:14,Fatal,3,Dark-Not Lighted
5881650,Pedestrian,33.705033,-84.272387,8/17/16 21:50,Fatal,3,Dark-Not Lighted
4843161,Pedestrian,33.946063,-83.357191,5/11/14 21:52,Fatal,3,Dark-Not Lighted
6027212,Pedestrian,33.569976,-84.374642,12/6/16 0:48,Fatal,3,Dark-Not Lighted
5133900,Pedestrian,34.102019,-84.021608,1/15/15 21:49,Fatal,3,Dark-Not Lighted
6404506,Pedestrian,33.389635,-84.306732,9/23/17 23:39,Fatal,3,Dark-Not Lighted
4317405,Pedestrian,33.59542,-83.0781,1/1/13 1:12,Fatal,3,Dark-Not Lighted
5913717,Pedestrian,31.58753,-82.46186,9/10/16 0:05,Fatal,3,Dark-Not Lighted
6095176,Pedestrian,32.284248,-82.200014,1/23/17 5:37,Fatal,3,Dark-Not Lighted
6452187,Pedestrian,32.455283,-81.776757,10/30/17 18:30,Injury,2,Dark-Not Lighted
4478312,Pedestrian,34.160693,-84.173843,5/28/13 3:57,Injury,2,Dark-Not Lighted
4536624,Pedestrian,32.867824,-82.395294,8/9/13 22:30,Injury,2,Dark-Not Lighted
4700272,Pedestrian,31.821611,-81.634445,1/9/14 18:16,Injury,2,Dark-Not Lighted
5379452,Pedestrian,33.991543,-84.345063,8/3/15 21:47,Injury,2,Dark-Not Lighted
6089009,Pedestrian,33.58976,-84.426211,1/21/17 18:27,Injury,2,Dark-Not Lighted
6066031,Pedestrian,34.162167,-84.101152,9/5/16 21:36,Injury,2,Dark-Not Lighted
4940782,Pedestrian,33.359333,-82.075988,8/16/14 22:36,Injury,2,Dark-Not Lighted
4630553,Pedestrian,32.423072,-81.77642,11/1/13 2:16,Injury,2,Dark-Not Lighted
5648742,Pedestrian,33.577924,-84.389019,2/24/16 19:45,Injury,2,Dark-Not Lighted
4882698,Pedestrian,32.99787,-85.09605,6/10/14 22:06,Injury,2,Dark-Not Lighted
4738466,Pedestrian,33.491416,-84.67489,2/18/14 21:40,Injury,2,Dark-Not Lighted
5813817,Pedestrian,33.769645,-84.52028,6/27/16 23:08,Injury,2,Dark-Not Lighted
6041699,Pedestrian,33.361194,-84.7123,12/8/16 19:41,Injury,2,Dark-Not Lighted
5882918,Pedestrian,34.024372,-84.630871,8/19/16 2:45,Injury,2,Dark-Not Lighted
6085022,Pedestrian,33.755574,-84.017099,1/15/17 19:06,Injury,2,Dark-Not Lighted
5715058,Pedestrian,31.193206,-83.74126,4/10/16 0:10,Injury,2,Dark-Not Lighted
5365518,Pedestrian,33.29712,-84.29144,7/18/15 6:00,Injury,2,Dark-Not Lighted
6421318,Pedestrian,33.819282,-84.724215,10/6/17 7:10,Injury,2,Dark-Not Lighted
5470681,Pedestrian,34.001932,-85.243413,5/22/13 1:41,Injury,2,Dark-Not Lighted
6010461,Pedestrian,33.711872,-84.285488,11/22/16 20:10,Injury,2,Dark-Not Lighted
4531245,Pedestrian,33.951189,-83.40381,8/5/13 22:11,Injury,2,Dark-Not Lighted
6296984,Pedestrian,33.794017,-83.96476,7/2/17 21:45,Injury,2,Dark-Not Lighted
5818623,Pedestrian,32.821024,-83.718866,7/2/16 21:23,Injury,2,Dark-Not Lighted
4372842,Pedestrian,33.94715,-83.357071,2/16/13 3:05,Injury,2,Dark-Not Lighted
4789872,Pedestrian,34.549114,-83.24569,3/31/14 20:00,Injury,2,Dark-Not Lighted
6401174,Pedestrian,34.233004,-85.166287,9/21/17 20:06,Injury,2,Dark-Not Lighted
6178199,Pedestrian,33.52205,-82.141734,2/28/17 6:18,Injury,2,Dark-Not Lighted
4527260,Pedestrian,32.457696,-84.962492,8/1/13 20:50,Injury,2,Dark-Not Lighted
4952632,Pedestrian,33.57858,-83.96405,8/26/14 21:15,Injury,2,Dark-Not Lighted
5169819,Pedestrian,33.53226,-84.36379,2/6/15 19:45,Injury,2,Dark-Not Lighted
4349066,Pedestrian,33.858926,-84.606358,2/7/13 21:30,Injury,2,Dark-Not Lighted
6153012,Bicyclist,32.248038,-81.217114,2/28/17 19:22,Property Damaged Only,1,Dark-Not Lighted
5338068,Bicyclist,31.138527,-81.479371,6/21/15 23:07,Fatal,3,Dark-Not Lighted
6280842,Bicyclist,232.6127,139.5987,6/19/17 3:25,Injury,2,Dark-Not Lighted
5608859,Bicyclist,33.268425,-84.261401,1/20/16 20:46,Injury,2,Dark-Not Lighted
5901066,Bicyclist,34.020654,-83.631933,8/16/16 22:26,Injury,2,Dark-Not Lighted
6501503,Bicyclist,31.197834,-81.504757,12/2/17 20:47,Injury,2,Dark-Not Lighted
4467285,Bicyclist,33.932587,-84.337509,6/3/13 23:19,Injury,2,Dark-Not Lighted
6265470,Pedestrian,237.1935,148.2898,6/6/17 22:18,Property Damaged Only,1,Dark-Not Lighted
6405172,Pedestrian,33.726126,-84.110854,9/23/17 22:04,Property Damaged Only,1,Dark-Not Lighted
5700168,Pedestrian,33.175024,-83.296704,3/9/16 23:32,Property Damaged Only,1,Dark-Not Lighted
4827656,Pedestrian,32.111357,-81.234967,11/26/13 20:39,Property Damaged Only,1,Dark-Not Lighted
4620237,Pedestrian,32.080935,-81.115879,10/26/13 0:09,Property Damaged Only,1,Dark-Not Lighted
4719901,Pedestrian,33.709472,-84.206883,1/28/14 23:30,Property Damaged Only,1,Dark-Not Lighted
4604783,Pedestrian,31.55833,-84.13672,10/13/13 5:23,Property Damaged Only,1,Dark-Not Lighted
5042786,Pedestrian,33.960498,-84.248476,11/5/14 6:31,Property Damaged Only,1,Dark-Not Lighted
6080717,Pedestrian,33.543846,-83.87586,3/5/16 18:40,Property Damaged Only,1,Dark-Not Lighted
5587682,Pedestrian,33.612608,-83.901057,12/29/13 1:00,Property Damaged Only,1,Dark-Not Lighted
4779545,Pedestrian,34.222634,-85.173305,4/3/14 6:43,Property Damaged Only,1,Dark-Not Lighted
6039750,Pedestrian,34.336272,-85.172335,12/10/16 18:26,Property Damaged Only,1,Dark-Not Lighted
6030137,Pedestrian,33.882102,-84.533848,12/2/16 20:26,Property Damaged Only,1,Dark-Not Lighted
5205063,Pedestrian,33.808039,-84.474697,2/28/15 23:18,Property Damaged Only,1,Dark-Not Lighted
4764100,Pedestrian,33.486124,-84.337885,3/18/14 4:53,Property Damaged Only,1,Dark-Not Lighted
6071599,Pedestrian,33.914928,-84.470671,1/5/17 18:32,Property Damaged Only,1,Dark-Not Lighted
6325191,Pedestrian,31.990815,-81.088684,7/25/17 21:30,Property Damaged Only,1,Dark-Not Lighted
4949755,Pedestrian,32.802978,-83.663327,8/23/14 22:28,Property Damaged Only,1,Dark-Not Lighted
5918374,Pedestrian,33.537621,-84.36555,9/13/16 20:20,Property Damaged Only,1,Dark-Not Lighted
6109415,Pedestrian,33.806111,-84.335991,2/7/17 18:20,Property Damaged Only,1,Dark-Not Lighted
6532399,Pedestrian,33.936156,-83.35102,12/22/17 5:30,Property Damaged Only,1,Dark-Not Lighted
6022473,Pedestrian,33.886032,-84.190555,11/26/16 16:21,Property Damaged Only,1,Dark-Not Lighted
5835233,Pedestrian,34.157704,-83.88158,6/23/16 22:21,Property Damaged Only,1,Dark-Not Lighted
5137146,Pedestrian,33.781754,-84.372637,1/13/15 21:05,Fatal,3,Dark-Not Lighted
4472790,Pedestrian,34.713844,-85.27135,6/8/13 23:14,Fatal,3,Dark-Not Lighted
4915574,Pedestrian,33.929701,-84.357957,7/19/14 4:05,Fatal,3,Dark-Not Lighted
5593730,Pedestrian,33.610824,-84.523639,1/9/16 0:15,Fatal,3,Dark-Not Lighted
5107881,Pedestrian,33.907089,-84.246607,12/28/14 18:00,Fatal,3,Dark-Not Lighted
5723211,Pedestrian,33.507095,-84.354766,1/14/16 6:38,Fatal,3,Dark-Not Lighted
5004101,Pedestrian,33.636481,-83.979181,9/27/14 21:33,Fatal,3,Dark-Not Lighted
5831754,Pedestrian,32.177708,-81.912649,6/4/16 0:34,Fatal,3,Dark-Not Lighted
6403371,Pedestrian,32.786763,-83.670221,9/24/17 2:45,Fatal,3,Dark-Not Lighted
5397396,Pedestrian,33.612361,-84.472103,8/16/15 3:18,Fatal,3,Dark-Not Lighted
5949143,Pedestrian,34.311614,-85.100943,10/7/16 22:04,Fatal,3,Dark-Not Lighted
4894182,Pedestrian,33.879001,-84.27289,7/1/14 4:55,Fatal,3,Dark-Not Lighted
5216808,Pedestrian,31.981435,-81.14847,3/14/15 23:30,Fatal,3,Dark-Not Lighted
4624393,Pedestrian,34.029858,-84.318306,9/21/13 1:35,Fatal,3,Dark-Not Lighted
5566712,Pedestrian,33.282047,-82.70023,12/25/15 18:10,Fatal,3,Dark-Not Lighted
5657713,Pedestrian,33.532273,-84.363901,2/26/16 19:50,Fatal,3,Dark-Not Lighted
4788316,Pedestrian,33.297172,-84.85832,4/10/14 20:35,Injury,2,Dark-Not Lighted
4489734,Pedestrian,33.860413,-84.334665,6/29/13 3:33,Injury,2,Dark-Not Lighted
6085517,Pedestrian,32.039867,-81.110962,1/19/17 3:00,Injury,2,Dark-Not Lighted
5489186,Pedestrian,34.050392,-84.581,10/26/15 7:11,Injury,2,Dark-Not Lighted
6203456,Pedestrian,32.870971,-83.624306,4/22/17 20:35,Injury,2,Dark-Not Lighted
5051652,Pedestrian,33.878799,-84.471176,11/3/14 19:18,Injury,2,Dark-Not Lighted
5087745,Pedestrian,33.213256,-84.82097,12/6/14 0:15,Injury,2,Dark-Not Lighted
6180337,Pedestrian,33.559371,-84.51391,3/28/17 21:24,Injury,2,Dark-Not Lighted
5693916,Pedestrian,33.585667,-84.488983,3/29/16 20:48,Injury,2,Dark-Not Lighted
6063950,Pedestrian,34.333145,-83.90541,1/2/17 18:45,Injury,2,Dark-Not Lighted
6167788,Pedestrian,33.731749,-84.283318,3/27/17 20:22,Injury,2,Dark-Not Lighted
5931520,Pedestrian,33.783087,-84.624846,9/14/16 22:28,Injury,2,Dark-Not Lighted
4531366,Pedestrian,33.748733,-84.649993,7/28/13 3:15,Injury,2,Dark-Not Lighted
6499495,Pedestrian,33.698738,-84.260992,12/3/17 21:24,Injury,2,Dark-Not Lighted
4318922,Pedestrian,33.610766,-84.471544,1/7/13 0:16,Injury,2,Dark-Not Lighted
6429114,Pedestrian,32.583738,-84.911312,10/15/17 19:55,Injury,2,Dark-Not Lighted
4347742,Pedestrian,33.535363,-82.129508,1/18/13 19:46,Injury,2,Dark-Not Lighted
4654454,Pedestrian,31.524131,-82.82011,11/23/13 18:18,Injury,2,Dark-Not Lighted
4417993,Pedestrian,33.955292,-83.376579,4/2/13 20:42,Injury,2,Dark-Not Lighted
6461701,Pedestrian,33.705701,-84.112712,11/5/17 20:58,Injury,2,Dark-Not Lighted
6433342,Pedestrian,33.926141,-84.023084,10/18/17 21:08,Injury,2,Dark-Not Lighted
6012565,Pedestrian,32.374763,-81.844202,11/23/16 18:40,Injury,2,Dark-Not Lighted
5874855,Pedestrian,32.806503,-83.720615,8/5/16 1:25,Injury,2,Dark-Not Lighted
4835284,Pedestrian,34.264687,-85.17593,5/4/14 1:19,Injury,2,Dark-Not Lighted
5537618,Pedestrian,34.478652,-84.470726,12/2/15 19:45,Injury,2,Dark-Not Lighted
4539874,Pedestrian,33.92403,-84.296085,8/14/13 21:34,Injury,2,Dark-Not Lighted
5176707,Pedestrian,34.074221,-82.836456,2/11/15 21:08,Injury,2,Dark-Not Lighted
6305382,Pedestrian,33.559599,-84.371341,7/6/17 21:55,Injury,2,Dark-Not Lighted
5365732,Pedestrian,34.194183,-84.83483,7/21/15 21:05,Injury,2,Dark-Not Lighted
6187764,Pedestrian,33.57022,-85.102935,4/7/17 21:19,Injury,2,Dark-Not Lighted
4574807,Pedestrian,33.524025,-82.145436,9/1/13 0:37,Injury,2,Dark-Not Lighted
6250972,Pedestrian,34.752305,-84.969218,5/26/17 21:28,Injury,2,Dark-Not Lighted
5323311,Pedestrian,34.104158,-84.548394,6/11/15 23:45,Injury,2,Dark-Not Lighted
4347187,Pedestrian & Bicyclist,33.403339,-82.041072,1/12/13 19:18,Property Damaged Only,1,Dark-Not Lighted
6216222,Pedestrian & Bicyclist,33.564301,-84.550792,5/2/17 3:54,Property Damaged Only,1,Dark-Not Lighted
5064519,Pedestrian & Bicyclist,33.96103,-84.208471,11/20/14 6:50,Injury,2,Dark-Not Lighted
5204489,Bicyclist,33.971592,-84.540515,3/2/15 5:26,Property Damaged Only,1,Dark-Not Lighted
4912475,Bicyclist,30.7752,-81.576339,6/26/14 5:56,Property Damaged Only,1,Dark-Not Lighted
5700851,Bicyclist,33.444107,-84.322816,11/7/15 19:27,Injury,2,Dark-Not Lighted
6260604,Bicyclist,31.230075,-81.51821,5/30/17 21:47,Injury,2,Dark-Not Lighted
5576288,Pedestrian,31.98442,-81.198162,12/25/15 18:00,Property Damaged Only,1,Dark-Not Lighted
5876793,Pedestrian,33.463832,-82.496126,8/10/16 23:10,Property Damaged Only,1,Dark-Not Lighted
5081139,Pedestrian,32.073578,-81.075369,12/8/14 20:20,Property Damaged Only,1,Dark-Not Lighted
5590225,Pedestrian,33.54732,-83.952063,9/30/15 21:45,Property Damaged Only,1,Dark-Not Lighted
4357391,Pedestrian,32.0898,-84.2404,2/15/13 19:12,Property Damaged Only,1,Dark-Not Lighted
5397347,Pedestrian,33.833369,-84.069173,8/16/15 21:05,Property Damaged Only,1,Dark-Not Lighted
6308585,Pedestrian,33.61443,-84.472625,7/13/17 22:50,Property Damaged Only,1,Dark-Not Lighted
6080388,Pedestrian,33.692714,-83.871342,1/11/17 4:45,Property Damaged Only,1,Dark-Not Lighted
6309293,Pedestrian,33.813613,-84.193641,7/11/17 6:30,Property Damaged Only,1,Dark-Not Lighted
5944211,Pedestrian,31.299942,-82.247372,10/1/16 19:35,Property Damaged Only,1,Dark-Not Lighted
4740844,Pedestrian,33.950642,-84.551733,2/20/14 19:52,Property Damaged Only,1,Dark-Not Lighted
5478434,Pedestrian,32.465834,-84.947247,10/21/15 20:00,Property Damaged Only,1,Dark-Not Lighted
4322597,Pedestrian,33.518009,-84.382258,1/12/13 18:20,Property Damaged Only,1,Dark-Not Lighted
6260070,Pedestrian,33.053078,-83.235776,5/12/17 0:07,Property Damaged Only,1,Dark-Not Lighted
5502069,Pedestrian,33.929814,-84.550728,11/6/15 19:11,Property Damaged Only,1,Dark-Not Lighted
5160796,Pedestrian,30.819972,-83.500315,3/4/14 18:20,Property Damaged Only,1,Dark-Not Lighted
5231423,Pedestrian,32.226017,-82.12338,3/20/15 20:10,Property Damaged Only,1,Dark-Not Lighted
4681432,Pedestrian,33.577664,-84.225106,12/19/13 18:13,Property Damaged Only,1,Dark-Not Lighted
5782090,Pedestrian,33.680135,-84.255728,5/27/16 18:45,Property Damaged Only,1,Dark-Not Lighted
4675050,Pedestrian,34.851905,-84.33008,12/14/13 19:30,Property Damaged Only,1,Dark-Not Lighted
4406535,Pedestrian,31.793132,-81.68852,4/7/13 1:56,Property Damaged Only,1,Dark-Not Lighted
5657086,Pedestrian,33.635887,-84.969013,2/29/16 20:01,Property Damaged Only,1,Dark-Not Lighted
4356271,Pedestrian,33.401987,-84.222861,2/16/13 18:53,Property Damaged Only,1,Dark-Not Lighted
4434003,Pedestrian,32.039872,-81.111033,5/5/13 22:00,Property Damaged Only,1,Dark-Not Lighted
6324894,Pedestrian,33.509407,-84.429501,7/1/17 22:05,Property Damaged Only,1,Dark-Not Lighted
5026296,Pedestrian,33.873442,-84.763269,10/18/14 0:27,Fatal,3,Dark-Not Lighted
5978391,Pedestrian,34.868399,-85.036239,10/29/16 5:09,Fatal,3,Dark-Not Lighted
5353761,Pedestrian,33.829999,-84.332956,7/2/15 4:14,Fatal,3,Dark-Not Lighted
5467015,Pedestrian,34.118248,-84.47471,10/11/15 1:15,Fatal,3,Dark-Not Lighted
4566794,Pedestrian,32.812349,-83.707392,8/17/13 21:04,Fatal,3,Dark-Not Lighted
5171204,Pedestrian,32.841516,-83.555344,2/8/15 20:18,Fatal,3,Dark-Not Lighted
5507590,Pedestrian,33.532697,-84.367909,11/11/15 19:00,Fatal,3,Dark-Not Lighted
4885100,Pedestrian,33.401692,-82.06331,6/23/14 0:00,Injury,2,Dark-Not Lighted
6315784,Pedestrian,34.04736,-83.30448,7/15/17 0:22,Injury,2,Dark-Not Lighted
6040709,Pedestrian,33.060696,-83.223039,12/11/16 19:30,Injury,2,Dark-Not Lighted
5184948,Pedestrian,33.825562,-84.352775,2/16/15 19:00,Injury,2,Dark-Not Lighted
5288831,Pedestrian,33.867327,-84.187404,5/8/15 21:36,Injury,2,Dark-Not Lighted
6332984,Pedestrian,33.951446,-83.79257,7/4/17 22:20,Injury,2,Dark-Not Lighted
4603746,Pedestrian,33.697058,-84.173261,10/11/13 7:00,Injury,2,Dark-Not Lighted
5258950,Pedestrian,32.550068,-84.945654,4/21/15 4:46,Injury,2,Dark-Not Lighted
4648945,Pedestrian,31.201874,-81.483962,11/12/13 18:39,Injury,2,Dark-Not Lighted
6245329,Pedestrian,33.819196,-84.618061,5/16/17 6:08,Injury,2,Dark-Not Lighted
4893941,Pedestrian,33.89563,-84.576065,6/27/14 22:18,Injury,2,Dark-Not Lighted
5425769,Pedestrian,31.2423,-81.489018,9/14/15 20:38,Injury,2,Dark-Not Lighted
5419295,Pedestrian,33.795794,-84.277741,9/10/15 20:15,Injury,2,Dark-Not Lighted
4530158,Pedestrian,33.565139,-84.413225,8/3/13 22:15,Injury,2,Dark-Not Lighted
6216090,Pedestrian,33.888797,-84.474234,5/1/17 23:21,Injury,2,Dark-Not Lighted
4961607,Pedestrian,32.542184,-82.902133,11/18/13 18:29,Injury,2,Dark-Not Lighted
5291566,Pedestrian,32.852361,-83.589771,5/17/15 22:09,Injury,2,Dark-Not Lighted
4642246,Pedestrian,34.026145,-84.739654,11/9/13 22:06,Injury,2,Dark-Not Lighted
6111391,Pedestrian,34.302086,-84.88259,2/9/17 5:25,Injury,2,Dark-Not Lighted
5761211,Pedestrian,33.426166,-82.094523,5/18/16 21:16,Injury,2,Dark-Not Lighted
6368245,Pedestrian,34.170265,-84.167079,8/26/17 21:40,Injury,2,Dark-Not Lighted
4995583,Pedestrian,33.924606,-83.963836,9/25/14 0:11,Injury,2,Dark-Not Lighted
5062561,Pedestrian,33.284893,-84.28431,11/24/14 7:00,Injury,2,Dark-Not Lighted
5511198,Pedestrian,33.769135,-84.251192,11/15/15 19:30,Injury,2,Dark-Not Lighted
6401138,Pedestrian,33.0836,-85.03029,9/17/17 20:30,Injury,2,Dark-Not Lighted
5410959,Pedestrian,33.5957,-83.46676,8/30/15 22:39,Injury,2,Dark-Not Lighted
5810039,Pedestrian,32.004205,-81.101792,6/24/16 21:49,Injury,2,Dark-Not Lighted
6408231,Pedestrian,32.410686,-81.77305,9/25/17 21:39,Injury,2,Dark-Not Lighted
4766573,Pedestrian,33.896654,-84.64531,3/13/14 21:06,Injury,2,Dark-Not Lighted
6110897,Pedestrian,33.627067,-84.484119,1/24/17 18:55,Injury,2,Dark-Not Lighted
5076508,Pedestrian,34.950371,-85.175873,12/3/14 0:00,Injury,2,Dark-Not Lighted
6127271,Pedestrian,33.542779,-84.57707,2/22/17 19:05,Injury,2,Dark-Not Lighted
4364646,Pedestrian,33.656086,-84.49445,2/23/13 23:00,Injury,2,Dark-Not Lighted
5312817,Pedestrian & Bicyclist,31.302789,-82.248063,1/3/15 21:16,Property Damaged Only,1,Dark-Not Lighted
5159539,Pedestrian & Bicyclist,33.919005,-84.869257,9/11/14 20:35,Injury,2,Dark-Not Lighted
5329254,Bicyclist,34.262986,-85.188211,6/18/15 21:45,Property Damaged Only,1,Dark-Not Lighted
4875826,Bicyclist,33.938412,-83.995926,6/8/14 22:55,Property Damaged Only,1,Dark-Not Lighted
4668156,Bicyclist,34.20728,-83.695437,12/6/13 6:28,Property Damaged Only,1,Dark-Not Lighted
6214397,Bicyclist,34.021117,-84.547987,4/30/17 21:23,Injury,2,Dark-Not Lighted
5579909,Bicyclist,34.087589,-83.994259,12/29/15 20:19,Injury,2,Dark-Not Lighted
4878956,Bicyclist,31.33049,-82.869125,6/12/14 21:13,Injury,2,Dark-Not Lighted
4689589,Pedestrian,33.594576,-84.524032,12/28/13 18:05,Property Damaged Only,1,Dark-Not Lighted
5384661,Pedestrian,34.46843,-83.03872,8/7/15 21:02,Property Damaged Only,1,Dark-Not Lighted
4937870,Pedestrian,33.35292,-84.12485,8/11/14 23:00,Property Damaged Only,1,Dark-Not Lighted
5628058,Pedestrian,33.469578,-84.437885,5/29/15 1:37,Property Damaged Only,1,Dark-Not Lighted
5161522,Pedestrian,32.834237,-83.617069,10/11/14 17:15,Property Damaged Only,1,Dark-Not Lighted
6054244,Pedestrian,32.79707,-83.648886,12/25/16 19:30,Property Damaged Only,1,Dark-Not Lighted
5166310,Pedestrian,33.351001,-82.068134,2/4/15 19:41,Property Damaged Only,1,Dark-Not Lighted
4583860,Pedestrian,33.916304,-84.466351,9/25/13 21:25,Property Damaged Only,1,Dark-Not Lighted
4316936,Pedestrian,33.542124,-84.416465,1/5/13 19:00,Property Damaged Only,1,Dark-Not Lighted
5991877,Pedestrian,33.800936,-83.700876,11/3/16 19:33,Fatal,3,Dark-Not Lighted
5535767,Pedestrian,33.820675,-84.165218,11/26/15 22:58,Fatal,3,Dark-Not Lighted
5498008,Pedestrian,33.888292,-84.244386,11/4/15 23:20,Fatal,3,Dark-Not Lighted
4895946,Pedestrian,33.568882,-84.371885,7/3/14 1:36,Fatal,3,Dark-Not Lighted
5087795,Pedestrian,33.771448,-84.227366,12/10/14 6:58,Fatal,3,Dark-Not Lighted
5486429,Pedestrian,33.954141,-84.093978,10/27/15 21:46,Fatal,3,Dark-Not Lighted
6253892,Pedestrian,33.939278,-84.248558,5/27/17 4:33,Fatal,3,Dark-Not Lighted
6082234,Pedestrian,33.552606,-84.44864,1/15/17 21:13,Fatal,3,Dark-Not Lighted
6292255,Pedestrian,32.862194,-82.397337,6/28/17 23:27,Fatal,3,Dark-Not Lighted
5429886,Pedestrian,31.29589,-81.45235,9/10/15 20:12,Fatal,3,Dark-Not Lighted
6464992,Pedestrian,33.708646,-84.206243,11/8/17 22:42,Fatal,3,Dark-Not Lighted
6092920,Pedestrian,34.018794,-84.040895,1/16/17 18:54,Fatal,3,Dark-Not Lighted
5846403,Pedestrian,32.09198,-84.536196,7/18/16 21:26,Fatal,3,Dark-Not Lighted
4561301,Pedestrian,33.81659,-83.72988,8/27/13 6:34,Fatal,3,Dark-Not Lighted
4698172,Pedestrian,33.354435,-82.047324,11/30/13 21:03,Injury,2,Dark-Not Lighted
4938044,Pedestrian,32.817826,-83.662782,8/13/14 21:12,Injury,2,Dark-Not Lighted
5385948,Pedestrian,33.900276,-83.952974,8/6/15 23:24,Injury,2,Dark-Not Lighted
5027870,Pedestrian,34.526689,-83.99077,10/19/14 20:45,Injury,2,Dark-Not Lighted
5351759,Pedestrian,34.568843,-85.30714,7/4/15 22:10,Injury,2,Dark-Not Lighted
4629954,Pedestrian,33.8214,-84.23131,11/3/13 18:32,Injury,2,Dark-Not Lighted
5143354,Pedestrian,34.087349,-84.267807,1/23/15 18:27,Injury,2,Dark-Not Lighted
5253543,Pedestrian,34.468082,-83.574327,8/15/14 6:30,Injury,2,Dark-Not Lighted
5727887,Pedestrian,30.82353,-83.66602,4/23/16 20:58,Injury,2,Dark-Not Lighted
5592852,Pedestrian,31.599971,-84.166134,12/14/15 18:50,Injury,2,Dark-Not Lighted
6053154,Pedestrian,33.768664,-84.381993,12/20/16 18:44,Injury,2,Dark-Not Lighted
4461811,Pedestrian,33.444457,-84.477229,5/5/13 2:15,Injury,2,Dark-Not Lighted
6379170,Pedestrian,32.026695,-81.108663,9/4/17 22:07,Injury,2,Dark-Not Lighted
4611424,Pedestrian,33.182352,-84.014133,10/18/13 20:10,Injury,2,Dark-Not Lighted
5518836,Pedestrian,33.901888,-84.272126,11/21/15 20:23,Injury,2,Dark-Not Lighted
5528551,Pedestrian,30.828915,-81.997449,11/25/15 17:55,Injury,2,Dark-Not Lighted
5935065,Pedestrian,33.553759,-84.265766,9/26/16 22:20,Injury,2,Dark-Not Lighted
4835461,Pedestrian,34.019523,-84.620442,5/3/14 21:26,Injury,2,Dark-Not Lighted
5606122,Pedestrian,33.670936,-84.179148,1/20/16 19:19,Injury,2,Dark-Not Lighted
6466771,Pedestrian,34.26206,-85.30626,11/6/17 19:57,Injury,2,Dark-Not Lighted
6485888,Pedestrian,33.416705,-82.077871,11/22/17 18:39,Injury,2,Dark-Not Lighted
5170560,Pedestrian,31.955296,-81.105213,2/8/15 18:59,Injury,2,Dark-Not Lighted
4714322,Pedestrian,33.818876,-84.581961,1/17/14 20:30,Injury,2,Dark-Not Lighted
4414649,Pedestrian,32.893646,-82.84877,4/6/13 0:05,Injury,2,Dark-Not Lighted
6451879,Pedestrian,34.21992,-84.834854,10/26/17 20:30,Injury,2,Dark-Not Lighted
4730369,Pedestrian,33.719735,-84.154863,2/11/14 19:45,Injury,2,Dark-Not Lighted
4890246,Pedestrian,33.947446,-84.132538,6/16/14 22:18,Injury,2,Dark-Not Lighted
5206094,Pedestrian,33.799818,-84.757706,3/3/15 6:18,Injury,2,Dark-Not Lighted
5679299,Pedestrian,34.359996,-84.041936,3/16/16 20:58,Injury,2,Dark-Not Lighted
6101633,Pedestrian,34.31908,-85.17218,1/26/17 19:55,Injury,2,Dark-Not Lighted
6480381,Pedestrian,30.88992,-83.27096,11/19/17 1:20,Injury,2,Dark-Not Lighted
4742020,Pedestrian,30.8852,-84.20231,2/22/14 19:09,Injury,2,Dark-Not Lighted
5315694,Pedestrian,33.923166,-84.012575,6/6/15 1:25,Injury,2,Dark-Not Lighted
4334509,Pedestrian,33.735784,-84.348051,1/18/13 23:27,Injury,2,Dark-Not Lighted
4785479,Pedestrian,32.806634,-83.73156,3/29/14 23:58,Injury,2,Dark-Not Lighted
5539076,Pedestrian,30.915855,-83.257915,12/5/15 6:25,Injury,2,Dark-Not Lighted
4904695,Pedestrian,33.894513,-84.540144,6/29/14 2:44,Injury,2,Dark-Not Lighted
5975440,Pedestrian,31.175451,-83.761742,9/25/16 20:29,Injury,2,Dark-Not Lighted
6228545,Pedestrian,33.74007,-84.586215,3/18/17 23:53,Injury,2,Dark-Not Lighted
5499683,Pedestrian,31.550585,-84.18778,11/4/15 18:11,Injury,2,Dark-Not Lighted
5989600,Pedestrian,33.752116,-84.467469,11/6/16 0:27,Injury,2,Dark-Not Lighted
5068789,Pedestrian,34.099689,-84.580578,11/29/14 18:16,Injury,2,Dark-Not Lighted
5113384,Pedestrian,33.892936,-83.168871,12/11/14 18:25,Injury,2,Dark-Not Lighted
5863658,Pedestrian,,,7/26/16 19:52,Property Damaged Only,1,
6365233,Bicyclist,,,8/7/17 17:15,Property Damaged Only,1,
5482703,Pedestrian,,,10/25/15 11:35,Property Damaged Only,1,
6028031,Pedestrian,,,11/28/16 15:12,Property Damaged Only,1,
6064835,Pedestrian,,,9/30/13 1:55,Property Damaged Only,1,
5426343,Pedestrian,,,9/14/15 7:55,Property Damaged Only,1,