incidentIdNbr,crashType,latitude,longitude,dateOfIncidentDate,severity,Mag,lightCondition
6172692,Pedestrian,,,3/22/17 9:54,Injury,2,
5467354,Pedestrian,,,10/14/15 6:25,Injury,2,
4856477,Bicyclist,,,11/1/13 19:58,Property Damaged Only,1,
6401171,Pedestrian,,,9/21/17 7:15,Property Damaged Only,1,
5703819,Pedestrian,,,3/4/16 7:30,Injury,2,
5469559,Pedestrian,,,10/9/15 23:34,Property Damaged Only,1,
5522274,Pedestrian,,,11/24/15 17:00,Injury,2,
5554199,Pedestrian,,,12/11/15 23:25,Property Damaged Only,1,Dawn
6081167,Pedestrian,,,2/4/16 7:13,Property Damaged Only,1,Dawn
5555693,Pedestrian,,,12/17/15 7:26,Property Damaged Only,1,Dawn
6355734,Pedestrian,,,7/1/17 21:00,Property Damaged Only,1,Dawn
5799782,Pedestrian,,,6/18/16 20:19,Injury,2,Dusk
6379293,Pedestrian,,,6/4/17 17:27,Property Damaged Only,1,Dusk
5514338,Pedestrian,,,11/12/15 21:00,Property Damaged Only,1,Dusk
5445099,Pedestrian,,,9/17/15 18:45,Property Damaged Only,1,Dusk
6354483,Pedestrian,,,7/29/17 20:23,Injury,2,Dusk
6398860,Pedestrian,,,9/15/17 19:18,Injury,2,Dusk
6304128,Pedestrian,,,7/6/17 19:58,Property Damaged Only,1,Dusk
6541091,Pedestrian,,,11/9/17 17:25,Property Damaged Only,1,Dusk
6298790,Pedestrian,,,7/1/17 19:14,Property Damaged Only,1,Dusk
6595624,Bicyclist,,,10/14/17 14:55,Injury,2,Daylight
5579094,Pedestrian,,,1/4/16 8:31,Property Damaged Only,1,Daylight
5717681,Pedestrian,,,4/18/16 13:10,Property Damaged Only,1,Daylight
6267981,Pedestrian,,,6/8/17 8:00,Property Damaged Only,1,Daylight
5406669,Pedestrian,,,8/28/15 10:00,Property Damaged Only,1,Daylight
4615528,Pedestrian,,,10/20/13 17:00,Injury,2,Daylight
6118725,Bicyclist,,,2/14/17 15:26,Property Damaged Only,1,Daylight
6115943,Pedestrian,,,2/6/17 10:20,Property Damaged Only,1,Daylight
6247379,Pedestrian,,,5/5/17 19:18,Property Damaged Only,1,Daylight
6349717,Pedestrian,,,8/10/17 16:54,Property Damaged Only,1,Daylight
5822492,Pedestrian,,,7/6/16 14:14,Property Damaged Only,1,Daylight
6372771,Pedestrian,,,2/17/17 17:06,Injury,2,Daylight
5975529,Pedestrian & Bicyclist,,,9/21/16 17:16,Property Damaged Only,1,Daylight
6040660,Pedestrian,,,12/8/16 15:36,Property Damaged Only,1,Daylight
6388331,Pedestrian,,,9/2/17 16:00,Property Damaged Only,1,Daylight
6439692,Pedestrian,,,10/20/17 16:08,Injury,2,Daylight
5760657,Pedestrian,,,5/16/16 15:35,Injury,2,Daylight
6122875,Bicyclist,,,2/19/17 11:49,Property Damaged Only,1,Daylight
6269198,Bicyclist,,,6/5/17 13:16,Injury,2,Daylight
6079280,Pedestrian,,,1/15/17 17:32,Property Damaged Only,1,Daylight
5488753,Pedestrian,,,10/29/15 16:40,Property Damaged Only,1,Daylight
6003821,Pedestrian,,,11/17/16 16:54,Injury,2,Daylight
5681311,Pedestrian,,,3/19/16 19:07,Injury,2,Daylight
6346966,Bicyclist,,,8/2/17 18:58,Property Damaged Only,1,Daylight
6105414,Bicyclist,,,2/3/17 16:29,Injury,2,Daylight
6417539,Pedestrian,,,10/5/17 7:14,Property Damaged Only,1,Daylight
6396028,Pedestrian,,,9/8/17 19:00,Property Damaged Only,1,Daylight
5539352,Pedestrian,,,12/6/15 20:04,Property Damaged Only,1,Daylight
5483603,Pedestrian,,,10/21/15 16:00,Property Damaged Only,1,Daylight
6510065,Pedestrian,,,12/6/17 14:10,Property Damaged Only,1,Daylight
6101294,Pedestrian,,,2/1/17 9:34,Property Damaged Only,1,Daylight
5821995,Pedestrian,,,7/2/16 17:02,Injury,2,Daylight
6215240,Pedestrian,,,3/19/17 16:00,Injury,2,Daylight
5797706,Pedestrian & Bicyclist,,,6/16/16 19:40,Property Damaged Only,1,Daylight
6172910,Bicyclist,,,3/30/17 8:12,Property Damaged Only,1,Daylight
5505706,Pedestrian,,,11/8/15 11:55,Property Damaged Only,1,Daylight
5768657,Pedestrian,,,5/12/16 11:59,Property Damaged Only,1,Daylight
5838529,Pedestrian,,,7/16/16 10:30,Property Damaged Only,1,Daylight
5994975,Pedestrian,,,11/7/16 10:09,Property Damaged Only,1,Daylight
5429591,Pedestrian,,,9/19/15 14:35,Injury,2,Daylight
5707311,Pedestrian,,,4/8/16 18:53,Injury,2,Daylight
5517517,Bicyclist,,,11/13/15 14:12,Property Damaged Only,1,Daylight
5926462,Bicyclist,,,9/19/16 0:00,Injury,2,Daylight
5892938,Bicyclist,,,8/23/16 18:02,Injury,2,Daylight
5611360,Pedestrian,,,1/25/16 16:28,Property Damaged Only,1,Daylight
6225274,Pedestrian,,,3/3/17 17:19,Property Damaged Only,1,Daylight
6157824,Pedestrian,,,3/20/17 19:11,Injury,2,Daylight
6239712,Bicyclist,,,5/13/17 9:55,Injury,2,Daylight
5670418,Pedestrian,,,3/8/16 13:18,Property Damaged Only,1,Daylight
6459959,Pedestrian,,,11/2/17 8:48,Property Damaged Only,1,Daylight
5826933,Pedestrian,,,7/8/16 16:54,Property Damaged Only,1,Daylight
6121196,Pedestrian,,,2/15/17 14:33,Property Damaged Only,1,Daylight
6321502,Pedestrian,,,7/17/17 18:04,Injury,2,Daylight
6476744,Bicyclist,,,11/10/17 11:42,Property Damaged Only,1,Daylight
5462994,Bicyclist,,,10/9/15 12:15,Property Damaged Only,1,Daylight
5636582,Pedestrian,,,2/14/16 12:58,Property Damaged Only,1,Daylight
6367053,Pedestrian,,,8/14/17 8:45,Property Damaged Only,1,Daylight
6379332,Pedestrian,,,8/13/17 18:00,Property Damaged Only,1,Daylight
5605855,Pedestrian,,,1/20/16 12:15,Property Damaged Only,1,Daylight
5431421,Pedestrian,,,9/21/15 18:00,Property Damaged Only,1,Daylight
6101087,Pedestrian,,,1/30/17 16:00,Property Damaged Only,1,Daylight
5794900,Pedestrian,,,6/14/16 13:55,Injury,2,Daylight
6383865,Bicyclist,,,8/31/17 14:17,Injury,2,Daylight
6118610,Pedestrian,,,2/14/17 9:10,Property Damaged Only,1,Daylight
6223514,Pedestrian,,,5/6/17 17:01,Property Damaged Only,1,Daylight
5688780,Pedestrian,,,3/25/16 18:34,Property Damaged Only,1,Daylight
5973946,Pedestrian,,,10/26/16 16:11,Injury,2,Daylight
6451243,Bicyclist,,,10/27/17 10:00,Property Damaged Only,1,Daylight
4537538,Pedestrian,,,8/12/13 8:56,Property Damaged Only,1,Daylight
5382323,Pedestrian,,,8/3/15 15:10,Property Damaged Only,1,Daylight
5457829,Pedestrian,,,8/28/15 17:43,Property Damaged Only,1,Daylight
6516364,Pedestrian,,,12/16/17 10:56,Property Damaged Only,1,Daylight
5863088,Pedestrian,,,8/1/16 17:20,Property Damaged Only,1,Daylight
6501903,Bicyclist,,,8/26/17 19:30,Injury,2,Daylight
4982275,Pedestrian,,,9/7/13 16:12,Property Damaged Only,1,Daylight
5585749,Pedestrian,,,2/10/14 12:20,Property Damaged Only,1,Daylight
5961175,Bicyclist,,,10/18/16 8:33,Property Damaged Only,1,Daylight
5787892,Pedestrian,,,6/8/16 18:32,Property Damaged Only,1,Daylight
6201904,Pedestrian,,,4/20/17 17:31,Property Damaged Only,1,Daylight
6140562,Pedestrian,,,3/6/17 11:39,Property Damaged Only,1,Daylight
5677225,Pedestrian,,,3/16/16 13:47,Injury,2,Daylight
5754634,Bicyclist,,,5/12/16 17:00,Property Damaged Only,1,Daylight
5778643,Bicyclist,,,5/31/16 18:10,Injury,2,Daylight
6329387,Pedestrian,,,7/27/17 14:29,Property Damaged Only,1,Daylight
5937231,Pedestrian,,,9/14/16 15:48,Property Damaged Only,1,Daylight
5596070,Pedestrian,,,12/14/15 12:19,Property Damaged Only,1,Daylight
5727564,Pedestrian,,,4/23/16 12:08,Property Damaged Only,1,Daylight
5818766,Pedestrian,,,7/3/16 11:45,Property Damaged Only,1,Daylight
6130390,Bicyclist,,,2/23/17 9:58,Property Damaged Only,1,Daylight
5708174,Pedestrian,,,4/8/16 17:54,Property Damaged Only,1,Daylight
6187144,Pedestrian,,,2/17/17 13:19,Property Damaged Only,1,Daylight
6057100,Pedestrian,,,11/15/16 15:03,Property Damaged Only,1,Daylight
5580488,Pedestrian,,,12/29/15 12:22,Property Damaged Only,1,Daylight
6426732,Pedestrian,,,10/4/17 13:09,Property Damaged Only,1,Daylight
5533780,Pedestrian,,,12/1/15 12:43,Property Damaged Only,1,Daylight
5818226,Pedestrian,,,7/1/16 19:25,Injury,2,Daylight
6179456,Pedestrian,,,2/25/17 17:49,Injury,2,Daylight
5489709,Bicyclist,,,10/29/15 16:07,Property Damaged Only,1,Daylight
5552131,Bicyclist,,,4/27/13 15:40,Property Damaged Only,1,Daylight
5719081,Pedestrian,,,3/5/13 12:33,Property Damaged Only,1,Daylight
6095973,Pedestrian,,,1/27/17 15:49,Property Damaged Only,1,Daylight
5803970,Pedestrian,,,9/20/15 16:34,Property Damaged Only,1,Daylight
5641555,Pedestrian,,,2/17/16 15:40,Property Damaged Only,1,Daylight
6112058,Pedestrian,,,2/8/17 11:19,Injury,2,Daylight
6523885,Pedestrian & Bicyclist,,,12/6/17 15:10,Fatal,3,Daylight
6228811,Bicyclist,,,3/6/17 17:16,Property Damaged Only,1,Daylight
6353138,Pedestrian,,,8/12/17 14:41,Property Damaged Only,1,Daylight
5849806,Pedestrian,,,7/25/16 9:18,Property Damaged Only,1,Daylight
5967141,Pedestrian,,,10/20/16 15:25,Property Damaged Only,1,Daylight
5648554,Pedestrian,,,2/24/16 14:25,Property Damaged Only,1,Daylight
6193126,Pedestrian,,,4/3/17 11:43,Property Damaged Only,1,Daylight
5453741,Pedestrian,,,8/11/15 13:33,Injury,2,Daylight
5511871,Pedestrian,,,11/5/15 9:05,Injury,2,Daylight
6390112,Pedestrian,,,8/30/17 15:56,Injury,2,Daylight
5702529,Pedestrian,,,4/4/16 12:53,Injury,2,Daylight
5369043,Bicyclist,,,7/25/15 18:05,Property Damaged Only,1,Daylight
5427848,Pedestrian,,,9/17/15 19:00,Property Damaged Only,1,Daylight
6453408,Pedestrian,,,10/22/17 15:50,Property Damaged Only,1,Daylight
5826549,Pedestrian,,,6/4/16 6:40,Property Damaged Only,1,Daylight
5827242,Pedestrian,,,7/9/16 16:16,Property Damaged Only,1,Daylight
5837119,Pedestrian,,,7/14/16 13:10,Property Damaged Only,1,Daylight
6023365,Pedestrian,,,12/3/16 10:20,Property Damaged Only,1,Daylight
6335059,Pedestrian,,,8/1/17 7:14,Injury,2,Daylight
6319551,Bicyclist,,,5/26/17 19:51,Property Damaged Only,1,Daylight
5970195,Pedestrian,,,10/24/16 12:08,Property Damaged Only,1,Daylight
6102535,Pedestrian,,,2/1/17 7:50,Property Damaged Only,1,Daylight
5987223,Pedestrian,,,11/4/16 12:10,Property Damaged Only,1,Daylight
5476368,Pedestrian,,,10/19/15 14:03,Injury,2,Daylight
6457995,Pedestrian,,,11/1/17 12:10,Injury,2,Daylight
6230678,Pedestrian,,,5/11/17 15:02,Property Damaged Only,1,Daylight
6017483,Pedestrian,,,9/24/16 18:15,Property Damaged Only,1,Daylight
5466789,Pedestrian,,,10/13/15 7:00,Property Damaged Only,1,Daylight
5484674,Pedestrian,,,10/26/15 16:20,Property Damaged Only,1,Daylight
5466109,Pedestrian,,,10/7/15 15:12,Property Damaged Only,1,Daylight
5998764,Pedestrian,,,11/12/16 13:05,Injury,2,Daylight
5478562,Bicyclist,,,10/21/15 15:17,Property Damaged Only,1,Daylight
5812283,Bicyclist,,,5/4/16 8:45,Property Damaged Only,1,Daylight
5787675,Pedestrian,,,6/7/16 14:40,Property Damaged Only,1,Daylight
6239534,Pedestrian,,,5/18/17 9:48,Property Damaged Only,1,Daylight
5712345,Pedestrian,,,4/13/16 19:24,Property Damaged Only,1,Daylight
5719482,Pedestrian,,,10/27/14 9:36,Injury,2,Daylight
5533825,Pedestrian,,,12/2/15 0:00,Property Damaged Only,1,Daylight
5484112,Pedestrian,,,10/25/15 15:11,Property Damaged Only,1,Daylight
5609607,Pedestrian,,,1/24/16 17:45,Property Damaged Only,1,Daylight
5457559,Pedestrian,,,8/18/15 14:00,Property Damaged Only,1,Daylight
6299850,Pedestrian,,,7/1/17 13:46,Property Damaged Only,1,Daylight
5540656,Pedestrian,,,8/3/15 12:55,Fatal,3,Daylight
6255382,Pedestrian,,,5/29/17 18:31,Injury,2,Daylight
5804140,Pedestrian,,,10/29/15 17:24,Property Damaged Only,1,Daylight
4425981,Pedestrian,,,3/15/13 10:08,Property Damaged Only,1,Daylight
6247203,Pedestrian,,,4/13/17 16:13,Property Damaged Only,1,Daylight
5546840,Pedestrian,,,12/11/15 7:50,Property Damaged Only,1,Daylight
6576377,Pedestrian,,,12/4/17 13:45,Property Damaged Only,1,Daylight
6464221,Pedestrian,,,11/6/17 14:06,Property Damaged Only,1,Daylight
5734803,Pedestrian,,,4/28/16 14:37,Property Damaged Only,1,Daylight
6102507,Pedestrian,,,2/2/17 8:39,Property Damaged Only,1,Daylight
6449959,Pedestrian,,,10/26/17 17:45,Property Damaged Only,1,Daylight
5481128,Pedestrian,,,10/23/15 11:41,Injury,2,Daylight
5836493,Pedestrian,,,7/10/16 15:03,Injury,2,Daylight
5657389,Bicyclist,,,2/9/16 17:00,Property Damaged Only,1,Daylight
5385546,Bicyclist,,,8/10/15 17:40,Injury,2,Daylight
6251392,Pedestrian,,,5/26/17 17:45,Property Damaged Only,1,Daylight
6026338,Pedestrian,,,12/5/16 7:15,Property Damaged Only,1,Daylight
5390681,Pedestrian,,,8/15/15 14:10,Injury,2,Daylight
5803795,Pedestrian,,,8/28/15 18:23,Injury,2,Daylight
6140591,Pedestrian,,,3/6/17 0:00,Injury,2,Daylight
5592948,Pedestrian,,,1/8/16 11:35,Property Damaged Only,1,Daylight
5507949,Pedestrian,,,11/7/15 13:43,Property Damaged Only,1,Daylight
5810211,Pedestrian,,,5/24/16 11:30,Property Damaged Only,1,Daylight
5477872,Pedestrian,,,10/17/15 10:40,Property Damaged Only,1,Daylight
4397881,Pedestrian,,,3/28/13 15:37,Property Damaged Only,1,Daylight
5867993,Bicyclist,,,2/12/15 15:59,Property Damaged Only,1,Daylight
5771480,Bicyclist,,,5/24/16 20:43,Property Damaged Only,1,Daylight
5382594,Bicyclist,,,7/30/15 13:15,Property Damaged Only,1,Daylight
5727966,Pedestrian,,,3/31/16 18:04,Property Damaged Only,1,Daylight
5465443,Pedestrian,,,10/7/15 8:08,Property Damaged Only,1,Daylight
5969179,Pedestrian,,,10/23/16 16:28,Property Damaged Only,1,Daylight
5551205,Pedestrian,,,12/12/15 16:12,Injury,2,Daylight
6603790,Pedestrian,,,12/15/17 10:13,Property Damaged Only,1,Daylight
6370809,Pedestrian,,,7/26/17 13:12,Property Damaged Only,1,Daylight
6011286,Pedestrian,,,11/23/16 13:52,Property Damaged Only,1,Daylight
6362920,Pedestrian,,,8/19/17 13:00,Injury,2,Daylight
6595277,Pedestrian,,,8/10/17 14:44,Injury,2,Daylight
5829149,Pedestrian & Bicyclist,,,7/12/16 16:59,Property Damaged Only,1,Daylight
5665974,Pedestrian,,,2/26/16 16:30,Property Damaged Only,1,Daylight
5733893,Pedestrian,,,4/27/16 19:15,Property Damaged Only,1,Daylight
5736052,Pedestrian,,,4/29/16 14:16,Injury,2,Daylight
5519985,Pedestrian,,,11/20/15 15:30,Injury,2,Daylight
6541181,Pedestrian,,,12/14/17 15:07,Injury,2,Daylight
6405040,Pedestrian,,,9/23/17 16:22,Property Damaged Only,1,Daylight
5587832,Pedestrian,,,8/14/13 8:50,Property Damaged Only,1,Daylight
5388761,Pedestrian,,,8/11/15 18:51,Property Damaged Only,1,Daylight
6166395,Pedestrian,,,3/16/17 8:35,Property Damaged Only,1,Daylight
6172507,Pedestrian,,,3/30/17 18:54,Property Damaged Only,1,Daylight
5880859,Pedestrian,,,8/17/16 9:17,Property Damaged Only,1,Daylight
5750370,Pedestrian,,,5/10/16 12:15,Injury,2,Daylight
6462392,Bicyclist,,,9/26/17 19:14,Property Damaged Only,1,Daylight
6151576,Bicyclist,,,1/23/17 12:23,Property Damaged Only,1,Daylight
6403984,Pedestrian,,,9/21/17 17:00,Property Damaged Only,1,Daylight
5586694,Pedestrian,,,12/28/15 13:50,Property Damaged Only,1,Daylight
5934807,Pedestrian,,,9/12/16 14:14,Property Damaged Only,1,Daylight
6510260,Pedestrian,,,11/26/17 9:50,Property Damaged Only,1,Daylight
5994166,Pedestrian,,,11/5/16 14:00,Injury,2,Daylight
4968618,Pedestrian,,,5/31/13 17:44,Property Damaged Only,1,Daylight
6139617,Pedestrian,,,3/2/17 13:27,Property Damaged Only,1,Daylight
5429096,Pedestrian,,,9/18/15 7:55,Property Damaged Only,1,Daylight
6134542,Pedestrian,,,3/1/17 13:35,Property Damaged Only,1,Daylight
6313218,Pedestrian,,,7/6/17 8:29,Injury,2,Daylight
6118404,Pedestrian,,,2/14/17 13:38,Injury,2,Daylight
5428021,Pedestrian,,,9/17/15 9:47,Injury,2,Daylight
5727271,Bicyclist,,,4/23/16 14:58,Injury,2,Daylight
5560621,Pedestrian,,,12/20/15 15:28,Property Damaged Only,1,Daylight
5525537,Pedestrian,,,10/26/15 16:31,Property Damaged Only,1,Daylight
5631293,Bicyclist,,,1/29/16 16:00,Property Damaged Only,1,Daylight
6006588,Pedestrian,,,10/21/16 13:22,Property Damaged Only,1,Daylight
4544906,Pedestrian,,,8/20/13 15:07,Property Damaged Only,1,Daylight
6334610,Pedestrian,,,8/2/17 1:35,Property Damaged Only,1,Daylight
5581558,Pedestrian,,,12/23/15 13:21,Property Damaged Only,1,Daylight
5693855,Pedestrian,,,3/29/16 9:59,Property Damaged Only,1,Daylight
5439164,Pedestrian,,,9/12/15 15:58,Property Damaged Only,1,Daylight
5859401,Pedestrian,,,8/1/16 18:15,Property Damaged Only,1,Daylight
6091751,Pedestrian,,,1/23/17 15:13,Property Damaged Only,1,Daylight
6158474,Pedestrian,,,3/21/17 12:44,Property Damaged Only,1,Daylight
6471840,Pedestrian,,,11/3/17 11:15,Property Damaged Only,1,Daylight
5767656,Pedestrian,,,5/23/16 7:45,Property Damaged Only,1,Daylight
6349613,Pedestrian,,,8/10/17 15:56,Property Damaged Only,1,Daylight
6052427,Pedestrian,,,12/23/16 15:52,Property Damaged Only,1,Daylight
5475708,Pedestrian,,,10/8/15 17:14,Fatal,3,Daylight
5406567,Bicyclist,,,8/26/15 15:55,Property Damaged Only,1,Daylight
5386819,Pedestrian,,,8/11/15 18:30,Injury,2,Daylight
6380669,Pedestrian,,,9/3/17 16:53,Property Damaged Only,1,Daylight
6088647,Pedestrian,,,1/21/17 12:34,Property Damaged Only,1,Daylight
5779438,Pedestrian,,,5/27/16 17:51,Property Damaged Only,1,Daylight
6185936,Bicyclist,,,4/4/17 16:58,Property Damaged Only,1,Daylight
5460188,Bicyclist,,,9/27/15 18:21,Property Damaged Only,1,Daylight
5772356,Pedestrian,,,5/26/16 17:37,Property Damaged Only,1,Daylight
5804325,Pedestrian,,,11/18/15 15:06,Property Damaged Only,1,Daylight
5656146,Pedestrian,,,2/13/16 15:18,Property Damaged Only,1,Daylight
6114689,Pedestrian,,,1/30/17 9:01,Property Damaged Only,1,Daylight
6467389,Pedestrian,,,11/6/17 13:46,Property Damaged Only,1,Daylight
5520015,Pedestrian,,,11/20/15 16:00,Property Damaged Only,1,Daylight
5352789,Pedestrian,,,7/10/15 16:35,Property Damaged Only,1,Daylight
5817432,Pedestrian,,,7/1/16 13:27,Property Damaged Only,1,Daylight
6389451,Pedestrian,,,9/6/17 11:05,Property Damaged Only,1,Daylight
5520708,Pedestrian,,,11/23/15 13:03,Property Damaged Only,1,Daylight
6298342,Pedestrian,,,7/2/17 18:52,Injury,2,Daylight
5879439,Bicyclist,,,8/15/16 16:13,Injury,2,Daylight
5881458,Pedestrian,,,8/16/16 8:04,Property Damaged Only,1,Daylight
6207555,Pedestrian,,,4/21/17 18:00,Property Damaged Only,1,Daylight
5470338,Pedestrian,,,10/15/15 10:30,Fatal,3,Daylight
6205421,Pedestrian,,,4/19/17 14:05,Injury,2,Daylight
5626614,Pedestrian,,,2/7/16 10:59,Injury,2,Daylight
5967306,Bicyclist,,,10/12/16 17:35,Property Damaged Only,1,Daylight
6293038,Pedestrian,,,6/29/17 18:20,Property Damaged Only,1,Daylight
6397989,Pedestrian,,,9/18/17 15:00,Property Damaged Only,1,Daylight
6361232,Pedestrian,,,8/18/17 20:33,Injury,2,Daylight
5808645,Pedestrian,,,6/22/16 18:43,Injury,2,Daylight
6079266,Pedestrian,,,1/15/17 16:38,Property Damaged Only,1,Daylight
5506432,Pedestrian,,,11/8/15 9:14,Property Damaged Only,1,Daylight
6129629,Pedestrian,,,2/24/17 17:37,Property Damaged Only,1,Daylight
6395772,Pedestrian,,,8/22/17 8:30,Property Damaged Only,1,Daylight
5758245,Pedestrian,,,5/16/16 9:27,Injury,2,Daylight
5643604,Pedestrian,,,2/20/16 17:05,Injury,2,Daylight
6230953,Pedestrian,,,5/11/17 13:00,Property Damaged Only,1,Daylight
5554608,Pedestrian,,,12/16/15 8:06,Property Damaged Only,1,Daylight
5826627,Pedestrian,,,7/9/16 9:10,Injury,2,Daylight
6518420,Pedestrian,,,12/14/17 16:50,Injury,2,Daylight
6198417,Pedestrian,,,4/13/17 15:54,Property Damaged Only,1,Daylight
6137377,Pedestrian,,,3/3/17 15:41,Property Damaged Only,1,Daylight
6510032,Pedestrian,,,12/6/17 15:05,Property Damaged Only,1,Daylight
6528907,Pedestrian,,,12/19/17 8:27,Property Damaged Only,1,Daylight
5893715,Pedestrian,,,8/26/16 18:38,Injury,2,Daylight
6146090,Bicyclist,,,3/10/17 11:50,Property Damaged Only,1,Daylight
6484981,Pedestrian,,,11/19/17 14:28,Property Damaged Only,1,Daylight
4587282,Pedestrian,,,9/30/13 16:48,Property Damaged Only,1,Daylight
5604199,Pedestrian,,,1/19/16 9:00,Property Damaged Only,1,Daylight
5452218,Pedestrian,,,10/2/15 7:46,Property Damaged Only,1,Daylight
5545566,Pedestrian,,,12/8/15 8:50,Property Damaged Only,1,Daylight
5546031,Pedestrian,,,12/11/15 0:00,Property Damaged Only,1,Daylight
6089698,Pedestrian,,,1/22/17 15:05,Property Damaged Only,1,Daylight
6408794,Pedestrian,,,9/18/17 8:37,Injury,2,Daylight
4605830,Pedestrian,,,10/14/13 9:50,Injury,2,Daylight
6340340,Bicyclist,,,7/31/17 17:45,Property Damaged Only,1,Daylight
5818662,Pedestrian,,,7/1/16 22:30,Property Damaged Only,1,Daylight
5548803,Pedestrian,,,12/11/15 9:15,Property Damaged Only,1,Daylight
5445194,Pedestrian,,,9/20/15 15:03,Property Damaged Only,1,Daylight
5385588,Pedestrian,,,8/10/15 18:46,Injury,2,Daylight
5383129,Pedestrian,,,8/7/15 19:50,Injury,2,Daylight
6053235,Pedestrian,,,12/23/16 11:07,Injury,2,Daylight
6124949,Bicyclist,,,1/24/17 17:27,Injury,2,Daylight
5703568,Pedestrian,,,4/6/16 12:13,Property Damaged Only,1,Daylight
5607035,Pedestrian,,,1/21/16 13:15,Property Damaged Only,1,Daylight
5968891,Pedestrian,,,10/21/16 13:15,Property Damaged Only,1,Daylight
6299771,Pedestrian,,,7/3/17 19:30,Property Damaged Only,1,Daylight
5913243,Pedestrian,,,9/10/16 13:25,Injury,2,Daylight
5719521,Pedestrian,,,1/31/15 17:20,Property Damaged Only,1,Daylight
5970769,Pedestrian,,,10/19/16 11:28,Property Damaged Only,1,Daylight
6024453,Pedestrian,,,12/4/16 15:45,Property Damaged Only,1,Daylight
5716007,Pedestrian,,,4/16/16 14:43,Property Damaged Only,1,Daylight
5511762,Pedestrian,,,11/2/15 15:17,Property Damaged Only,1,Daylight
6224295,Pedestrian,,,4/30/17 15:41,Property Damaged Only,1,Daylight
5934187,Pedestrian,,,7/11/16 16:48,Injury,2,Daylight
5633259,Pedestrian,,,1/16/16 10:07,Injury,2,Daylight
6186252,Bicyclist,,,4/8/17 16:38,Injury,2,Daylight
5515927,Pedestrian,,,10/28/15 18:57,Property Damaged Only,1,Daylight
5538448,Pedestrian,,,12/4/15 16:30,Property Damaged Only,1,Daylight
6332277,Pedestrian,,,7/31/17 15:57,Property Damaged Only,1,Daylight
5933268,Pedestrian,,,9/25/16 8:15,Property Damaged Only,1,Daylight
6462366,Pedestrian,,,11/6/17 13:07,Injury,2,Daylight
5814409,Pedestrian,,,6/24/16 10:30,Injury,2,Daylight
5534074,Bicyclist,,,12/2/15 16:32,Property Damaged Only,1,Daylight
6449688,Pedestrian,,,10/22/17 8:51,Property Damaged Only,1,Daylight
6037305,Pedestrian,,,12/9/16 16:35,Property Damaged Only,1,Daylight
5756814,Pedestrian,,,5/15/16 15:26,Property Damaged Only,1,Daylight
5652360,Pedestrian,,,2/27/16 20:27,Property Damaged Only,1,Daylight
6470188,Pedestrian,,,11/8/17 15:43,Property Damaged Only,1,Daylight
4602065,Pedestrian,,,10/9/13 8:28,Property Damaged Only,1,Daylight
6135061,Pedestrian,,,3/1/17 16:46,Property Damaged Only,1,Daylight
6186421,Pedestrian,,,4/9/17 13:28,Injury,2,Daylight
6412688,Pedestrian,,,9/24/17 14:09,Injury,2,Daylight
6369784,Pedestrian,,,8/17/17 2:51,Property Damaged Only,1,Dark-Lighted
6484076,Bicyclist,,,11/22/17 21:20,Injury,2,Dark-Lighted
5521567,Pedestrian,,,11/19/15 20:51,Property Damaged Only,1,Dark-Lighted
6483268,Pedestrian,,,11/10/17 22:30,Fatal,3,Dark-Lighted
6118271,Pedestrian,,,2/14/17 18:50,Injury,2,Dark-Lighted
5609150,Pedestrian,,,1/22/16 19:17,Property Damaged Only,1,Dark-Lighted
6209059,Pedestrian,,,4/18/17 7:15,Property Damaged Only,1,Dark-Lighted
6030342,Pedestrian,,,12/4/16 2:00,Property Damaged Only,1,Dark-Lighted
5895149,Pedestrian,,,8/29/16 1:45,Injury,2,Dark-Lighted
5425540,Pedestrian,,,9/9/15 21:26,Property Damaged Only,1,Dark-Lighted
5445173,Pedestrian,,,9/19/15 20:38,Injury,2,Dark-Lighted
5957595,Pedestrian,,,10/14/16 20:20,Property Damaged Only,1,Dark-Lighted
5940072,Pedestrian,,,10/1/16 3:15,Property Damaged Only,1,Dark-Lighted
5698777,Pedestrian,,,4/1/16 0:35,Injury,2,Dark-Lighted
5463400,Pedestrian,,,10/8/15 21:35,Injury,2,Dark-Lighted
6409957,Bicyclist,,,9/14/17 23:00,Property Damaged Only,1,Dark-Lighted
4985539,Pedestrian,,,11/14/13 18:05,Property Damaged Only,1,Dark-Lighted
6115016,Pedestrian,,,2/11/17 23:05,Property Damaged Only,1,Dark-Lighted
6394234,Pedestrian,,,9/16/17 2:06,Injury,2,Dark-Lighted
6015140,Pedestrian,,,11/26/16 22:51,Property Damaged Only,1,Dark-Lighted
5491973,Pedestrian,,,10/31/15 20:52,Property Damaged Only,1,Dark-Lighted
5444658,Bicyclist,,,9/25/15 19:43,Property Damaged Only,1,Dark-Lighted
5444292,Pedestrian,,,9/25/15 21:06,Property Damaged Only,1,Dark-Lighted
6193328,Pedestrian,,,2/17/17 23:17,Property Damaged Only,1,Dark-Lighted
6223422,Pedestrian,,,4/15/17 0:34,Fatal,3,Dark-Lighted
6347151,Pedestrian,,,8/8/17 5:01,Injury,2,Dark-Lighted
6328346,Pedestrian,,,7/25/17 3:37,Fatal,3,Dark-Lighted
6170439,Pedestrian,,,2/12/17 19:47,Property Damaged Only,1,Dark-Lighted
6461181,Pedestrian,,,11/4/17 20:40,Injury,2,Dark-Lighted