incidentIdNbr,crashType,latitude,longitude,dateOfIncidentDate,severity,Mag,lightCondition
6088848,Pedestrian,0,0,9/18/16 20:08,Property Damaged Only,1,Dark-Not Lighted
5959065,Pedestrian,0,0,10/17/16 2:20,Injury,2,Dark-Not Lighted
6354974,Pedestrian,0,0,8/13/17 3:44,Injury,2,Dark-Not Lighted
5020353,Bicyclist,0,0,10/11/14 20:53,Property Damaged Only,1,Dark-Not Lighted
6339465,Pedestrian,0,0,5/27/17 4:25,Property Damaged Only,1,Dark-Not Lighted
4551707,Pedestrian,0,0,7/20/13 11:30,Property Damaged Only,1,Dark-Not Lighted
5883332,Pedestrian,0,0,3/24/16 23:10,Property Damaged Only,1,Dark-Not Lighted
6168517,Pedestrian,0,0,3/26/17 22:55,Property Damaged Only,1,Dark-Not Lighted
4516542,Pedestrian,0,0,6/20/13 23:04,Property Damaged Only,1,Dark-Not Lighted
4411239,Pedestrian,0,0,3/30/13 21:20,Property Damaged Only,1,Dark-Not Lighted
5911476,Pedestrian,0,0,6/3/16 4:20,Property Damaged Only,1,Dark-Not Lighted
4388341,Pedestrian,0,0,2/3/13 2:00,Property Damaged Only,1,Dark-Not Lighted
6339466,Pedestrian,0,0,5/5/17 5:12,Property Damaged Only,1,Dark-Not Lighted
5883162,Pedestrian,0,0,5/6/16 3:43,Property Damaged Only,1,Dark-Not Lighted
5157728,Pedestrian,0,0,9/28/14 6:59,Injury,2,Dark-Not Lighted
5973204,Pedestrian,0,0,10/17/16 19:11,Property Damaged Only,1,Dark-Not Lighted
4358920,Pedestrian,0,0,1/29/13 18:30,Property Damaged Only,1,Dark-Not Lighted
5167457,Pedestrian,0,0,11/15/14 0:14,Injury,2,Dark-Not Lighted
5595039,Pedestrian,0,0,12/29/15 6:20,Property Damaged Only,1,Dark-Not Lighted
6081593,Pedestrian,0,0,4/6/16 2:30,Property Damaged Only,1,Dark-Not Lighted
5403638,Bicyclist,0,0,7/21/15 23:41,Fatal,3,Dark-Not Lighted
5059149,Pedestrian,0,0,10/12/14 19:40,Property Damaged Only,1,Dark-Not Lighted
4551407,Pedestrian,0,0,7/6/13 22:29,Property Damaged Only,1,Dark-Not Lighted
5403637,Pedestrian,0,0,7/29/15 22:58,Fatal,3,Dark-Not Lighted
5624618,Pedestrian,0,0,2/3/16 22:00,Property Damaged Only,1,Dark-Not Lighted
6339463,Pedestrian,0,0,5/23/17 21:01,Property Damaged Only,1,Dark-Not Lighted
5746176,Pedestrian,0,0,5/8/16 4:08,Injury,2,Dark-Not Lighted
4988895,Pedestrian,0,0,12/15/13 22:20,Property Damaged Only,1,Dark-Not Lighted
6013222,Pedestrian,0,0,10/28/16 23:55,Property Damaged Only,1,Dark-Not Lighted
6339468,Pedestrian,0,0,5/7/17 3:30,Property Damaged Only,1,Dark-Not Lighted
4797260,Pedestrian,-1,-1,4/19/14 13:40,Property Damaged Only,1,
4407881,Pedestrian,-1,-1,4/5/13 16:05,Property Damaged Only,1,
4669421,Pedestrian,-1,-1,12/10/13 7:02,Property Damaged Only,1,
4866937,Pedestrian,-1,-1,6/2/14 21:22,Injury,2,
5318967,Pedestrian,-1,-1,6/9/15 0:00,Property Damaged Only,1,
5418354,Pedestrian,-1,-1,9/9/15 10:12,Property Damaged Only,1,
4981778,Bicyclist,-1,-1,9/16/14 14:30,Property Damaged Only,1,
6046852,Pedestrian,-1,-1,12/19/16 12:58,Property Damaged Only,1,
5863047,Pedestrian,-1,-1,5/28/16 16:10,Property Damaged Only,1,
5396681,Pedestrian,-1,-1,8/19/15 15:55,Injury,2,
5362666,Pedestrian,-1,-1,7/20/15 20:09,Property Damaged Only,1,
5125656,Pedestrian,-1,-1,1/12/15 9:15,Property Damaged Only,1,
5515257,Bicyclist,-1,-1,11/18/15 17:30,Property Damaged Only,1,
5074274,Pedestrian,-1,-1,12/4/14 9:28,Injury,2,
4707339,Pedestrian,-1,-1,1/17/14 19:55,Injury,2,
4450694,Pedestrian,-1,-1,5/20/13 16:31,Property Damaged Only,1,
5271762,Pedestrian,-1,-1,4/30/15 7:20,Property Damaged Only,1,Dawn
5226208,Pedestrian,-1,-1,3/23/15 11:20,Property Damaged Only,1,Dawn
4630236,Pedestrian,-1,-1,11/4/13 7:02,Property Damaged Only,1,Dawn
5360620,Pedestrian,-1,-1,7/18/15 19:39,Property Damaged Only,1,Dawn
5261993,Pedestrian,-1,-1,4/23/15 13:20,Property Damaged Only,1,Dawn
5125889,Pedestrian,-1,-1,1/12/15 7:40,Property Damaged Only,1,Dawn
5632678,Bicyclist,-1,-1,2/10/16 18:11,Property Damaged Only,1,Dawn
5001973,Pedestrian,-1,-1,9/30/14 19:24,Property Damaged Only,1,Dusk
6254538,Pedestrian,-1,-1,5/30/17 21:00,Property Damaged Only,1,Dusk
6151487,Pedestrian,-1,-1,1/13/17 19:10,Property Damaged Only,1,Dusk
5946104,Pedestrian,-1,-1,10/5/16 19:45,Property Damaged Only,1,Dusk
4708978,Pedestrian,-1,-1,10/10/13 17:35,Property Damaged Only,1,Dusk
4587385,Pedestrian,-1,-1,9/30/13 19:05,Property Damaged Only,1,Dusk
5772464,Pedestrian,-1,-1,5/21/16 20:20,Injury,2,Dusk
4647667,Pedestrian,-1,-1,11/18/13 18:18,Property Damaged Only,1,Dusk
4870147,Pedestrian,-1,-1,6/3/14 19:53,Injury,2,Dusk
6201423,Pedestrian,-1,-1,4/20/17 0:00,Property Damaged Only,1,Dusk
6458449,Pedestrian,-1,-1,11/3/17 7:15,Property Damaged Only,1,Dusk
5140306,Pedestrian,-1,-1,1/25/15 17:20,Property Damaged Only,1,Dusk
4336970,Bicyclist,-1,-1,1/16/13 18:35,Property Damaged Only,1,Dusk
4715363,Bicyclist,-1,-1,1/22/14 18:16,Property Damaged Only,1,Dusk
6284008,Bicyclist,-1,-1,6/22/17 18:28,Property Damaged Only,1,Dusk
4959869,Pedestrian,-1,-1,7/26/14 19:58,Property Damaged Only,1,Dusk
4459977,Bicyclist,-1,-1,5/28/13 16:20,Property Damaged Only,1,Daylight
6125342,Bicyclist,-1,-1,2/21/17 13:20,Injury,2,Daylight
5557439,Pedestrian,-1,-1,12/17/15 14:54,Property Damaged Only,1,Daylight
4847074,Pedestrian,-1,-1,5/15/14 8:47,Property Damaged Only,1,Daylight
5409138,Pedestrian,-1,-1,8/30/15 18:50,Property Damaged Only,1,Daylight
5253655,Pedestrian,-1,-1,3/27/15 18:00,Property Damaged Only,1,Daylight
5131211,Pedestrian,-1,-1,1/16/15 11:49,Property Damaged Only,1,Daylight
6249585,Pedestrian,-1,-1,5/25/17 18:11,Property Damaged Only,1,Daylight
5376533,Pedestrian,-1,-1,7/31/15 16:19,Property Damaged Only,1,Daylight
4864373,Pedestrian,-1,-1,5/31/14 18:02,Injury,2,Daylight
4561262,Pedestrian,-1,-1,9/4/13 16:55,Injury,2,Daylight
6387325,Pedestrian,-1,-1,9/10/17 17:57,Injury,2,Daylight
5237420,Pedestrian,-1,-1,3/31/15 16:33,Injury,2,Daylight
6402101,Pedestrian,-1,-1,9/22/17 16:13,Property Damaged Only,1,Daylight
6263746,Pedestrian,-1,-1,6/5/17 16:16,Property Damaged Only,1,Daylight
5472281,Pedestrian,-1,-1,10/17/15 13:29,Property Damaged Only,1,Daylight
5548149,Pedestrian,-1,-1,12/14/15 7:45,Property Damaged Only,1,Daylight
4462055,Pedestrian,-1,-1,5/29/13 18:19,Property Damaged Only,1,Daylight
6197493,Pedestrian,-1,-1,4/17/17 18:40,Injury,2,Daylight
4789948,Pedestrian,-1,-1,4/13/14 20:29,Injury,2,Daylight
5301018,Pedestrian,-1,-1,5/23/15 12:02,Injury,2,Daylight
4785734,Pedestrian,-1,-1,3/19/14 14:42,Property Damaged Only,1,Daylight
4454599,Pedestrian,-1,-1,5/23/13 16:13,Property Damaged Only,1,Daylight
4790779,Pedestrian,-1,-1,4/14/14 15:30,Property Damaged Only,1,Daylight
4756363,Pedestrian,-1,-1,3/7/14 13:10,Property Damaged Only,1,Daylight
6125439,Pedestrian,-1,-1,2/21/17 15:17,Injury,2,Daylight
5228470,Pedestrian,-1,-1,3/24/15 14:28,Injury,2,Daylight
6337754,Pedestrian,-1,-1,8/3/17 11:28,Injury,2,Daylight
5290236,Bicyclist,-1,-1,5/15/15 18:00,Property Damaged Only,1,Daylight
5235221,Pedestrian,-1,-1,3/28/15 17:26,Property Damaged Only,1,Daylight
5060790,Pedestrian,-1,-1,11/22/14 17:10,Property Damaged Only,1,Daylight
5354840,Pedestrian,-1,-1,7/13/15 18:38,Property Damaged Only,1,Daylight
6399255,Pedestrian,-1,-1,9/20/17 10:30,Property Damaged Only,1,Daylight
5052716,Pedestrian,-1,-1,11/16/14 12:26,Property Damaged Only,1,Daylight
6369059,Pedestrian,-1,-1,8/27/17 0:00,Property Damaged Only,1,Daylight
5238604,Pedestrian,-1,-1,4/1/15 16:51,Property Damaged Only,1,Daylight
5051892,Pedestrian,-1,-1,11/14/14 18:00,Property Damaged Only,1,Daylight
5407121,Pedestrian,-1,-1,8/26/15 13:53,Injury,2,Daylight
4935521,Pedestrian,-1,-1,8/12/14 9:00,Property Damaged Only,1,Daylight
5301010,Pedestrian,-1,-1,5/23/15 14:19,Property Damaged Only,1,Daylight
5279723,Pedestrian,-1,-1,4/24/15 15:43,Property Damaged Only,1,Daylight
4789146,Pedestrian,-1,-1,4/11/14 17:39,Injury,2,Daylight
4350909,Pedestrian,-1,-1,1/27/13 10:30,Injury,2,Daylight
5998227,Pedestrian,-1,-1,11/14/16 13:30,Injury,2,Daylight
5266109,Pedestrian,-1,-1,4/18/15 12:52,Injury,2,Daylight
5422663,Pedestrian,-1,-1,9/12/15 11:55,Injury,2,Daylight
4538249,Pedestrian,-1,-1,8/6/13 17:31,Injury,2,Daylight
4833218,Bicyclist,-1,-1,4/28/14 11:02,Property Damaged Only,1,Daylight
5233814,Bicyclist,-1,-1,3/28/15 13:25,Property Damaged Only,1,Daylight
5276067,Pedestrian,-1,-1,5/4/15 10:56,Property Damaged Only,1,Daylight
4430933,Pedestrian,-1,-1,5/1/13 16:04,Property Damaged Only,1,Daylight
4791021,Pedestrian,-1,-1,4/14/14 12:12,Property Damaged Only,1,Daylight
5245717,Pedestrian,-1,-1,4/7/15 13:53,Property Damaged Only,1,Daylight
4974862,Pedestrian,-1,-1,9/11/14 17:00,Property Damaged Only,1,Daylight
5167081,Pedestrian,-1,-1,2/5/15 13:44,Property Damaged Only,1,Daylight
6368573,Pedestrian,-1,-1,8/24/17 21:09,Injury,2,Daylight
5300509,Pedestrian,-1,-1,5/23/15 10:05,Injury,2,Daylight
4478910,Pedestrian,-1,-1,6/15/13 19:34,Injury,2,Daylight
4570783,Pedestrian,-1,-1,9/13/13 11:11,Injury,2,Daylight
5349808,Pedestrian,-1,-1,7/8/15 14:23,Property Damaged Only,1,Daylight
5233142,Pedestrian,-1,-1,3/27/15 19:15,Property Damaged Only,1,Daylight
6184505,Pedestrian,-1,-1,4/8/17 14:43,Property Damaged Only,1,Daylight
5977853,Pedestrian,-1,-1,10/29/16 17:22,Fatal,3,Daylight
4722493,Pedestrian,-1,-1,2/3/14 17:50,Injury,2,Daylight
5720613,Pedestrian,-1,-1,4/16/16 19:30,Injury,2,Daylight
6188339,Pedestrian,-1,-1,3/27/17 8:50,Injury,2,Daylight
6484701,Bicyclist,-1,-1,11/21/17 14:42,Property Damaged Only,1,Daylight
6135598,Pedestrian,-1,-1,3/2/17 12:15,Property Damaged Only,1,Daylight
6209632,Pedestrian,-1,-1,4/27/17 17:08,Property Damaged Only,1,Daylight
4862876,Pedestrian,-1,-1,3/1/14 20:00,Property Damaged Only,1,Daylight
5019891,Pedestrian,-1,-1,10/15/14 11:53,Property Damaged Only,1,Daylight
5205717,Pedestrian,-1,-1,3/4/15 17:55,Property Damaged Only,1,Daylight
6389791,Pedestrian,-1,-1,9/12/17 14:54,Property Damaged Only,1,Daylight
4449110,Pedestrian,-1,-1,4/24/13 13:06,Injury,2,Daylight
5273851,Pedestrian,-1,-1,5/1/15 19:40,Injury,2,Daylight
6368577,Pedestrian,-1,-1,8/22/17 8:13,Injury,2,Daylight
5081502,Pedestrian,-1,-1,12/4/14 13:19,Injury,2,Daylight
6344782,Pedestrian & Bicyclist,-1,-1,8/7/17 17:44,Property Damaged Only,1,Daylight
5847933,Pedestrian,-1,-1,7/23/16 17:20,Property Damaged Only,1,Daylight
5291312,Pedestrian,-1,-1,5/16/15 16:00,Property Damaged Only,1,Daylight
5554983,Pedestrian,-1,-1,5/20/15 16:37,Property Damaged Only,1,Daylight
4985715,Pedestrian,-1,-1,9/19/14 11:04,Property Damaged Only,1,Daylight
4866118,Pedestrian,-1,-1,6/1/14 16:00,Injury,2,Daylight
4840374,Pedestrian,-1,-1,5/4/14 13:05,Injury,2,Daylight
6177266,Bicyclist,-1,-1,4/3/17 8:17,Property Damaged Only,1,Daylight
4916829,Bicyclist,-1,-1,6/28/14 15:15,Property Damaged Only,1,Daylight
4835910,Pedestrian,-1,-1,8/11/13 12:25,Property Damaged Only,1,Daylight
4463885,Pedestrian,-1,-1,5/3/13 18:00,Property Damaged Only,1,Daylight
4417317,Pedestrian,-1,-1,4/18/13 16:45,Property Damaged Only,1,Daylight
5560244,Pedestrian,-1,-1,12/20/15 14:00,Property Damaged Only,1,Daylight
5000136,Pedestrian,-1,-1,9/29/14 16:50,Property Damaged Only,1,Daylight
6179804,Pedestrian,-1,-1,4/5/17 10:35,Property Damaged Only,1,Daylight
4831332,Pedestrian,-1,-1,4/28/14 7:47,Property Damaged Only,1,Daylight
5081208,Pedestrian,-1,-1,12/8/14 15:33,Property Damaged Only,1,Daylight
5078825,Pedestrian,-1,-1,12/7/14 11:23,Property Damaged Only,1,Daylight
5273668,Pedestrian,-1,-1,5/1/15 12:40,Property Damaged Only,1,Daylight
4918818,Pedestrian,-1,-1,7/26/14 13:39,Injury,2,Daylight
4918761,Pedestrian,-1,-1,7/26/14 13:29,Injury,2,Daylight
5056664,Bicyclist,-1,-1,11/19/14 15:00,Property Damaged Only,1,Daylight
6198670,Pedestrian,-1,-1,4/18/17 15:00,Property Damaged Only,1,Daylight
5099190,Pedestrian,-1,-1,12/17/14 17:20,Property Damaged Only,1,Daylight
5152005,Pedestrian,-1,-1,1/30/15 11:08,Property Damaged Only,1,Daylight
6322460,Pedestrian,-1,-1,7/23/17 15:24,Property Damaged Only,1,Daylight
6394504,Pedestrian,-1,-1,9/16/17 13:50,Property Damaged Only,1,Daylight
5370277,Pedestrian,-1,-1,7/27/15 10:36,Property Damaged Only,1,Daylight
6138755,Pedestrian,-1,-1,3/4/17 10:11,Injury,2,Daylight
5875447,Pedestrian,-1,-1,8/13/16 18:55,Injury,2,Daylight
4557853,Pedestrian,-1,-1,9/1/13 14:03,Injury,2,Daylight
6378030,Pedestrian,-1,-1,9/3/17 10:44,Injury,2,Daylight
4839762,Bicyclist,-1,-1,5/7/14 14:49,Injury,2,Daylight
6373873,Pedestrian,-1,-1,8/30/17 17:00,Property Damaged Only,1,Daylight
5139329,Pedestrian,-1,-1,1/25/15 15:45,Property Damaged Only,1,Daylight
4440381,Pedestrian,-1,-1,5/9/13 8:00,Property Damaged Only,1,Daylight
6302726,Pedestrian,-1,-1,7/8/17 18:56,Property Damaged Only,1,Daylight
5350766,Pedestrian,-1,-1,7/8/15 12:45,Property Damaged Only,1,Daylight
6307845,Pedestrian,-1,-1,6/30/17 16:02,Property Damaged Only,1,Daylight
5338606,Pedestrian,-1,-1,6/27/15 17:57,Injury,2,Daylight
5683552,Pedestrian,-1,-1,3/21/16 14:05,Injury,2,Daylight
4905702,Pedestrian,-1,-1,7/13/14 18:00,Injury,2,Daylight
5209215,Pedestrian,-1,-1,3/8/15 11:58,Injury,2,Daylight
4951794,Pedestrian,-1,-1,8/26/14 12:38,Injury,2,Daylight
6480430,Pedestrian,-1,-1,11/20/17 12:08,Injury,2,Daylight
5416610,Bicyclist,-1,-1,9/7/15 10:40,Property Damaged Only,1,Daylight
4626061,Pedestrian,-1,-1,10/30/13 14:45,Property Damaged Only,1,Daylight
5517855,Pedestrian,-1,-1,11/20/15 14:50,Property Damaged Only,1,Daylight
4936975,Pedestrian,-1,-1,8/13/14 15:45,Property Damaged Only,1,Daylight
5539252,Bicyclist,-1,-1,12/6/15 11:51,Property Damaged Only,1,Daylight
5205122,Pedestrian,-1,-1,3/4/15 9:56,Property Damaged Only,1,Daylight
5001745,Pedestrian,-1,-1,9/30/14 15:39,Property Damaged Only,1,Daylight
6151757,Pedestrian,-1,-1,3/15/17 11:38,Property Damaged Only,1,Daylight
5131679,Pedestrian,-1,-1,1/15/15 14:31,Property Damaged Only,1,Daylight
4837996,Pedestrian,-1,-1,3/1/14 12:00,Property Damaged Only,1,Daylight
5933568,Pedestrian,-1,-1,9/22/16 15:10,Property Damaged Only,1,Daylight
4747480,Pedestrian,-1,-1,3/1/14 12:48,Property Damaged Only,1,Daylight
5698048,Pedestrian,-1,-1,3/23/16 16:31,Injury,2,Daylight
4781007,Pedestrian,-1,-1,4/3/14 8:19,Property Damaged Only,1,Daylight
5751927,Pedestrian,-1,-1,5/10/16 14:25,Property Damaged Only,1,Daylight
6382986,Pedestrian,-1,-1,9/6/17 16:25,Property Damaged Only,1,Daylight
5169304,Pedestrian,-1,-1,2/6/15 16:34,Injury,2,Daylight
4850984,Pedestrian,-1,-1,5/18/14 19:11,Injury,2,Daylight
5749514,Pedestrian,-1,-1,5/8/16 10:39,Injury,2,Daylight
5353651,Pedestrian,-1,-1,7/12/15 18:43,Injury,2,Daylight
6428198,Pedestrian & Bicyclist,-1,-1,10/14/17 15:25,Property Damaged Only,1,Daylight
6266986,Bicyclist,-1,-1,6/8/17 9:15,Property Damaged Only,1,Daylight
6420554,Pedestrian,-1,-1,10/6/17 11:56,Property Damaged Only,1,Daylight
4535741,Pedestrian,-1,-1,8/9/13 13:30,Property Damaged Only,1,Daylight
6275736,Pedestrian,-1,-1,6/14/17 10:00,Property Damaged Only,1,Daylight
5052914,Pedestrian,-1,-1,11/10/14 15:00,Property Damaged Only,1,Daylight
6373970,Pedestrian,-1,-1,8/27/17 17:10,Property Damaged Only,1,Daylight
6301737,Pedestrian,-1,-1,7/7/17 18:30,Property Damaged Only,1,Daylight
5526919,Pedestrian,-1,-1,11/20/15 10:36,Property Damaged Only,1,Daylight
4786483,Pedestrian,-1,-1,4/9/14 16:01,Injury,2,Daylight
6114102,Pedestrian & Bicyclist,-1,-1,2/10/17 17:48,Injury,2,Daylight
4734954,Pedestrian,-1,-1,2/2/14 16:39,Property Damaged Only,1,Daylight
5349761,Pedestrian,-1,-1,7/7/15 15:59,Property Damaged Only,1,Daylight
6165885,Pedestrian,-1,-1,3/26/17 15:00,Property Damaged Only,1,Daylight
4789779,Pedestrian,-1,-1,4/13/14 16:50,Injury,2,Daylight
5508277,Pedestrian,-1,-1,11/12/15 15:00,Property Damaged Only,1,Daylight
4760182,Pedestrian,-1,-1,3/11/14 16:20,Property Damaged Only,1,Daylight
5122281,Pedestrian,-1,-1,1/9/15 13:45,Property Damaged Only,1,Daylight
4506325,Pedestrian,-1,-1,7/17/13 14:10,Property Damaged Only,1,Daylight
4848679,Pedestrian,-1,-1,5/16/14 17:13,Property Damaged Only,1,Daylight
6070054,Pedestrian,-1,-1,1/6/17 12:20,Property Damaged Only,1,Daylight
5197068,Pedestrian,-1,-1,2/25/15 16:00,Property Damaged Only,1,Daylight
6101422,Pedestrian,-1,-1,1/10/17 14:54,Injury,2,Daylight
4410907,Pedestrian,-1,-1,4/10/13 14:06,Injury,2,Daylight
6272338,Bicyclist,-1,-1,6/13/17 11:30,Property Damaged Only,1,Daylight
6160428,Bicyclist,-1,-1,3/22/17 16:15,Property Damaged Only,1,Daylight
6213155,Pedestrian,-1,-1,5/1/17 8:45,Property Damaged Only,1,Daylight
5560104,Pedestrian,-1,-1,12/20/15 11:23,Property Damaged Only,1,Daylight
4487641,Pedestrian,-1,-1,6/26/13 18:50,Property Damaged Only,1,Daylight
5067884,Pedestrian,-1,-1,11/29/14 14:00,Property Damaged Only,1,Daylight
4635394,Pedestrian,-1,-1,11/9/13 15:34,Property Damaged Only,1,Daylight
5350328,Pedestrian,-1,-1,7/8/15 13:15,Property Damaged Only,1,Daylight
5406895,Pedestrian,-1,-1,8/29/15 9:02,Injury,2,Daylight
4754946,Pedestrian,-1,-1,3/8/14 16:42,Injury,2,Daylight
5296974,Bicyclist,-1,-1,5/20/15 14:13,Property Damaged Only,1,Daylight
4957815,Bicyclist,-1,-1,8/31/14 12:19,Injury,2,Daylight
5332432,Pedestrian,-1,-1,6/22/15 10:26,Property Damaged Only,1,Daylight
6467500,Pedestrian,-1,-1,11/10/17 14:41,Property Damaged Only,1,Daylight
4419009,Pedestrian,-1,-1,4/19/13 14:34,Property Damaged Only,1,Daylight
4716338,Pedestrian,-1,-1,1/28/14 13:57,Property Damaged Only,1,Daylight
6048736,Pedestrian,-1,-1,12/20/16 15:57,Property Damaged Only,1,Daylight
5226793,Pedestrian,-1,-1,3/23/15 15:55,Fatal,3,Daylight
6192578,Pedestrian & Bicyclist,-1,-1,4/13/17 19:36,Property Damaged Only,1,Daylight
4455242,Bicyclist,-1,-1,5/23/13 17:05,Property Damaged Only,1,Daylight
5290276,Pedestrian,-1,-1,5/15/15 19:15,Property Damaged Only,1,Daylight
5023774,Pedestrian,-1,-1,10/21/14 16:25,Property Damaged Only,1,Daylight
4447676,Pedestrian,-1,-1,5/17/13 12:55,Property Damaged Only,1,Daylight
5114439,Pedestrian,-1,-1,12/28/14 2:30,Injury,2,Daylight
6341710,Pedestrian,-1,-1,8/4/17 9:49,Injury,2,Daylight
6022527,Bicyclist,-1,-1,12/2/16 12:41,Property Damaged Only,1,Daylight
4902809,Pedestrian,-1,-1,1/9/14 11:51,Property Damaged Only,1,Daylight
4906434,Pedestrian,-1,-1,7/11/14 18:44,Property Damaged Only,1,Daylight
5501842,Pedestrian,-1,-1,11/7/15 16:00,Property Damaged Only,1,Daylight
4622760,Pedestrian,-1,-1,10/28/13 14:36,Property Damaged Only,1,Daylight
4471196,Pedestrian,-1,-1,6/8/13 17:39,Property Damaged Only,1,Daylight
4713953,Pedestrian,-1,-1,1/23/14 16:08,Injury,2,Daylight
5397967,Pedestrian,-1,-1,8/20/15 14:40,Injury,2,Daylight
5056714,Bicyclist,-1,-1,11/19/14 16:09,Property Damaged Only,1,Daylight
4894615,Bicyclist,-1,-1,6/23/14 11:56,Property Damaged Only,1,Daylight
4873145,Bicyclist,-1,-1,5/31/14 15:35,Property Damaged Only,1,Daylight
5342498,Pedestrian,-1,-1,6/26/15 12:24,Property Damaged Only,1,Daylight
6429908,Pedestrian,-1,-1,10/9/17 18:23,Property Damaged Only,1,Daylight
4905877,Pedestrian,-1,-1,6/20/14 20:52,Property Damaged Only,1,Daylight
5246094,Pedestrian,-1,-1,4/7/15 19:40,Property Damaged Only,1,Daylight
4721583,Pedestrian,-1,-1,2/2/14 12:35,Property Damaged Only,1,Daylight
4897801,Pedestrian,-1,-1,7/4/14 14:30,Property Damaged Only,1,Daylight
4522109,Pedestrian,-1,-1,6/28/13 14:00,Property Damaged Only,1,Daylight
5223698,Pedestrian,-1,-1,3/20/15 14:24,Property Damaged Only,1,Daylight
5414742,Pedestrian,-1,-1,9/1/15 15:32,Property Damaged Only,1,Daylight
5357849,Pedestrian,-1,-1,6/30/15 20:50,Injury,2,Daylight
6406199,Pedestrian,-1,-1,9/26/17 9:08,Injury,2,Daylight
4839905,Pedestrian & Bicyclist,-1,-1,5/6/14 20:13,Property Damaged Only,1,Daylight
5249898,Pedestrian & Bicyclist,-1,-1,4/11/15 19:07,Injury,2,Daylight
4888003,Bicyclist,-1,-1,6/24/14 17:45,Property Damaged Only,1,Daylight
6386463,Pedestrian,-1,-1,9/9/17 12:50,Property Damaged Only,1,Daylight
5796591,Pedestrian,-1,-1,6/6/16 19:09,Property Damaged Only,1,Daylight
5012222,Pedestrian,-1,-1,10/8/14 13:30,Property Damaged Only,1,Daylight
4900407,Pedestrian,-1,-1,6/28/14 10:15,Fatal,3,Daylight
5935986,Pedestrian,-1,-1,9/27/16 15:09,Injury,2,Daylight
6174309,Pedestrian,-1,-1,4/1/17 11:23,Injury,2,Daylight
4572698,Pedestrian,-1,-1,9/17/13 18:00,Injury,2,Daylight
5228582,Pedestrian,-1,-1,3/24/15 14:28,Injury,2,Daylight
6282538,Bicyclist,-1,-1,6/21/17 9:50,Property Damaged Only,1,Daylight
5788778,Pedestrian,-1,-1,6/9/16 13:50,Property Damaged Only,1,Daylight
5021067,Pedestrian,-1,-1,10/18/14 8:55,Property Damaged Only,1,Daylight
6293221,Pedestrian,-1,-1,6/30/17 8:38,Property Damaged Only,1,Daylight
4652825,Pedestrian,-1,-1,11/23/13 15:34,Property Damaged Only,1,Daylight
4506456,Pedestrian,-1,-1,7/17/13 18:12,Property Damaged Only,1,Daylight
5856418,Pedestrian,-1,-1,7/30/16 7:31,Injury,2,Daylight
5592152,Pedestrian,-1,-1,1/9/16 12:19,Injury,2,Daylight
5349887,Pedestrian,-1,-1,7/8/15 16:18,Property Damaged Only,1,Daylight
5184984,Pedestrian,-1,-1,2/19/15 10:26,Property Damaged Only,1,Daylight
4944935,Pedestrian,-1,-1,8/16/14 7:00,Property Damaged Only,1,Daylight
6344343,Pedestrian,-1,-1,8/7/17 15:07,Property Damaged Only,1,Daylight
5277339,Pedestrian,-1,-1,5/4/15 18:00,Property Damaged Only,1,Daylight
4712181,Bicyclist,-1,-1,1/23/14 16:15,Property Damaged Only,1,Daylight
6533533,Pedestrian,-1,-1,12/29/17 13:30,Property Damaged Only,1,Daylight
4735874,Pedestrian,-1,-1,2/17/14 18:01,Property Damaged Only,1,Daylight
6393512,Pedestrian,-1,-1,9/5/17 10:29,Property Damaged Only,1,Daylight
5900006,Pedestrian,-1,-1,8/31/16 18:05,Property Damaged Only,1,Daylight
6307460,Pedestrian,-1,-1,7/12/17 0:00,Injury,2,Daylight
4856114,Pedestrian,-1,-1,5/22/14 19:32,Injury,2,Daylight
4499783,Pedestrian,-1,-1,1/11/13 8:24,Injury,2,Daylight
4496537,Pedestrian & Bicyclist,-1,-1,7/2/13 17:43,Property Damaged Only,1,Daylight
4876663,Pedestrian,-1,-1,6/5/14 19:45,Property Damaged Only,1,Daylight
5415685,Pedestrian,-1,-1,9/5/15 13:26,Property Damaged Only,1,Daylight
4766268,Pedestrian,-1,-1,3/17/14 12:14,Property Damaged Only,1,Daylight
4913087,Pedestrian,-1,-1,7/12/14 14:59,Property Damaged Only,1,Daylight
4959122,Pedestrian,-1,-1,8/31/14 22:38,Property Damaged Only,1,Daylight
4452153,Pedestrian,-1,-1,5/22/13 14:45,Property Damaged Only,1,Daylight
5412673,Pedestrian,-1,-1,9/2/15 17:55,Property Damaged Only,1,Daylight
5095393,Pedestrian,-1,-1,12/15/14 13:46,Injury,2,Daylight
5380607,Pedestrian,-1,-1,8/4/15 9:42,Property Damaged Only,1,Daylight
5131692,Pedestrian,-1,-1,1/16/15 16:42,Property Damaged Only,1,Daylight
5072603,Pedestrian,-1,-1,12/3/14 7:17,Property Damaged Only,1,Daylight
4745093,Pedestrian,-1,-1,2/26/14 14:32,Injury,2,Daylight
6415091,Pedestrian,-1,-1,10/2/17 13:15,Property Damaged Only,1,Daylight
6400947,Pedestrian,-1,-1,9/21/17 15:10,Property Damaged Only,1,Daylight
5614649,Pedestrian,-1,-1,1/7/16 7:16,Property Damaged Only,1,Daylight
5193385,Pedestrian,-1,-1,2/23/15 10:26,Injury,2,Daylight
6532039,Pedestrian,-1,-1,12/28/17 15:54,Injury,2,Daylight
5208697,Pedestrian,-1,-1,3/5/15 16:55,Injury,2,Daylight
5410997,Pedestrian,-1,-1,9/1/15 16:30,Injury,2,Daylight
5415079,Pedestrian,-1,-1,9/3/15 12:17,Property Damaged Only,1,Daylight
5288808,Pedestrian,-1,-1,5/14/15 12:20,Property Damaged Only,1,Daylight
4471218,Pedestrian,-1,-1,6/8/13 13:17,Property Damaged Only,1,Daylight
4993244,Pedestrian,-1,-1,9/23/14 9:21,Property Damaged Only,1,Daylight
4771511,Pedestrian,-1,-1,3/7/14 9:58,Property Damaged Only,1,Daylight
6218613,Pedestrian,-1,-1,5/4/17 14:00,Property Damaged Only,1,Daylight
4782342,Pedestrian,-1,-1,4/5/14 18:50,Property Damaged Only,1,Daylight
5439778,Pedestrian,-1,-1,9/22/15 18:00,Property Damaged Only,1,Daylight
4908134,Pedestrian,-1,-1,7/7/14 19:00,Property Damaged Only,1,Daylight
5132935,Pedestrian,-1,-1,1/18/15 16:11,Fatal,3,Daylight
6438935,Pedestrian,-1,-1,10/23/17 7:55,Injury,2,Daylight
4439100,Pedestrian,-1,-1,5/9/13 19:10,Injury,2,Daylight
4782925,Pedestrian,-1,-1,4/6/14 14:00,Property Damaged Only,1,Daylight
5060381,Pedestrian,-1,-1,11/22/14 10:35,Property Damaged Only,1,Daylight