incidentIdNbr,crashType,latitude,longitude,dateOfIncidentDate,severity,Mag,lightCondition
4346272,Pedestrian,-1,-1,2/3/13 17:10,Property Damaged Only,1,Daylight
5243443,Pedestrian,-1,-1,4/6/15 15:15,Property Damaged Only,1,Daylight
6209939,Pedestrian,-1,-1,4/26/17 18:59,Property Damaged Only,1,Daylight
5900099,Pedestrian,-1,-1,8/11/16 12:50,Property Damaged Only,1,Daylight
4430983,Pedestrian,-1,-1,5/1/13 14:24,Property Damaged Only,1,Daylight
4998649,Pedestrian,-1,-1,9/9/14 17:25,Injury,2,Daylight
4769123,Pedestrian,-1,-1,3/21/14 18:44,Injury,2,Daylight
4897198,Pedestrian,-1,-1,7/3/14 11:30,Injury,2,Daylight
4757303,Bicyclist,-1,-1,3/10/14 15:57,Property Damaged Only,1,Daylight
4899057,Bicyclist,-1,-1,6/25/14 16:47,Property Damaged Only,1,Daylight
4857214,Pedestrian,-1,-1,5/23/14 16:58,Property Damaged Only,1,Daylight
6506094,Pedestrian,-1,-1,12/8/17 13:03,Property Damaged Only,1,Daylight
6117770,Pedestrian,-1,-1,2/14/17 9:23,Property Damaged Only,1,Daylight
5006964,Pedestrian,-1,-1,10/5/14 15:13,Property Damaged Only,1,Daylight
5207894,Pedestrian,-1,-1,3/6/15 11:22,Property Damaged Only,1,Daylight
4769978,Pedestrian,-1,-1,3/23/14 17:13,Injury,2,Daylight
4510563,Pedestrian,-1,-1,3/3/13 13:24,Injury,2,Daylight
5747160,Pedestrian,-1,-1,4/22/16 14:22,Injury,2,Daylight
5381533,Bicyclist,-1,-1,8/4/15 17:00,Property Damaged Only,1,Daylight
4686445,Pedestrian,-1,-1,12/24/13 15:15,Property Damaged Only,1,Daylight
5850881,Pedestrian,-1,-1,7/25/16 13:00,Property Damaged Only,1,Daylight
6174228,Pedestrian,-1,-1,3/31/17 12:56,Property Damaged Only,1,Daylight
4625525,Pedestrian,-1,-1,10/28/13 15:00,Property Damaged Only,1,Daylight
4852340,Pedestrian,-1,-1,5/7/14 7:42,Property Damaged Only,1,Daylight
6410527,Pedestrian,-1,-1,9/28/17 13:45,Injury,2,Daylight
5203900,Pedestrian,-1,-1,3/2/15 15:15,Injury,2,Daylight
6424029,Pedestrian,-1,-1,10/10/17 18:42,Injury,2,Daylight
5872370,Pedestrian,-1,-1,8/9/16 12:20,Property Damaged Only,1,Daylight
5237472,Pedestrian,-1,-1,3/31/15 13:55,Property Damaged Only,1,Daylight
6212451,Pedestrian,-1,-1,4/30/17 11:30,Property Damaged Only,1,Daylight
4431520,Pedestrian,-1,-1,3/28/13 11:30,Property Damaged Only,1,Daylight
4963143,Pedestrian,-1,-1,9/3/14 7:24,Property Damaged Only,1,Daylight
5003112,Pedestrian,-1,-1,10/1/14 17:14,Injury,2,Daylight
5857787,Pedestrian,-1,-1,7/30/16 19:00,Injury,2,Daylight
4340123,Pedestrian,-1,-1,1/30/13 15:20,Injury,2,Daylight
5847469,Pedestrian,-1,-1,7/23/16 12:42,Injury,2,Daylight
6339580,Bicyclist,-1,-1,8/3/17 17:06,Property Damaged Only,1,Daylight
5760915,Bicyclist,-1,-1,5/17/16 14:14,Property Damaged Only,1,Daylight
4473420,Pedestrian,-1,-1,6/10/13 15:57,Property Damaged Only,1,Daylight
4825319,Pedestrian,-1,-1,4/23/14 12:14,Property Damaged Only,1,Daylight
4986597,Pedestrian,-1,-1,9/20/14 13:12,Property Damaged Only,1,Daylight
4638664,Pedestrian,-1,-1,11/12/13 8:52,Property Damaged Only,1,Daylight
5121983,Pedestrian,-1,-1,1/5/15 15:05,Property Damaged Only,1,Daylight
5423129,Pedestrian,-1,-1,9/12/15 14:35,Property Damaged Only,1,Daylight
4909828,Pedestrian,-1,-1,7/15/14 12:54,Property Damaged Only,1,Daylight
4546655,Pedestrian,-1,-1,8/21/13 15:40,Property Damaged Only,1,Daylight
5565385,Pedestrian,-1,-1,12/24/15 10:39,Property Damaged Only,1,Daylight
6313950,Pedestrian,-1,-1,7/18/17 18:49,Property Damaged Only,1,Daylight
4440594,Pedestrian,-1,-1,5/11/13 13:49,Injury,2,Daylight
5289688,Pedestrian,-1,-1,5/14/15 19:00,Injury,2,Daylight
5905714,Pedestrian,-1,-1,9/3/16 19:37,Injury,2,Daylight
4622143,Pedestrian & Bicyclist,-1,-1,10/7/13 14:17,Property Damaged Only,1,Daylight
4478858,Pedestrian,-1,-1,6/16/13 10:55,Property Damaged Only,1,Daylight
5157744,Pedestrian,-1,-1,2/2/15 16:27,Property Damaged Only,1,Daylight
5079551,Pedestrian,-1,-1,11/7/14 15:15,Property Damaged Only,1,Daylight
4786318,Pedestrian,-1,-1,4/9/14 11:24,Property Damaged Only,1,Daylight
4416517,Pedestrian,-1,-1,4/17/13 16:55,Property Damaged Only,1,Daylight
4827318,Pedestrian,-1,-1,4/22/14 15:42,Injury,2,Daylight
4687506,Pedestrian,-1,-1,12/24/13 11:11,Injury,2,Daylight
6346072,Pedestrian,-1,-1,8/8/17 15:12,Property Damaged Only,1,Daylight
4521907,Pedestrian,-1,-1,7/10/13 15:55,Property Damaged Only,1,Daylight
6302119,Pedestrian,-1,-1,7/8/17 7:20,Property Damaged Only,1,Daylight
5036954,Pedestrian,-1,-1,11/1/14 16:07,Property Damaged Only,1,Daylight
4962654,Pedestrian,-1,-1,4/28/14 14:39,Property Damaged Only,1,Daylight
5046896,Pedestrian,-1,-1,11/11/14 17:15,Property Damaged Only,1,Daylight
5136184,Pedestrian,-1,-1,1/21/15 13:38,Property Damaged Only,1,Daylight
4590006,Pedestrian,-1,-1,10/2/13 17:37,Property Damaged Only,1,Daylight
4760445,Pedestrian,-1,-1,3/13/14 16:10,Injury,2,Daylight
5124217,Pedestrian,-1,-1,1/9/15 16:45,Injury,2,Daylight
4996568,Pedestrian & Bicyclist,-1,-1,8/26/14 16:37,Property Damaged Only,1,Daylight
5300999,Bicyclist,-1,-1,5/22/15 12:18,Property Damaged Only,1,Daylight
6326128,Pedestrian,-1,-1,7/25/17 19:47,Property Damaged Only,1,Daylight
6083585,Pedestrian,-1,-1,1/17/17 16:55,Property Damaged Only,1,Daylight
6394404,Pedestrian,-1,-1,9/16/17 11:39,Property Damaged Only,1,Daylight
5158601,Pedestrian,-1,-1,2/2/15 13:10,Property Damaged Only,1,Daylight
5351997,Pedestrian,-1,-1,7/10/15 16:09,Injury,2,Daylight
6267155,Pedestrian,-1,-1,6/8/17 15:48,Injury,2,Daylight
4766961,Bicyclist,-1,-1,3/19/14 17:42,Property Damaged Only,1,Daylight
6368060,Bicyclist,-1,-1,8/22/17 7:09,Property Damaged Only,1,Daylight
4507622,Bicyclist,-1,-1,7/18/13 18:40,Injury,2,Daylight
4832296,Pedestrian,-1,-1,4/23/14 8:30,Property Damaged Only,1,Daylight
4774468,Pedestrian,-1,-1,3/19/14 9:35,Property Damaged Only,1,Daylight
4833769,Pedestrian,-1,-1,5/1/14 17:50,Property Damaged Only,1,Daylight
5360641,Pedestrian,-1,-1,7/18/15 17:40,Property Damaged Only,1,Daylight
4748698,Pedestrian,-1,-1,3/3/14 11:30,Property Damaged Only,1,Daylight
4498821,Pedestrian,-1,-1,7/10/13 15:27,Property Damaged Only,1,Daylight
6446140,Pedestrian,-1,-1,10/26/17 14:20,Property Damaged Only,1,Daylight
5269221,Pedestrian,-1,-1,4/26/15 15:54,Property Damaged Only,1,Daylight
6363182,Pedestrian,-1,-1,8/21/17 9:59,Property Damaged Only,1,Daylight
6150944,Pedestrian,-1,-1,3/11/17 11:00,Injury,2,Daylight
5332063,Pedestrian,-1,-1,6/22/15 7:48,Injury,2,Daylight
6438125,Pedestrian,-1,-1,10/22/17 11:15,Property Damaged Only,1,Daylight
5905187,Pedestrian,-1,-1,9/3/16 3:30,Property Damaged Only,1,Daylight
4476067,Pedestrian,-1,-1,6/12/13 20:03,Property Damaged Only,1,Daylight
5375857,Pedestrian,-1,-1,7/31/15 15:30,Injury,2,Daylight
4525076,Bicyclist,-1,-1,7/30/13 15:16,Property Damaged Only,1,Daylight
5178478,Pedestrian,-1,-1,2/16/15 13:22,Property Damaged Only,1,Daylight
5365692,Pedestrian,-1,-1,7/22/15 19:05,Property Damaged Only,1,Daylight
4927239,Pedestrian,-1,-1,8/2/14 11:38,Property Damaged Only,1,Daylight
4991835,Pedestrian,-1,-1,9/22/14 13:50,Property Damaged Only,1,Daylight
6412173,Pedestrian,-1,-1,9/28/17 7:30,Property Damaged Only,1,Daylight
6466367,Pedestrian,-1,-1,11/9/17 17:14,Property Damaged Only,1,Daylight
5053659,Pedestrian,-1,-1,11/17/14 15:57,Property Damaged Only,1,Daylight
6030441,Pedestrian,-1,-1,12/2/16 15:15,Property Damaged Only,1,Daylight
4503613,Pedestrian,-1,-1,7/14/13 17:58,Property Damaged Only,1,Daylight
6178966,Pedestrian,-1,-1,4/4/17 14:53,Property Damaged Only,1,Daylight
6526700,Pedestrian,-1,-1,12/23/17 14:20,Injury,2,Daylight
5571167,Bicyclist,-1,-1,12/28/15 13:45,Property Damaged Only,1,Daylight
4937190,Bicyclist,-1,-1,8/5/14 19:30,Property Damaged Only,1,Daylight
6238448,Pedestrian,-1,-1,5/18/17 9:42,Property Damaged Only,1,Daylight
5164790,Pedestrian,-1,-1,2/3/15 15:15,Property Damaged Only,1,Daylight
4704898,Pedestrian,-1,-1,1/15/14 11:15,Property Damaged Only,1,Daylight
5557506,Pedestrian,-1,-1,12/9/15 18:41,Property Damaged Only,1,Daylight
4315700,Pedestrian,-1,-1,1/3/13 13:40,Property Damaged Only,1,Daylight
5021100,Pedestrian,-1,-1,10/18/14 9:00,Property Damaged Only,1,Daylight
5412789,Pedestrian,-1,-1,8/28/15 19:00,Property Damaged Only,1,Daylight
5567556,Pedestrian,-1,-1,12/24/15 14:58,Property Damaged Only,1,Daylight
4697808,Pedestrian,-1,-1,1/8/14 16:33,Property Damaged Only,1,Daylight
4473145,Pedestrian,-1,-1,6/9/13 18:45,Property Damaged Only,1,Daylight
6345460,Pedestrian,-1,-1,8/8/17 10:20,Property Damaged Only,1,Daylight
5344547,Pedestrian,-1,-1,7/1/15 17:11,Property Damaged Only,1,Daylight
5078935,Pedestrian,-1,-1,12/6/14 16:58,Injury,2,Daylight
6314838,Pedestrian,-1,-1,7/19/17 13:34,Injury,2,Daylight
5977395,Bicyclist,-1,-1,10/29/16 0:00,Property Damaged Only,1,Daylight
4368911,Pedestrian,-1,-1,2/23/13 18:14,Property Damaged Only,1,Daylight
4724277,Pedestrian,-1,-1,2/5/14 15:05,Property Damaged Only,1,Daylight
5192494,Pedestrian,-1,-1,2/22/15 11:12,Property Damaged Only,1,Daylight
5365072,Pedestrian,-1,-1,7/22/15 10:18,Property Damaged Only,1,Daylight
6245314,Pedestrian,-1,-1,5/22/17 13:57,Injury,2,Daylight
4455350,Bicyclist,-1,-1,5/24/13 17:22,Property Damaged Only,1,Daylight
5282523,Pedestrian,-1,-1,5/9/15 10:16,Property Damaged Only,1,Daylight
5558435,Pedestrian,-1,-1,12/18/15 13:06,Property Damaged Only,1,Daylight
5147127,Pedestrian,-1,-1,1/28/15 10:50,Property Damaged Only,1,Daylight
4684688,Pedestrian,-1,-1,12/21/13 11:45,Property Damaged Only,1,Daylight
5215941,Pedestrian,-1,-1,3/13/15 16:46,Property Damaged Only,1,Daylight
4577586,Pedestrian,-1,-1,9/11/13 14:15,Property Damaged Only,1,Daylight
5409693,Pedestrian,-1,-1,8/25/15 14:36,Property Damaged Only,1,Daylight
5349894,Pedestrian,-1,-1,7/8/15 14:14,Property Damaged Only,1,Daylight
5435541,Pedestrian,-1,-1,7/7/15 15:09,Property Damaged Only,1,Daylight
6465586,Pedestrian,-1,-1,11/9/17 9:03,Property Damaged Only,1,Daylight
4756002,Pedestrian,-1,-1,3/3/14 16:51,Property Damaged Only,1,Daylight
4888628,Pedestrian,-1,-1,6/25/14 7:18,Property Damaged Only,1,Daylight
4442605,Pedestrian,-1,-1,5/14/13 12:40,Injury,2,Daylight
5181185,Pedestrian & Bicyclist,-1,-1,2/17/15 16:35,Property Damaged Only,1,Daylight
4616446,Bicyclist,-1,-1,9/10/13 17:44,Property Damaged Only,1,Daylight
5233670,Pedestrian,-1,-1,3/28/15 16:54,Property Damaged Only,1,Daylight
4962596,Pedestrian,-1,-1,4/11/14 16:24,Property Damaged Only,1,Daylight
4944628,Pedestrian,-1,-1,8/16/14 20:00,Property Damaged Only,1,Daylight
5101125,Pedestrian,-1,-1,12/18/14 17:34,Property Damaged Only,1,Daylight
4922264,Pedestrian,-1,-1,7/29/14 11:25,Property Damaged Only,1,Daylight
5238357,Pedestrian,-1,-1,4/1/15 13:14,Property Damaged Only,1,Daylight
5011120,Pedestrian,-1,-1,10/6/14 0:00,Property Damaged Only,1,Daylight
6249690,Pedestrian,-1,-1,5/25/17 20:29,Property Damaged Only,1,Daylight
6232609,Pedestrian,-1,-1,5/14/17 14:07,Property Damaged Only,1,Daylight
6047028,Pedestrian,-1,-1,12/19/16 15:52,Property Damaged Only,1,Daylight
4977628,Pedestrian,-1,-1,9/12/14 17:10,Property Damaged Only,1,Daylight
5623738,Pedestrian,-1,-1,1/24/16 16:47,Fatal,3,Daylight
6335808,Pedestrian,-1,-1,7/31/17 15:48,Injury,2,Daylight
6429535,Pedestrian,-1,-1,10/16/17 14:44,Injury,2,Daylight
4858767,Pedestrian,-1,-1,5/26/14 13:30,Injury,2,Daylight
4938022,Pedestrian & Bicyclist,-1,-1,8/14/14 16:38,Property Damaged Only,1,Daylight
4927495,Bicyclist,-1,-1,8/4/14 18:00,Property Damaged Only,1,Daylight
4491091,Bicyclist,-1,-1,7/1/13 12:40,Property Damaged Only,1,Daylight
5069653,Pedestrian,-1,-1,11/24/14 10:00,Property Damaged Only,1,Daylight
4958902,Pedestrian,-1,-1,7/25/14 19:56,Property Damaged Only,1,Daylight
6223595,Pedestrian,-1,-1,5/8/17 10:18,Property Damaged Only,1,Daylight
6337811,Pedestrian,-1,-1,8/2/17 14:23,Injury,2,Daylight
6252017,Pedestrian,-1,-1,5/28/17 12:25,Injury,2,Daylight
5219690,Pedestrian,-1,-1,3/17/15 15:59,Injury,2,Daylight
4674701,Pedestrian & Bicyclist,-1,-1,12/14/13 14:55,Property Damaged Only,1,Daylight
4909846,Pedestrian,-1,-1,6/2/14 13:19,Property Damaged Only,1,Daylight
5408470,Pedestrian,-1,-1,8/29/15 13:35,Property Damaged Only,1,Daylight
4770113,Pedestrian,-1,-1,3/21/14 17:04,Property Damaged Only,1,Daylight
5139931,Pedestrian,-1,-1,1/23/15 16:46,Property Damaged Only,1,Daylight
4668937,Pedestrian,-1,-1,12/9/13 13:05,Property Damaged Only,1,Daylight
4713638,Pedestrian,-1,-1,1/26/14 9:11,Property Damaged Only,1,Daylight
5876474,Pedestrian,-1,-1,8/13/16 15:50,Property Damaged Only,1,Daylight
4862626,Pedestrian,-1,-1,5/29/14 19:54,Property Damaged Only,1,Daylight
5230308,Pedestrian,-1,-1,3/14/15 12:40,Fatal,3,Daylight
6203538,Pedestrian,-1,-1,4/22/17 19:20,Injury,2,Daylight
6246018,Pedestrian,-1,-1,5/12/17 12:25,Injury,2,Daylight
6230228,Pedestrian,-1,-1,5/10/17 20:41,Injury,2,Daylight
4778046,Pedestrian,-1,-1,4/1/14 19:30,Property Damaged Only,1,Dark-Lighted
4966911,Pedestrian,-1,-1,9/6/14 20:42,Property Damaged Only,1,Dark-Lighted
6432909,Pedestrian,-1,-1,10/18/17 20:19,Injury,2,Dark-Lighted
5648143,Pedestrian,-1,-1,2/23/16 22:46,Injury,2,Dark-Lighted
5891209,Pedestrian,-1,-1,8/21/16 3:25,Property Damaged Only,1,Dark-Lighted
5222204,Pedestrian,-1,-1,3/19/15 6:40,Injury,2,Dark-Lighted
6329136,Bicyclist,-1,-1,7/28/17 22:08,Injury,2,Dark-Lighted
6378417,Pedestrian,-1,-1,9/2/17 21:25,Injury,2,Dark-Lighted
4414838,Bicyclist,-1,-1,4/15/13 21:16,Property Damaged Only,1,Dark-Lighted
5335991,Bicyclist,-1,-1,6/24/15 21:15,Injury,2,Dark-Lighted
6397200,Pedestrian,-1,-1,9/19/17 5:42,Property Damaged Only,1,Dark-Lighted
4934506,Pedestrian,-1,-1,8/11/14 22:39,Injury,2,Dark-Lighted
4402069,Bicyclist,-1,-1,3/20/13 20:21,Property Damaged Only,1,Dark-Lighted
6275411,Pedestrian,-1,-1,6/15/17 21:34,Property Damaged Only,1,Dark-Lighted
6463381,Pedestrian,-1,-1,11/7/17 18:00,Property Damaged Only,1,Dark-Lighted
6052011,Bicyclist,-1,-1,12/22/16 21:50,Property Damaged Only,1,Dark-Lighted
6403196,Pedestrian,-1,-1,9/23/17 22:06,Property Damaged Only,1,Dark-Lighted
5932281,Pedestrian,-1,-1,9/24/16 21:32,Property Damaged Only,1,Dark-Lighted
5058252,Pedestrian,-1,-1,11/20/14 17:55,Property Damaged Only,1,Dark-Lighted
4979042,Pedestrian,-1,-1,9/15/14 6:56,Property Damaged Only,1,Dark-Lighted
5039902,Pedestrian,-1,-1,10/29/14 7:30,Property Damaged Only,1,Dark-Lighted
5040244,Pedestrian,-1,-1,11/4/14 21:15,Injury,2,Dark-Lighted
5208872,Pedestrian,-1,-1,3/7/15 20:32,Property Damaged Only,1,Dark-Lighted
6224191,Pedestrian,-1,-1,5/8/17 22:46,Property Damaged Only,1,Dark-Lighted
5347731,Pedestrian,-1,-1,7/2/15 22:44,Property Damaged Only,1,Dark-Lighted
5571151,Pedestrian,-1,-1,12/26/15 18:55,Injury,2,Dark-Lighted
6155587,Pedestrian,-1,-1,3/14/17 20:53,Injury,2,Dark-Lighted
4439004,Pedestrian & Bicyclist,-1,-1,5/9/13 20:32,Property Damaged Only,1,Dark-Lighted
5541021,Pedestrian,-1,-1,12/7/15 17:56,Property Damaged Only,1,Dark-Lighted
4464467,Pedestrian,-1,-1,6/1/13 21:10,Injury,2,Dark-Lighted
5192854,Pedestrian,-1,-1,2/22/15 18:38,Property Damaged Only,1,Dark-Lighted
6150948,Pedestrian,-1,-1,3/14/17 20:45,Injury,2,Dark-Lighted
5191776,Bicyclist,-1,-1,2/20/15 22:20,Property Damaged Only,1,Dark-Lighted
4441277,Pedestrian,-1,-1,5/11/13 20:50,Property Damaged Only,1,Dark-Lighted
5081604,Pedestrian,-1,-1,12/4/14 18:09,Property Damaged Only,1,Dark-Lighted
5105065,Pedestrian,-1,-1,12/23/14 18:25,Property Damaged Only,1,Dark-Lighted
5905703,Pedestrian,-1,-1,8/28/16 2:55,Property Damaged Only,1,Dark-Lighted
5241427,Pedestrian,-1,-1,4/4/15 21:18,Property Damaged Only,1,Dark-Lighted
4767676,Pedestrian,-1,-1,3/20/14 6:53,Property Damaged Only,1,Dark-Lighted
5563460,Pedestrian,-1,-1,12/22/15 18:45,Property Damaged Only,1,Dark-Lighted
6007385,Pedestrian,-1,-1,11/8/16 21:05,Injury,2,Dark-Lighted
5243062,Pedestrian,-1,-1,4/5/15 22:08,Injury,2,Dark-Lighted
5290837,Pedestrian,-1,-1,5/14/15 3:00,Property Damaged Only,1,Dark-Lighted
5033332,Pedestrian,-1,-1,10/29/14 7:30,Property Damaged Only,1,Dark-Lighted
6420584,Pedestrian,-1,-1,10/8/17 0:23,Property Damaged Only,1,Dark-Lighted
5031793,Pedestrian,-1,-1,10/14/14 0:11,Property Damaged Only,1,Dark-Lighted
6490253,Pedestrian,-1,-1,11/28/17 23:07,Injury,2,Dark-Lighted
5300836,Pedestrian,-1,-1,5/23/15 2:51,Property Damaged Only,1,Dark-Lighted
6288777,Pedestrian,-1,-1,6/26/17 3:30,Property Damaged Only,1,Dark-Lighted
5130663,Pedestrian,-1,-1,1/14/15 18:25,Injury,2,Dark-Lighted
6036762,Pedestrian,-1,-1,12/12/16 5:00,Injury,2,Dark-Lighted
4666004,Pedestrian,-1,-1,12/6/13 22:55,Injury,2,Dark-Lighted
4322476,Pedestrian,-1,-1,1/12/13 16:15,Property Damaged Only,1,Dark-Lighted
4699812,Pedestrian,-1,-1,1/10/14 18:14,Property Damaged Only,1,Dark-Lighted
4658834,Pedestrian,-1,-1,11/30/13 19:12,Property Damaged Only,1,Dark-Lighted
4765875,Pedestrian,-1,-1,3/19/14 0:09,Property Damaged Only,1,Dark-Lighted
4957786,Pedestrian,-1,-1,8/31/14 2:00,Property Damaged Only,1,Dark-Lighted
5166167,Pedestrian,-1,-1,2/4/15 18:23,Property Damaged Only,1,Dark-Lighted
4484219,Pedestrian & Bicyclist,-1,-1,6/21/13 20:36,Injury,2,Dark-Lighted
5913890,Pedestrian,-1,-1,9/11/16 4:50,Property Damaged Only,1,Dark-Lighted
4630075,Pedestrian,-1,-1,11/3/13 17:30,Property Damaged Only,1,Dark-Lighted
6031847,Pedestrian,-1,-1,11/30/16 21:49,Property Damaged Only,1,Dark-Lighted
5075423,Pedestrian,-1,-1,12/2/14 18:30,Property Damaged Only,1,Dark-Lighted
6359219,Pedestrian,-1,-1,8/6/17 21:56,Property Damaged Only,1,Dark-Lighted
6170223,Pedestrian,-1,-1,3/28/17 20:20,Injury,2,Dark-Lighted
4922199,Pedestrian,-1,-1,7/28/14 12:00,Injury,2,Dark-Lighted
4695055,Pedestrian,-1,-1,1/4/14 21:10,Injury,2,Dark-Lighted
6467754,Pedestrian,-1,-1,11/9/17 21:26,Injury,2,Dark-Lighted
4509377,Pedestrian,-1,-1,7/20/13 22:52,Property Damaged Only,1,Dark-Lighted
5090331,Pedestrian,-1,-1,12/11/14 11:18,Property Damaged Only,1,Dark-Lighted
6330258,Pedestrian,-1,-1,7/30/17 0:00,Injury,2,Dark-Lighted
4489723,Pedestrian,-1,-1,6/28/13 22:35,Injury,2,Dark-Lighted
5970312,Pedestrian,-1,-1,10/18/16 20:48,Property Damaged Only,1,Dark-Lighted
5553522,Pedestrian,-1,-1,12/12/15 23:05,Property Damaged Only,1,Dark-Lighted
4350886,Pedestrian,-1,-1,1/31/13 21:41,Injury,2,Dark-Lighted
5371907,Bicyclist,-1,-1,7/12/15 20:00,Property Damaged Only,1,Dark-Lighted
4986240,Pedestrian,-1,-1,9/19/14 20:26,Property Damaged Only,1,Dark-Lighted
4351486,Pedestrian,-1,-1,2/11/13 18:00,Property Damaged Only,1,Dark-Lighted
5563624,Pedestrian,-1,-1,12/21/15 19:48,Property Damaged Only,1,Dark-Lighted
5181447,Pedestrian,-1,-1,2/15/15 0:37,Property Damaged Only,1,Dark-Lighted
5379105,Pedestrian,-1,-1,8/4/15 10:45,Property Damaged Only,1,Dark-Lighted
5696457,Pedestrian,-1,-1,3/30/16 20:30,Injury,2,Dark-Lighted
5560291,Bicyclist,-1,-1,12/20/15 20:45,Property Damaged Only,1,Dark-Lighted
6526790,Pedestrian,-1,-1,12/22/17 19:00,Property Damaged Only,1,Dark-Lighted
4790550,Pedestrian,-1,-1,4/14/14 11:25,Injury,2,Dark-Lighted
6478530,Pedestrian,-1,-1,11/18/17 17:30,Property Damaged Only,1,Dark-Lighted
5819833,Pedestrian,-1,-1,7/4/16 23:00,Property Damaged Only,1,Dark-Lighted
5533260,Pedestrian,-1,-1,12/1/15 21:55,Injury,2,Dark-Lighted
4705967,Pedestrian,-1,-1,1/16/14 18:30,Property Damaged Only,1,Dark-Lighted
5027837,Pedestrian,-1,-1,10/23/14 19:55,Property Damaged Only,1,Dark-Lighted
4837018,Pedestrian,-1,-1,5/5/14 22:15,Property Damaged Only,1,Dark-Lighted
5429579,Pedestrian,-1,-1,9/19/15 0:40,Injury,2,Dark-Lighted
6090653,Pedestrian,-1,-1,1/18/17 21:45,Property Damaged Only,1,Dark-Lighted
6483979,Pedestrian,-1,-1,11/22/17 18:30,Property Damaged Only,1,Dark-Lighted
5106972,Pedestrian,-1,-1,12/26/14 2:04,Injury,2,Dark-Lighted
5376069,Bicyclist,-1,-1,7/11/15 22:53,Property Damaged Only,1,Dark-Lighted
5256709,Pedestrian,-1,-1,4/18/15 0:09,Property Damaged Only,1,Dark-Lighted
5256476,Pedestrian,-1,-1,4/16/15 22:36,Property Damaged Only,1,Dark-Lighted
5198418,Pedestrian,-1,-1,2/26/15 18:14,Property Damaged Only,1,Dark-Lighted
4858462,Pedestrian,-1,-1,5/8/14 23:23,Injury,2,Dark-Lighted
5276671,Pedestrian,-1,-1,5/3/15 21:23,Injury,2,Dark-Lighted
4668735,Pedestrian,-1,-1,12/7/13 18:40,Property Damaged Only,1,Dark-Lighted
5033800,Pedestrian,-1,-1,10/29/14 7:40,Injury,2,Dark-Lighted
6011549,Pedestrian,-1,-1,11/22/16 21:47,Property Damaged Only,1,Dark-Lighted
4644243,Pedestrian,-1,-1,11/17/13 3:19,Property Damaged Only,1,Dark-Lighted
5757280,Pedestrian,-1,-1,5/14/16 22:38,Injury,2,Dark-Lighted
4414019,Bicyclist,-1,-1,3/15/13 21:00,Property Damaged Only,1,Dark-Lighted
5266603,Bicyclist,-1,-1,4/25/15 23:11,Property Damaged Only,1,Dark-Lighted
6305692,Pedestrian,-1,-1,7/10/17 21:32,Property Damaged Only,1,Dark-Lighted
5512531,Pedestrian,-1,-1,11/14/15 19:08,Property Damaged Only,1,Dark-Lighted
5309091,Pedestrian,-1,-1,5/31/15 21:25,Property Damaged Only,1,Dark-Lighted
5941769,Pedestrian,-1,-1,9/22/16 19:52,Property Damaged Only,1,Dark-Lighted
4676995,Pedestrian,-1,-1,12/13/13 17:40,Property Damaged Only,1,Dark-Lighted
4713819,Pedestrian,-1,-1,1/26/14 21:00,Property Damaged Only,1,Dark-Lighted
4882786,Pedestrian,-1,-1,6/17/14 2:33,Injury,2,Dark-Not Lighted
4885008,Bicyclist,-1,-1,6/22/14 21:12,Property Damaged Only,1,Dark-Not Lighted
4487766,Pedestrian,-1,-1,6/25/13 21:40,Injury,2,Dark-Not Lighted
5828947,Pedestrian,-1,-1,7/10/16 0:30,Injury,2,Dark-Not Lighted
4686879,Bicyclist,-1,-1,12/9/13 23:06,Property Damaged Only,1,Dark-Not Lighted
4986959,Pedestrian,-1,-1,9/19/14 5:30,Property Damaged Only,1,Dark-Not Lighted
5173260,Pedestrian,-1,-1,2/9/15 21:16,Property Damaged Only,1,Dark-Not Lighted
5544248,Pedestrian,-1,-1,12/9/15 18:23,Property Damaged Only,1,Dark-Not Lighted
5896310,Pedestrian,-1,-1,8/28/16 22:25,Injury,2,Dark-Not Lighted
4627968,Bicyclist,-1,-1,10/26/13 21:06,Property Damaged Only,1,Dark-Not Lighted
5410123,Bicyclist,-1,-1,9/1/15 1:00,Property Damaged Only,1,Dark-Not Lighted
5562112,Pedestrian,-1,-1,12/17/15 7:45,Property Damaged Only,1,Dark-Not Lighted
6348154,Pedestrian,-1,-1,8/10/17 3:15,Injury,2,Dark-Not Lighted
5935804,Bicyclist,-1,-1,9/27/16 7:29,Property Damaged Only,1,Dark-Not Lighted
5138600,Pedestrian,-1,-1,1/23/15 20:30,Property Damaged Only,1,Dark-Not Lighted
5013740,Pedestrian,-1,-1,10/10/14 23:05,Injury,2,Dark-Not Lighted
6495735,Bicyclist,-1,-1,12/1/17 17:38,Injury,2,Dark-Not Lighted
5090094,Pedestrian,-1,-1,12/9/14 6:30,Property Damaged Only,1,Dark-Not Lighted
4993620,Pedestrian,-1,-1,9/24/14 2:00,Property Damaged Only,1,Dark-Not Lighted
5163310,Pedestrian,-1,-1,1/31/15 3:00,Injury,2,Dark-Not Lighted
6198866,Pedestrian,-1,-1,4/15/17 0:01,Fatal,3,Dark-Not Lighted
5337016,Pedestrian,-1,-1,6/26/15 3:20,Injury,2,Dark-Not Lighted
6334658,Pedestrian,-1,-1,7/30/17 21:00,Property Damaged Only,1,Dark-Not Lighted
4457923,Pedestrian,-1,-1,5/26/13 21:30,Property Damaged Only,1,Dark-Not Lighted
4856269,Pedestrian,-1,-1,5/17/14 23:50,Property Damaged Only,1,Dark-Not Lighted
4779455,Pedestrian,-1,-1,4/2/14 21:48,Property Damaged Only,1,Dark-Not Lighted
4340148,Pedestrian,-1,-1,1/30/13 18:13,Property Damaged Only,1,Dark-Not Lighted
4883018,Pedestrian,-1,-1,6/20/14 0:30,Injury,2,Dark-Not Lighted
5247881,Pedestrian,-1,-1,4/4/15 20:30,Injury,2,Dark-Not Lighted
4402000,Pedestrian,-1,-1,3/11/13 21:55,Property Damaged Only,1,Dark-Not Lighted
6123145,Pedestrian,-1,-1,2/19/17 20:28,Injury,2,Dark-Not Lighted
5178614,Pedestrian,-1,-1,2/16/15 18:54,Property Damaged Only,1,Dark-Not Lighted
5268479,Pedestrian,-1,-1,4/27/15 22:42,Property Damaged Only,1,Dark-Not Lighted
4751644,Pedestrian,-1,-1,2/13/14 2:51,Property Damaged Only,1,Dark-Not Lighted
4397581,Pedestrian,-1,-1,3/5/13 19:30,Property Damaged Only,1,Dark-Not Lighted
5549462,Bicyclist,-1,-1,12/13/15 19:11,Property Damaged Only,1,Dark-Not Lighted
6438044,Pedestrian,-1,-1,10/22/17 6:55,Property Damaged Only,1,Dark-Not Lighted
5415815,Pedestrian,-1,-1,8/29/15 20:30,Property Damaged Only,1,Dark-Not Lighted
6070344,Pedestrian,-1,-1,1/6/17 18:51,Injury,2,Dark-Not Lighted